date,equity,cash,shares,close,drawdownPct
2001-08-27,100000,100000,0,118.30999755859375,0
2001-08-28,99277.61,50080.85,422,116.58000183105469,0.72
2001-08-29,98838.73,50080.85,422,115.54000091552734,1.16
2001-08-30,97901.89,50080.85,422,113.31999969482422,2.1
2001-08-31,98252.15,50080.85,422,114.1500015258789,1.75
2001-09-04,97944.09,50080.85,422,113.41999816894531,2.06
2001-09-05,98062.25,50080.85,422,113.69999694824219,1.94
2001-09-06,96825.79,50080.85,422,110.7699966430664,3.17
2001-09-07,95960.69,50080.85,422,108.72000122070312,4.04
2001-09-10,96521.95,50080.85,422,110.05000305175781,3.48
2001-09-17,94095.45,50080.85,422,104.30000305175781,5.9
2001-09-18,93962.36,40168.51,517,104.05000305175781,6.04
2001-09-19,92876.66,40168.51,517,101.94999694824219,7.12
2001-09-20,91201.58,40168.51,517,98.70999908447266,8.8
2001-09-21,90653.04,40359.28,517,97.27999877929688,9.35
2001-09-24,92421.18,40359.28,517,100.69999694824219,7.58
2001-09-25,92964.03,40359.28,517,101.75,7.04
2001-09-26,92777.91,40359.28,517,101.38999938964844,7.22
2001-09-27,93232.87,40359.28,517,102.2699966430664,6.77
2001-09-28,94354.76,40359.28,517,104.44000244140625,5.65
2001-10-01,94266.87,40359.28,517,104.2699966430664,5.73
2001-10-02,94944.14,40359.28,517,105.58000183105469,5.06
2001-10-03,95859.23,40359.28,517,107.3499984741211,4.14
2001-10-04,95905.76,40359.28,517,107.44000244140625,4.09
2001-10-05,95797.19,40359.28,517,107.2300033569336,4.2
2001-10-08,95435.29,40359.28,517,106.52999877929688,4.56
2001-10-09,95140.6,40359.28,517,105.95999908447266,4.86
2001-10-10,96360.72,40359.28,517,108.31999969482422,3.64
2001-10-11,97229.28,40359.28,517,110,2.77
2001-10-12,96970.78,40359.28,517,109.5,3.03
2001-10-15,96867.38,40359.28,517,109.30000305175781,3.13
2001-10-16,97224.11,40359.28,517,109.98999786376953,2.78
2001-10-17,96014.33,40359.28,517,107.6500015258789,3.99
2001-10-18,95895.42,40359.28,517,107.41999816894531,4.1
2001-10-19,95859.23,40359.28,517,107.3499984741211,4.14
2001-10-22,96955.27,40359.28,517,109.47000122070312,3.04
2001-10-23,96665.75,40359.28,517,108.91000366210938,3.33
2001-10-24,96515.82,40359.28,517,108.62000274658203,3.48
2001-10-25,97523.97,40359.28,517,110.56999969482422,2.48
2001-10-26,97394.72,40359.28,517,110.31999969482422,2.61
2001-10-29,95910.93,40359.28,517,107.44999694824219,4.09
2001-10-30,95244,40359.28,517,106.16000366210938,4.76
2001-10-31,95057.88,40359.28,517,105.80000305175781,4.94
2001-11-01,96458.95,40359.28,517,108.51000213623047,3.54
2001-11-02,96841.53,40359.28,517,109.25,3.16
2001-11-05,97580.84,40359.28,517,110.68000030517578,2.42
2001-11-06,98470.08,40359.28,517,112.4000015258789,1.53
2001-11-07,98392.53,40359.28,517,112.25,1.61
2001-11-08,98573.48,40359.28,517,112.5999984741211,1.43
2001-11-09,98635.52,40359.28,517,112.72000122070312,1.36
2001-11-12,98278.79,40359.28,517,112.02999877929688,1.72
2001-11-13,99581.63,40359.28,517,114.55000305175781,0.42
2001-11-14,99638.5,40359.28,517,114.66000366210938,0.36
2001-11-15,99747.07,40359.28,517,114.87000274658203,0.25
2001-11-16,99483.4,40359.28,517,114.36000061035156,0.52
2001-11-19,100212.37,40359.28,517,115.7699966430664,0
2001-11-20,99710.88,40359.28,517,114.80000305175781,0.5
2001-11-21,99317.96,40359.28,517,114.04000091552734,0.89
2001-11-23,100165.84,40359.28,517,115.68000030517578,0.05
2001-11-26,100295.09,40359.28,517,115.93000030517578,0
2001-11-27,100036.59,40359.28,517,115.43000030517578,0.26
2001-11-28,98956.06,40359.28,517,113.33999633789062,1.34
2001-11-29,99747.07,40359.28,517,114.87000274658203,0.55
2001-11-30,99323.13,40359.28,517,114.05000305175781,0.97
2001-12-03,98971.57,40359.28,517,113.37000274658203,1.32
2001-12-04,99964.21,40359.28,517,115.29000091552734,0.33
2001-12-05,101055.08,40359.28,517,117.4000015258789,0
2001-12-06,101024.06,40359.28,517,117.33999633789062,0.03
2001-12-07,100620.8,40359.28,517,116.55999755859375,0.43
2001-12-10,99493.74,40359.28,517,114.37999725341797,1.55
2001-12-11,99374.83,40359.28,517,114.1500015258789,1.66
2001-12-12,99442.04,40359.28,517,114.27999877929688,1.6
2001-12-13,98294.3,40359.28,517,112.05999755859375,2.73
2001-12-14,98847.49,40359.28,517,113.12999725341797,2.18
2001-12-17,99452.38,40359.28,517,114.30000305175781,1.59
2001-12-18,99803.94,40359.28,517,114.9800033569336,1.24
2001-12-19,100222.71,40359.28,517,115.79000091552734,0.82
2001-12-20,99633.33,40359.28,517,114.6500015258789,1.41
2001-12-21,99991.61,40562.46,517,114.94999694824219,1.05
2001-12-24,99877.87,40562.46,517,114.7300033569336,1.16
2001-12-26,100203.58,40562.46,517,115.36000061035156,0.84
2001-12-27,100565.48,40562.46,517,116.05999755859375,0.48
2001-12-28,100534.46,40562.46,517,116,0.52
2001-12-31,99655.56,40562.46,517,114.30000305175781,1.38
2002-01-02,100291.47,40562.46,517,115.52999877929688,0.76
2002-01-03,100968.74,40562.46,517,116.83999633789062,0.09
2002-01-04,101372,40562.46,517,117.62000274658203,0
2002-01-07,100942.89,40562.46,517,116.79000091552734,0.42
2002-01-08,100803.3,40562.46,517,116.5199966430664,0.56
2002-01-09,100312.15,40562.46,517,115.56999969482422,1.05
2002-01-10,100575.82,40562.46,517,116.08000183105469,0.79
2002-01-11,99986.44,40562.46,517,114.94000244140625,1.37
2002-01-14,99614.2,40562.46,517,114.22000122070312,1.73
2002-01-15,100095.01,40562.46,517,115.1500015258789,1.26
2002-01-16,98890.4,40562.46,517,112.81999969482422,2.45
2002-01-17,99329.85,40562.46,517,113.66999816894531,2.01
2002-01-18,99061.01,40562.46,517,113.1500015258789,2.28
2002-01-22,98657.75,40562.46,517,112.37000274658203,2.68
2002-01-23,99102.37,40562.46,517,113.2300033569336,2.24
2002-01-24,99283.32,40562.46,517,113.58000183105469,2.06
2002-01-25,99267.81,40562.46,517,113.55000305175781,2.08
2002-01-28,99428.08,40562.46,517,113.86000061035156,1.92
2002-01-29,97577.22,40562.46,517,110.27999877929688,3.74
2002-01-30,98399.25,40562.46,517,111.87000274658203,2.93
2002-01-31,99076.52,40562.46,517,113.18000030517578,2.26
2002-02-01,98802.51,40562.46,517,112.6500015258789,2.53
2002-02-04,97354.91,40562.46,517,109.8499984741211,3.96
2002-02-05,97003.35,40562.46,517,109.16999816894531,4.31
2002-02-06,96760.36,40562.46,517,108.69999694824219,4.55
2002-02-07,96408.8,40562.46,517,108.0199966430664,4.9
2002-02-08,97478.99,40562.46,517,110.08999633789062,3.84
2002-02-11,98176.94,40562.46,517,111.44000244140625,3.15
2002-02-12,97995.99,40562.46,517,111.08999633789062,3.33
2002-02-13,98606.05,40562.46,517,112.2699966430664,2.73
2002-02-14,98497.48,40562.46,517,112.05999755859375,2.84
2002-02-15,97892.59,40562.46,517,110.88999938964844,3.43
2002-02-19,96791.38,40562.46,517,108.76000213623047,4.52
2002-02-20,97737.49,40562.46,517,110.58999633789062,3.59
2002-02-21,96553.56,40562.46,517,108.30000305175781,4.75
2002-02-22,97246.34,40562.46,517,109.63999938964844,4.07
2002-02-25,98182.11,40562.46,517,111.44999694824219,3.15
2002-02-26,98063.2,40562.46,517,111.22000122070312,3.26
2002-02-27,98285.51,40562.46,517,111.6500015258789,3.04
2002-02-28,98027.01,40562.46,517,111.1500015258789,3.3
2002-03-01,99366.04,40562.46,517,113.73999786376953,1.98
2002-03-04,100405.21,40562.46,517,115.75,0.95
2002-03-05,100213.92,40562.46,517,115.37999725341797,1.14
2002-03-06,100922.21,40562.46,517,116.75,0.44
2002-03-07,100792.96,40562.46,517,116.5,0.57
2002-03-08,101046.29,40562.46,517,116.98999786376953,0.32
2002-03-11,101175.54,40562.46,517,117.23999786376953,0.19
2002-03-12,101139.35,40562.46,517,117.16999816894531,0.23
2002-03-13,100555.14,40562.46,517,116.04000091552734,0.81
2002-03-14,100472.42,40562.46,517,115.87999725341797,0.89
2002-03-15,101041.64,40733.59,517,116.6500015258789,0.33
2002-03-18,101051.98,40733.59,517,116.66999816894531,0.32
2002-03-19,101455.24,40733.59,517,117.44999694824219,0
2002-03-20,100312.67,40733.59,517,115.23999786376953,1.13
2002-03-21,100338.52,40733.59,517,115.29000091552734,1.1
2002-03-22,100209.27,40733.59,517,115.04000091552734,1.23
2002-03-25,99469.96,40733.59,517,113.61000061035156,1.96
2002-03-26,99811.18,40733.59,517,114.2699966430664,1.62
2002-03-27,99966.28,40733.59,517,114.56999969482422,1.47
2002-03-28,99940.43,40733.59,517,114.5199966430664,1.49
2002-04-01,99966.28,40733.59,517,114.56999969482422,1.47
2002-04-02,99640.57,40733.59,517,113.94000244140625,1.79
2002-04-03,99226.97,40733.59,517,113.13999938964844,2.2
2002-04-04,98983.98,40733.59,517,112.66999816894531,2.44
2002-04-05,98994.32,40733.59,517,112.69000244140625,2.43
2002-04-08,99118.4,40733.59,517,112.93000030517578,2.3
2002-04-09,98709.97,40733.59,517,112.13999938964844,2.71
2002-04-10,99366.56,40733.59,517,113.41000366210938,2.06
2002-04-11,97908.62,40733.59,517,110.58999633789062,3.5
2002-04-12,98337.73,40733.59,517,111.41999816894531,3.07
2002-04-15,97898.28,40733.59,517,110.56999969482422,3.51
2002-04-16,99257.99,40733.59,517,113.19999694824219,2.17
2002-04-17,99133.91,40733.59,517,112.95999908447266,2.29
2002-04-18,98880.58,40733.59,517,112.47000122070312,2.54
2002-04-19,99092.55,40733.59,517,112.87999725341797,2.33
2002-04-22,98120.59,40733.59,517,111,3.29
2002-04-23,97872.43,40733.59,517,110.5199966430664,3.53
2002-04-24,97298.56,40733.59,517,109.41000366210938,4.1
2002-04-25,97329.58,40733.59,517,109.47000122070312,4.07
2002-04-26,96254.22,40733.59,517,107.38999938964844,5.13
2002-04-29,95980.21,40733.59,517,106.86000061035156,5.4
2002-04-30,96497.21,40733.59,517,107.86000061035156,4.89
2002-05-01,97179.65,40733.59,517,109.18000030517578,4.21
2002-05-02,96962.51,40733.59,517,108.76000213623047,4.43
2002-05-03,96352.45,40733.59,517,107.58000183105469,5.03
2002-05-06,95261.58,40733.59,517,105.47000122070312,6.1
2002-05-07,95070.29,40733.59,517,105.0999984741211,6.29
2002-05-08,97091.76,40733.59,517,109.01000213623047,4.3
2002-05-09,96440.34,40733.59,517,107.75,4.94
2002-05-10,95390.83,40733.59,517,105.72000122070312,5.98
2002-05-13,96502.38,40733.59,517,107.87000274658203,4.88
2002-05-14,97717.33,40733.59,517,110.22000122070312,3.68
2002-05-15,97495.02,40733.59,517,109.79000091552734,3.9
2002-05-16,97789.71,40733.59,517,110.36000061035156,3.61
2002-05-17,98068.89,40733.59,517,110.9000015258789,3.34
2002-05-20,97448.49,40733.59,517,109.69999694824219,3.95
2002-05-21,96931.49,40733.59,517,108.69999694824219,4.46
2002-05-22,97055.57,40733.59,517,108.94000244140625,4.34
2002-05-23,97655.29,40733.59,517,110.0999984741211,3.75
2002-05-24,96926.32,40733.59,517,108.69000244140625,4.46
2002-05-28,96621.29,40733.59,517,108.0999984741211,4.76
2002-05-29,96207.69,40733.59,517,107.30000305175781,5.17
2002-05-30,96052.59,40733.59,517,107,5.33
2002-05-31,96166.33,40733.59,517,107.22000122070312,5.21
2002-06-03,94692.88,40733.59,517,104.37000274658203,6.67
2002-06-04,94827.3,40733.59,517,104.62999725341797,6.53
2002-06-05,95333.96,40733.59,517,105.61000061035156,6.03
2002-06-06,94222.41,40733.59,517,103.45999908447266,7.13
2002-06-07,94160.37,40733.59,517,103.33999633789062,7.19
2002-06-10,94367.17,40733.59,517,103.73999786376953,6.99
2002-06-11,93446.91,40733.59,517,101.95999908447266,7.89
2002-06-12,93767.45,40733.59,517,102.58000183105469,7.58
2002-06-13,93234.94,40733.59,517,101.55000305175781,8.1
2002-06-14,93157.39,40733.59,517,101.4000015258789,8.18
2002-06-17,94563.63,40733.59,517,104.12000274658203,6.79
2002-06-18,95003.08,40733.59,517,104.97000122070312,6.36
2002-06-19,93736.43,40733.59,517,102.5199966430664,7.61
2002-06-20,93059.16,40733.59,517,101.20999908447266,8.28
2002-06-21,92243.85,40916.09,517,99.27999877929688,9.08
2002-06-24,92512.69,40916.09,517,99.80000305175781,8.81
2002-06-25,91354.61,40916.09,517,97.55999755859375,9.96
2002-06-26,91437.33,40916.09,517,97.72000122070312,9.87
2002-06-27,92321.4,40916.09,517,99.43000030517578,9
2002-06-28,92078.41,40916.09,517,98.95999908447266,9.24
2002-07-01,91080.6,40916.09,517,97.02999877929688,10.23
2002-07-02,90015.58,40916.09,517,94.97000122070312,11.28
2002-07-03,90294.76,40916.09,517,95.51000213623047,11
2002-07-05,92259.36,40916.09,517,99.30999755859375,9.06
2002-07-08,91618.28,40916.09,517,98.06999969482422,9.7
2002-07-09,90341.29,40916.09,517,95.5999984741211,10.95
2002-07-10,88542.13,40916.09,517,92.12000274658203,12.73
2002-07-11,89048.77,31005.02,625,92.87000274658203,12.23
2002-07-12,88411.27,31005.02,625,91.8499984741211,12.86
2002-07-15,88717.51,31005.02,625,92.33999633789062,12.56
2002-07-16,87605.02,31005.02,625,90.55999755859375,13.65
2002-07-17,87717.52,31005.02,625,90.73999786376953,13.54
2002-07-18,85880.02,31005.02,625,87.80000305175781,15.35
2002-07-19,83948.77,31005.02,625,84.70999908447266,17.26
2002-07-22,82380.01,31005.02,625,82.19999694824219,18.8
2002-07-23,80658.17,21015.47,746,79.94999694824219,20.5
2002-07-24,84216.59,21015.47,746,84.72000122070312,16.99
2002-07-25,83679.47,21015.47,746,84,17.52
2002-07-26,84873.07,21015.47,746,85.5999984741211,16.34
2002-07-29,87983.88,21015.47,746,89.7699966430664,13.28
2002-07-30,88856.71,21015.47,746,90.94000244140625,12.42
2002-07-31,89020.83,21015.47,746,91.16000366210938,12.26
2002-08-01,87245.35,21015.47,746,88.77999877929688,14.01
2002-08-02,85760.81,21015.47,746,86.79000091552734,15.47
2002-08-05,83507.88,21015.47,746,83.7699966430664,17.69
2002-08-06,85611.6,21015.47,746,86.58999633789062,15.62
2002-08-07,86738.07,21015.47,746,88.0999984741211,14.51
2002-08-08,88864.17,21015.47,746,90.94999694824219,12.41
2002-08-09,89117.81,21015.47,746,91.29000091552734,12.16
2002-08-12,88617.99,21015.47,746,90.62000274658203,12.65
2002-08-13,87387.09,21015.47,746,88.97000122070312,13.87
2002-08-14,89811.59,21015.47,746,92.22000122070312,11.48
2002-08-15,90766.47,21015.47,746,93.5,10.54
2002-08-16,90557.59,21015.47,746,93.22000122070312,10.74
2002-08-19,92183.87,21015.47,746,95.4000015258789,9.14
2002-08-20,91430.41,21015.47,746,94.38999938964844,9.88
2002-08-21,92444.97,21015.47,746,95.75,8.88
2002-08-22,93138.75,21015.47,746,96.68000030517578,8.2
2002-08-23,91587.07,21015.47,746,94.5999984741211,9.73
2002-08-26,92079.43,21015.47,746,95.26000213623047,9.24
2002-08-27,91258.83,21015.47,746,94.16000366210938,10.05
2002-08-28,89722.07,21015.47,746,92.0999984741211,11.56
2002-08-29,89751.91,21015.47,746,92.13999938964844,11.54
2002-08-30,89483.35,21015.47,746,91.77999877929688,11.8
2002-09-03,86872.35,21015.47,746,88.27999877929688,14.37
2002-09-04,87812.31,21015.47,746,89.54000091552734,13.45
2002-09-05,87245.35,21015.47,746,88.77999877929688,14.01
2002-09-06,88155.47,21015.47,746,90,13.11
2002-09-09,88647.83,21015.47,746,90.66000366210938,12.62
2002-09-10,89423.67,21015.47,746,91.69999694824219,11.86
2002-09-11,88998.45,21015.47,746,91.12999725341797,12.28
2002-09-12,87745.17,21015.47,746,89.44999694824219,13.51
2002-09-13,87909.29,21015.47,746,89.66999816894531,13.35
2002-09-16,88073.41,21015.47,746,89.88999938964844,13.19
2002-09-17,86536.65,21015.47,746,87.83000183105469,14.7
2002-09-18,85880.17,21015.47,746,86.94999694824219,15.35
2002-09-19,84201.67,21015.47,746,84.69999694824219,17.01
2002-09-20,84222.56,21297.46,746,84.3499984741211,16.99
2002-09-23,83707.82,21297.46,746,83.66000366210938,17.49
2002-09-24,82700.72,21297.46,746,82.30999755859375,18.49
2002-09-25,84222.56,21297.46,746,84.3499984741211,16.99
2002-09-26,85252.04,21297.46,746,85.7300033569336,15.97
2002-09-27,83028.96,21297.46,746,82.75,18.16
2002-09-30,82312.8,21297.46,746,81.79000091552734,18.87
2002-10-01,85244.58,21297.46,746,85.72000122070312,15.98
2002-10-02,83327.36,21297.46,746,83.1500015258789,17.87
2002-10-03,82700.72,21297.46,746,82.30999755859375,18.49
2002-10-04,81574.26,21297.46,746,80.80000305175781,19.6
2002-10-07,80328.44,21297.46,746,79.12999725341797,20.82
2002-10-08,81253.48,21297.46,746,80.37000274658203,19.91
2002-10-09,79560.06,21297.46,746,78.0999984741211,21.58
2002-10-10,81447.44,21297.46,746,80.62999725341797,19.72
2002-10-11,84080.82,21297.46,746,84.16000366210938,17.13
2002-10-14,84431.44,21297.46,746,84.62999725341797,16.78
2002-10-15,87467.66,21297.46,746,88.69999694824219,13.79
2002-10-16,85863.76,21297.46,746,86.55000305175781,15.37
2002-10-17,87146.87,21297.46,746,88.2699966430664,14.1
2002-10-18,87422.9,21297.46,746,88.63999938964844,13.83
2002-10-21,88564.28,21297.46,746,90.16999816894531,12.71
2002-10-22,88079.37,21297.46,746,89.5199966430664,13.18
2002-10-23,88586.66,21297.46,746,90.19999694824219,12.68
2002-10-24,87214.02,21297.46,746,88.36000061035156,14.04
2002-10-25,88586.66,21297.46,746,90.19999694824219,12.68
2002-10-28,88146.52,21297.46,746,89.61000061035156,13.12
2002-10-29,87370.68,21297.46,746,88.56999969482422,13.88
2002-10-30,88012.24,21297.46,746,89.43000030517578,13.25
2002-10-31,87333.37,21297.46,746,88.5199966430664,13.92
2002-11-01,88638.87,21297.46,746,90.2699966430664,12.63
2002-11-04,89280.44,21297.46,746,91.12999725341797,12
2002-11-05,89817.56,21297.46,746,91.8499984741211,11.47
2002-11-06,90705.3,21297.46,746,93.04000091552734,10.6
2002-11-07,89004.42,21297.46,746,90.76000213623047,12.27
2002-11-08,88176.36,21297.46,746,89.6500015258789,13.09
2002-11-11,87139.42,21297.46,746,88.26000213623047,14.11
2002-11-12,87661.62,21297.46,746,88.95999908447266,13.6
2002-11-13,87728.76,21297.46,746,89.05000305175781,13.53
2002-11-14,88982.04,21297.46,746,90.7300033569336,12.29
2002-11-15,89481.86,21297.46,746,91.4000015258789,11.8
2002-11-18,88795.54,21297.46,746,90.4800033569336,12.48
2002-11-19,88706.02,21297.46,746,90.36000061035156,12.57
2002-11-20,90205.48,21297.46,746,92.37000274658203,11.09
2002-11-21,91488.59,21297.46,746,94.08999633789062,9.82
2002-11-22,90988.78,21297.46,746,93.41999816894531,10.32
2002-11-25,91033.54,21297.46,746,93.4800033569336,10.27
2002-11-26,89705.66,21297.46,746,91.69999694824219,11.58
2002-11-27,91630.34,21297.46,746,94.27999877929688,9.68
2002-11-29,91406.54,21297.46,746,93.9800033569336,9.9
2002-12-02,91518.44,21297.46,746,94.12999725341797,9.79
2002-12-03,90578.48,21297.46,746,92.87000274658203,10.72
2002-12-04,90265.16,21297.46,746,92.44999694824219,11.03
2002-12-05,89504.24,21297.46,746,91.43000030517578,11.78
2002-12-06,89951.84,21297.46,746,92.02999877929688,11.34
2002-12-09,88064.46,21297.46,746,89.5,13.2
2002-12-10,88959.66,21297.46,746,90.69999694824219,12.32
2002-12-11,89019.34,21297.46,746,90.77999877929688,12.26
2002-12-12,89011.87,21297.46,746,90.7699966430664,12.26
2002-12-13,87945.09,21297.46,746,89.33999633789062,13.32
2002-12-16,89668.36,21297.46,746,91.6500015258789,11.62
2002-12-17,89071.56,21297.46,746,90.8499984741211,12.21
2002-12-18,88288.26,21297.46,746,89.80000305175781,12.98
2002-12-19,87810.82,21297.46,746,89.16000366210938,13.45
2002-12-20,88755.26,21622.72,746,89.98999786376953,12.52
2002-12-23,88777.63,21622.72,746,90.0199966430664,12.5
2002-12-24,88277.82,21622.72,746,89.3499984741211,12.99
2002-12-26,88307.66,21622.72,746,89.38999938964844,12.96
2002-12-27,86808.2,21622.72,746,87.37999725341797,14.44
2002-12-30,87352.78,21622.72,746,88.11000061035156,13.9
2002-12-31,87442.3,21622.72,746,88.2300033569336,13.81
2003-01-02,89560.94,21622.72,746,91.06999969482422,11.72
2003-01-03,89769.82,21622.72,746,91.3499984741211,11.52
2003-01-06,90970.88,21622.72,746,92.95999908447266,10.33
2003-01-07,90799.3,21622.72,746,92.7300033569336,10.5
2003-01-08,89799.66,21622.72,746,91.38999938964844,11.49
2003-01-09,90858.98,21622.72,746,92.80999755859375,10.44
2003-01-10,91045.48,21622.72,746,93.05999755859375,10.26
2003-01-13,91023.1,21622.72,746,93.02999877929688,10.28
2003-01-14,91246.9,21622.72,746,93.33000183105469,10.06
2003-01-15,90553.12,21622.72,746,92.4000015258789,10.75
2003-01-16,90269.63,21622.72,746,92.0199966430664,11.03
2003-01-17,89255.08,21622.72,746,90.66000366210938,12.03
2003-01-21,88203.22,21622.72,746,89.25,13.06
2003-01-22,87397.54,21622.72,746,88.16999816894531,13.86
2003-01-23,87800.38,21622.72,746,88.70999908447266,13.46
2003-01-24,86062.2,21622.72,746,86.37999725341797,15.17
2003-01-27,85181.92,21622.72,746,85.19999694824219,16.04
2003-01-28,85651.9,21622.72,746,85.83000183105469,15.58
2003-01-29,86136.8,21622.72,746,86.4800033569336,15.1
2003-01-30,84607.5,21622.72,746,84.43000030517578,16.61
2003-01-31,85823.48,21622.72,746,86.05999755859375,15.41
2003-02-03,85950.3,21622.72,746,86.2300033569336,15.28
2003-02-04,85316.2,21622.72,746,85.37999725341797,15.91
2003-02-05,84920.82,21622.72,746,84.8499984741211,16.3
2003-02-06,84622.42,21622.72,746,84.44999694824219,16.59
2003-02-07,83854.04,21622.72,746,83.41999816894531,17.35
2003-02-10,84294.18,21622.72,746,84.01000213623047,16.91
2003-02-11,83861.5,21622.72,746,83.43000030517578,17.34
2003-02-12,82869.32,21622.72,746,82.0999984741211,18.32
2003-02-13,83055.82,21622.72,746,82.3499984741211,18.14
2003-02-14,84398.62,21622.72,746,84.1500015258789,16.81
2003-02-18,85502.7,21622.72,746,85.62999725341797,15.72
2003-02-19,85167,21622.72,746,85.18000030517578,16.05
2003-02-20,84532.9,21622.72,746,84.33000183105469,16.68
2003-02-21,85167,21622.72,746,85.18000030517578,16.05
2003-02-24,84137.52,21622.72,746,83.80000305175781,17.07
2003-02-25,84637.34,21622.72,746,84.47000122070312,16.58
2003-02-26,83719.76,21622.72,746,83.23999786376953,17.48
2003-02-27,84540.35,21622.72,746,84.33999633789062,16.67
2003-02-28,84958.12,21622.72,746,84.9000015258789,16.26
2003-03-03,84353.85,21622.72,746,84.08999633789062,16.86
2003-03-04,83354.22,21622.72,746,82.75,17.84
2003-03-05,83876.42,21622.72,746,83.44999694824219,17.33
2003-03-06,83354.22,21622.72,746,82.75,17.84
2003-03-07,83779.44,21622.72,746,83.31999969482422,17.42
2003-03-10,82287.44,21622.72,746,81.31999969482422,18.89
2003-03-11,81690.63,21622.72,746,80.5199966430664,19.48
2003-03-12,82093.48,21622.72,746,81.05999755859375,19.08
2003-03-13,84182.28,21622.72,746,83.86000061035156,17.03
2003-03-14,84383.7,21622.72,746,84.12999725341797,16.83
2003-03-17,86360.6,21622.72,746,86.77999877929688,14.88
2003-03-18,86741.06,21622.72,746,87.29000091552734,14.5
2003-03-19,87240.88,21622.72,746,87.95999908447266,14.01
2003-03-20,87382.62,21622.72,746,88.1500015258789,13.87
2003-03-21,88780.62,21886.8,746,89.66999816894531,12.49
2003-03-24,86557.54,21886.8,746,86.69000244140625,14.68
2003-03-25,87176.71,21886.8,746,87.5199966430664,14.07
2003-03-26,86848.48,21886.8,746,87.08000183105469,14.4
2003-03-27,86900.7,21886.8,746,87.1500015258789,14.35
2003-03-28,86572.46,21886.8,746,86.70999908447266,14.67
2003-03-31,85102.84,21886.8,746,84.73999786376953,16.12
2003-04-01,86072.64,21886.8,746,86.04000091552734,15.16
2003-04-02,87624.32,21886.8,746,88.12000274658203,13.63
2003-04-03,87311,21886.8,746,87.69999694824219,13.94
2003-04-04,87698.92,21886.8,746,88.22000122070312,13.56
2003-04-07,87572.1,21886.8,746,88.05000305175781,13.68
2003-04-08,87676.54,21886.8,746,88.19000244140625,13.58
2003-04-09,86811.18,21886.8,746,87.02999877929688,14.43
2003-04-10,87169.26,21886.8,746,87.51000213623047,14.08
2003-04-11,86900.7,21886.8,746,87.1500015258789,14.35
2003-04-14,88243.5,21886.8,746,88.94999694824219,13.02
2003-04-15,88862.68,21886.8,746,89.77999877929688,12.41
2003-04-16,87721.3,21886.8,746,88.25,13.54
2003-04-17,88698.56,21886.8,746,89.55999755859375,12.57
2003-04-21,88765.7,21886.8,746,89.6500015258789,12.51
2003-04-22,90026.43,21886.8,746,91.33999633789062,11.26
2003-04-23,90653.08,21886.8,746,92.18000030517578,10.65
2003-04-24,90041.36,21886.8,746,91.36000061035156,11.25
2003-04-25,89198.38,21886.8,746,90.2300033569336,12.08
2003-04-28,90362.14,21886.8,746,91.79000091552734,10.93
2003-04-29,90600.86,21886.8,746,92.11000061035156,10.7
2003-04-30,90451.66,21886.8,746,91.91000366210938,10.85
2003-05-01,90444.2,21886.8,746,91.9000015258789,10.85
2003-05-02,91421.46,21886.8,746,93.20999908447266,9.89
2003-05-05,91287.18,21886.8,746,93.02999877929688,10.02
2003-05-06,91943.66,21886.8,746,93.91000366210938,9.38
2003-05-07,91555.74,21886.8,746,93.38999938964844,9.76
2003-05-08,90854.5,21886.8,746,92.44999694824219,10.45
2003-05-09,91809.38,21886.8,746,93.7300033569336,9.51
2003-05-12,92667.28,21886.8,746,94.87999725341797,8.66
2003-05-13,92540.46,21886.8,746,94.70999908447266,8.79
2003-05-14,92391.26,21886.8,746,94.51000213623047,8.93
2003-05-15,92838.86,21886.8,746,95.11000061035156,8.49
2003-05-16,92659.82,21886.8,746,94.87000274658203,8.67
2003-05-19,91003.7,21886.8,746,92.6500015258789,10.3
2003-05-20,90861.96,21886.8,746,92.45999908447266,10.44
2003-05-21,91003.7,21886.8,746,92.6500015258789,10.3
2003-05-22,91690.02,21886.8,746,93.56999969482422,9.63
2003-05-23,91831.76,21886.8,746,93.76000213623047,9.49
2003-05-27,93055.2,21886.8,746,95.4000015258789,8.28
2003-05-28,93256.62,21886.8,746,95.66999816894531,8.08
2003-05-29,93070.12,21886.8,746,95.41999816894531,8.26
2003-05-30,94211.5,21886.8,746,96.94999694824219,7.14
2003-06-02,94509.9,21886.8,746,97.3499984741211,6.85
2003-06-03,94808.3,21886.8,746,97.75,6.55
2003-06-04,95860.16,21886.8,746,99.16000366210938,5.51
2003-06-05,96225.7,21886.8,746,99.6500015258789,5.15
2003-06-06,95934.76,21886.8,746,99.26000213623047,5.44
2003-06-09,95181.3,21886.8,746,98.25,6.18
2003-06-10,95927.3,21886.8,746,99.25,5.45
2003-06-11,96710.6,21886.8,746,100.30000305175781,4.68
2003-06-12,96941.86,21886.8,746,100.61000061035156,4.45
2003-06-13,96158.56,21886.8,746,99.55999755859375,5.22
2003-06-16,97725.16,21886.8,746,101.66000366210938,3.68
2003-06-17,97725.16,21886.8,746,101.66000366210938,3.68
2003-06-18,97658.02,21886.8,746,101.56999969482422,3.74
2003-06-19,96501.71,21886.8,746,100.0199966430664,4.88
2003-06-20,96337.6,22155.36,746,99.44000244140625,5.04
2003-06-23,95576.68,22155.36,746,98.41999816894531,5.79
2003-06-24,95651.27,22155.36,746,98.5199966430664,5.72
2003-06-25,94912.74,22155.36,746,97.52999877929688,6.45
2003-06-26,95860.16,22155.36,746,98.80000305175781,5.51
2003-06-27,95009.72,22155.36,746,97.66000366210938,6.35
2003-06-30,94987.34,22155.36,746,97.62999725341797,6.38
2003-07-01,95658.74,22155.36,746,98.52999877929688,5.71
2003-07-02,96583.77,22155.36,746,99.7699966430664,4.8
2003-07-03,95815.4,22155.36,746,98.73999786376953,5.56
2003-07-07,97277.56,22155.36,746,100.69999694824219,4.12
2003-07-08,97613.26,22155.36,746,101.1500015258789,3.79
2003-07-09,97188.04,22155.36,746,100.58000183105469,4.21
2003-07-10,96233.16,22155.36,746,99.30000305175781,5.15
2003-07-11,96934.4,22155.36,746,100.23999786376953,4.46
2003-07-14,97299.94,22155.36,746,100.7300033569336,4.1
2003-07-15,97135.82,22155.36,746,100.51000213623047,4.26
2003-07-16,96695.68,22155.36,746,99.91999816894531,4.69
2003-07-17,95636.36,22155.36,746,98.5,5.74
2003-07-18,96389.82,22155.36,746,99.51000213623047,4.99
2003-07-21,95472.24,22155.36,746,98.27999877929688,5.9
2003-07-22,96136.18,22155.36,746,99.16999816894531,5.24
2003-07-23,96188.4,22155.36,746,99.23999786376953,5.19
2003-07-24,95628.9,22155.36,746,98.48999786376953,5.74
2003-07-25,96926.94,22155.36,746,100.2300033569336,4.46
2003-07-28,96650.92,22155.36,746,99.86000061035156,4.74
2003-07-29,96307.76,22155.36,746,99.4000015258789,5.07
2003-07-30,96128.72,22155.36,746,99.16000366210938,5.25
2003-07-31,96300.3,22155.36,746,99.38999938964844,5.08
2003-08-01,95643.82,22155.36,746,98.51000213623047,5.73
2003-08-04,95643.82,22155.36,746,98.51000213623047,5.73
2003-08-05,94084.68,22155.36,746,96.41999816894531,7.26
2003-08-06,94502.44,22155.36,746,96.9800033569336,6.85
2003-08-07,95263.36,22155.36,746,98,6.1
2003-08-08,95472.24,22155.36,746,98.27999877929688,5.9
2003-08-11,95748.26,22155.36,746,98.6500015258789,5.63
2003-08-12,96419.66,22155.36,746,99.55000305175781,4.96
2003-08-13,96039.2,22155.36,746,99.04000091552734,5.34
2003-08-14,96240.62,22155.36,746,99.30999755859375,5.14
2003-08-15,96471.88,22155.36,746,99.62000274658203,4.91
2003-08-18,97113.44,22155.36,746,100.4800033569336,4.28
2003-08-19,97396.92,22155.36,746,100.86000061035156,4
2003-08-20,97091.06,22155.36,746,100.44999694824219,4.3
2003-08-21,97329.77,22155.36,746,100.7699966430664,4.07
2003-08-22,96583.77,22155.36,746,99.7699966430664,4.8
2003-08-25,96703.14,22155.36,746,99.93000030517578,4.68
2003-08-26,96837.42,22155.36,746,100.11000061035156,4.55
2003-08-27,96859.8,22155.36,746,100.13999938964844,4.53
2003-08-28,97322.32,22155.36,746,100.76000213623047,4.07
2003-08-29,97829.6,22155.36,746,101.44000244140625,3.57
2003-09-02,98844.16,22155.36,746,102.80000305175781,2.57
2003-09-03,99261.92,22155.36,746,103.36000061035156,2.16
2003-09-04,99299.22,22155.36,746,103.41000366210938,2.13
2003-09-05,98866.54,22155.36,746,102.83000183105469,2.55
2003-09-08,99500.64,22155.36,746,103.68000030517578,1.93
2003-09-09,98993.36,22155.36,746,103,2.43
2003-09-10,98217.52,22155.36,746,101.95999908447266,3.19
2003-09-11,98441.32,22155.36,746,102.26000213623047,2.97
2003-09-12,98583.06,22155.36,746,102.44999694824219,2.83
2003-09-15,98314.49,22155.36,746,102.08999633789062,3.1
2003-09-16,99426.04,22155.36,746,103.58000183105469,2
2003-09-17,99276.84,22155.36,746,103.37999725341797,2.15
2003-09-18,100186.96,22155.36,746,104.5999984741211,1.25
2003-09-19,99791.58,22453.76,746,103.66999816894531,1.64
2003-09-22,98956.06,22453.76,746,102.55000305175781,2.46
2003-09-23,99247,22453.76,746,102.94000244140625,2.18
2003-09-24,97881.82,22453.76,746,101.11000061035156,3.52
2003-09-25,97262.64,22453.76,746,100.27999877929688,4.13
2003-09-26,97016.46,22453.76,746,99.94999694824219,4.38
2003-09-29,97747.54,22453.76,746,100.93000030517578,3.65
2003-09-30,97016.46,22453.76,746,99.94999694824219,4.38
2003-10-01,98605.44,22453.76,746,102.08000183105469,2.81
2003-10-02,98881.46,22453.76,746,102.44999694824219,2.54
2003-10-03,99582.7,22453.76,746,103.38999938964844,1.85
2003-10-06,99933.32,22453.76,746,103.86000061035156,1.5
2003-10-07,100231.72,22453.76,746,104.26000213623047,1.21
2003-10-08,100037.76,22453.76,746,104,1.4
2003-10-09,100246.64,22453.76,746,104.27999877929688,1.19
2003-10-10,100462.98,22453.76,746,104.56999969482422,0.98
2003-10-13,100709.16,22453.76,746,104.9000015258789,0.74
2003-10-14,100985.17,22453.76,746,105.2699966430664,0.46
2003-10-15,100776.3,22453.76,746,104.98999786376953,0.67
2003-10-16,101089.62,22453.76,746,105.41000366210938,0.36
2003-10-17,100231.72,22453.76,746,104.26000213623047,1.21
2003-10-20,100813.6,22453.76,746,105.04000091552734,0.63
2003-10-21,100679.32,22453.76,746,104.86000061035156,0.76
2003-10-22,99694.6,22453.76,746,103.54000091552734,1.74
2003-10-23,99552.86,22453.76,746,103.3499984741211,1.88
2003-10-24,99724.44,22453.76,746,103.58000183105469,1.71
2003-10-27,99761.74,22453.76,746,103.62999725341797,1.67
2003-10-28,100813.6,22453.76,746,105.04000091552734,0.63
2003-10-29,100918.04,22453.76,746,105.18000030517578,0.53
2003-10-30,101082.16,22453.76,746,105.4000015258789,0.37
2003-10-31,101007.56,22453.76,746,105.30000305175781,0.44
2003-11-03,101522.3,22453.76,746,105.98999786376953,0
2003-11-04,101350.72,22453.76,746,105.76000213623047,0.17
2003-11-05,101410.39,22453.76,746,105.83999633789062,0.11
2003-11-06,101828.16,22453.76,746,106.4000015258789,0
2003-11-07,101238.82,22453.76,746,105.61000061035156,0.58
2003-11-10,100918.04,22453.76,746,105.18000030517578,0.89
2003-11-11,100895.66,22453.76,746,105.1500015258789,0.92
2003-11-12,101775.94,22453.76,746,106.33000183105469,0.05
2003-11-13,101798.32,22453.76,746,106.36000061035156,0.03
2003-11-14,101126.92,22453.76,746,105.45999908447266,0.69
2003-11-17,100731.54,22453.76,746,104.93000030517578,1.08
2003-11-18,99918.39,22453.76,746,103.83999633789062,1.88
2003-11-19,100574.88,22453.76,746,104.72000122070312,1.23
2003-11-20,99873.64,22453.76,746,103.77999877929688,1.92
2003-11-21,100194.42,22453.76,746,104.20999908447266,1.6
2003-11-24,101223.89,22453.76,746,105.58999633789062,0.59
2003-11-25,101522.3,22453.76,746,105.98999786376953,0.3
2003-11-26,101805.78,22453.76,746,106.37000274658203,0.02
2003-11-28,101865.46,22453.76,746,106.44999694824219,0
2003-12-01,102723.36,22453.76,746,107.5999984741211,0
2003-12-02,102521.94,22453.76,746,107.33000183105469,0.2
2003-12-03,102395.12,22453.76,746,107.16000366210938,0.32
2003-12-04,102723.36,22453.76,746,107.5999984741211,0
2003-12-05,102163.86,22453.76,746,106.8499984741211,0.54
2003-12-08,102700.98,22453.76,746,107.56999969482422,0.02
2003-12-09,102081.8,22453.76,746,106.73999786376953,0.62
2003-12-10,102074.34,22453.76,746,106.7300033569336,0.63
2003-12-11,102969.54,22453.76,746,107.93000030517578,0
2003-12-12,103126.2,22453.76,746,108.13999938964844,0
2003-12-15,102723.36,22453.76,746,107.5999984741211,0.39
2003-12-16,103141.12,22453.76,746,108.16000366210938,0
2003-12-17,103394.76,22453.76,746,108.5,0
2003-12-18,104304.88,22453.76,746,109.72000122070312,0
2003-12-19,104078.1,22838.7,746,108.9000015258789,0.22
2003-12-22,104645.06,22838.7,746,109.66000366210938,0
2003-12-23,104697.28,22838.7,746,109.7300033569336,0
2003-12-24,104615.22,22838.7,746,109.62000274658203,0.08
2003-12-26,104674.9,22838.7,746,109.69999694824219,0.02
2003-12-29,105764.06,22838.7,746,111.16000366210938,0
2003-12-30,105778.98,22838.7,746,111.18000030517578,0
2003-12-31,105853.58,22838.7,746,111.27999877929688,0
2004-01-02,105816.28,22838.7,746,111.2300033569336,0.04
2004-01-05,106718.94,22838.7,746,112.44000244140625,0
2004-01-06,106801,22838.7,746,112.55000305175781,0
2004-01-07,107084.48,22838.7,746,112.93000030517578,0
2004-01-08,107420.18,22838.7,746,113.37999725341797,0
2004-01-09,106681.64,22838.7,746,112.38999938964844,0.69
2004-01-12,107300.82,22838.7,746,113.22000122070312,0.11
2004-01-13,106808.46,22838.7,746,112.55999755859375,0.57
2004-01-14,107509.7,22838.7,746,113.5,0
2004-01-15,107718.58,22838.7,746,113.77999877929688,0
2004-01-16,108054.28,22838.7,746,114.2300033569336,0
2004-01-20,108031.9,22838.7,746,114.19999694824219,0.02
2004-01-21,108703.3,22838.7,746,115.0999984741211,0
2004-01-22,108479.5,22838.7,746,114.80000305175781,0.21
2004-01-23,108203.48,22838.7,746,114.43000030517578,0.46
2004-01-26,109277.72,22838.7,746,115.87000274658203,0
2004-01-27,108389.98,22838.7,746,114.68000030517578,0.81
2004-01-28,107412.72,22838.7,746,113.37000274658203,1.71
2004-01-29,107494.78,22838.7,746,113.4800033569336,1.63
2004-01-30,107494.78,22838.7,746,113.4800033569336,1.63
2004-02-02,107860.32,22838.7,746,113.97000122070312,1.3
2004-02-03,107718.58,22838.7,746,113.77999877929688,1.43
2004-02-04,107024.8,22838.7,746,112.8499984741211,2.06
2004-02-05,107270.98,22838.7,746,113.18000030517578,1.84
2004-02-06,108218.4,22838.7,746,114.44999694824219,0.97
2004-02-09,108240.78,22838.7,746,114.4800033569336,0.95
2004-02-10,108516.8,22838.7,746,114.8499984741211,0.7
2004-02-11,109426.92,22838.7,746,116.06999969482422,0
2004-02-12,109113.6,22838.7,746,115.6500015258789,0.29
2004-02-13,108725.68,22838.7,746,115.12999725341797,0.64
2004-02-17,109501.52,22838.7,746,116.16999816894531,0
2004-02-18,109121.06,22838.7,746,115.66000366210938,0.35
2004-02-19,108800.28,22838.7,746,115.2300033569336,0.64
2004-02-20,108539.18,22838.7,746,114.87999725341797,0.88
2004-02-23,108322.83,22838.7,746,114.58999633789062,1.08
2004-02-24,108173.64,22838.7,746,114.38999938964844,1.21
2004-02-25,108531.72,22838.7,746,114.87000274658203,0.89
2004-02-26,108583.94,22838.7,746,114.94000244140625,0.84
2004-02-27,108643.61,22838.7,746,115.0199966430664,0.78
2004-03-01,109494.06,22838.7,746,116.16000366210938,0.01
2004-03-02,108986.78,22838.7,746,115.4800033569336,0.47
2004-03-03,109143.44,22838.7,746,115.69000244140625,0.33
2004-03-04,109367.24,22838.7,746,115.98999786376953,0.12
2004-03-05,109658.18,22838.7,746,116.37999725341797,0
2004-03-08,108598.86,22838.7,746,114.95999908447266,0.97
2004-03-09,108255.7,22838.7,746,114.5,1.28
2004-03-10,106823.38,22838.7,746,112.58000183105469,2.59
2004-03-11,105734.22,22838.7,746,111.12000274658203,3.58
2004-03-12,106823.38,22838.7,746,112.58000183105469,2.59
2004-03-15,105793.9,22838.7,746,111.19999694824219,3.52
2004-03-16,106234.04,22838.7,746,111.79000091552734,3.12
2004-03-17,107166.54,22838.7,746,113.04000091552734,2.27
2004-03-18,107188.92,22838.7,746,113.06999969482422,2.25
2004-03-19,105984.13,23133.37,746,111.05999755859375,3.35
2004-03-22,104932.27,23133.37,746,109.6500015258789,4.31
2004-03-23,104790.53,23133.37,746,109.45999908447266,4.44
2004-03-24,104857.67,23133.37,746,109.55000305175781,4.38
2004-03-25,105939.37,23133.37,746,111,3.39
2004-03-26,105961.75,23133.37,746,111.02999877929688,3.37
2004-03-29,107125.5,23133.37,746,112.58999633789062,2.31
2004-03-30,107408.99,23133.37,746,112.97000122070312,2.05
2004-03-31,107505.97,23133.37,746,113.0999984741211,1.96
2004-04-01,108013.25,23133.37,746,113.77999877929688,1.5
2004-04-02,108654.81,23133.37,746,114.63999938964844,0.91
2004-04-05,109124.78,23133.37,746,115.2699966430664,0.49
2004-04-06,108848.77,23133.37,746,114.9000015258789,0.74
2004-04-07,108647.35,23133.37,746,114.62999725341797,0.92
2004-04-08,108453.39,23133.37,746,114.37000274658203,1.1
2004-04-12,108789.09,23133.37,746,114.81999969482422,0.79
2004-04-13,107588.03,23133.37,746,113.20999908447266,1.89
2004-04-14,107722.31,23133.37,746,113.38999938964844,1.77
2004-04-15,107401.53,23133.37,746,112.95999908447266,2.06
2004-04-16,108050.55,23133.37,746,113.83000183105469,1.47
2004-04-19,108050.55,23133.37,746,113.83000183105469,1.47
2004-04-20,106625.69,23133.37,746,111.91999816894531,2.77
2004-04-21,107185.19,23133.37,746,112.66999816894531,2.26
2004-04-22,108363.87,23133.37,746,114.25,1.18
2004-04-23,108445.93,23133.37,746,114.36000061035156,1.11
2004-04-26,108326.57,23133.37,746,114.19999694824219,1.21
2004-04-27,108401.17,23133.37,746,114.30000305175781,1.15
2004-04-28,107297.09,23133.37,746,112.81999969482422,2.15
2004-04-29,106558.55,23133.37,746,111.83000183105469,2.83
2004-04-30,105909.53,23133.37,746,110.95999908447266,3.42
2004-05-03,106797.27,23133.37,746,112.1500015258789,2.61
2004-05-04,106730.13,23133.37,746,112.05999755859375,2.67
2004-05-05,107267.25,23133.37,746,112.77999877929688,2.18
2004-05-06,106543.63,23133.37,746,111.80999755859375,2.84
2004-05-07,105163.53,23133.37,746,109.95999908447266,4.1
2004-05-10,104320.55,23133.37,746,108.83000183105469,4.87
2004-05-11,105006.87,23133.37,746,109.75,4.24
2004-05-12,105529.07,23133.37,746,110.44999694824219,3.77
2004-05-13,105185.91,23133.37,746,109.98999786376953,4.08
2004-05-14,105223.21,23133.37,746,110.04000091552734,4.04
2004-05-17,104521.97,23133.37,746,109.0999984741211,4.68
2004-05-18,104932.27,23133.37,746,109.6500015258789,4.31
2004-05-19,104648.78,23133.37,746,109.2699966430664,4.57
2004-05-20,104909.89,23133.37,746,109.62000274658203,4.33
2004-05-21,105051.63,23133.37,746,109.80999755859375,4.2
2004-05-24,105394.78,23133.37,746,110.2699966430664,3.89
2004-05-25,106573.47,23133.37,746,111.8499984741211,2.81
2004-05-26,106864.41,23133.37,746,112.23999786376953,2.55
2004-05-27,107334.39,23133.37,746,112.87000274658203,2.12
2004-05-28,107326.93,23133.37,746,112.86000061035156,2.13
2004-06-01,107215.03,23133.37,746,112.70999908447266,2.23
2004-06-02,107528.35,23133.37,746,113.12999725341797,1.94
2004-06-03,106752.5,23133.37,746,112.08999633789062,2.65
2004-06-04,107416.45,23133.37,746,112.9800033569336,2.04
2004-06-07,108699.57,23133.37,746,114.69999694824219,0.87
2004-06-08,108818.93,23133.37,746,114.86000061035156,0.77
2004-06-09,108020.71,23133.37,746,113.79000091552734,1.49
2004-06-10,108438.47,23133.37,746,114.3499984741211,1.11
2004-06-14,107595.49,23133.37,746,113.22000122070312,1.88
2004-06-15,108192.28,23133.37,746,114.0199966430664,1.34
2004-06-16,108177.37,23133.37,746,114,1.35
2004-06-17,108050.55,23133.37,746,113.83000183105469,1.47
2004-06-18,108210.19,23442.21,746,113.62999725341797,1.32
2004-06-21,107889.41,23442.21,746,113.19999694824219,1.61
2004-06-22,108314.62,23442.21,746,113.7699966430664,1.23
2004-06-23,109045.71,23442.21,746,114.75,0.56
2004-06-24,108777.15,23442.21,746,114.38999938964844,0.8
2004-06-25,108366.84,23442.21,746,113.83999633789062,1.18
2004-06-28,108075.91,23442.21,746,113.44999694824219,1.44
2004-06-29,108426.53,23442.21,746,113.91999816894531,1.12
2004-06-30,108881.59,23442.21,746,114.52999877929688,0.71
2004-07-01,107695.45,23442.21,746,112.94000244140625,1.79
2004-07-02,107650.69,23442.21,746,112.87999725341797,1.83
2004-07-06,106912.15,23442.21,746,111.88999938964844,2.5
2004-07-07,107158.33,23442.21,746,112.22000122070312,2.28
2004-07-08,106576.45,23442.21,746,111.44000244140625,2.81
2004-07-09,106792.79,23442.21,746,111.7300033569336,2.61
2004-07-12,106830.09,23442.21,746,111.77999877929688,2.58
2004-07-13,106889.77,23442.21,746,111.86000061035156,2.52
2004-07-14,106636.12,23442.21,746,111.5199966430664,2.76
2004-07-15,106099.01,23442.21,746,110.80000305175781,3.25
2004-07-16,106031.87,23442.21,746,110.70999908447266,3.31
2004-07-19,105681.25,23442.21,746,110.23999786376953,3.63
2004-07-20,106725.65,23442.21,746,111.63999938964844,2.67
2004-07-21,105188.89,23442.21,746,109.58000183105469,4.08
2004-07-22,105412.69,23442.21,746,109.87999725341797,3.87
2004-07-23,104726.37,23442.21,746,108.95999908447266,4.5
2004-07-26,104569.71,23442.21,746,108.75,4.64
2004-07-27,105330.62,23442.21,746,109.7699966430664,3.95
2004-07-28,105576.81,23442.21,746,110.0999984741211,3.72
2004-07-29,105927.43,23442.21,746,110.56999969482422,3.4
2004-07-30,106128.84,23442.21,746,110.83999633789062,3.22
2004-08-02,106300.43,23442.21,746,111.06999969482422,3.06
2004-08-03,105658.87,23442.21,746,110.20999908447266,3.65
2004-08-04,105651.41,23442.21,746,110.19999694824219,3.65
2004-08-05,104308.61,23442.21,746,108.4000015258789,4.88
2004-08-06,103152.31,23442.21,746,106.8499984741211,5.93
2004-08-09,103264.21,23442.21,746,107,5.83
2004-08-10,104293.69,23442.21,746,108.37999725341797,4.89
2004-08-11,104129.57,23442.21,746,108.16000366210938,5.04
2004-08-12,103249.29,23442.21,746,106.9800033569336,5.84
2004-08-13,103405.95,23442.21,746,107.19000244140625,5.7
2004-08-16,104234.01,23442.21,746,108.30000305175781,4.95
2004-08-17,104689.07,23442.21,746,108.91000366210938,4.53
2004-08-18,105524.59,23442.21,746,110.02999877929688,3.77
2004-08-19,105285.87,23442.21,746,109.70999908447266,3.99
2004-08-20,105860.29,23442.21,746,110.4800033569336,3.46
2004-08-23,105651.41,23442.21,746,110.19999694824219,3.65
2004-08-24,105763.31,23442.21,746,110.3499984741211,3.55
2004-08-25,106322.81,23442.21,746,111.0999984741211,3.04
2004-08-26,106322.81,23442.21,746,111.0999984741211,3.04
2004-08-27,106583.91,23442.21,746,111.44999694824219,2.8
2004-08-30,105897.59,23442.21,746,110.52999877929688,3.43
2004-08-31,106330.27,23442.21,746,111.11000061035156,3.03
2004-09-01,106486.93,23442.21,746,111.31999969482422,2.89
2004-09-02,107426.89,23442.21,746,112.58000183105469,2.03
2004-09-03,107083.73,23442.21,746,112.12000274658203,2.35
2004-09-07,107635.77,23442.21,746,112.86000061035156,1.84
2004-09-08,107426.89,23442.21,746,112.58000183105469,2.03
2004-09-09,107352.29,23442.21,746,112.4800033569336,2.1
2004-09-10,107784.97,23442.21,746,113.05999755859375,1.71
2004-09-13,108060.99,23442.21,746,113.43000030517578,1.46
2004-09-14,108232.57,23442.21,746,113.66000366210938,1.3
2004-09-15,107591.01,23442.21,746,112.80000305175781,1.89
2004-09-16,107844.65,23442.21,746,113.13999938964844,1.65
2004-09-17,108201.98,23792.08,746,113.1500015258789,1.33
2004-09-20,107694.7,23792.08,746,112.47000122070312,1.79
2004-09-21,108060.24,23792.08,746,112.95999908447266,1.46
2004-09-22,107008.38,23792.08,746,111.55000305175781,2.42
2004-09-23,106560.78,23792.08,746,110.94999694824219,2.82
2004-09-24,106941.24,23792.08,746,111.45999908447266,2.48
2004-09-27,106411.58,23792.08,746,110.75,2.96
2004-09-28,106806.96,23792.08,746,111.27999877929688,2.6
2004-09-29,107224.71,23792.08,746,111.83999633789062,2.22
2004-09-30,107165.04,23792.08,746,111.76000213623047,2.27
2004-10-01,108574.98,23792.08,746,113.6500015258789,0.99
2004-10-04,108716.71,23792.08,746,113.83999633789062,0.86
2004-10-05,108761.48,23792.08,746,113.9000015258789,0.82
2004-10-06,109343.36,23792.08,746,114.68000030517578,0.29
2004-10-07,108425.78,23792.08,746,113.44999694824219,1.12
2004-10-08,107724.54,23792.08,746,112.51000213623047,1.76
2004-10-11,108067.7,23792.08,746,112.97000122070312,1.45
2004-10-12,107739.46,23792.08,746,112.52999877929688,1.75
2004-10-13,107000.92,23792.08,746,111.54000091552734,2.42
2004-10-14,106329.52,23792.08,746,110.63999938964844,3.04
2004-10-15,106792.04,23792.08,746,111.26000213623047,2.61
2004-10-18,107105.36,23792.08,746,111.68000030517578,2.33
2004-10-19,106404.12,23792.08,746,110.73999786376953,2.97
2004-10-20,106239.99,23792.08,746,110.5199966430664,3.12
2004-10-21,106777.12,23792.08,746,111.23999786376953,2.63
2004-10-22,105844.62,23792.08,746,109.98999786376953,3.48
2004-10-25,105747.64,23792.08,746,109.86000061035156,3.57
2004-10-26,107000.92,23792.08,746,111.54000091552734,2.42
2004-10-27,108000.56,23792.08,746,112.87999725341797,1.51
2004-10-28,108254.2,23792.08,746,113.22000122070312,1.28
2004-10-29,108239.28,23792.08,746,113.19999694824219,1.29
2004-11-01,108470.54,23792.08,746,113.51000213623047,1.08
2004-11-02,108500.38,23792.08,746,113.55000305175781,1.06
2004-11-03,109567.16,23792.08,746,114.9800033569336,0.08
2004-11-04,110738.38,23792.08,746,116.55000305175781,0
2004-11-05,111282.96,23792.08,746,117.27999877929688,0
2004-11-08,111156.14,23792.08,746,117.11000061035156,0.11
2004-11-09,110984.56,23792.08,746,116.87999725341797,0.27
2004-11-10,111051.7,23792.08,746,116.97000122070312,0.21
2004-11-11,111715.64,23792.08,746,117.86000061035156,0
2004-11-12,112409.42,23792.08,746,118.79000091552734,0
2004-11-15,112626.51,24053.93,746,118.7300033569336,0
2004-11-16,111992.41,24053.93,746,117.87999725341797,0.56
2004-11-17,112514.61,24053.93,746,118.58000183105469,0.1
2004-11-18,112633.97,24053.93,746,118.73999786376953,0
2004-11-19,111649.25,24053.93,746,117.41999816894531,0.87
2004-11-22,112067.01,24053.93,746,117.9800033569336,0.5
2004-11-23,112201.29,24053.93,746,118.16000366210938,0.38
2004-11-24,112410.17,24053.93,746,118.44000244140625,0.2
2004-11-26,112343.03,24053.93,746,118.3499984741211,0.26
2004-11-29,111940.19,24053.93,746,117.80999755859375,0.62
2004-11-30,111999.87,24053.93,746,117.88999938964844,0.56
2004-12-01,112999.51,24053.93,746,119.2300033569336,0
2004-12-02,113074.11,24053.93,746,119.33000183105469,0
2004-12-03,113014.43,24053.93,746,119.25,0.05
2004-12-06,112984.59,24053.93,746,119.20999908447266,0.08
2004-12-07,112156.53,24053.93,746,118.0999984741211,0.81
2004-12-08,112671.27,24053.93,746,118.79000091552734,0.36
2004-12-09,112984.59,24053.93,746,119.20999908447266,0.08
2004-12-10,113074.11,24053.93,746,119.33000183105469,0
2004-12-13,113849.95,24053.93,746,120.37000274658203,0
2004-12-14,114163.27,24053.93,746,120.79000091552734,0
2004-12-15,114230.41,24053.93,746,120.87999725341797,0
2004-12-16,114178.19,24053.93,746,120.80999755859375,0.05
2004-12-17,113579.9,24477.66,746,119.44000244140625,0.57
2004-12-20,113602.28,24477.66,746,119.47000122070312,0.55
2004-12-21,114288.6,24477.66,746,120.38999938964844,0
2004-12-22,114504.94,24477.66,746,120.68000030517578,0
2004-12-23,114572.07,24477.66,746,120.7699966430664,0
2004-12-27,114385.57,24477.66,746,120.5199966430664,0.16
2004-12-28,114877.94,24477.66,746,121.18000030517578,0
2004-12-29,115012.22,24477.66,746,121.36000061035156,0
2004-12-30,114840.64,24477.66,746,121.12999725341797,0.15
2004-12-31,114646.68,24477.66,746,120.87000274658203,0.32
2005-01-03,114221.46,24477.66,746,120.30000305175781,0.69
2005-01-04,113124.84,24477.66,746,118.83000183105469,1.64
2005-01-05,112513.12,24477.66,746,118.01000213623047,2.17
2005-01-06,112960.72,24477.66,746,118.61000061035156,1.78
2005-01-07,112833.9,24477.66,746,118.44000244140625,1.89
2005-01-10,113251.66,24477.66,746,119,1.53
2005-01-11,112639.94,24477.66,746,118.18000030517578,2.06
2005-01-12,112930.88,24477.66,746,118.56999969482422,1.81
2005-01-13,112222.18,24477.66,746,117.62000274658203,2.43
2005-01-14,112684.7,24477.66,746,118.23999786376953,2.02
2005-01-18,113602.28,24477.66,746,119.47000122070312,1.23
2005-01-19,112669.78,24477.66,746,118.22000122070312,2.04
2005-01-20,112132.66,24477.66,746,117.5,2.5
2005-01-21,111595.54,24477.66,746,116.77999877929688,2.97
2005-01-24,111423.96,24477.66,746,116.55000305175781,3.12
2005-01-25,111670.14,24477.66,746,116.87999725341797,2.91
2005-01-26,111931.24,24477.66,746,117.2300033569336,2.68
2005-01-27,112080.44,24477.66,746,117.43000030517578,2.55
2005-01-28,112080.44,24477.66,746,117.43000030517578,2.55
2005-01-31,112625.02,24477.66,746,118.16000366210938,2.08
2005-02-01,113184.52,24477.66,746,118.91000366210938,1.59
2005-02-02,113453.07,24477.66,746,119.2699966430664,1.36
2005-02-03,113221.82,24477.66,746,118.95999908447266,1.56
2005-02-04,114169.24,24477.66,746,120.2300033569336,0.73
2005-02-07,114049.88,24477.66,746,120.06999969482422,0.84
2005-02-08,114154.32,24477.66,746,120.20999908447266,0.75
2005-02-09,113482.92,24477.66,746,119.30999755859375,1.33
2005-02-10,113803.7,24477.66,746,119.73999786376953,1.05
2005-02-11,114572.07,24477.66,746,120.7699966430664,0.38
2005-02-14,114504.94,24477.66,746,120.68000030517578,0.44
2005-02-15,114840.64,24477.66,746,121.12999725341797,0.15
2005-02-16,114900.32,24477.66,746,121.20999908447266,0.1
2005-02-17,114169.24,24477.66,746,120.2300033569336,0.73
2005-02-18,114288.6,24477.66,746,120.38999938964844,0.63
2005-02-22,112953.26,24477.66,746,118.5999984741211,1.79
2005-02-23,113587.36,24477.66,746,119.44999694824219,1.24
2005-02-24,114176.7,24477.66,746,120.23999786376953,0.73
2005-02-25,115064.44,24477.66,746,121.43000030517578,0
2005-02-28,114467.64,24477.66,746,120.62999725341797,0.52
2005-03-01,114915.24,24477.66,746,121.2300033569336,0.13
2005-03-02,114870.48,24477.66,746,121.16999816894531,0.17
2005-03-03,114907.78,24477.66,746,121.22000122070312,0.14
2005-03-04,116034.24,24477.66,746,122.7300033569336,0
2005-03-07,116079,24477.66,746,122.79000091552734,0
2005-03-08,115735.84,24477.66,746,122.33000183105469,0.3
2005-03-09,114721.28,24477.66,746,120.97000122070312,1.17
2005-03-10,114922.7,24477.66,746,121.23999786376953,1
2005-03-11,114288.6,24477.66,746,120.38999938964844,1.54
2005-03-14,114848.1,24477.66,746,121.13999938964844,1.06
2005-03-15,114102.1,24477.66,746,120.13999938964844,1.7
2005-03-16,113341.18,24477.66,746,119.12000274658203,2.36
2005-03-17,113520.22,24477.66,746,119.36000061035156,2.2
2005-03-18,113256.88,24826.04,746,118.54000091552734,2.43
2005-03-21,112928.64,24826.04,746,118.0999984741211,2.71
2005-03-22,112033.44,24826.04,746,116.9000015258789,3.49
2005-03-23,112108.04,24826.04,746,117,3.42
2005-03-24,112212.48,24826.04,746,117.13999938964844,3.33
2005-03-28,112339.3,24826.04,746,117.30999755859375,3.22
2005-03-29,111757.42,24826.04,746,116.52999877929688,3.72
2005-03-30,112988.32,24826.04,746,118.18000030517578,2.66
2005-03-31,112824.2,24826.04,746,117.95999908447266,2.8
2005-04-01,112428.82,24826.04,746,117.43000030517578,3.14
2005-04-04,112578.02,24826.04,746,117.62999725341797,3.02
2005-04-05,112995.78,24826.04,746,118.19000244140625,2.66
2005-04-06,113301.64,24826.04,746,118.5999984741211,2.39
2005-04-07,113779.08,24826.04,746,119.23999786376953,1.98
2005-04-08,112854.04,24826.04,746,118,2.78
2005-04-11,112921.17,24826.04,746,118.08999633789062,2.72
2005-04-12,113376.24,24826.04,746,118.69999694824219,2.33
2005-04-13,112331.84,24826.04,746,117.30000305175781,3.23
2005-04-14,111190.45,24826.04,746,115.7699966430664,4.21
2005-04-15,109981.94,24826.04,746,114.1500015258789,5.25
2005-04-18,110243.04,24826.04,746,114.5,5.03
2005-04-19,110921.9,24826.04,746,115.41000366210938,4.44
2005-04-20,109720.84,24826.04,746,113.80000305175781,5.48
2005-04-21,111369.5,24826.04,746,116.01000213623047,4.06
2005-04-22,111041.26,24826.04,746,115.56999969482422,4.34
2005-04-25,111608.22,24826.04,746,116.33000183105469,3.85
2005-04-26,110765.24,24826.04,746,115.19999694824219,4.58
2005-04-27,111100.94,24826.04,746,115.6500015258789,4.29
2005-04-28,110019.24,24826.04,746,114.19999694824219,5.22
2005-04-29,111175.54,24826.04,746,115.75,4.22
2005-05-02,111660.44,24826.04,746,116.4000015258789,3.81
2005-05-03,111809.64,24826.04,746,116.5999984741211,3.68
2005-05-04,112481.04,24826.04,746,117.5,3.1
2005-05-05,112451.2,24826.04,746,117.45999908447266,3.13
2005-05-06,112175.17,24826.04,746,117.08999633789062,3.36
2005-05-09,112719.76,24826.04,746,117.81999969482422,2.89
2005-05-10,111809.64,24826.04,746,116.5999984741211,3.68
2005-05-11,112287.08,24826.04,746,117.23999786376953,3.27
2005-05-12,111324.74,24826.04,746,115.94999694824219,4.1
2005-05-13,111153.16,24826.04,746,115.72000122070312,4.24
2005-05-16,111958.84,24826.04,746,116.80000305175781,3.55
2005-05-17,112540.72,24826.04,746,117.58000183105469,3.05
2005-05-18,113443.38,24826.04,746,118.79000091552734,2.27
2005-05-19,113816.38,24826.04,746,119.29000091552734,1.95
2005-05-20,113689.56,24826.04,746,119.12000274658203,2.06
2005-05-23,114181.92,24826.04,746,119.77999877929688,1.63
2005-05-24,113973.04,24826.04,746,119.5,1.81
2005-05-25,113905.9,24826.04,746,119.41000366210938,1.87
2005-05-26,114383.34,24826.04,746,120.05000305175781,1.46
2005-05-27,114532.54,24826.04,746,120.25,1.33
2005-05-31,113958.12,24826.04,746,119.4800033569336,1.83
2005-06-01,114719.04,24826.04,746,120.5,1.17
2005-06-02,114913,24826.04,746,120.76000213623047,1
2005-06-03,114457.94,24826.04,746,120.1500015258789,1.4
2005-06-06,114375.88,24826.04,746,120.04000091552734,1.47
2005-06-07,114443.02,24826.04,746,120.12999725341797,1.41
2005-06-08,114278.9,24826.04,746,119.91000366210938,1.55
2005-06-09,114704.12,24826.04,746,120.4800033569336,1.18
2005-06-10,114495.24,24826.04,746,120.19999694824219,1.36
2005-06-13,114778.72,24826.04,746,120.58000183105469,1.12
2005-06-14,114987.6,24826.04,746,120.86000061035156,0.94
2005-06-15,115159.17,24826.04,746,121.08999633789062,0.79
2005-06-16,115390.44,24826.04,746,121.4000015258789,0.59
2005-06-17,115724.65,25190.09,746,121.36000061035156,0.31
2005-06-20,115754.49,25190.09,746,121.4000015258789,0.28
2005-06-21,115806.71,25190.09,746,121.47000122070312,0.23
2005-06-22,115881.31,25190.09,746,121.56999969482422,0.17
2005-06-23,114605.65,25190.09,746,119.86000061035156,1.27
2005-06-24,113949.17,25190.09,746,118.9800033569336,1.83
2005-06-27,114075.99,25190.09,746,119.1500015258789,1.73
2005-06-28,114821.99,25190.09,746,120.1500015258789,1.08
2005-06-29,114583.27,25190.09,746,119.83000183105469,1.29
2005-06-30,114098.37,25190.09,746,119.18000030517578,1.71
2005-07-01,114359.47,25190.09,746,119.52999877929688,1.48
2005-07-05,115075.63,25190.09,746,120.48999786376953,0.86
2005-07-06,114322.17,25190.09,746,119.4800033569336,1.51
2005-07-07,114672.79,25190.09,746,119.94999694824219,1.21
2005-07-08,115694.81,25190.09,746,121.31999969482422,0.33
2005-07-11,116157.33,25190.09,746,121.94000244140625,0
2005-07-12,116396.05,25190.09,746,122.26000213623047,0
2005-07-13,116522.87,25190.09,746,122.43000030517578,0
2005-07-14,116880.95,25190.09,746,122.91000366210938,0
2005-07-15,116828.72,25190.09,746,122.83999633789062,0.04
2005-07-18,116463.19,25190.09,746,122.3499984741211,0.36
2005-07-19,116963,25190.09,746,123.0199966430664,0
2005-07-20,117276.33,25190.09,746,123.44000244140625,0
2005-07-21,116739.21,25190.09,746,122.72000122070312,0.46
2005-07-22,117350.93,25190.09,746,123.54000091552734,0
2005-07-25,117089.83,25190.09,746,123.19000244140625,0.22
2005-07-26,117201.72,25190.09,746,123.33999633789062,0.13
2005-07-27,117537.43,25190.09,746,123.79000091552734,0
2005-07-28,118119.31,25190.09,746,124.56999969482422,0
2005-07-29,117500.13,25190.09,746,123.73999786376953,0.52
2005-08-01,117432.99,25190.09,746,123.6500015258789,0.58
2005-08-02,117985.03,25190.09,746,124.38999938964844,0.11
2005-08-03,118231.21,25190.09,746,124.72000122070312,0
2005-08-04,117485.21,25190.09,746,123.72000122070312,0.63
2005-08-05,116858.57,25190.09,746,122.87999725341797,1.16
2005-08-08,116686.99,25190.09,746,122.6500015258789,1.31
2005-08-09,117239.03,25190.09,746,123.38999938964844,0.84
2005-08-10,117194.27,25190.09,746,123.33000183105469,0.88
2005-08-11,117559.81,25190.09,746,123.81999969482422,0.57
2005-08-12,116992.85,25190.09,746,123.05999755859375,1.05
2005-08-15,117559.81,25190.09,746,123.81999969482422,0.57
2005-08-16,116358.75,25190.09,746,122.20999908447266,1.58
2005-08-17,116351.29,25190.09,746,122.19999694824219,1.59
2005-08-18,116343.83,25190.09,746,122.19000244140625,1.6
2005-08-19,116552.71,25190.09,746,122.47000122070312,1.42
2005-08-22,116552.71,25190.09,746,122.47000122070312,1.42
2005-08-23,116381.13,25190.09,746,122.23999786376953,1.56
2005-08-24,115567.99,25190.09,746,121.1500015258789,2.25
2005-08-25,115896.22,25190.09,746,121.58999633789062,1.97
2005-08-26,115277.05,25190.09,746,120.76000213623047,2.5
2005-08-29,115970.83,25190.09,746,121.69000244140625,1.91
2005-08-30,115493.39,25190.09,746,121.05000305175781,2.32
2005-08-31,116634.77,25190.09,746,122.58000183105469,1.35
2005-09-01,116567.63,25190.09,746,122.48999786376953,1.41
2005-09-02,116403.5,25190.09,746,122.2699966430664,1.55
2005-09-06,117470.29,25190.09,746,123.69999694824219,0.64
2005-09-07,117626.95,25190.09,746,123.91000366210938,0.51
2005-09-08,117321.09,25190.09,746,123.5,0.77
2005-09-09,118141.69,25190.09,746,124.5999984741211,0.08
2005-09-12,117955.19,25190.09,746,124.3499984741211,0.23
2005-09-13,117440.45,25190.09,746,123.66000366210938,0.67
2005-09-14,117104.75,25190.09,746,123.20999908447266,0.95
2005-09-15,117059.99,25190.09,746,123.1500015258789,0.99
2005-09-16,117710.5,25579.5,746,123.5,0.44
2005-09-19,117404.63,25579.5,746,123.08999633789062,0.7
2005-09-20,116628.8,25579.5,746,122.05000305175781,1.36
2005-09-21,115778.36,25579.5,746,120.91000366210938,2.07
2005-09-22,116099.13,25579.5,746,121.33999633789062,1.8
2005-09-23,116173.74,25579.5,746,121.44000244140625,1.74
2005-09-26,116278.18,25579.5,746,121.58000183105469,1.65
2005-09-27,116255.8,25579.5,746,121.55000305175781,1.67
2005-09-28,116345.32,25579.5,746,121.66999816894531,1.6
2005-09-29,117083.86,25579.5,746,122.66000366210938,0.97
2005-09-30,117367.34,25579.5,746,123.04000091552734,0.73
2005-10-03,117039.1,25579.5,746,122.5999984741211,1.01
2005-10-04,116009.62,25579.5,746,121.22000122070312,1.88
2005-10-05,114823.48,25579.5,746,119.62999725341797,2.88
2005-10-06,114502.7,25579.5,746,119.19999694824219,3.15
2005-10-07,114808.56,25579.5,746,119.61000061035156,2.89
2005-10-10,114055.1,25579.5,746,118.5999984741211,3.53
2005-10-11,113928.28,25579.5,746,118.43000030517578,3.64
2005-10-12,113234.5,25579.5,746,117.5,4.23
2005-10-13,113182.28,25579.5,746,117.43000030517578,4.27
2005-10-14,114107.32,25579.5,746,118.66999816894531,3.49
2005-10-17,114435.56,25579.5,746,119.11000061035156,3.21
2005-10-18,113473.22,25579.5,746,117.81999969482422,4.02
2005-10-19,114935.38,25579.5,746,119.77999877929688,2.79
2005-10-20,113361.32,25579.5,746,117.66999816894531,4.12
2005-10-21,113704.48,25579.5,746,118.12999725341797,3.83
2005-10-24,115069.66,25579.5,746,119.95999908447266,2.67
2005-10-25,114890.62,25579.5,746,119.72000122070312,2.83
2005-10-26,114629.52,25579.5,746,119.37000274658203,3.05
2005-10-27,113682.1,25579.5,746,118.0999984741211,3.85
2005-10-28,114950.3,25579.5,746,119.80000305175781,2.77
2005-10-31,115196.48,25579.5,746,120.12999725341797,2.57
2005-11-01,115465.04,25579.5,746,120.48999786376953,2.34
2005-11-02,116405,25579.5,746,121.75,1.54
2005-11-03,116792.91,25579.5,746,122.2699966430664,1.22
2005-11-04,116673.56,25579.5,746,122.11000061035156,1.32
2005-11-07,116763.08,25579.5,746,122.2300033569336,1.24
2005-11-08,116763.08,25579.5,746,122.2300033569336,1.24
2005-11-09,116882.44,25579.5,746,122.38999938964844,1.14
2005-11-10,117591.13,25579.5,746,123.33999633789062,0.54
2005-11-11,117904.46,25579.5,746,123.76000213623047,0.28
2005-11-14,117852.24,25579.5,746,123.69000244140625,0.32
2005-11-15,117516.54,25579.5,746,123.23999786376953,0.6
2005-11-16,117703.04,25579.5,746,123.48999786376953,0.45
2005-11-17,118560.94,25579.5,746,124.63999938964844,0
2005-11-18,118926.48,25579.5,746,125.12999725341797,0
2005-11-21,119396.46,25579.5,746,125.76000213623047,0
2005-11-22,119799.3,25579.5,746,126.30000305175781,0
2005-11-23,120343.88,25579.5,746,127.02999877929688,0
2005-11-25,120418.48,25579.5,746,127.12999725341797,0
2005-11-28,119747.08,25579.5,746,126.2300033569336,0.56
2005-11-29,119642.63,25579.5,746,126.08999633789062,0.64
2005-11-30,119135.36,25579.5,746,125.41000366210938,1.07
2005-12-01,120090.24,25579.5,746,126.69000244140625,0.27
2005-12-02,120209.6,25579.5,746,126.8499984741211,0.17
2005-12-05,120008.18,25579.5,746,126.58000183105469,0.34
2005-12-06,120187.22,25579.5,746,126.81999969482422,0.19
2005-12-07,119635.18,25579.5,746,126.08000183105469,0.65
2005-12-08,119575.5,25579.5,746,126,0.7
2005-12-09,119821.68,25579.5,746,126.33000183105469,0.5
2005-12-12,119911.2,25579.5,746,126.44999694824219,0.42
2005-12-13,120552.76,25579.5,746,127.30999755859375,0
2005-12-14,120925.76,25579.5,746,127.80999755859375,0
2005-12-15,120649.74,25579.5,746,127.44000244140625,0.23
2005-12-16,120345.37,26080.81,746,126.36000061035156,0.48
2005-12-19,119860.47,26080.81,746,125.70999908447266,0.88
2005-12-20,119949.99,26080.81,746,125.83000183105469,0.81
2005-12-21,120099.19,26080.81,746,126.02999877929688,0.68
2005-12-22,120591.55,26080.81,746,126.69000244140625,0.28
2005-12-23,120643.77,26080.81,746,126.76000213623047,0.23
2005-12-27,119681.43,26080.81,746,125.47000122070312,1.03
2005-12-28,119890.31,26080.81,746,125.75,0.86
2005-12-29,119472.55,26080.81,746,125.19000244140625,1.2
2005-12-30,118965.27,26080.81,746,124.51000213623047,1.62
2006-01-03,120599.01,26080.81,746,126.69999694824219,0.27
2006-01-04,121046.61,26080.81,746,127.30000305175781,0
2006-01-05,121106.29,26080.81,746,127.37999725341797,0
2006-01-06,121897.05,26080.81,746,128.44000244140625,0
2006-01-09,122143.23,26080.81,746,128.77000427246094,0
2006-01-10,122240.2,26080.81,746,128.89999389648438,0
2006-01-11,122546.07,26080.81,746,129.30999755859375,0
2006-01-12,122165.61,26080.81,746,128.8000030517578,0.31
2006-01-13,122076.08,26080.81,746,128.67999267578125,0.38
2006-01-17,121814.99,26080.81,746,128.3300018310547,0.6
2006-01-18,121434.53,26080.81,746,127.81999969482422,0.91
2006-01-19,121800.07,26080.81,746,128.30999755859375,0.61
2006-01-20,120054.43,26080.81,746,125.97000122070312,2.03
2006-01-23,120390.13,26080.81,746,126.41999816894531,1.76
2006-01-24,120487.11,26080.81,746,126.55000305175781,1.68
2006-01-25,120569.17,26080.81,746,126.66000366210938,1.61
2006-01-26,121091.37,26080.81,746,127.36000061035156,1.19
2006-01-27,121971.64,26080.81,746,128.5399932861328,0.47
2006-01-30,121897.05,26080.81,746,128.44000244140625,0.53
2006-01-31,121195.81,26080.81,746,127.5,1.1
2006-02-01,121859.75,26080.81,746,128.38999938964844,0.56
2006-02-02,120748.21,26080.81,746,126.9000015258789,1.47
2006-02-03,120278.22,26080.81,746,126.2699966430664,1.85
2006-02-06,120524.41,26080.81,746,126.5999984741211,1.65
2006-02-07,119688.89,26080.81,746,125.4800033569336,2.33
2006-02-08,120539.33,26080.81,746,126.62000274658203,1.64
2006-02-09,120382.67,26080.81,746,126.41000366210938,1.77
2006-02-10,120554.25,26080.81,746,126.63999938964844,1.63
2006-02-13,120382.67,26080.81,746,126.41000366210938,1.77
2006-02-14,121382.31,26080.81,746,127.75,0.95
2006-02-15,121718.01,26080.81,746,128.1999969482422,0.68
2006-02-16,122434.17,26080.81,746,129.16000366210938,0.09
2006-02-17,122173.07,26080.81,746,128.80999755859375,0.3
2006-02-21,121934.35,26080.81,746,128.49000549316406,0.5
2006-02-22,122516.23,26080.81,746,129.27000427246094,0.02
2006-02-23,122374.49,26080.81,746,129.0800018310547,0.14
2006-02-24,122620.67,26080.81,746,129.41000366210938,0
2006-02-27,122657.97,26080.81,746,129.4600067138672,0
2006-02-28,121740.38,26080.81,746,128.22999572753906,0.75
2006-03-01,122590.82,26080.81,746,129.3699951171875,0.05
2006-03-02,122583.37,26080.81,746,129.36000061035156,0.06
2006-03-03,122135.76,26080.81,746,128.75999450683594,0.43
2006-03-06,121695.63,26080.81,746,128.1699981689453,0.78
2006-03-07,121546.43,26080.81,746,127.97000122070312,0.91
2006-03-08,121747.85,26080.81,746,128.24000549316406,0.74
2006-03-09,121106.29,26080.81,746,127.37999725341797,1.27
2006-03-10,122008.94,26080.81,746,128.58999633789062,0.53
2006-03-13,122187.99,26080.81,746,128.8300018310547,0.38
2006-03-14,123195.08,26080.81,746,130.17999267578125,0
2006-03-15,123627.76,26080.81,746,130.75999450683594,0
2006-03-16,123829.19,26080.81,746,131.02999877929688,0
2006-03-17,123910.49,26467.98,746,130.6199951171875,0
2006-03-20,123753.84,26467.98,746,130.41000366210938,0.13
2006-03-21,123142.11,26467.98,746,129.58999633789062,0.62
2006-03-22,123731.46,26467.98,746,130.3800048828125,0.14
2006-03-23,123530.04,26467.98,746,130.11000061035156,0.31
2006-03-24,123604.64,26467.98,746,130.2100067138672,0.25
2006-03-27,123462.9,26467.98,746,130.02000427246094,0.36
2006-03-28,122866.1,26467.98,746,129.22000122070312,0.84
2006-03-29,123470.36,26467.98,746,130.02999877929688,0.36
2006-03-30,123298.78,26467.98,746,129.8000030517578,0.49
2006-03-31,123321.16,26467.98,746,129.8300018310547,0.48
2006-04-03,123246.55,26467.98,746,129.72999572753906,0.54
2006-04-04,123865.74,26467.98,746,130.55999755859375,0.04
2006-04-05,124201.43,26467.98,746,131.00999450683594,0
2006-04-06,124096.99,26467.98,746,130.8699951171875,0.08
2006-04-07,123104.81,26467.98,746,129.5399932861328,0.88
2006-04-10,123254.02,26467.98,746,129.74000549316406,0.76
2006-04-11,122433.42,26467.98,746,128.63999938964844,1.42
2006-04-12,122612.46,26467.98,746,128.8800048828125,1.28
2006-04-13,122485.64,26467.98,746,128.7100067138672,1.38
2006-04-17,122448.34,26467.98,746,128.66000366210938,1.41
2006-04-18,123970.18,26467.98,746,130.6999969482422,0.19
2006-04-19,124156.68,26467.98,746,130.9499969482422,0.04
2006-04-20,124290.96,26467.98,746,131.1300048828125,0
2006-04-21,124305.87,26467.98,746,131.14999389648438,0
2006-04-24,124126.84,26467.98,746,130.91000366210938,0.14
2006-04-25,123723.99,26467.98,746,130.3699951171875,0.47
2006-04-26,123746.37,26467.98,746,130.39999389648438,0.45
2006-04-27,124216.36,26467.98,746,131.02999877929688,0.07
2006-04-28,124544.6,26467.98,746,131.47000122070312,0
2006-05-01,123746.37,26467.98,746,130.39999389648438,0.64
2006-05-02,124477.46,26467.98,746,131.3800048828125,0.05
2006-05-03,124111.92,26467.98,746,130.88999938964844,0.35
2006-05-04,124462.54,26467.98,746,131.36000061035156,0.07
2006-05-05,125327.9,26467.98,746,132.52000427246094,0
2006-05-08,125208.54,26467.98,746,132.36000061035156,0.1
2006-05-09,125402.49,26467.98,746,132.6199951171875,0
2006-05-10,125350.28,26467.98,746,132.5500030517578,0.04
2006-05-11,124156.68,26467.98,746,130.9499969482422,0.99
2006-05-12,122881.02,26467.98,746,129.24000549316406,2.01
2006-05-15,123074.98,26467.98,746,129.5,1.86
2006-05-16,122933.24,26467.98,746,129.30999755859375,1.97
2006-05-17,121098.08,26467.98,746,126.8499984741211,3.43
2006-05-18,120620.64,26467.98,746,126.20999908447266,3.81
2006-05-19,121284.58,26467.98,746,127.0999984741211,3.28
2006-05-22,120560.96,26467.98,746,126.12999725341797,3.86
2006-05-23,119844.8,26467.98,746,125.16999816894531,4.43
2006-05-24,120590.8,26467.98,746,126.16999816894531,3.84
2006-05-25,121754.56,26467.98,746,127.7300033569336,2.91
2006-05-26,122239.46,26467.98,746,128.3800048828125,2.52
2006-05-30,120538.58,26467.98,746,126.0999984741211,3.88
2006-05-31,121590.44,26467.98,746,127.51000213623047,3.04
2006-06-01,122500.55,26467.98,746,128.72999572753906,2.31
2006-06-02,122701.98,26467.98,746,129,2.15
2006-06-05,121299.5,26467.98,746,127.12000274658203,3.27
2006-06-06,121068.24,26467.98,746,126.80999755859375,3.46
2006-06-07,120359.54,26467.98,746,125.86000061035156,4.02
2006-06-08,120277.48,26467.98,746,125.75,4.09
2006-06-09,119979.08,26467.98,746,125.3499984741211,4.32
2006-06-12,118964.52,26467.98,746,123.98999786376953,5.13
2006-06-13,117890.28,26467.98,746,122.55000305175781,5.99
2006-06-14,118598.98,26467.98,746,123.5,5.43
2006-06-15,120553.5,26467.98,746,126.12000274658203,3.87
2006-06-16,119870.91,26882.01,746,124.6500015258789,4.41
2006-06-19,119139.83,26882.01,746,123.66999816894531,4.99
2006-06-20,119453.14,26882.01,746,124.08999633789062,4.74
2006-06-21,120139.47,26882.01,746,125.01000213623047,4.2
2006-06-22,119729.17,26882.01,746,124.45999908447266,4.52
2006-06-23,119714.25,26882.01,746,124.44000244140625,4.54
2006-06-26,120124.55,26882.01,746,124.98999786376953,4.21
2006-06-27,119318.87,26882.01,746,123.91000366210938,4.85
2006-06-28,119945.51,26882.01,746,124.75,4.35
2006-06-29,121825.42,26882.01,746,127.2699966430664,2.85
2006-06-30,121832.89,26882.01,746,127.27999877929688,2.85
2006-07-03,122220.81,26882.01,746,127.80000305175781,2.54
2006-07-05,121676.23,26882.01,746,127.06999969482422,2.97
2006-07-06,121952.25,26882.01,746,127.44000244140625,2.75
2006-07-07,121333.07,26882.01,746,126.61000061035156,3.25
2006-07-10,121512.11,26882.01,746,126.8499984741211,3.1
2006-07-11,121929.87,26882.01,746,127.41000366210938,2.77
2006-07-12,120915.31,26882.01,746,126.05000305175781,3.58
2006-07-13,119386.01,26882.01,746,124,4.8
2006-07-14,119027.92,26882.01,746,123.5199966430664,5.08
2006-07-17,118893.64,26882.01,746,123.33999633789062,5.19
2006-07-18,119363.63,26882.01,746,123.97000122070312,4.82
2006-07-19,120646.75,26882.01,746,125.69000244140625,3.79
2006-07-20,120005.19,26882.01,746,124.83000183105469,4.3
2006-07-21,119348.71,26882.01,746,123.94999694824219,4.83
2006-07-24,121034.67,26882.01,746,126.20999908447266,3.48
2006-07-25,121370.37,26882.01,746,126.66000366210938,3.22
2006-07-26,121497.19,26882.01,746,126.83000183105469,3.11
2006-07-27,121407.67,26882.01,746,126.70999908447266,3.19
2006-07-28,122355.09,26882.01,746,127.9800033569336,2.43
2006-07-31,122258.11,26882.01,746,127.8499984741211,2.51
2006-08-01,121788.13,26882.01,746,127.22000122070312,2.88
2006-08-02,122429.69,26882.01,746,128.0800018310547,2.37
2006-08-03,122683.33,26882.01,746,128.4199981689453,2.17
2006-08-04,122519.21,26882.01,746,128.1999969482422,2.3
2006-08-07,122295.41,26882.01,746,127.9000015258789,2.48
2006-08-08,121929.87,26882.01,746,127.41000366210938,2.77
2006-08-09,121609.09,26882.01,746,126.9800033569336,3.02
2006-08-10,121900.03,26882.01,746,127.37000274658203,2.79
2006-08-11,121631.47,26882.01,746,127.01000213623047,3.01
2006-08-14,121706.07,26882.01,746,127.11000061035156,2.95
2006-08-15,122839.99,26882.01,746,128.6300048828125,2.04
2006-08-16,123638.21,26882.01,746,129.6999969482422,1.41
2006-08-17,123884.39,26882.01,746,130.02999877929688,1.21
2006-08-18,124376.75,26882.01,746,130.69000244140625,0.82
2006-08-21,123958.99,26882.01,746,130.1300048828125,1.15
2006-08-22,123951.52,26882.01,746,130.1199951171875,1.16
2006-08-23,123682.96,26882.01,746,129.75999450683594,1.37
2006-08-24,123600.9,26882.01,746,129.64999389648438,1.44
2006-08-25,123720.27,26882.01,746,129.80999755859375,1.34
2006-08-28,124182.78,26882.01,746,130.42999267578125,0.97
2006-08-29,124294.69,26882.01,746,130.5800018310547,0.88
2006-08-30,124354.37,26882.01,746,130.66000366210938,0.84
2006-08-31,124339.45,26882.01,746,130.63999938964844,0.85
2006-09-01,124921.33,26882.01,746,131.4199981689453,0.38
2006-09-05,125107.83,26882.01,746,131.6699981689453,0.23
2006-09-06,124242.46,26882.01,746,130.50999450683594,0.93
2006-09-07,123794.87,26882.01,746,129.91000366210938,1.28
2006-09-08,124070.89,26882.01,746,130.27999877929688,1.06
2006-09-11,124167.87,26882.01,746,130.41000366210938,0.98
2006-09-12,125122.75,26882.01,746,131.69000244140625,0.22
2006-09-13,125518.13,26882.01,746,132.22000122070312,0
2006-09-14,125525.58,26882.01,746,132.22999572753906,0
2006-09-15,125756.1,27313.94,746,131.9600067138672,0
2006-09-18,125890.38,27313.94,746,132.13999938964844,0
2006-09-19,125644.2,27313.94,746,131.80999755859375,0.2
2006-09-20,126166.39,27313.94,746,132.50999450683594,0
2006-09-21,125688.95,27313.94,746,131.8699951171875,0.38
2006-09-22,125390.56,27313.94,746,131.47000122070312,0.61
2006-09-25,126144.01,27313.94,746,132.47999572753906,0.02
2006-09-26,126964.62,27313.94,746,133.5800018310547,0
2006-09-27,127083.98,27313.94,746,133.74000549316406,0
2006-09-28,127046.68,27313.94,746,133.69000244140625,0.03
2006-09-29,126964.62,27313.94,746,133.5800018310547,0.09
2006-10-02,126591.62,27313.94,746,133.0800018310547,0.39
2006-10-03,126800.5,27313.94,746,133.36000061035156,0.22
2006-10-04,127964.26,27313.94,746,134.9199981689453,0
2006-10-05,128158.21,27313.94,746,135.17999267578125,0
2006-10-06,128031.39,27313.94,746,135.00999450683594,0.1
2006-10-09,128091.07,27313.94,746,135.08999633789062,0.05
2006-10-10,128225.36,27313.94,746,135.27000427246094,0
2006-10-11,128106,27313.94,746,135.11000061035156,0.09
2006-10-12,128978.82,27313.94,746,136.27999877929688,0
2006-10-13,129239.92,27313.94,746,136.6300048828125,0
2006-10-16,129396.57,27313.94,746,136.83999633789062,0
2006-10-17,129075.8,27313.94,746,136.41000366210938,0.25
2006-10-18,129210.07,27313.94,746,136.58999633789062,0.14
2006-10-19,129374.2,27313.94,746,136.80999755859375,0.02
2006-10-20,129396.57,27313.94,746,136.83999633789062,0
2006-10-23,129866.56,27313.94,746,137.47000122070312,0
2006-10-24,130172.42,27313.94,746,137.8800048828125,0
2006-10-25,130523.04,27313.94,746,138.35000610351562,0
2006-10-26,130843.82,27313.94,746,138.77999877929688,0
2006-10-27,130194.8,27313.94,746,137.91000366210938,0.5
2006-10-30,130120.2,27313.94,746,137.80999755859375,0.55
2006-10-31,130105.27,27313.94,746,137.7899932861328,0.56
2006-11-01,129411.5,27313.94,746,136.86000061035156,1.09
2006-11-02,129351.82,27313.94,746,136.77999877929688,1.14
2006-11-03,129172.77,27313.94,746,136.5399932861328,1.28
2006-11-06,130321.62,27313.94,746,138.0800018310547,0.4
2006-11-07,130717,27313.94,746,138.61000061035156,0.1
2006-11-08,130940.8,27313.94,746,138.91000366210938,0
2006-11-09,130396.21,27313.94,746,138.17999267578125,0.42
2006-11-10,130440.98,27313.94,746,138.24000549316406,0.38
2006-11-13,130694.62,27313.94,746,138.5800018310547,0.19
2006-11-14,131470.45,27313.94,746,139.6199951171875,0
2006-11-15,131768.86,27313.94,746,140.02000427246094,0
2006-11-16,132037.42,27313.94,746,140.3800048828125,0
2006-11-17,132067.26,27313.94,746,140.4199981689453,0
2006-11-20,132126.94,27313.94,746,140.5,0
2006-11-21,132231.38,27313.94,746,140.63999938964844,0
2006-11-22,132440.26,27313.94,746,140.9199981689453,0
2006-11-24,132015.04,27313.94,746,140.35000610351562,0.32
2006-11-27,130575.26,27313.94,746,138.4199981689453,1.41
2006-11-28,131022.86,27313.94,746,139.02000427246094,1.07
2006-11-29,132104.56,27313.94,746,140.47000122070312,0.25
2006-11-30,132149.32,27313.94,746,140.52999877929688,0.22
2006-12-01,131918.06,27313.94,746,140.22000122070312,0.39
2006-12-04,132716.27,27313.94,746,141.2899932861328,0
2006-12-05,133171.33,27313.94,746,141.89999389648438,0
2006-12-06,133081.82,27313.94,746,141.77999877929688,0.07
2006-12-07,132619.3,27313.94,746,141.16000366210938,0.41
2006-12-08,132813.26,27313.94,746,141.4199981689453,0.27
2006-12-11,133119.12,27313.94,746,141.8300018310547,0.04
2006-12-12,133037.06,27313.94,746,141.72000122070312,0.1
2006-12-13,133148.95,27313.94,746,141.8699951171875,0.02
2006-12-14,134081.45,27313.94,746,143.1199951171875,0
2006-12-15,134091.15,27905.52,746,142.33999633789062,0
2006-12-18,133800.22,27905.52,746,141.9499969482422,0.22
2006-12-19,134001.64,27905.52,746,142.22000122070312,0.07
2006-12-20,133941.96,27905.52,746,142.13999938964844,0.11
2006-12-21,133554.03,27905.52,746,141.6199951171875,0.4
2006-12-22,132905.02,27905.52,746,140.75,0.88
2006-12-26,133524.2,27905.52,746,141.5800018310547,0.42
2006-12-27,134217.97,27905.52,746,142.50999450683594,0
2006-12-28,133994.18,27905.52,746,142.2100067138672,0.17
2006-12-29,133554.03,27905.52,746,141.6199951171875,0.49
2007-01-03,133367.53,27905.52,746,141.3699951171875,0.63
2007-01-04,133591.34,27905.52,746,141.6699981689453,0.47
2007-01-05,132748.35,27905.52,746,140.5399932861328,1.09
2007-01-08,133233.26,27905.52,746,141.19000244140625,0.73
2007-01-09,133143.74,27905.52,746,141.07000732421875,0.8
2007-01-10,133494.35,27905.52,746,141.5399932861328,0.54
2007-01-11,133956.88,27905.52,746,142.16000366210938,0.19
2007-01-12,134762.56,27905.52,746,143.24000549316406,0
2007-01-16,134553.68,27905.52,746,142.9600067138672,0.15
2007-01-17,134598.44,27905.52,746,143.02000427246094,0.12
2007-01-18,134240.35,27905.52,746,142.5399932861328,0.39
2007-01-19,134449.24,27905.52,746,142.82000732421875,0.23
2007-01-22,134121,27905.52,746,142.3800048828125,0.48
2007-01-23,134434.32,27905.52,746,142.8000030517578,0.24
2007-01-24,135292.22,27905.52,746,143.9499969482422,0
2007-01-25,134031.47,27905.52,746,142.25999450683594,0.93
2007-01-26,133934.5,27905.52,746,142.1300048828125,1
2007-01-29,133874.82,27905.52,746,142.0500030517578,1.05
2007-01-30,134426.85,27905.52,746,142.7899932861328,0.64
2007-01-31,135143.02,27905.52,746,143.75,0.11
2007-02-01,135784.58,27905.52,746,144.61000061035156,0
2007-02-02,135933.78,27905.52,746,144.80999755859375,0
2007-02-05,135963.62,27905.52,746,144.85000610351562,0
2007-02-06,135993.46,27905.52,746,144.88999938964844,0
2007-02-07,136232.18,27905.52,746,145.2100067138672,0
2007-02-08,136090.44,27905.52,746,145.02000427246094,0.1
2007-02-09,135284.76,27905.52,746,143.94000244140625,0.7
2007-02-12,134919.22,27905.52,746,143.4499969482422,0.96
2007-02-13,135821.88,27905.52,746,144.66000366210938,0.3
2007-02-14,136530.58,27905.52,746,145.61000061035156,0
2007-02-15,136672.32,27905.52,746,145.8000030517578,0
2007-02-16,136620.09,27905.52,746,145.72999572753906,0.04
2007-02-20,136851.35,27905.52,746,146.0399932861328,0
2007-02-21,136806.59,27905.52,746,145.97999572753906,0.03
2007-02-22,136724.53,27905.52,746,145.8699951171875,0.09
2007-02-23,136299.32,27905.52,746,145.3000030517578,0.4
2007-02-26,136202.34,27905.52,746,145.1699981689453,0.47
2007-02-27,131972.52,27905.52,746,139.5,3.57
2007-02-28,133039.29,27905.52,746,140.92999267578125,2.79
2007-03-01,132725.97,27905.52,746,140.50999450683594,3.01
2007-03-02,131353.34,27905.52,746,138.6699981689453,4.02
2007-03-05,130368.62,27905.52,746,137.35000610351562,4.74
2007-03-06,132121.72,27905.52,746,139.6999969482422,3.46
2007-03-07,132017.28,27905.52,746,139.55999755859375,3.53
2007-03-08,132897.56,27905.52,746,140.74000549316406,2.89
2007-03-09,132927.4,27905.52,746,140.77999877929688,2.87
2007-03-12,133084.06,27905.52,746,140.99000549316406,2.75
2007-03-13,131040.02,27905.52,746,138.25,4.25
2007-03-14,131808.4,27905.52,746,139.27999877929688,3.68
2007-03-15,131950.14,27905.52,746,139.47000122070312,3.58
2007-03-16,131659.95,28316.57,746,138.52999877929688,3.79
2007-03-19,132905.77,28316.57,746,140.1999969482422,2.88
2007-03-20,133480.19,28316.57,746,140.97000122070312,2.46
2007-03-21,135210.9,28316.57,746,143.2899932861328,1.2
2007-03-22,135128.84,28316.57,746,143.17999267578125,1.26
2007-03-23,135285.51,28316.57,746,143.38999938964844,1.14
2007-03-26,135143.77,28316.57,746,143.1999969482422,1.25
2007-03-27,134890.13,28316.57,746,142.86000061035156,1.43
2007-03-28,134114.29,28316.57,746,141.82000732421875,2
2007-03-29,134226.19,28316.57,746,141.97000122070312,1.92
2007-03-30,134248.57,28316.57,746,142,1.9
2007-04-02,134367.93,28316.57,746,142.16000366210938,1.81
2007-04-03,135509.31,28316.57,746,143.69000244140625,0.98
2007-04-04,135628.67,28316.57,746,143.85000610351562,0.89
2007-04-05,135919.61,28316.57,746,144.24000549316406,0.68
2007-04-09,136068.81,28316.57,746,144.44000244140625,0.57
2007-04-10,136195.63,28316.57,746,144.61000061035156,0.48
2007-04-11,135755.49,28316.57,746,144.02000427246094,0.8
2007-04-12,136232.93,28316.57,746,144.66000366210938,0.45
2007-04-13,136725.29,28316.57,746,145.32000732421875,0.09
2007-04-16,137754.77,28316.57,746,146.6999969482422,0
2007-04-17,138045.7,28316.57,746,147.08999633789062,0
2007-04-18,138179.99,28316.57,746,147.27000427246094,0
2007-04-19,138150.14,28316.57,746,147.22999572753906,0.02
2007-04-20,139187.08,28316.57,746,148.6199951171875,0
2007-04-23,138769.33,28316.57,746,148.05999755859375,0.3
2007-04-24,138814.08,28316.57,746,148.1199951171875,0.27
2007-04-25,139828.64,28316.57,746,149.47999572753906,0
2007-04-26,139955.46,28316.57,746,149.64999389648438,0
2007-04-27,139865.95,28316.57,746,149.52999877929688,0.06
2007-04-30,138940.9,28316.57,746,148.2899932861328,0.72
2007-05-01,139224.39,28316.57,746,148.6699981689453,0.52
2007-05-02,139873.4,28316.57,746,149.5399932861328,0.06
2007-05-03,140477.67,28316.57,746,150.35000610351562,0
2007-05-04,140902.89,28316.57,746,150.9199981689453,0
2007-05-07,140925.27,28316.57,746,150.9499969482422,0
2007-05-08,140776.07,28316.57,746,150.75,0.11
2007-05-09,141081.93,28316.57,746,151.16000366210938,0
2007-05-10,139903.25,28316.57,746,149.5800018310547,0.84
2007-05-11,140858.13,28316.57,746,150.86000061035156,0.16
2007-05-14,140611.95,28316.57,746,150.52999877929688,0.33
2007-05-15,140641.79,28316.57,746,150.57000732421875,0.31
2007-05-16,141410.17,28316.57,746,151.60000610351562,0
2007-05-17,141186.37,28316.57,746,151.3000030517578,0.16
2007-05-18,142171.08,28316.57,746,152.6199951171875,0
2007-05-21,142111.4,28316.57,746,152.5399932861328,0.04
2007-05-22,142021.89,28316.57,746,152.4199981689453,0.1
2007-05-23,142036.81,28316.57,746,152.44000244140625,0.09
2007-05-24,141007.33,28316.57,746,151.05999755859375,0.82
2007-05-25,141477.31,28316.57,746,151.69000244140625,0.49
2007-05-29,141887.61,28316.57,746,152.24000549316406,0.2
2007-05-30,142812.64,28316.57,746,153.47999572753906,0
2007-05-31,142693.29,28316.57,746,153.32000732421875,0.08
2007-06-01,143260.25,28316.57,746,154.0800018310547,0
2007-06-04,143275.17,28316.57,746,154.10000610351562,0
2007-06-05,142820.11,28316.57,746,153.49000549316406,0.32
2007-06-06,141589.2,28316.57,746,151.83999633789062,1.18
2007-06-07,139545.17,28316.57,746,149.10000610351562,2.6
2007-06-08,140992.4,28316.57,746,151.0399932861328,1.59
2007-06-11,141186.37,28316.57,746,151.3000030517578,1.46
2007-06-12,139955.46,28316.57,746,149.64999389648438,2.32
2007-06-13,141626.51,28316.57,746,151.88999938964844,1.15
2007-06-14,142350.13,28316.57,746,152.86000061035156,0.65
2007-06-15,142996.17,28805.95,746,153.07000732421875,0.19
2007-06-18,142861.89,28805.95,746,152.88999938964844,0.29
2007-06-19,143145.37,28805.95,746,153.27000427246094,0.09
2007-06-20,141556.39,28805.95,746,151.13999938964844,1.2
2007-06-21,142183.02,28805.95,746,151.97999572753906,0.76
2007-06-22,141116.25,28805.95,746,150.5500030517578,1.51
2007-06-25,140579.13,28805.95,746,149.8300018310547,1.88
2007-06-26,139430.28,28805.95,746,148.2899932861328,2.68
2007-06-27,141004.34,28805.95,746,150.39999389648438,1.58
2007-06-28,140989.43,28805.95,746,150.3800048828125,1.6
2007-06-29,141026.72,28805.95,746,150.42999267578125,1.57
2007-07-02,142041.28,28805.95,746,151.7899932861328,0.86
2007-07-03,142451.58,28805.95,746,152.33999633789062,0.57
2007-07-05,142332.22,28805.95,746,152.17999267578125,0.66
2007-07-06,142929.02,28805.95,746,152.97999572753906,0.24
2007-07-09,143018.55,28805.95,746,153.10000610351562,0.18
2007-07-10,141392.27,28805.95,746,150.9199981689453,1.31
2007-07-11,142190.49,28805.95,746,151.99000549316406,0.76
2007-07-12,143980.89,28805.95,746,154.38999938964844,0
2007-07-13,144324.05,28805.95,746,154.85000610351562,0
2007-07-16,144309.13,28805.95,746,154.8300018310547,0.01
2007-07-17,144249.45,28805.95,746,154.75,0.05
2007-07-18,144040.57,28805.95,746,154.47000122070312,0.2
2007-07-19,144488.17,28805.95,746,155.07000732421875,0
2007-07-20,143316.95,28805.95,746,153.5,0.81
2007-07-23,143667.57,28805.95,746,153.97000122070312,0.57
2007-07-24,141675.75,28805.95,746,151.3000030517578,1.95
2007-07-25,141907.01,28805.95,746,151.61000061035156,1.79
2007-07-26,139228.87,28805.95,746,148.02000427246094,3.64
2007-07-27,137058.01,28805.95,746,145.11000061035156,5.14
2007-07-30,138751.43,28805.95,746,147.3800048828125,3.97
2007-07-31,137513.07,28805.95,746,145.72000122070312,4.83
2007-08-01,138042.72,28805.95,746,146.42999267578125,4.46
2007-08-02,138915.55,28805.95,746,147.60000610351562,3.86
2007-08-03,136080.75,28805.95,746,143.8000030517578,5.82
2007-08-06,137878.61,28805.95,746,146.2100067138672,4.57
2007-08-07,139042.37,28805.95,746,147.77000427246094,3.77
2007-08-08,140579.13,28805.95,746,149.8300018310547,2.71
2007-08-09,137266.89,28805.95,746,145.38999938964844,5
2007-08-10,136759.61,28805.95,746,144.7100067138672,5.35
2007-08-13,137147.52,28805.95,746,145.22999572753906,5.08
2007-08-14,135491.4,28805.95,746,143.00999450683594,6.23
2007-08-15,134021.78,28805.95,746,141.0399932861328,7.24
2007-08-16,134812.55,28805.95,746,142.10000610351562,6.7
2007-08-17,136759.61,28805.95,746,144.7100067138672,5.35
2007-08-20,136707.39,28805.95,746,144.63999938964844,5.39
2007-08-21,136923.72,28805.95,746,144.92999267578125,5.24
2007-08-22,138206.84,28805.95,746,146.64999389648438,4.35
2007-08-23,138109.87,28805.95,746,146.52000427246094,4.41
2007-08-24,139460.13,28805.95,746,148.3300018310547,3.48
2007-08-27,138430.65,28805.95,746,146.9499969482422,4.19
2007-08-28,136021.07,28805.95,746,143.72000122070312,5.86
2007-08-29,138124.78,28805.95,746,146.5399932861328,4.4
2007-08-30,137833.84,28805.95,746,146.14999389648438,4.61
2007-08-31,138908.08,28805.95,746,147.58999633789062,3.86
2007-09-04,140019.63,28805.95,746,149.0800018310547,3.09
2007-09-05,139057.28,28805.95,746,147.7899932861328,3.76
2007-09-06,139310.93,28805.95,746,148.1300048828125,3.58
2007-09-07,137774.17,28805.95,746,146.07000732421875,4.65
2007-09-10,137565.28,28805.95,746,145.7899932861328,4.79
2007-09-11,138833.49,28805.95,746,147.49000549316406,3.91
2007-09-12,139116.96,28805.95,746,147.8699951171875,3.72
2007-09-13,139892.81,28805.95,746,148.91000366210938,3.18
2007-09-14,139885.34,28805.95,746,148.89999389648438,3.19
2007-09-17,139288.55,28805.95,746,148.10000610351562,3.6
2007-09-18,142541.11,28805.95,746,152.4600067138672,1.35
2007-09-19,143212.51,28805.95,746,153.36000061035156,0.88
2007-09-20,142406.83,28805.95,746,152.27999877929688,1.44
2007-09-21,142711.94,29342.32,746,151.97000122070312,1.23
2007-09-24,142503.06,29342.32,746,151.69000244140625,1.37
2007-09-25,142279.26,29342.32,746,151.38999938964844,1.53
2007-09-26,142876.06,29342.32,746,152.19000244140625,1.12
2007-09-27,143547.45,29342.32,746,153.08999633789062,0.65
2007-09-28,143167,29342.32,746,152.5800018310547,0.91
2007-10-01,144450.12,29342.32,746,154.3000030517578,0.03
2007-10-02,144293.45,29342.32,746,154.08999633789062,0.13
2007-10-03,144062.2,29342.32,746,153.77999877929688,0.29
2007-10-04,144241.24,29342.32,746,154.02000427246094,0.17
2007-10-05,145606.42,29342.32,746,155.85000610351562,0
2007-10-08,144987.24,29342.32,746,155.02000427246094,0.43
2007-10-09,146076.39,29342.32,746,156.47999572753906,0
2007-10-10,145882.44,29342.32,746,156.22000122070312,0.13
2007-10-11,145322.94,29342.32,746,155.47000122070312,0.52
2007-10-12,145964.5,29342.32,746,156.3300018310547,0.08
2007-10-15,144979.77,29342.32,746,155.00999450683594,0.75
2007-10-16,144062.2,29342.32,746,153.77999877929688,1.38
2007-10-17,144412.82,29342.32,746,154.25,1.14
2007-10-18,143995.06,29342.32,746,153.69000244140625,1.42
2007-10-19,140996.14,29342.32,746,149.6699981689453,3.48
2007-10-22,141645.15,29342.32,746,150.5399932861328,3.03
2007-10-23,142555.27,29342.32,746,151.75999450683594,2.41
2007-10-24,142346.39,29342.32,746,151.47999572753906,2.55
2007-10-25,142614.95,29342.32,746,151.83999633789062,2.37
2007-10-26,143942.83,29342.32,746,153.6199951171875,1.46
2007-10-29,144323.3,29342.32,746,154.1300048828125,1.2
2007-10-30,143525.08,29342.32,746,153.05999755859375,1.75
2007-10-31,144711.21,29342.32,746,154.64999389648438,0.93
2007-11-01,142010.7,29342.32,746,151.02999877929688,2.78
2007-11-02,142137.52,29342.32,746,151.1999969482422,2.7
2007-11-05,141279.62,29342.32,746,150.0500030517578,3.28
2007-11-06,142786.54,29342.32,746,152.07000732421875,2.25
2007-11-07,139683.18,29342.32,746,147.91000366210938,4.38
2007-11-08,139123.68,29342.32,746,147.16000366210938,4.76
2007-11-09,137616.76,29342.32,746,145.13999938964844,5.79
2007-11-12,136542.52,29342.32,746,143.6999969482422,6.53
2007-11-13,139810,29342.32,746,148.0800018310547,4.29
2007-11-14,139504.14,29342.32,746,147.6699981689453,4.5
2007-11-15,137915.15,29342.32,746,145.5399932861328,5.59
2007-11-16,138101.65,29342.32,746,145.7899932861328,5.46
2007-11-19,136587.27,29342.32,746,143.75999450683594,6.5
2007-11-20,137243.76,29342.32,746,144.63999938964844,6.05
2007-11-21,135035.59,29342.32,746,141.67999267578125,7.56
2007-11-23,136863.3,29342.32,746,144.1300048828125,6.31
2007-11-26,134491.02,29342.32,746,140.9499969482422,7.93
2007-11-27,135699.54,29342.32,746,142.57000732421875,7.1
2007-11-28,139101.3,29342.32,746,147.1300048828125,4.77
2007-11-29,139138.59,29342.32,746,147.17999267578125,4.75
2007-11-30,140242.68,29342.32,746,148.66000366210938,3.99
2007-12-03,139511.59,29342.32,746,147.67999267578125,4.49
2007-12-04,138526.88,29342.32,746,146.36000061035156,5.17
2007-12-05,140354.58,29342.32,746,148.80999755859375,3.92
2007-12-06,141943.56,29342.32,746,150.94000244140625,2.83
2007-12-07,141921.18,29342.32,746,150.91000366210938,2.84
2007-12-10,142794,29342.32,746,152.0800018310547,2.25
2007-12-11,139683.18,29342.32,746,147.91000366210938,4.38
2007-12-12,140772.33,29342.32,746,149.3699951171875,3.63
2007-12-13,140541.08,29342.32,746,149.05999755859375,3.79
2007-12-14,139131.14,29342.32,746,147.1699981689453,4.75
2007-12-17,137564.54,29342.32,746,145.07000732421875,5.83
2007-12-18,138168.8,29342.32,746,145.8800048828125,5.41
2007-12-19,138168.8,29342.32,746,145.8800048828125,5.41
2007-12-20,138855.12,29342.32,746,146.8000030517578,4.94
2007-12-21,140425.45,29920.47,746,148.1300048828125,3.87
2007-12-24,141246.04,29920.47,746,149.22999572753906,3.31
2007-12-26,141484.77,29920.47,746,149.5500030517578,3.14
2007-12-27,140082.29,29920.47,746,147.6699981689453,4.1
2007-12-28,139806.27,29920.47,746,147.3000030517578,4.29
2007-12-31,138993.13,29920.47,746,146.2100067138672,4.85
2008-01-02,138038.24,29920.47,746,144.92999267578125,5.5
2008-01-03,137986.03,29920.47,746,144.86000061035156,5.54
2008-01-04,135337.73,29920.47,746,141.30999755859375,7.35
2008-01-07,135248.21,29920.47,746,141.19000244140625,7.41
2008-01-08,133547.33,29920.47,746,138.91000366210938,8.58
2008-01-09,134726.38,20044.09,817,140.3699951171875,7.77
2008-01-10,135478.01,20044.09,817,141.2899932861328,7.26
2008-01-11,134546.64,20044.09,817,140.14999389648438,7.89
2008-01-14,135469.85,20044.09,817,141.27999877929688,7.26
2008-01-15,132928.98,20044.09,817,138.1699981689453,9
2008-01-16,131956.75,20044.09,817,136.97999572753906,9.67
2008-01-17,129056.39,20044.09,817,133.42999267578125,11.65
2008-01-18,127937.11,20044.09,817,132.05999755859375,12.42
2008-01-22,126842.33,20044.09,817,130.72000122070312,13.17
2008-01-23,129407.71,20044.09,817,133.86000061035156,11.41
2008-01-24,130330.92,20044.09,817,134.99000549316406,10.78
2008-01-25,128737.76,20044.09,817,133.0399932861328,11.87
2008-01-28,130535.17,20044.09,817,135.24000549316406,10.64
2008-01-29,131082.56,20044.09,817,135.91000366210938,10.26
2008-01-30,130265.56,20044.09,817,134.91000366210938,10.82
2008-01-31,132275.38,20044.09,817,137.3699951171875,9.45
2008-02-01,134080.95,20044.09,817,139.5800018310547,8.21
2008-02-04,132643.04,20044.09,817,137.82000732421875,9.2
2008-02-05,129628.3,20044.09,817,134.1300048828125,11.26
2008-02-06,128745.94,20044.09,817,133.0500030517578,11.86
2008-02-07,129464.89,20044.09,817,133.92999267578125,11.37
2008-02-08,128762.29,20044.09,817,133.07000732421875,11.85
2008-02-11,129317.84,20044.09,817,133.75,11.47
2008-02-12,130330.92,20044.09,817,134.99000549316406,10.78
2008-02-13,131458.38,20044.09,817,136.3699951171875,10.01
2008-02-14,130477.98,20044.09,817,135.1699981689453,10.68
2008-02-15,130453.47,20044.09,817,135.13999938964844,10.7
2008-02-19,130763.93,20044.09,817,135.52000427246094,10.48
2008-02-20,131090.73,20044.09,817,135.9199981689453,10.26
2008-02-21,130167.51,20044.09,817,134.7899932861328,10.89
2008-02-22,130845.63,20044.09,817,135.6199951171875,10.43
2008-02-25,132242.7,20044.09,817,137.3300018310547,9.47
2008-02-26,133084.21,20044.09,817,138.36000061035156,8.89
2008-02-27,132969.83,20044.09,817,138.22000122070312,8.97
2008-02-28,131866.88,20044.09,817,136.8699951171875,9.73
2008-02-29,129375.04,20044.09,817,133.82000732421875,11.43
2008-03-03,129113.59,20044.09,817,133.5,11.61
2008-03-04,128696.92,20044.09,817,132.99000549316406,11.9
2008-03-05,129383.2,20044.09,817,133.8300018310547,11.43
2008-03-06,127120.11,20044.09,817,131.05999755859375,12.98
2008-03-07,126017.17,20044.09,817,129.7100067138672,13.73
2008-03-10,124620.09,20044.09,817,128,14.69
2008-03-11,128378.3,20044.09,817,132.60000610351562,12.12
2008-03-12,127365.21,20044.09,817,131.36000061035156,12.81
2008-03-13,127602.14,20044.09,817,131.64999389648438,12.65
2008-03-14,125935.46,20044.09,817,129.61000061035156,13.79
2008-03-17,124865.19,20044.09,817,128.3000030517578,14.52
2008-03-18,129219.8,20044.09,817,133.6300048828125,11.54
2008-03-19,126515.54,20044.09,817,130.32000732421875,13.39
2008-03-20,128477.96,20568.6,817,132.0800018310547,12.05
2008-03-24,130634.84,20568.6,817,134.72000122070312,10.57
2008-03-25,130741.06,20568.6,817,134.85000610351562,10.5
2008-03-26,129393,20568.6,817,133.1999969482422,11.42
2008-03-27,129049.86,20568.6,817,132.77999877929688,11.66
2008-03-28,128012.27,20568.6,817,131.50999450683594,12.37
2008-03-31,128388.09,20568.6,817,131.97000122070312,12.11
2008-04-01,132178.97,20568.6,817,136.61000061035156,9.51
2008-04-02,132252.5,20568.6,817,136.6999969482422,9.46
2008-04-03,132530.27,20568.6,817,137.0399932861328,9.27
2008-04-04,132407.73,20568.6,817,136.88999938964844,9.36
2008-04-07,132464.93,20568.6,817,136.9600067138672,9.32
2008-04-08,132350.55,20568.6,817,136.82000732421875,9.4
2008-04-09,131541.71,20568.6,817,135.8300018310547,9.95
2008-04-10,131696.94,20568.6,817,136.02000427246094,9.84
2008-04-11,129540.06,20568.6,817,133.3800048828125,11.32
2008-04-14,129172.4,20568.6,817,132.92999267578125,11.57
2008-04-15,129425.68,20568.6,817,133.24000549316406,11.4
2008-04-16,132375.06,20568.6,817,136.85000610351562,9.38
2008-04-17,132538.45,20568.6,817,137.0500030517578,9.27
2008-04-18,133706.76,20568.6,817,138.47999572753906,8.47
2008-04-21,133763.95,20568.6,817,138.5500030517578,8.43
2008-04-22,133265.58,20568.6,817,137.94000244140625,8.77
2008-04-23,133085.84,20568.6,817,137.72000122070312,8.89
2008-04-24,133576.05,20568.6,817,138.32000732421875,8.56
2008-04-25,134621.81,20568.6,817,139.60000610351562,7.84
2008-04-28,134646.31,20568.6,817,139.6300048828125,7.82
2008-04-29,134196.96,20568.6,817,139.0800018310547,8.13
2008-04-30,133527.02,20568.6,817,138.25999450683594,8.59
2008-05-01,135863.64,20568.6,817,141.1199951171875,6.99
2008-05-02,136182.27,20568.6,817,141.50999450683594,6.77
2008-05-05,135626.71,20568.6,817,140.8300018310547,7.15
2008-05-06,136623.45,20568.6,817,142.0500030517578,6.47
2008-05-07,134556.44,20568.6,817,139.52000427246094,7.89
2008-05-08,134262.32,20568.6,817,139.16000366210938,8.09
2008-05-09,134049.9,20568.6,817,138.89999389648438,8.23
2008-05-12,135324.43,20568.6,817,140.4600067138672,7.36
2008-05-13,135340.76,20568.6,817,140.47999572753906,7.35
2008-05-14,135577.69,20568.6,817,140.77000427246094,7.19
2008-05-15,137015.61,20568.6,817,142.52999877929688,6.2
2008-05-16,137121.82,20568.6,817,142.66000366210938,6.13
2008-05-19,137440.45,20568.6,817,143.0500030517578,5.91
2008-05-20,136492.73,20568.6,817,141.88999938964844,6.56
2008-05-21,134531.93,20568.6,817,139.49000549316406,7.9
2008-05-22,134548.27,20568.6,817,139.50999450683594,7.89
2008-05-23,133020.48,20568.6,817,137.63999938964844,8.94
2008-05-27,133853.82,20568.6,817,138.66000366210938,8.37
2008-05-28,134376.7,20568.6,817,139.3000030517578,8.01
2008-05-29,134948.6,20568.6,817,140,7.62
2008-05-30,135234.56,20568.6,817,140.35000610351562,7.42
2008-06-02,134049.9,20568.6,817,138.89999389648438,8.23
2008-06-03,133388.13,20568.6,817,138.08999633789062,8.69
2008-06-04,133330.94,20568.6,817,138.02000427246094,8.73
2008-06-05,135585.86,20568.6,817,140.77999877929688,7.18
2008-06-06,131917.52,20568.6,817,136.2899932861328,9.69
2008-06-09,132187.14,20568.6,817,136.6199951171875,9.51
2008-06-10,131631.58,20568.6,817,135.94000244140625,9.89
2008-06-11,129997.58,20568.6,817,133.94000244140625,11.01
2008-06-12,130414.25,20568.6,817,134.4499969482422,10.72
2008-06-13,131803.15,20568.6,817,136.14999389648438,9.77
2008-06-16,131868.51,20568.6,817,136.22999572753906,9.73
2008-06-17,131329.3,20568.6,817,135.57000732421875,10.1
2008-06-18,130250.85,20568.6,817,134.25,10.83
2008-06-19,130389.74,20568.6,817,134.4199981689453,10.74
2008-06-20,128616.03,21115.17,817,131.5800018310547,11.95
2008-06-23,128509.82,21115.17,817,131.4499969482422,12.03
2008-06-24,128297.4,21115.17,817,131.19000244140625,12.17
2008-06-25,128803.94,21115.17,817,131.80999755859375,11.82
2008-06-26,125879.08,21115.17,817,128.22999572753906,13.83
2008-06-27,125307.18,21115.17,817,127.52999877929688,14.22
2008-06-30,125674.83,21115.17,817,127.9800033569336,13.97
2008-07-01,126001.63,21115.17,817,128.3800048828125,13.74
2008-07-02,124204.23,21115.17,817,126.18000030517578,14.97
2008-07-03,124310.44,21115.17,817,126.30999755859375,14.9
2008-07-07,123256.51,21115.17,817,125.0199966430664,15.62
2008-07-08,125247.01,11239.97,896,127.23999786376953,14.26
2008-07-09,123051.81,11239.97,896,124.79000091552734,15.76
2008-07-10,123508.78,11239.97,896,125.30000305175781,15.45
2008-07-11,122200.61,11239.97,896,123.83999633789062,16.34
2008-07-14,121197.09,11239.97,896,122.72000122070312,17.03
2008-07-15,119647.01,11239.97,896,120.98999786376953,18.09
2008-07-16,122308.13,11239.97,896,123.95999908447266,16.27
2008-07-17,123419.17,11239.97,896,125.19999694824219,15.51
2008-07-18,124118.06,11239.97,896,125.9800033569336,15.03
2008-07-21,124180.78,11239.97,896,126.05000305175781,14.99
2008-07-22,125462.06,11239.97,896,127.4800033569336,14.11
2008-07-23,126080.29,11239.97,896,128.1699981689453,13.69
2008-07-24,123696.93,11239.97,896,125.51000213623047,15.32
2008-07-25,123670.06,11239.97,896,125.4800033569336,15.34
2008-07-28,122021.41,11239.97,896,123.63999938964844,16.47
2008-07-29,124386.85,11239.97,896,126.27999877929688,14.85
2008-07-30,126402.85,11239.97,896,128.52999877929688,13.47
2008-07-31,124879.65,11239.97,896,126.83000183105469,14.51
2008-08-01,124279.34,11239.97,896,126.16000366210938,14.92
2008-08-04,123231.01,11239.97,896,124.98999786376953,15.64
2008-08-05,126250.53,11239.97,896,128.36000061035156,13.57
2008-08-06,126761.25,11239.97,896,128.92999267578125,13.22
2008-08-07,125040.93,11239.97,896,127.01000213623047,14.4
2008-08-08,127155.49,11239.97,896,129.3699951171875,12.95
2008-08-11,128356.14,11239.97,896,130.7100067138672,12.13
2008-08-12,127137.58,11239.97,896,129.35000610351562,12.97
2008-08-13,126438.7,11239.97,896,128.57000732421875,13.44
2008-08-14,127307.81,11239.97,896,129.5399932861328,12.85
2008-08-15,127872.29,11239.97,896,130.1699981689453,12.46
2008-08-18,126277.41,11239.97,896,128.38999938964844,13.55
2008-08-19,125023.01,11239.97,896,126.98999786376953,14.41
2008-08-20,125551.65,11239.97,896,127.58000183105469,14.05
2008-08-21,125748.78,11239.97,896,127.80000305175781,13.92
2008-08-22,127406.37,11239.97,896,129.64999389648438,12.78
2008-08-25,125049.89,11239.97,896,127.0199966430664,14.39
2008-08-26,125381.41,11239.97,896,127.38999938964844,14.17
2008-08-27,126492.46,11239.97,896,128.6300048828125,13.41
2008-08-28,127890.21,11239.97,896,130.19000244140625,12.45
2008-08-29,126635.81,11239.97,896,128.7899932861328,13.31
2008-09-02,125919.01,11239.97,896,127.98999786376953,13.8
2008-09-03,125820.45,11239.97,896,127.87999725341797,13.87
2008-09-04,122370.85,11239.97,896,124.02999877929688,16.23
2008-09-05,122720.29,11239.97,896,124.41999816894531,15.99
2008-09-08,125023.01,11239.97,896,126.98999786376953,14.41
2008-09-09,121645.09,11239.97,896,123.22000122070312,16.73
2008-09-10,122093.09,11239.97,896,123.72000122070312,16.42
2008-09-11,123696.93,11239.97,896,125.51000213623047,15.32
2008-09-12,124216.61,11239.97,896,126.08999633789062,14.96
2008-09-15,118840.61,11239.97,896,120.08999633789062,18.64
2008-09-16,120641.57,11239.97,896,122.0999984741211,17.41
2008-09-17,115722.53,11239.97,896,116.61000061035156,20.78
2008-09-18,118822.69,11239.97,896,120.06999969482422,18.66
2008-09-19,123070.64,11859.11,896,124.12000274658203,15.75
2008-09-22,120552.87,11859.11,896,121.30999755859375,17.47
2008-09-23,118079.92,11859.11,896,118.55000305175781,19.17
2008-09-24,118420.39,11859.11,896,118.93000030517578,18.93
2008-09-25,120086.95,11859.11,896,120.79000091552734,17.79
2008-09-26,120140.71,11859.11,896,120.8499984741211,17.75
2008-09-29,111655.59,11859.11,896,111.37999725341797,23.56
2008-09-30,115786.15,11859.11,896,115.98999786376953,20.74
2008-10-01,115848.87,11859.11,896,116.05999755859375,20.69
2008-10-02,112076.71,11859.11,896,111.8499984741211,23.28
2008-10-03,110723.75,11859.11,896,110.33999633789062,24.2
2008-10-06,105688.23,11859.11,896,104.72000122070312,27.65
2008-10-07,100851.67,1922,989,100.02999877929688,30.96
2008-10-08,98359.39,1922,989,97.51000213623047,32.67
2008-10-09,91624.3,1922,989,90.69999694824219,37.28
2008-10-10,89486.59,13.09,1011,88.5,38.74
2008-10-13,102477.94,13.09,1011,101.3499984741211,29.85
2008-10-14,100961.44,13.09,1011,99.8499984741211,30.88
2008-10-15,91023.31,13.09,1011,90.0199966430664,37.69
2008-10-16,94814.56,13.09,1011,93.7699966430664,35.09
2008-10-17,94248.4,13.09,1011,93.20999908447266,35.48
2008-10-20,99910,13.09,1011,98.80999755859375,31.6
2008-10-21,96927.55,13.09,1011,95.86000061035156,33.65
2008-10-22,91650.13,13.09,1011,90.63999938964844,37.26
2008-10-23,92711.68,13.09,1011,91.69000244140625,36.53
2008-10-24,88010.53,13.09,1011,87.04000091552734,39.75
2008-10-27,84886.54,13.09,1011,83.94999694824219,41.89
2008-10-28,94804.45,13.09,1011,93.76000213623047,35.1
2008-10-29,94116.97,13.09,1011,93.08000183105469,35.57
2008-10-30,97372.39,13.09,1011,96.30000305175781,33.34
2008-10-31,97908.22,13.09,1011,96.83000183105469,32.97
2008-11-03,98191.3,13.09,1011,97.11000061035156,32.78
2008-11-04,101527.6,13.09,1011,100.41000366210938,30.5
2008-11-05,97261.18,13.09,1011,96.19000244140625,33.42
2008-11-06,91872.55,13.09,1011,90.86000061035156,37.11
2008-11-07,94905.55,13.09,1011,93.86000061035156,35.03
2008-11-10,93662.02,13.09,1011,92.62999725341797,35.88
2008-11-11,90770.56,13.09,1011,89.7699966430664,37.86
2008-11-12,86777.11,13.09,1011,85.81999969482422,40.59
2008-11-13,92185.96,13.09,1011,91.16999816894531,36.89
2008-11-14,87585.91,13.09,1011,86.62000274658203,40.04
2008-11-17,86423.26,13.09,1011,85.47000122070312,40.84
2008-11-18,88050.97,13.09,1011,87.08000183105469,39.72
2008-11-19,82409.59,13.09,1011,81.5,43.58
2008-11-20,76293.04,13.09,1011,75.44999694824219,47.77
2008-11-21,80407.81,13.09,1011,79.5199966430664,44.95
2008-11-24,85978.42,13.09,1011,85.02999877929688,41.14
2008-11-25,86615.35,13.09,1011,85.66000366210938,40.71
2008-11-26,89961.76,13.09,1011,88.97000122070312,38.41
2008-11-28,91094.07,13.09,1011,90.08999633789062,37.64
2008-12-01,83026.3,13.09,1011,82.11000061035156,43.16
2008-12-02,86221.06,13.09,1011,85.2699966430664,40.98
2008-12-03,88293.61,13.09,1011,87.31999969482422,39.56
2008-12-04,86251.39,13.09,1011,85.30000305175781,40.95
2008-12-05,88910.32,13.09,1011,87.93000030517578,39.13
2008-12-08,92014.09,13.09,1011,91,37.01
2008-12-09,90497.59,13.09,1011,89.5,38.05
2008-12-10,91114.3,13.09,1011,90.11000061035156,37.63
2008-12-11,88920.43,13.09,1011,87.94000244140625,39.13
2008-12-12,89981.98,13.09,1011,88.98999786376953,38.4
2008-12-15,88728.34,13.09,1011,87.75,39.26
2008-12-16,92903.77,13.09,1011,91.87999725341797,36.4
2008-12-17,92003.98,13.09,1011,90.98999786376953,37.02
2008-12-18,90285.28,13.09,1011,89.29000091552734,38.19
2008-12-19,89900.09,740,1011,88.19000244140625,38.46
2008-12-22,88757.66,740,1011,87.05999755859375,39.24
2008-12-23,87847.76,740,1011,86.16000366210938,39.86
2008-12-24,88353.26,740,1011,86.66000366210938,39.52
2008-12-26,88858.76,740,1011,87.16000366210938,39.17
2008-12-29,88606.01,740,1011,86.91000366210938,39.34
2008-12-30,90688.67,740,1011,88.97000122070312,37.92
2008-12-31,91972.64,740,1011,90.23999786376953,37.04
2009-01-02,94722.56,740,1011,92.95999908447266,35.16
2009-01-05,94611.35,740,1011,92.8499984741211,35.23
2009-01-06,95238.17,740,1011,93.47000122070312,34.8
2009-01-07,92407.37,740,1011,90.66999816894531,36.74
2009-01-08,92781.44,740,1011,91.04000091552734,36.48
2009-01-09,90809.98,740,1011,89.08999633789062,37.83
2009-01-12,88646.45,740,1011,86.94999694824219,39.32
2009-01-13,88808.21,740,1011,87.11000061035156,39.2
2009-01-14,86038.07,740,1011,84.37000274658203,41.1
2009-01-15,86068.4,740,1011,84.4000015258789,41.08
2009-01-16,86735.66,740,1011,85.05999755859375,40.62
2009-01-20,82196.27,740,1011,80.56999969482422,43.73
2009-01-21,85714.55,740,1011,84.05000305175781,41.32
2009-01-22,84400.25,740,1011,82.75,42.22
2009-01-23,84764.21,740,1011,83.11000061035156,41.97
2009-01-26,85340.48,740,1011,83.68000030517578,41.58
2009-01-27,86199.83,740,1011,84.52999877929688,40.99
2009-01-28,89091.29,740,1011,87.38999938964844,39.01
2009-01-29,86220.05,740,1011,84.55000305175781,40.98
2009-01-30,84481.13,740,1011,82.83000183105469,42.17
2009-02-02,84228.38,740,1011,82.58000183105469,42.34
2009-02-03,85401.14,740,1011,83.73999786376953,41.54
2009-02-04,84986.63,740,1011,83.33000183105469,41.82
2009-02-05,86240.27,740,1011,84.56999969482422,40.96
2009-02-06,88676.78,740,1011,86.9800033569336,39.29
2009-02-09,88798.1,740,1011,87.0999984741211,39.21
2009-02-10,84764.21,740,1011,83.11000061035156,41.97
2009-02-11,85259.6,740,1011,83.5999984741211,41.63
2009-02-12,85320.26,740,1011,83.66000366210938,41.59
2009-02-13,84410.36,740,1011,82.76000213623047,42.21
2009-02-17,80831.42,740,1011,79.22000122070312,44.66
2009-02-18,80639.33,740,1011,79.02999877929688,44.8
2009-02-19,79779.98,740,1011,78.18000030517578,45.38
2009-02-20,79011.62,740,1011,77.41999816894531,45.91
2009-02-23,76211.15,740,1011,74.6500015258789,47.83
2009-02-24,79072.28,740,1011,77.4800033569336,45.87
2009-02-25,78455.57,740,1011,76.87000274658203,46.29
2009-02-26,77191.82,740,1011,75.62000274658203,47.16
2009-02-27,75483.23,740,1011,73.93000030517578,48.33
2009-03-02,72116.6,740,1011,70.5999984741211,50.63
2009-03-03,71580.77,740,1011,70.06999969482422,51
2009-03-04,73259.03,740,1011,71.7300033569336,49.85
2009-03-05,70296.8,740,1011,68.80000305175781,51.88
2009-03-06,70418.12,740,1011,68.91999816894531,51.79
2009-03-09,69599.21,740,1011,68.11000061035156,52.35
2009-03-10,73703.87,740,1011,72.16999816894531,49.54
2009-03-11,74179.04,740,1011,72.63999938964844,49.22
2009-03-12,77070.5,740,1011,75.5,47.24
2009-03-13,77666.98,740,1011,76.08999633789062,46.83
2009-03-16,77434.46,740,1011,75.86000061035156,46.99
2009-03-17,79779.98,740,1011,78.18000030517578,45.38
2009-03-18,81549.23,740,1011,79.93000030517578,44.17
2009-03-19,80548.34,740,1011,78.94000244140625,44.86
2009-03-20,78860.98,1307.17,1011,76.70999908447266,46.01
2009-03-23,84431.59,1307.17,1011,82.22000122070312,42.2
2009-03-24,82793.77,1307.17,1011,80.5999984741211,43.32
2009-03-25,83653.12,1307.17,1011,81.44999694824219,42.73
2009-03-26,85331.38,1307.17,1011,83.11000061035156,41.58
2009-03-27,83814.88,1307.17,1011,81.61000061035156,42.62
2009-03-30,80963.86,1307.17,1011,78.79000091552734,44.57
2009-03-31,81701.89,1307.17,1011,79.5199966430664,44.07
2009-04-01,83258.83,1307.17,1011,81.05999755859375,43
2009-04-02,85654.9,1307.17,1011,83.43000030517578,41.36
2009-04-03,86494.03,1307.17,1011,84.26000213623047,40.79
2009-04-06,85826.77,1307.17,1011,83.5999984741211,41.25
2009-04-07,83855.32,1307.17,1011,81.6500015258789,42.59
2009-04-08,84745,1307.17,1011,82.52999877929688,41.99
2009-04-09,88061.08,1307.17,1011,85.80999755859375,39.72
2009-04-13,88081.3,1307.17,1011,85.83000183105469,39.7
2009-04-14,86585.02,1307.17,1011,84.3499984741211,40.73
2009-04-15,87494.92,1307.17,1011,85.25,40.1
2009-04-16,88758.67,1307.17,1011,86.5,39.24
2009-04-17,89345.05,1307.17,1011,87.08000183105469,38.84
2009-04-20,85654.9,1307.17,1011,83.43000030517578,41.36
2009-04-21,87302.83,1307.17,1011,85.05999755859375,40.23
2009-04-22,86777.11,1307.17,1011,84.54000091552734,40.59
2009-04-23,87616.24,1307.17,1011,85.37000274658203,40.02
2009-04-24,88920.43,1307.17,1011,86.66000366210938,39.13
2009-04-27,88091.4,1307.17,1011,85.83999633789062,39.69
2009-04-28,87818.44,1307.17,1011,85.56999969482422,39.88
2009-04-29,89658.46,1307.17,1011,87.38999938964844,38.62
2009-04-30,89688.79,1307.17,1011,87.41999816894531,38.6
2009-05-01,90163.96,1307.17,1011,87.88999938964844,38.28
2009-05-04,93186.85,1307.17,1011,90.87999725341797,36.21
2009-05-05,92873.44,1307.17,1011,90.56999969482422,36.42
2009-05-06,94460.71,1307.17,1011,92.13999938964844,35.33
2009-05-07,93166.63,1307.17,1011,90.86000061035156,36.22
2009-05-08,95309.95,1307.17,1011,92.9800033569336,34.75
2009-05-11,93550.81,1307.17,1011,91.23999786376953,35.96
2009-05-12,93277.84,1307.17,1011,90.97000122070312,36.14
2009-05-13,90962.65,1307.17,1011,88.68000030517578,37.73
2009-05-14,91731.01,1307.17,1011,89.44000244140625,37.2
2009-05-15,90992.98,1307.17,1011,88.70999908447266,37.71
2009-05-18,93540.7,1307.17,1011,91.2300033569336,35.96
2009-05-19,93429.49,1307.17,1011,91.12000274658203,36.04
2009-05-20,92812.78,1307.17,1011,90.51000213623047,36.46
2009-05-21,91498.48,1307.17,1011,89.20999908447266,37.36
2009-05-22,91306.39,1307.17,1011,89.0199966430664,37.49
2009-05-26,93611.47,1307.17,1011,91.30000305175781,35.92
2009-05-27,91963.54,1307.17,1011,89.66999816894531,37.04
2009-05-28,93227.29,1307.17,1011,90.91999816894531,36.18
2009-05-29,94855,1307.17,1011,92.52999877929688,35.06
2009-06-01,97119.64,1307.17,1011,94.7699966430664,33.51
2009-06-02,97200.52,1307.17,1011,94.8499984741211,33.46
2009-06-03,95987.32,1307.17,1011,93.6500015258789,34.29
2009-06-04,96877,1307.17,1011,94.52999877929688,33.68
2009-06-05,96897.22,1307.17,1011,94.55000305175781,33.67
2009-06-08,96502.93,1307.17,1011,94.16000366210938,33.94
2009-06-09,96988.21,1307.17,1011,94.63999938964844,33.6
2009-06-10,96745.57,1307.17,1011,94.4000015258789,33.77
2009-06-11,97170.19,1307.17,1011,94.81999969482422,33.48
2009-06-12,97433.05,1307.17,1011,95.08000183105469,33.3
2009-06-15,95229.07,1307.17,1011,92.9000015258789,34.81
2009-06-16,93955.21,1307.17,1011,91.63999938964844,35.68
2009-06-17,93864.22,1307.17,1011,91.55000305175781,35.74
2009-06-18,94541.59,1307.17,1011,92.22000122070312,35.28
2009-06-19,94883.31,1830.87,1011,92.04000091552734,35.05
2009-06-22,92092.95,1830.87,1011,89.27999877929688,36.96
2009-06-23,92163.72,1830.87,1011,89.3499984741211,36.91
2009-06-24,92942.19,1830.87,1011,90.12000274658203,36.37
2009-06-25,94923.75,1830.87,1011,92.08000183105469,35.02
2009-06-26,94681.1,1830.87,1011,91.83999633789062,35.18
2009-06-29,95550.57,1830.87,1011,92.69999694824219,34.59
2009-06-30,94792.32,1830.87,1011,91.94999694824219,35.11
2009-07-01,95176.5,1830.87,1011,92.33000183105469,34.84
2009-07-02,92628.78,1830.87,1011,89.80999755859375,36.59
2009-07-06,92618.67,1830.87,1011,89.80000305175781,36.6
2009-07-07,90859.53,1830.87,1011,88.05999755859375,37.8
2009-07-08,90798.87,1830.87,1011,88,37.84
2009-07-09,90970.74,1830.87,1011,88.16999816894531,37.72
2009-07-10,90758.43,1830.87,1011,87.95999908447266,37.87
2009-07-13,92921.97,1830.87,1011,90.0999984741211,36.39
2009-07-14,93437.58,1830.87,1011,90.61000061035156,36.04
2009-07-15,96116.73,1830.87,1011,93.26000213623047,34.2
2009-07-16,95965.08,1830.87,1011,93.11000061035156,34.3
2009-07-17,96996.3,1830.87,1011,94.12999725341797,33.6
2009-07-20,98007.3,1830.87,1011,95.12999725341797,32.91
2009-07-21,98452.14,1830.87,1011,95.56999969482422,32.6
2009-07-22,98431.92,1830.87,1011,95.55000305175781,32.62
2009-07-23,100565.13,1830.87,1011,97.66000366210938,31.16
2009-07-24,100969.53,1830.87,1011,98.05999755859375,30.88
2009-07-27,101262.72,1830.87,1011,98.3499984741211,30.68
2009-07-28,100797.66,1830.87,1011,97.88999938964844,31
2009-07-29,100555.02,1830.87,1011,97.6500015258789,31.16
2009-07-30,101586.24,1830.87,1011,98.66999816894531,30.46
2009-07-31,101727.78,1830.87,1011,98.80999755859375,30.36
2009-08-03,103375.71,1830.87,1011,100.44000244140625,29.23
2009-08-04,103638.57,1830.87,1011,100.69999694824219,29.05
2009-08-05,103345.38,1830.87,1011,100.41000366210938,29.25
2009-08-06,102819.66,1830.87,1011,99.88999938964844,29.61
2009-08-07,104144.07,1830.87,1011,101.19999694824219,28.71
2009-08-10,103931.76,1830.87,1011,100.98999786376953,28.85
2009-08-11,102657.9,1830.87,1011,99.7300033569336,29.72
2009-08-12,103739.67,1830.87,1011,100.80000305175781,28.98
2009-08-13,104518.14,1830.87,1011,101.56999969482422,28.45
2009-08-14,103729.56,1830.87,1011,100.79000091552734,28.99
2009-08-17,101222.28,1830.87,1011,98.30999755859375,30.71
2009-08-18,102010.85,1830.87,1011,99.08999633789062,30.17
2009-08-19,102890.43,1830.87,1011,99.95999908447266,29.56
2009-08-20,103931.76,1830.87,1011,100.98999786376953,28.85
2009-08-21,105933.54,1830.87,1011,102.97000122070312,27.48
2009-08-24,105923.43,1830.87,1011,102.95999908447266,27.49
2009-08-25,106125.63,1830.87,1011,103.16000366210938,27.35
2009-08-26,106135.74,1830.87,1011,103.16999816894531,27.34
2009-08-27,106368.27,1830.87,1011,103.4000015258789,27.18
2009-08-28,106348.05,1830.87,1011,103.37999725341797,27.2
2009-08-31,105417.93,1830.87,1011,102.45999908447266,27.83
2009-09-01,103133.07,1830.87,1011,100.19999694824219,29.4
2009-09-02,102748.89,1830.87,1011,99.81999969482422,29.66
2009-09-03,103588.02,1830.87,1011,100.6500015258789,29.09
2009-09-04,105013.53,1830.87,1011,102.05999755859375,28.11
2009-09-08,105903.21,1830.87,1011,102.94000244140625,27.5
2009-09-09,106701.9,1830.87,1011,103.7300033569336,26.95
2009-09-10,107773.56,1830.87,1011,104.79000091552734,26.22
2009-09-11,107753.34,1830.87,1011,104.7699966430664,26.23
2009-09-14,108268.95,1830.87,1011,105.27999877929688,25.88
2009-09-15,108713.79,1830.87,1011,105.72000122070312,25.58
2009-09-16,110331.39,1830.87,1011,107.31999969482422,24.47
2009-09-17,110169.63,1830.87,1011,107.16000366210938,24.58
2009-09-18,110238.38,2344.46,1011,106.72000122070312,24.53
2009-09-21,109965.41,2344.46,1011,106.44999694824219,24.72
2009-09-22,110592.23,2344.46,1011,107.06999969482422,24.29
2009-09-23,109692.44,2344.46,1011,106.18000030517578,24.91
2009-09-24,108509.57,2344.46,1011,105.01000213623047,25.72
2009-09-25,107943.41,2344.46,1011,104.44999694824219,26.1
2009-09-28,109833.98,2344.46,1011,106.31999969482422,24.81
2009-09-29,109510.46,2344.46,1011,106,25.03
2009-09-30,109095.94,2344.46,1011,105.58999633789062,25.32
2009-10-01,106447.13,2344.46,1011,102.97000122070312,27.13
2009-10-02,105961.85,2344.46,1011,102.48999786376953,27.46
2009-10-05,107508.68,2344.46,1011,104.0199966430664,26.4
2009-10-06,109015.07,2344.46,1011,105.51000213623047,25.37
2009-10-07,109308.26,2344.46,1011,105.80000305175781,25.17
2009-10-08,110127.17,2344.46,1011,106.61000061035156,24.61
2009-10-09,110784.32,2344.46,1011,107.26000213623047,24.16
2009-10-12,111208.94,2344.46,1011,107.68000030517578,23.87
2009-10-13,110986.52,2344.46,1011,107.45999908447266,24.02
2009-10-14,112856.87,2344.46,1011,109.30999755859375,22.74
2009-10-15,113261.27,2344.46,1011,109.70999908447266,22.46
2009-10-16,112432.25,2344.46,1011,108.88999938964844,23.03
2009-10-19,113342.15,2344.46,1011,109.79000091552734,22.41
2009-10-20,112755.77,2344.46,1011,109.20999908447266,22.81
2009-10-21,111764.99,2344.46,1011,108.2300033569336,23.49
2009-10-22,112877.09,2344.46,1011,109.33000183105469,22.73
2009-10-23,111613.34,2344.46,1011,108.08000183105469,23.59
2009-10-26,110430.47,2344.46,1011,106.91000366210938,24.4
2009-10-27,109935.08,2344.46,1011,106.41999816894531,24.74
2009-10-28,107902.97,2344.46,1011,104.41000366210938,26.13
2009-10-29,110167.61,2344.46,1011,106.6500015258789,24.58
2009-10-30,107043.62,2344.46,1011,103.55999755859375,26.72
2009-11-02,107811.98,2344.46,1011,104.31999969482422,26.19
2009-11-03,108145.61,2344.46,1011,104.6500015258789,25.97
2009-11-04,108418.58,2344.46,1011,104.91999816894531,25.78
2009-11-05,110369.81,2344.46,1011,106.8499984741211,24.44
2009-11-06,110652.89,2344.46,1011,107.12999725341797,24.25
2009-11-09,113119.73,2344.46,1011,109.56999969482422,22.56
2009-11-10,113139.94,2344.46,1011,109.58999633789062,22.55
2009-11-11,113706.11,2344.46,1011,110.1500015258789,22.16
2009-11-12,112573.79,2344.46,1011,109.02999877929688,22.93
2009-11-13,113170.28,2344.46,1011,109.62000274658203,22.53
2009-11-16,114777.77,2344.46,1011,111.20999908447266,21.43
2009-11-17,114909.19,2344.46,1011,111.33999633789062,21.34
2009-11-18,114838.43,2344.46,1011,111.2699966430664,21.38
2009-11-19,113372.48,2344.46,1011,109.81999969482422,22.39
2009-11-20,112978.19,2344.46,1011,109.43000030517578,22.66
2009-11-23,114383.48,2344.46,1011,110.81999969482422,21.7
2009-11-24,114555.35,2344.46,1011,110.98999786376953,21.58
2009-11-25,114949.64,2344.46,1011,111.37999725341797,21.31
2009-11-27,113119.73,2344.46,1011,109.56999969482422,22.56
2009-11-30,113493.8,2344.46,1011,109.94000244140625,22.31
2009-12-01,114868.76,2344.46,1011,111.30000305175781,21.36
2009-12-02,114818.21,2344.46,1011,111.25,21.4
2009-12-03,113938.64,2344.46,1011,110.37999725341797,22
2009-12-04,114575.57,2344.46,1011,111.01000213623047,21.56
2009-12-07,114403.69,2344.46,1011,110.83999633789062,21.68
2009-12-08,113160.17,2344.46,1011,109.61000061035156,22.53
2009-12-09,113574.68,2344.46,1011,110.0199966430664,22.25
2009-12-10,114201.5,2344.46,1011,110.63999938964844,21.82
2009-12-11,114676.67,2344.46,1011,111.11000061035156,21.5
2009-12-14,115445.03,2344.46,1011,111.87000274658203,20.97
2009-12-15,114919.31,2344.46,1011,111.3499984741211,21.33
2009-12-16,115091.18,2344.46,1011,111.5199966430664,21.21
2009-12-17,113736.44,2344.46,1011,110.18000030517578,22.14
2009-12-18,114363.26,2940.95,1011,110.20999908447266,21.71
2009-12-21,115495.58,2940.95,1011,111.33000183105469,20.93
2009-12-22,115899.98,2940.95,1011,111.7300033569336,20.66
2009-12-23,116122.4,2940.95,1011,111.94999694824219,20.51
2009-12-24,116658.23,2940.95,1011,112.4800033569336,20.14
2009-12-28,116900.87,2940.95,1011,112.72000122070312,19.97
2009-12-29,116739.11,2940.95,1011,112.55999755859375,20.08
2009-12-30,116698.67,2940.95,1011,112.5199966430664,20.11
2009-12-31,115606.79,2940.95,1011,111.44000244140625,20.86
2010-01-04,117517.58,2940.95,1011,113.33000183105469,19.55
2010-01-05,117820.88,2940.95,1011,113.62999725341797,19.34
2010-01-06,117901.76,2940.95,1011,113.70999908447266,19.29
2010-01-07,118387.04,2940.95,1011,114.19000244140625,18.96
2010-01-08,118771.22,2940.95,1011,114.56999969482422,18.69
2010-01-11,118932.98,2940.95,1011,114.7300033569336,18.58
2010-01-12,117851.21,2940.95,1011,113.66000366210938,19.32
2010-01-13,118821.77,2940.95,1011,114.62000274658203,18.66
2010-01-14,119135.18,2940.95,1011,114.93000030517578,18.44
2010-01-15,117830.99,2940.95,1011,113.63999938964844,19.34
2010-01-19,119266.61,2940.95,1011,115.05999755859375,18.35
2010-01-20,118083.74,2940.95,1011,113.88999938964844,19.16
2010-01-21,115869.65,2940.95,1011,111.69999694824219,20.68
2010-01-22,113352.26,2940.95,1011,109.20999908447266,22.4
2010-01-25,113918.42,2940.95,1011,109.7699966430664,22.01
2010-01-26,113453.36,2940.95,1011,109.30999755859375,22.33
2010-01-27,113979.08,2940.95,1011,109.83000183105469,21.97
2010-01-28,112705.22,2940.95,1011,108.56999969482422,22.85
2010-01-29,111512.24,2940.95,1011,107.38999938964844,23.66
2010-02-01,113200.61,2940.95,1011,109.05999755859375,22.51
2010-02-02,114535.13,2940.95,1011,110.37999725341797,21.59
2010-02-03,113979.08,2940.95,1011,109.83000183105469,21.97
2010-02-04,110551.79,2940.95,1011,106.44000244140625,24.32
2010-02-05,110774.21,2940.95,1011,106.66000366210938,24.17
2010-02-08,109995.74,2940.95,1011,105.88999938964844,24.7
2010-02-09,111340.37,2940.95,1011,107.22000122070312,23.78
2010-02-10,111128.06,2940.95,1011,107.01000213623047,23.92
2010-02-11,112260.38,2940.95,1011,108.12999725341797,23.15
2010-02-12,112169.39,2940.95,1011,108.04000091552734,23.21
2010-02-16,113888.09,2940.95,1011,109.73999786376953,22.04
2010-02-17,114413.81,2940.95,1011,110.26000213623047,21.68
2010-02-18,115070.96,2940.95,1011,110.91000366210938,21.23
2010-02-19,115303.49,2940.95,1011,111.13999938964844,21.07
2010-02-22,115323.71,2940.95,1011,111.16000366210938,21.05
2010-02-23,113958.86,2940.95,1011,109.80999755859375,21.99
2010-02-24,114979.97,2940.95,1011,110.81999969482422,21.29
2010-02-25,114828.32,2940.95,1011,110.66999816894531,21.39
2010-02-26,114899.09,2940.95,1011,110.73999786376953,21.34
2010-03-01,116061.74,2940.95,1011,111.88999938964844,20.55
2010-03-02,116375.15,2940.95,1011,112.19999694824219,20.33
2010-03-03,116476.25,2940.95,1011,112.30000305175781,20.26
2010-03-04,116819.99,2940.95,1011,112.63999938964844,20.03
2010-03-05,118447.7,2940.95,1011,114.25,18.91
2010-03-08,118467.92,2940.95,1011,114.2699966430664,18.9
2010-03-09,118660.01,2940.95,1011,114.45999908447266,18.77
2010-03-10,119175.62,2940.95,1011,114.97000122070312,18.42
2010-03-11,119660.9,2940.95,1011,115.44999694824219,18.08
2010-03-12,119671.01,2940.95,1011,115.45999908447266,18.08
2010-03-15,119701.34,2940.95,1011,115.48999786376953,18.06
2010-03-16,120631.46,2940.95,1011,116.41000366210938,17.42
2010-03-17,121329.05,2940.95,1011,117.0999984741211,16.94
2010-03-18,121268.39,2940.95,1011,117.04000091552734,16.98
2010-03-19,120671.9,3426.23,1011,115.97000122070312,17.39
2010-03-22,121298.71,3426.23,1011,116.58999633789062,16.96
2010-03-23,122127.74,3426.23,1011,117.41000366210938,16.39
2010-03-24,121551.46,3426.23,1011,116.83999633789062,16.79
2010-03-25,121359.38,3426.23,1011,116.6500015258789,16.92
2010-03-26,121288.61,3426.23,1011,116.58000183105469,16.97
2010-03-29,122036.75,3426.23,1011,117.31999969482422,16.46
2010-03-30,122117.63,3426.23,1011,117.4000015258789,16.4
2010-03-31,121713.23,3426.23,1011,117,16.68
2010-04-01,122522.03,3426.23,1011,117.80000305175781,16.12
2010-04-05,123492.59,3426.23,1011,118.76000213623047,15.46
2010-04-06,123775.67,3426.23,1011,119.04000091552734,15.27
2010-04-07,123088.19,3426.23,1011,118.36000061035156,15.74
2010-04-08,123502.7,3426.23,1011,118.7699966430664,15.45
2010-04-09,124291.28,3426.23,1011,119.55000305175781,14.91
2010-04-12,124483.37,3426.23,1011,119.73999786376953,14.78
2010-04-13,124574.36,3426.23,1011,119.83000183105469,14.72
2010-04-14,125949.32,3426.23,1011,121.19000244140625,13.78
2010-04-15,126050.42,3426.23,1011,121.29000091552734,13.71
2010-04-16,124099.19,3426.23,1011,119.36000061035156,15.05
2010-04-19,124554.14,3426.23,1011,119.80999755859375,14.73
2010-04-20,125635.91,3426.23,1011,120.87999725341797,13.99
2010-04-21,125413.49,3426.23,1011,120.66000366210938,14.15
2010-04-22,125777.45,3426.23,1011,121.0199966430664,13.9
2010-04-23,126576.14,3426.23,1011,121.80999755859375,13.35
2010-04-26,126111.08,3426.23,1011,121.3499984741211,13.67
2010-04-27,123209.51,3426.23,1011,118.4800033569336,15.65
2010-04-28,124119.41,3426.23,1011,119.37999725341797,15.03
2010-04-29,125615.69,3426.23,1011,120.86000061035156,14.01
2010-04-30,123543.14,3426.23,1011,118.80999755859375,15.43
2010-05-03,125100.08,3426.23,1011,120.3499984741211,14.36
2010-05-04,122238.95,3426.23,1011,117.5199966430664,16.32
2010-05-05,121531.25,3426.23,1011,116.81999969482422,16.8
2010-05-06,117608.57,3426.23,1011,112.94000244140625,19.49
2010-05-07,115910.09,3426.23,1011,111.26000213623047,20.65
2010-05-10,120863.99,3426.23,1011,116.16000366210938,17.26
2010-05-11,120530.36,3426.23,1011,115.83000183105469,17.49
2010-05-12,122168.18,3426.23,1011,117.44999694824219,16.37
2010-05-13,120692.12,3426.23,1011,115.98999786376953,17.38
2010-05-14,118569.02,3426.23,1011,113.88999938964844,18.83
2010-05-17,118629.68,3426.23,1011,113.94999694824219,18.79
2010-05-18,117062.63,3426.23,1011,112.4000015258789,19.86
2010-05-19,116415.59,3426.23,1011,111.76000213623047,20.3
2010-05-20,112149.17,3426.23,1011,107.54000091552734,23.23
2010-05-21,113736.44,3426.23,1011,109.11000061035156,22.14
2010-05-24,112321.04,3426.23,1011,107.70999908447266,23.11
2010-05-25,112432.25,3426.23,1011,107.81999969482422,23.03
2010-05-26,111775.1,3426.23,1011,107.16999816894531,23.48
2010-05-27,115404.59,3426.23,1011,110.76000213623047,21
2010-05-28,113999.3,3426.23,1011,109.37000274658203,21.96
2010-06-01,112139.06,3426.23,1011,107.52999877929688,23.23
2010-06-02,114969.86,3426.23,1011,110.33000183105469,21.29
2010-06-03,115354.04,3426.23,1011,110.70999908447266,21.03
2010-06-04,111421.25,3426.23,1011,106.81999969482422,23.72
2010-06-07,110076.62,3426.23,1011,105.48999786376953,24.64
2010-06-08,111219.05,3426.23,1011,106.62000274658203,23.86
2010-06-09,110642.78,3426.23,1011,106.05000305175781,24.26
2010-06-10,113776.88,3426.23,1011,109.1500015258789,22.11
2010-06-11,114312.71,3426.23,1011,109.68000030517578,21.74
2010-06-14,114140.84,3426.23,1011,109.51000213623047,21.86
2010-06-15,116658.23,3426.23,1011,112,20.14
2010-06-16,116617.79,3426.23,1011,111.95999908447266,20.17
2010-06-17,116799.77,3426.23,1011,112.13999938964844,20.04
2010-06-18,116922.1,3963.07,1011,111.7300033569336,19.96
2010-06-21,116598.58,3963.07,1011,111.41000366210938,20.18
2010-06-22,114738.34,3963.07,1011,109.56999969482422,21.45
2010-06-23,114394.6,3963.07,1011,109.2300033569336,21.69
2010-06-24,112564.69,3963.07,1011,107.41999816894531,22.94
2010-06-25,113019.64,3963.07,1011,107.87000274658203,22.63
2010-06-28,112675.9,3963.07,1011,107.52999877929688,22.87
2010-06-29,109319.38,3963.07,1011,104.20999908447266,25.16
2010-06-30,108318.49,3963.07,1011,103.22000122070312,25.85
2010-07-01,107853.43,3963.07,1011,102.76000213623047,26.17
2010-07-02,107287.27,3963.07,1011,102.19999694824219,26.55
2010-07-06,107964.64,3963.07,1011,102.87000274658203,26.09
2010-07-07,111240.28,3963.07,1011,106.11000061035156,23.85
2010-07-08,112301.83,3963.07,1011,107.16000366210938,23.12
2010-07-09,113110.63,3963.07,1011,107.95999908447266,22.57
2010-07-12,113181.4,3963.07,1011,108.02999877929688,22.52
2010-07-13,114829.33,3963.07,1011,109.66000366210938,21.39
2010-07-14,114819.22,3963.07,1011,109.6500015258789,21.4
2010-07-15,114849.55,3963.07,1011,109.68000030517578,21.38
2010-07-16,111796.33,3963.07,1011,106.66000366210938,23.47
2010-07-19,112433.26,3963.07,1011,107.29000091552734,23.03
2010-07-20,113636.35,3963.07,1011,108.4800033569336,22.21
2010-07-21,112210.84,3963.07,1011,107.06999969482422,23.18
2010-07-22,114627.13,3963.07,1011,109.45999908447266,21.53
2010-07-23,115587.58,3963.07,1011,110.41000366210938,20.87
2010-07-26,116750.23,3963.07,1011,111.55999755859375,20.08
2010-07-27,116740.12,3963.07,1011,111.55000305175781,20.08
2010-07-28,116012.2,3963.07,1011,110.83000183105469,20.58
2010-07-29,115466.26,3963.07,1011,110.29000091552734,20.95
2010-07-30,115446.04,3963.07,1011,110.2699966430664,20.97
2010-08-02,117963.43,3963.07,1011,112.76000213623047,19.25
2010-08-03,117417.49,3963.07,1011,112.22000122070312,19.62
2010-08-04,118175.74,3963.07,1011,112.97000122070312,19.1
2010-08-05,118054.42,3963.07,1011,112.8499984741211,19.18
2010-08-06,117589.36,3963.07,1011,112.38999938964844,19.5
2010-08-09,118195.96,3963.07,1011,112.98999786376953,19.09
2010-08-10,117579.25,3963.07,1011,112.37999725341797,19.51
2010-08-11,114465.37,3963.07,1011,109.30000305175781,21.64
2010-08-12,113788,3963.07,1011,108.62999725341797,22.1
2010-08-13,113464.48,3963.07,1011,108.30999755859375,22.33
2010-08-16,113413.93,3963.07,1011,108.26000213623047,22.36
2010-08-17,114758.55,3963.07,1011,109.58999633789062,21.44
2010-08-18,114960.76,3963.07,1011,109.79000091552734,21.3
2010-08-19,113029.75,3963.07,1011,107.87999725341797,22.62
2010-08-20,112675.9,3963.07,1011,107.52999877929688,22.87
2010-08-23,112261.39,3963.07,1011,107.12000274658203,23.15
2010-08-24,110653.9,3963.07,1011,105.52999877929688,24.25
2010-08-25,111068.41,3963.07,1011,105.94000244140625,23.97
2010-08-26,110350.6,3963.07,1011,105.2300033569336,24.46
2010-08-27,111998.53,3963.07,1011,106.86000061035156,23.33
2010-08-30,110431.48,3963.07,1011,105.30999755859375,24.4
2010-08-31,110431.48,3963.07,1011,105.30999755859375,24.4
2010-09-01,113616.13,3963.07,1011,108.45999908447266,22.22
2010-09-02,114637.24,3963.07,1011,109.47000122070312,21.52
2010-09-03,116072.86,3963.07,1011,110.88999938964844,20.54
2010-09-07,114809.11,3963.07,1011,109.63999938964844,21.4
2010-09-08,115587.58,3963.07,1011,110.41000366210938,20.87
2010-09-09,116103.19,3963.07,1011,110.91999816894531,20.52
2010-09-10,116669.35,3963.07,1011,111.4800033569336,20.13
2010-09-13,117922.99,3963.07,1011,112.72000122070312,19.27
2010-09-14,117852.22,3963.07,1011,112.6500015258789,19.32
2010-09-15,118286.95,3963.07,1011,113.08000183105469,19.02
2010-09-16,118256.62,3963.07,1011,113.05000305175781,19.04
2010-09-17,118299.08,4571.69,1011,112.48999786376953,19.02
2010-09-20,120038,4571.69,1011,114.20999908447266,17.83
2010-09-21,119805.47,4571.69,1011,113.9800033569336,17.98
2010-09-22,119239.31,4571.69,1011,113.41999816894531,18.37
2010-09-23,118309.19,4571.69,1011,112.5,19.01
2010-09-24,120654.71,4571.69,1011,114.81999969482422,17.4
2010-09-27,120098.66,4571.69,1011,114.2699966430664,17.78
2010-09-28,120503.06,4571.69,1011,114.66999816894531,17.51
2010-09-29,120300.86,4571.69,1011,114.47000122070312,17.65
2010-09-30,119957.12,4571.69,1011,114.12999725341797,17.88
2010-10-01,120442.4,4571.69,1011,114.61000061035156,17.55
2010-10-04,119572.94,4571.69,1011,113.75,18.14
2010-10-05,121888.13,4571.69,1011,116.04000091552734,16.56
2010-10-06,121878.02,4571.69,1011,116.02999877929688,16.57
2010-10-07,121736.48,4571.69,1011,115.88999938964844,16.66
2010-10-08,122393.63,4571.69,1011,116.54000091552734,16.21
2010-10-11,122504.84,4571.69,1011,116.6500015258789,16.14
2010-10-12,122868.8,4571.69,1011,117.01000213623047,15.89
2010-10-13,123788.81,4571.69,1011,117.91999816894531,15.26
2010-10-14,123323.75,4571.69,1011,117.45999908447266,15.58
2010-10-15,123566.39,4571.69,1011,117.69999694824219,15.41
2010-10-18,124152.77,4571.69,1011,118.27999877929688,15.01
2010-10-19,122585.72,4571.69,1011,116.7300033569336,16.08
2010-10-20,123738.26,4571.69,1011,117.87000274658203,15.29
2010-10-21,124001.12,4571.69,1011,118.12999725341797,15.11
2010-10-22,124223.54,4571.69,1011,118.3499984741211,14.96
2010-10-25,124577.39,4571.69,1011,118.69999694824219,14.72
2010-10-26,124597.61,4571.69,1011,118.72000122070312,14.7
2010-10-27,124253.87,4571.69,1011,118.37999725341797,14.94
2010-10-28,124274.09,4571.69,1011,118.4000015258789,14.93
2010-10-29,124365.08,4571.69,1011,118.48999786376953,14.86
2010-11-01,124405.52,4571.69,1011,118.52999877929688,14.84
2010-11-02,125355.86,4571.69,1011,119.47000122070312,14.18
2010-11-03,125841.14,4571.69,1011,119.94999694824219,13.85
2010-11-04,128176.55,4571.69,1011,122.26000213623047,12.25
2010-11-05,128641.61,4571.69,1011,122.72000122070312,11.94
2010-11-08,128409.08,4571.69,1011,122.48999786376953,12.09
2010-11-09,127519.4,4571.69,1011,121.61000061035156,12.7
2010-11-10,128014.79,4571.69,1011,122.0999984741211,12.36
2010-11-11,127549.73,4571.69,1011,121.63999938964844,12.68
2010-11-12,126093.89,4571.69,1011,120.19999694824219,13.68
2010-11-15,125922.02,4571.69,1011,120.02999877929688,13.8
2010-11-16,124031.45,4571.69,1011,118.16000366210938,15.09
2010-11-17,124092.11,4571.69,1011,118.22000122070312,15.05
2010-11-18,125851.25,4571.69,1011,119.95999908447266,13.85
2010-11-19,126184.88,4571.69,1011,120.29000091552734,13.62
2010-11-22,126083.78,4571.69,1011,120.19000244140625,13.69
2010-11-23,124324.64,4571.69,1011,118.44999694824219,14.89
2010-11-24,126093.89,4571.69,1011,120.19999694824219,13.68
2010-11-26,124678.49,4571.69,1011,118.80000305175781,14.65
2010-11-29,125042.45,4571.69,1011,119.16000366210938,14.4
2010-11-30,124365.08,4571.69,1011,118.48999786376953,14.86
2010-12-01,126912.8,4571.69,1011,121.01000213623047,13.12
2010-12-02,128479.85,4571.69,1011,122.55999755859375,12.05
2010-12-03,128813.48,4571.69,1011,122.88999938964844,11.82
2010-12-06,128682.05,4571.69,1011,122.76000213623047,11.91
2010-12-07,128752.82,4571.69,1011,122.83000183105469,11.86
2010-12-08,129207.77,4571.69,1011,123.27999877929688,11.55
2010-12-09,129693.05,4571.69,1011,123.76000213623047,11.22
2010-12-10,130420.97,4571.69,1011,124.4800033569336,10.72
2010-12-13,130501.85,4571.69,1011,124.55999755859375,10.66
2010-12-14,130613.06,4571.69,1011,124.66999816894531,10.59
2010-12-15,130036.79,4571.69,1011,124.0999984741211,10.98
2010-12-16,130764.71,4571.69,1011,124.81999969482422,10.48
2010-12-17,130899.17,5231.87,1011,124.30000305175781,10.39
2010-12-20,131202.47,5231.87,1011,124.5999984741211,10.18
2010-12-21,132001.16,5231.87,1011,125.38999938964844,9.64
2010-12-22,132395.45,5231.87,1011,125.77999877929688,9.37
2010-12-23,132213.47,5231.87,1011,125.5999984741211,9.49
2010-12-27,132264.02,5231.87,1011,125.6500015258789,9.46
2010-12-28,132446,5231.87,1011,125.83000183105469,9.33
2010-12-29,132536.99,5231.87,1011,125.91999816894531,9.27
2010-12-30,132334.79,5231.87,1011,125.72000122070312,9.41
2010-12-31,132365.12,5231.87,1011,125.75,9.39
2011-01-03,133679.42,5231.87,1011,127.05000305175781,8.49
2011-01-04,133608.65,5231.87,1011,126.9800033569336,8.54
2011-01-05,134275.91,5231.87,1011,127.63999938964844,8.08
2011-01-06,134023.16,5231.87,1011,127.38999938964844,8.25
2011-01-07,133770.41,5231.87,1011,127.13999938964844,8.42
2011-01-10,133608.65,5231.87,1011,126.9800033569336,8.54
2011-01-11,134063.6,5231.87,1011,127.43000030517578,8.22
2011-01-12,135226.25,5231.87,1011,128.5800018310547,7.43
2011-01-13,135013.93,5231.87,1011,128.3699951171875,7.57
2011-01-14,135954.17,5231.87,1011,129.3000030517578,6.93
2011-01-18,136176.59,5231.87,1011,129.52000427246094,6.78
2011-01-19,134892.62,5231.87,1011,128.25,7.66
2011-01-20,134720.75,5231.87,1011,128.0800018310547,7.77
2011-01-21,135013.93,5231.87,1011,128.3699951171875,7.57
2011-01-24,135751.97,5231.87,1011,129.10000610351562,7.07
2011-01-25,135822.74,5231.87,1011,129.1699981689453,7.02
2011-01-26,136328.24,5231.87,1011,129.6699981689453,6.67
2011-01-27,136651.76,5231.87,1011,129.99000549316406,6.45
2011-01-28,134356.79,5231.87,1011,127.72000122070312,8.02
2011-01-31,135327.34,5231.87,1011,128.67999267578125,7.36
2011-02-01,137410.01,5231.87,1011,130.74000549316406,5.93
2011-02-02,137157.26,5231.87,1011,130.49000549316406,6.11
2011-02-03,137450.45,5231.87,1011,130.77999877929688,5.91
2011-02-04,137824.51,5231.87,1011,131.14999389648438,5.65
2011-02-07,138653.54,5231.87,1011,131.97000122070312,5.08
2011-02-08,139260.15,5231.87,1011,132.57000732421875,4.67
2011-02-09,138956.84,5231.87,1011,132.27000427246094,4.87
2011-02-10,139007.4,5231.87,1011,132.32000732421875,4.84
2011-02-11,139806.08,5231.87,1011,133.11000061035156,4.29
2011-02-14,140129.59,5231.87,1011,133.42999267578125,4.07
2011-02-15,139704.97,5231.87,1011,133.00999450683594,4.36
2011-02-16,140554.22,5231.87,1011,133.85000610351562,3.78
2011-02-17,140958.62,5231.87,1011,134.25,3.5
2011-02-18,141241.7,5231.87,1011,134.52999877929688,3.31
2011-02-22,138512,5231.87,1011,131.8300018310547,5.18
2011-02-23,137693.09,5231.87,1011,131.02000427246094,5.74
2011-02-24,137602.09,5231.87,1011,130.92999267578125,5.8
2011-02-25,139017.5,5231.87,1011,132.3300018310547,4.83
2011-02-28,139846.51,5231.87,1011,133.14999389648438,4.26
2011-03-01,137602.09,5231.87,1011,130.92999267578125,5.8
2011-03-02,137885.19,5231.87,1011,131.2100067138672,5.61
2011-03-03,140170.04,5231.87,1011,133.47000122070312,4.04
2011-03-04,139159.04,5231.87,1011,132.47000122070312,4.74
2011-03-07,138107.59,5231.87,1011,131.42999267578125,5.46
2011-03-08,139270.25,5231.87,1011,132.5800018310547,4.66
2011-03-09,139078.16,5231.87,1011,132.38999938964844,4.79
2011-03-10,136601.21,5231.87,1011,129.94000244140625,6.49
2011-03-11,137511.1,5231.87,1011,130.83999633789062,5.86
2011-03-14,136712.42,5231.87,1011,130.0500030517578,6.41
2011-03-15,135206.03,5231.87,1011,128.55999755859375,7.44
2011-03-16,132799.85,5231.87,1011,126.18000030517578,9.09
2011-03-17,134488.22,5231.87,1011,127.8499984741211,7.93
2011-03-18,134956.31,5790.95,1011,127.76000213623047,7.61
2011-03-21,136958.09,5790.95,1011,129.74000549316406,6.24
2011-03-22,136503.13,5790.95,1011,129.2899932861328,6.55
2011-03-23,136877.21,5790.95,1011,129.66000366210938,6.3
2011-03-24,138130.84,5790.95,1011,130.89999389648438,5.44
2011-03-25,138535.25,5790.95,1011,131.3000030517578,5.16
2011-03-28,138211.72,5790.95,1011,130.97999572753906,5.38
2011-03-29,139101.41,5790.95,1011,131.86000061035156,4.77
2011-03-30,140021.42,5790.95,1011,132.77000427246094,4.15
2011-03-31,139839.43,5790.95,1011,132.58999633789062,4.27
2011-04-01,140405.59,5790.95,1011,133.14999389648438,3.88
2011-04-04,140516.8,5790.95,1011,133.25999450683594,3.81
2011-04-05,140496.59,5790.95,1011,133.24000549316406,3.82
2011-04-06,140921.21,5790.95,1011,133.66000366210938,3.53
2011-04-07,140577.48,5790.95,1011,133.32000732421875,3.76
2011-04-08,140112.41,5790.95,1011,132.86000061035156,4.08
2011-04-11,139708.02,5790.95,1011,132.4600067138672,4.36
2011-04-12,138707.12,5790.95,1011,131.47000122070312,5.04
2011-04-13,138697.02,5790.95,1011,131.4600067138672,5.05
2011-04-14,138798.11,5790.95,1011,131.55999755859375,4.98
2011-04-15,139283.38,5790.95,1011,132.0399932861328,4.65
2011-04-18,137787.11,5790.95,1011,130.55999755859375,5.67
2011-04-19,138545.36,5790.95,1011,131.30999755859375,5.16
2011-04-20,140355.05,5790.95,1011,133.10000610351562,3.92
2011-04-21,141042.53,5790.95,1011,133.77999877929688,3.45
2011-04-25,140900.99,5790.95,1011,133.63999938964844,3.54
2011-04-26,142063.63,5790.95,1011,134.7899932861328,2.75
2011-04-27,142953.32,5790.95,1011,135.6699981689453,2.14
2011-04-28,143398.16,5790.95,1011,136.11000061035156,1.83
2011-04-29,143721.67,5790.95,1011,136.42999267578125,1.61
2011-05-02,143509.37,5790.95,1011,136.22000122070312,1.76
2011-05-03,143013.97,5790.95,1011,135.72999572753906,2.1
2011-05-04,142104.08,5790.95,1011,134.8300018310547,2.72
2011-05-05,140870.66,5790.95,1011,133.61000061035156,3.56
2011-05-06,141467.15,5790.95,1011,134.1999969482422,3.16
2011-05-09,141992.87,5790.95,1011,134.72000122070312,2.8
2011-05-10,143155.51,5790.95,1011,135.8699951171875,2
2011-05-11,141709.79,5790.95,1011,134.44000244140625,2.99
2011-05-12,142356.83,5790.95,1011,135.0800018310547,2.55
2011-05-13,141305.38,5790.95,1011,134.0399932861328,3.27
2011-05-16,140446.04,5790.95,1011,133.19000244140625,3.85
2011-05-17,140425.82,5790.95,1011,133.1699981689453,3.87
2011-05-18,141628.91,5790.95,1011,134.36000061035156,3.04
2011-05-19,141952.42,5790.95,1011,134.67999267578125,2.82
2011-05-20,140870.66,5790.95,1011,133.61000061035156,3.56
2011-05-23,139303.61,5790.95,1011,132.05999755859375,4.64
2011-05-24,139192.4,5790.95,1011,131.9499969482422,4.71
2011-05-25,139637.24,5790.95,1011,132.38999938964844,4.41
2011-05-26,140253.95,5790.95,1011,133,3.99
2011-05-27,140769.55,5790.95,1011,133.50999450683594,3.63
2011-05-31,142174.84,5790.95,1011,134.89999389648438,2.67
2011-06-01,139111.51,5790.95,1011,131.8699951171875,4.77
2011-06-02,138969.97,5790.95,1011,131.72999572753906,4.86
2011-06-03,137645.57,5790.95,1011,130.4199981689453,5.77
2011-06-06,136250.38,5790.95,1011,129.0399932861328,6.73
2011-06-07,136169.52,5790.95,1011,128.9600067138672,6.78
2011-06-08,135623.57,5790.95,1011,128.4199981689453,7.16
2011-06-09,136614.34,5790.95,1011,129.39999389648438,6.48
2011-06-10,134794.55,5790.95,1011,127.5999984741211,7.72
2011-06-13,134895.65,5790.95,1011,127.69999694824219,7.65
2011-06-14,136533.48,5790.95,1011,129.32000732421875,6.53
2011-06-15,134208.17,5790.95,1011,127.0199966430664,8.12
2011-06-16,134491.25,5790.95,1011,127.30000305175781,7.93
2011-06-17,134873.41,6425.86,1011,127.05000305175781,7.67
2011-06-20,135530.56,6425.86,1011,127.69999694824219,7.22
2011-06-21,137299.81,6425.86,1011,129.4499969482422,6.01
2011-06-22,136511.23,6425.86,1011,128.6699981689453,6.55
2011-06-23,136137.16,6425.86,1011,128.3000030517578,6.8
2011-06-24,134630.77,6425.86,1011,126.80999755859375,7.84
2011-06-27,135773.2,6425.86,1011,127.94000244140625,7.05
2011-06-28,137461.57,6425.86,1011,129.61000061035156,5.9
2011-06-29,138583.78,6425.86,1011,130.72000122070312,5.13
2011-06-30,139847.53,6425.86,1011,131.97000122070312,4.26
2011-07-01,141818.98,6425.86,1011,133.9199981689453,2.91
2011-07-05,141707.77,6425.86,1011,133.80999755859375,2.99
2011-07-06,141869.53,6425.86,1011,133.97000122070312,2.88
2011-07-07,143274.82,6425.86,1011,135.36000061035156,1.92
2011-07-08,142304.25,6425.86,1011,134.39999389648438,2.58
2011-07-11,139847.53,6425.86,1011,131.97000122070312,4.26
2011-07-12,139271.25,6425.86,1011,131.39999389648438,4.66
2011-07-13,139716.09,6425.86,1011,131.83999633789062,4.35
2011-07-14,138796.08,6425.86,1011,130.92999267578125,4.98
2011-07-15,139564.45,6425.86,1011,131.69000244140625,4.46
2011-07-18,138472.57,6425.86,1011,130.61000061035156,5.21
2011-07-19,140615.88,6425.86,1011,132.72999572753906,3.74
2011-07-20,140535,6425.86,1011,132.64999389648438,3.79
2011-07-21,142395.25,6425.86,1011,134.49000549316406,2.52
2011-07-22,142486.24,6425.86,1011,134.5800018310547,2.46
2011-07-25,141727.99,6425.86,1011,133.8300018310547,2.98
2011-07-26,141222.49,6425.86,1011,133.3300018310547,3.32
2011-07-27,138462.46,6425.86,1011,130.60000610351562,5.21
2011-07-28,138078.28,6425.86,1011,130.22000122070312,5.48
2011-07-29,137178.49,6425.86,1011,129.3300018310547,6.09
2011-08-01,136622.44,6425.86,1011,128.77999877929688,6.47
2011-08-02,133296.25,6425.86,1011,125.48999786376953,8.75
2011-08-03,133983.73,6425.86,1011,126.16999816894531,8.28
2011-08-04,128008.72,6425.86,1011,120.26000213623047,12.37
2011-08-05,127826.74,6425.86,1011,120.08000183105469,12.49
2011-08-08,119920.72,6425.86,1011,112.26000213623047,17.91
2011-08-09,125198.14,6425.86,1011,117.4800033569336,14.29
2011-08-10,119951.05,6425.86,1011,112.29000091552734,17.88
2011-08-11,125046.49,6425.86,1011,117.33000183105469,14.4
2011-08-12,125845.18,6425.86,1011,118.12000274658203,13.85
2011-08-15,128372.68,6425.86,1011,120.62000274658203,12.12
2011-08-16,127331.34,6425.86,1011,119.58999633789062,12.83
2011-08-17,127412.23,6425.86,1011,119.66999816894531,12.78
2011-08-18,122195.47,6425.86,1011,114.51000213623047,16.35
2011-08-19,120304.9,6425.86,1011,112.63999938964844,17.64
2011-08-22,120395.89,6425.86,1011,112.7300033569336,17.58
2011-08-23,124146.7,6425.86,1011,116.44000244140625,15.01
2011-08-24,125804.74,6425.86,1011,118.08000183105469,13.88
2011-08-25,123984.94,6425.86,1011,116.27999877929688,15.12
2011-08-26,125693.53,6425.86,1011,117.97000122070312,13.95
2011-08-29,129120.82,6425.86,1011,121.36000061035156,11.61
2011-08-30,129444.34,6425.86,1011,121.68000030517578,11.39
2011-08-31,129990.28,6425.86,1011,122.22000122070312,11.01
2011-09-01,128696.2,6425.86,1011,120.94000244140625,11.9
2011-09-02,125572.21,6425.86,1011,117.8499984741211,14.04
2011-09-06,124702.75,6425.86,1011,116.98999786376953,14.63
2011-09-07,128039.05,6425.86,1011,120.29000091552734,12.35
2011-09-08,126775.3,6425.86,1011,119.04000091552734,13.21
2011-09-09,123620.98,6425.86,1011,115.91999816894531,15.37
2011-09-12,124379.23,6425.86,1011,116.66999816894531,14.85
2011-09-13,125461,6425.86,1011,117.73999786376953,14.11
2011-09-14,127108.93,6425.86,1011,119.37000274658203,12.98
2011-09-15,129191.59,6425.86,1011,121.43000030517578,11.56
2011-09-16,129914.46,7057.74,1011,121.5199966430664,11.06
2011-09-19,128691.15,7057.74,1011,120.30999755859375,11.9
2011-09-20,128549.61,7057.74,1011,120.16999816894531,12
2011-09-21,124970.67,7057.74,1011,116.62999725341797,14.45
2011-09-22,121159.2,7057.74,1011,112.86000061035156,17.06
2011-09-23,121846.68,7057.74,1011,113.54000091552734,16.59
2011-09-26,124576.38,7057.74,1011,116.23999786376953,14.72
2011-09-27,125890.68,7057.74,1011,117.54000091552734,13.82
2011-09-28,123464.28,7057.74,1011,115.13999938964844,15.48
2011-09-29,124384.29,7057.74,1011,116.05000305175781,14.85
2011-09-30,121452.39,7057.74,1011,113.1500015258789,16.86
2011-10-03,118196.97,7057.74,1011,109.93000030517578,19.09
2011-10-04,120633.47,7057.74,1011,112.33999633789062,17.42
2011-10-05,122736.36,7057.74,1011,114.41999816894531,15.98
2011-10-06,124829.13,7057.74,1011,116.48999786376953,14.55
2011-10-07,124040.55,7057.74,1011,115.70999908447266,15.09
2011-10-10,127953.12,7057.74,1011,119.58000183105469,12.41
2011-10-11,128074.44,7057.74,1011,119.69999694824219,12.32
2011-10-12,129135.99,7057.74,1011,120.75,11.6
2011-10-13,128893.35,7057.74,1011,120.51000213623047,11.76
2011-10-14,130976.01,7057.74,1011,122.56999969482422,10.34
2011-10-17,128610.27,7057.74,1011,120.2300033569336,11.96
2011-10-18,130986.12,7057.74,1011,122.58000183105469,10.33
2011-10-19,129520.17,7057.74,1011,121.12999725341797,11.33
2011-10-20,130056,7057.74,1011,121.66000366210938,10.97
2011-10-21,132391.41,7057.74,1011,123.97000122070312,9.37
2011-10-24,133928.13,7057.74,1011,125.48999786376953,8.32
2011-10-25,131461.29,7057.74,1011,123.05000305175781,10.01
2011-10-26,132725.04,7057.74,1011,124.30000305175781,9.14
2011-10-27,137102.67,7057.74,1011,128.6300048828125,6.14
2011-10-28,137072.34,7057.74,1011,128.60000610351562,6.16
2011-10-31,133938.24,7057.74,1011,125.5,8.31
2011-11-01,130399.74,7057.74,1011,122,10.73
2011-11-02,132411.63,7057.74,1011,123.98999786376953,9.35
2011-11-03,134696.49,7057.74,1011,126.25,7.79
2011-11-04,133918.02,7057.74,1011,125.4800033569336,8.32
2011-11-07,134706.6,7057.74,1011,126.26000213623047,7.78
2011-11-08,136344.42,7057.74,1011,127.87999725341797,6.66
2011-11-09,131572.5,7057.74,1011,123.16000366210938,9.93
2011-11-10,132745.26,7057.74,1011,124.31999969482422,9.13
2011-11-11,135111,7057.74,1011,126.66000366210938,7.51
2011-11-14,133897.8,7057.74,1011,125.45999908447266,8.34
2011-11-15,134524.62,7057.74,1011,126.08000183105469,7.91
2011-11-16,132502.62,7057.74,1011,124.08000183105469,9.29
2011-11-17,130510.95,7057.74,1011,122.11000061035156,10.66
2011-11-18,130379.52,7057.74,1011,121.9800033569336,10.75
2011-11-21,128034,7057.74,1011,119.66000366210938,12.35
2011-11-22,127558.83,7057.74,1011,119.19000244140625,12.68
2011-11-23,124899.9,7057.74,1011,116.55999755859375,14.5
2011-11-25,124677.47,7057.74,1011,116.33999633789062,14.65
2011-11-28,128084.55,7057.74,1011,119.70999908447266,12.32
2011-11-29,128428.29,7057.74,1011,120.05000305175781,12.08
2011-11-30,133422.63,7057.74,1011,124.98999786376953,8.66
2011-12-01,133402.41,7057.74,1011,124.97000122070312,8.68
2011-12-02,133291.2,7057.74,1011,124.86000061035156,8.75
2011-12-05,134666.16,7057.74,1011,126.22000122070312,7.81
2011-12-06,134706.6,7057.74,1011,126.26000213623047,7.78
2011-12-07,135181.77,7057.74,1011,126.7300033569336,7.46
2011-12-08,132371.19,7057.74,1011,123.94999694824219,9.38
2011-12-09,134494.29,7057.74,1011,126.05000305175781,7.93
2011-12-12,132634.05,7057.74,1011,124.20999908447266,9.2
2011-12-13,131461.29,7057.74,1011,123.05000305175781,10.01
2011-12-14,130136.88,7057.74,1011,121.73999786376953,10.91
2011-12-15,130581.72,7057.74,1011,122.18000030517578,10.61
2011-12-16,130763.69,7836.21,1011,121.58999633789062,10.48
2011-12-19,129449.4,7836.21,1011,120.29000091552734,11.38
2011-12-20,133129.44,7836.21,1011,123.93000030517578,8.86
2011-12-21,133372.08,7836.21,1011,124.16999816894531,8.7
2011-12-22,134484.18,7836.21,1011,125.2699966430664,7.94
2011-12-23,135616.5,7836.21,1011,126.38999938964844,7.16
2011-12-27,135717.6,7836.21,1011,126.48999786376953,7.09
2011-12-28,134039.34,7836.21,1011,124.83000183105469,8.24
2011-12-29,135343.53,7836.21,1011,126.12000274658203,7.35
2011-12-30,134716.71,7836.21,1011,125.5,7.78
2012-01-03,136738.71,7836.21,1011,127.5,6.39
2012-01-04,136940.91,7836.21,1011,127.69999694824219,6.25
2012-01-05,137284.64,7836.21,1011,128.0399932861328,6.02
2012-01-06,136951.02,7836.21,1011,127.70999908447266,6.25
2012-01-09,137264.43,7836.21,1011,128.02000427246094,6.03
2012-01-10,138386.64,7836.21,1011,129.1300048828125,5.26
2012-01-11,138457.41,7836.21,1011,129.1999969482422,5.22
2012-01-12,138770.81,7836.21,1011,129.50999450683594,5
2012-01-13,138093.44,7836.21,1011,128.83999633789062,5.46
2012-01-17,138598.94,7836.21,1011,129.33999633789062,5.12
2012-01-18,140044.68,7836.21,1011,130.77000427246094,4.13
2012-01-19,140742.28,7836.21,1011,131.4600067138672,3.65
2012-01-20,141237.66,7836.21,1011,131.9499969482422,3.31
2012-01-23,140893.92,7836.21,1011,131.61000061035156,3.55
2012-01-24,140742.28,7836.21,1011,131.4600067138672,3.65
2012-01-25,141854.37,7836.21,1011,132.55999755859375,2.89
2012-01-26,141166.89,7836.21,1011,131.8800048828125,3.36
2012-01-27,141106.24,7836.21,1011,131.82000732421875,3.4
2012-01-30,140651.27,7836.21,1011,131.3699951171875,3.71
2012-01-31,140600.74,7836.21,1011,131.32000732421875,3.75
2012-02-01,141763.38,7836.21,1011,132.47000122070312,2.95
2012-02-02,141975.68,7836.21,1011,132.67999267578125,2.81
2012-02-03,143856.14,7836.21,1011,134.5399932861328,1.52
2012-02-06,143765.16,7836.21,1011,134.4499969482422,1.58
2012-02-07,144108.89,7836.21,1011,134.7899932861328,1.35
2012-02-08,144513.3,7836.21,1011,135.19000244140625,1.07
2012-02-09,144685.17,7836.21,1011,135.36000061035156,0.95
2012-02-10,143674.17,7836.21,1011,134.36000061035156,1.64
2012-02-13,144685.17,7836.21,1011,135.36000061035156,0.95
2012-02-14,144513.3,7836.21,1011,135.19000244140625,1.07
2012-02-15,143876.37,7836.21,1011,134.55999755859375,1.51
2012-02-16,145382.76,7836.21,1011,136.0500030517578,0.47
2012-02-17,145746.72,7836.21,1011,136.41000366210938,0.23
2012-02-21,145807.38,7836.21,1011,136.47000122070312,0.18
2012-02-22,145362.54,7836.21,1011,136.02999877929688,0.49
2012-02-23,145969.14,7836.21,1011,136.6300048828125,0.07
2012-02-24,146272.43,7836.21,1011,136.92999267578125,0
2012-02-27,146504.97,7836.21,1011,137.16000366210938,0
2012-02-28,146909.37,7836.21,1011,137.55999755859375,0
2012-02-29,146363.43,7836.21,1011,137.02000427246094,0.37
2012-03-01,147081.23,7836.21,1011,137.72999572753906,0
2012-03-02,146656.62,7836.21,1011,137.30999755859375,0.29
2012-03-05,146090.46,7836.21,1011,136.75,0.67
2012-03-06,144068.46,7836.21,1011,134.75,2.05
2012-03-07,145018.8,7836.21,1011,135.69000244140625,1.4
2012-03-08,146383.64,7836.21,1011,137.0399932861328,0.47
2012-03-09,146919.49,7836.21,1011,137.57000732421875,0.11
2012-03-12,146929.59,7836.21,1011,137.5800018310547,0.1
2012-03-13,149436.87,7836.21,1011,140.05999755859375,0
2012-03-14,149285.22,7836.21,1011,139.91000366210938,0.1
2012-03-15,150104.13,7836.21,1011,140.72000122070312,0
2012-03-16,150300.26,8456.96,1011,140.3000030517578,0
2012-03-19,150856.31,8456.96,1011,140.85000610351562,0
2012-03-20,150441.8,8456.96,1011,140.44000244140625,0.27
2012-03-21,150209.28,8456.96,1011,140.2100067138672,0.43
2012-03-22,149188.16,8456.96,1011,139.1999969482422,1.11
2012-03-23,149643.1,8456.96,1011,139.64999389648438,0.8
2012-03-26,151624.67,8456.96,1011,141.61000061035156,0
2012-03-27,151179.83,8456.96,1011,141.1699981689453,0.29
2012-03-28,150472.13,8456.96,1011,140.47000122070312,0.76
2012-03-29,150229.48,8456.96,1011,140.22999572753906,0.92
2012-03-30,150815.87,8456.96,1011,140.80999755859375,0.53
2012-04-02,151857.19,8456.96,1011,141.83999633789062,0
2012-04-03,151270.81,8456.96,1011,141.25999450683594,0.39
2012-04-04,149855.42,8456.96,1011,139.86000061035156,1.32
2012-04-05,149784.64,8456.96,1011,139.7899932861328,1.36
2012-04-09,148197.38,8456.96,1011,138.22000122070312,2.41
2012-04-10,145851.85,8456.96,1011,135.89999389648438,3.95
2012-04-11,146963.96,8456.96,1011,137,3.22
2012-04-12,148773.64,8456.96,1011,138.7899932861328,2.03
2012-04-13,147105.5,8456.96,1011,137.13999938964844,3.13
2012-04-16,147014.51,8456.96,1011,137.0500030517578,3.19
2012-04-17,149066.84,8456.96,1011,139.0800018310547,1.84
2012-04-18,148591.67,8456.96,1011,138.61000061035156,2.15
2012-04-19,147691.88,8456.96,1011,137.72000122070312,2.74
2012-04-20,147924.41,8456.96,1011,137.9499969482422,2.59
2012-04-23,146751.64,8456.96,1011,136.7899932861328,3.36
2012-04-24,147277.37,8456.96,1011,137.30999755859375,3.02
2012-04-25,149178.05,8456.96,1011,139.19000244140625,1.76
2012-04-26,150158.72,8456.96,1011,140.16000366210938,1.12
2012-04-27,150391.25,8456.96,1011,140.38999938964844,0.97
2012-04-30,149865.52,8456.96,1011,139.8699951171875,1.31
2012-05-01,150745.1,8456.96,1011,140.74000549316406,0.73
2012-05-02,150320.49,8456.96,1011,140.32000732421875,1.01
2012-05-03,149238.71,8456.96,1011,139.25,1.72
2012-05-04,146963.96,8456.96,1011,137,3.22
2012-05-07,147065.06,8456.96,1011,137.10000610351562,3.16
2012-05-08,146509.01,8456.96,1011,136.5500030517578,3.52
2012-05-09,145690.1,8456.96,1011,135.74000549316406,4.06
2012-05-10,145973.18,8456.96,1011,136.02000427246094,3.87
2012-05-11,145558.67,8456.96,1011,135.61000061035156,4.15
2012-05-14,144042.17,8456.96,1011,134.11000061035156,5.15
2012-05-15,143263.69,8456.96,1011,133.33999633789062,5.66
2012-05-16,142748.09,8456.96,1011,132.8300018310547,6
2012-05-17,140756.42,8456.96,1011,130.86000061035156,7.31
2012-05-18,139624.1,8456.96,1011,129.74000549316406,8.06
2012-05-21,141878.63,8456.96,1011,131.97000122070312,6.57
2012-05-22,142111.16,8456.96,1011,132.1999969482422,6.42
2012-05-23,142181.93,8456.96,1011,132.27000427246094,6.37
2012-05-24,142444.79,8456.96,1011,132.52999877929688,6.2
2012-05-25,142010.06,8456.96,1011,132.10000610351562,6.48
2012-05-29,143627.66,8456.96,1011,133.6999969482422,5.42
2012-05-30,141666.31,8456.96,1011,131.75999450683594,6.71
2012-05-31,141373.13,8456.96,1011,131.47000122070312,6.9
2012-06-01,138026.72,8456.96,1011,128.16000366210938,9.11
2012-06-04,137966.06,8456.96,1011,128.10000610351562,9.15
2012-06-05,138946.74,8456.96,1011,129.07000732421875,8.5
2012-06-06,141878.63,8456.96,1011,131.97000122070312,6.57
2012-06-07,141959.51,8456.96,1011,132.0500030517578,6.52
2012-06-08,143021.06,8456.96,1011,133.10000610351562,5.82
2012-06-11,141312.47,8456.96,1011,131.41000366210938,6.94
2012-06-12,142839.08,8456.96,1011,132.9199981689453,5.94
2012-06-13,141979.74,8456.96,1011,132.07000732421875,6.5
2012-06-14,143395.13,8456.96,1011,133.47000122070312,5.57
2012-06-15,144768.07,9152.53,1011,134.13999938964844,4.67
2012-06-18,145030.92,9152.53,1011,134.39999389648438,4.5
2012-06-19,146345.23,9152.53,1011,135.6999969482422,3.63
2012-06-20,146122.8,9152.53,1011,135.47999572753906,3.78
2012-06-21,143049.37,9152.53,1011,132.44000244140625,5.8
2012-06-22,144080.6,9152.53,1011,133.4600067138672,5.12
2012-06-25,141917.06,9152.53,1011,131.32000732421875,6.55
2012-06-26,142584.3,9152.53,1011,131.97999572753906,6.11
2012-06-27,143787.4,9152.53,1011,133.1699981689453,5.31
2012-06-28,143403.21,9152.53,1011,132.7899932861328,5.57
2012-06-29,146749.63,9152.53,1011,136.10000610351562,3.36
2012-07-02,147164.13,9152.53,1011,136.50999450683594,3.09
2012-07-03,148074.04,9152.53,1011,137.41000366210938,2.49
2012-07-05,147447.21,9152.53,1011,136.7899932861328,2.9
2012-07-06,146132.92,9152.53,1011,135.49000549316406,3.77
2012-07-09,145961.06,9152.53,1011,135.32000732421875,3.88
2012-07-10,144768.07,9152.53,1011,134.13999938964844,4.67
2012-07-11,144788.29,9152.53,1011,134.16000366210938,4.65
2012-07-12,144131.13,9152.53,1011,133.50999450683594,5.09
2012-07-13,146395.78,9152.53,1011,135.75,3.6
2012-07-16,146072.25,9152.53,1011,135.42999267578125,3.81
2012-07-17,147012.49,9152.53,1011,136.36000061035156,3.19
2012-07-18,148033.59,9152.53,1011,137.3699951171875,2.52
2012-07-19,148397.55,9152.53,1011,137.72999572753906,2.28
2012-07-20,147123.7,9152.53,1011,136.47000122070312,3.12
2012-07-23,145728.51,9152.53,1011,135.08999633789062,4.04
2012-07-24,144555.75,9152.53,1011,133.92999267578125,4.81
2012-07-25,144586.1,9152.53,1011,133.9600067138672,4.79
2012-07-26,146820.4,9152.53,1011,136.1699981689453,3.32
2012-07-27,149358,9152.53,1011,138.67999267578125,1.65
2012-07-30,149358,9152.53,1011,138.67999267578125,1.65
2012-07-31,148377.35,9152.53,1011,137.7100067138672,2.29
2012-08-01,148256.01,9152.53,1011,137.58999633789062,2.37
2012-08-02,147295.57,9152.53,1011,136.63999938964844,3
2012-08-03,150035.38,9152.53,1011,139.35000610351562,1.2
2012-08-06,150308.34,9152.53,1011,139.6199951171875,1.02
2012-08-07,151016.06,9152.53,1011,140.32000732421875,0.55
2012-08-08,151187.92,9152.53,1011,140.49000549316406,0.44
2012-08-09,151309.24,9152.53,1011,140.61000061035156,0.36
2012-08-10,151541.76,9152.53,1011,140.83999633789062,0.21
2012-08-13,151471,9152.53,1011,140.77000427246094,0.25
2012-08-14,151491.21,9152.53,1011,140.7899932861328,0.24
2012-08-15,151652.98,9152.53,1011,140.9499969482422,0.13
2012-08-16,152704.42,9152.53,1011,141.99000549316406,0
2012-08-17,152896.5,9152.53,1011,142.17999267578125,0
2012-08-20,152906.62,9152.53,1011,142.19000244140625,0
2012-08-21,152471.88,9152.53,1011,141.75999450683594,0.28
2012-08-22,152532.56,9152.53,1011,141.82000732421875,0.24
2012-08-23,151359.79,9152.53,1011,140.66000366210938,1.01
2012-08-24,152219.13,9152.53,1011,141.50999450683594,0.45
2012-08-27,152249.46,9152.53,1011,141.5399932861328,0.43
2012-08-28,152107.92,9152.53,1011,141.39999389648438,0.52
2012-08-29,152219.13,9152.53,1011,141.50999450683594,0.45
2012-08-30,151187.92,9152.53,1011,140.49000549316406,1.12
2012-08-31,151865.29,9152.53,1011,141.16000366210938,0.68
2012-09-04,151733.86,9152.53,1011,141.02999877929688,0.77
2012-09-05,151612.54,9152.53,1011,140.91000366210938,0.85
2012-09-06,154504,9152.53,1011,143.77000427246094,0
2012-09-07,155070.16,9152.53,1011,144.3300018310547,0
2012-09-10,154241.13,9152.53,1011,143.50999450683594,0.53
2012-09-11,154645.54,9152.53,1011,143.91000366210938,0.27
2012-09-12,155130.82,9152.53,1011,144.38999938964844,0
2012-09-13,157355.01,9152.53,1011,146.58999633789062,0
2012-09-14,158012.17,9152.53,1011,147.24000549316406,0
2012-09-17,157506.67,9152.53,1011,146.74000549316406,0.32
2012-09-18,157385.34,9152.53,1011,146.6199951171875,0.4
2012-09-19,157466.23,9152.53,1011,146.6999969482422,0.35
2012-09-20,157476.35,9152.53,1011,146.7100067138672,0.34
2012-09-21,157414.66,9940.1,1011,145.8699951171875,0.38
2012-09-24,157192.24,9940.1,1011,145.64999389648438,0.52
2012-09-25,155625.2,9940.1,1011,144.10000610351562,1.51
2012-09-26,154806.28,9940.1,1011,143.2899932861328,2.03
2012-09-27,156171.14,9940.1,1011,144.63999938964844,1.17
2012-09-28,155493.77,9940.1,1011,143.97000122070312,1.59
2012-10-01,155877.95,9940.1,1011,144.35000610351562,1.35
2012-10-02,156029.6,9940.1,1011,144.5,1.25
2012-10-03,156626.08,9940.1,1011,145.08999633789062,0.88
2012-10-04,157677.53,9940.1,1011,146.1300048828125,0.21
2012-10-05,157687.64,9940.1,1011,146.13999938964844,0.21
2012-10-08,157182.14,9940.1,1011,145.63999938964844,0.53
2012-10-09,155726.3,9940.1,1011,144.1999969482422,1.45
2012-10-10,154796.18,9940.1,1011,143.27999877929688,2.04
2012-10-11,154877.06,9940.1,1011,143.36000061035156,1.98
2012-10-12,154401.89,9940.1,1011,142.88999938964844,2.28
2012-10-15,155604.98,9940.1,1011,144.0800018310547,1.52
2012-10-16,157081.03,9940.1,1011,145.5399932861328,0.59
2012-10-17,157748.3,9940.1,1011,146.1999969482422,0.17
2012-10-18,157364.13,9940.1,1011,145.82000732421875,0.41
2012-10-19,154907.39,9940.1,1011,143.38999938964844,1.96
2012-10-22,154927.61,9940.1,1011,143.41000366210938,1.95
2012-10-23,152915.72,9940.1,1011,141.4199981689453,3.23
2012-10-24,152511.32,9940.1,1011,141.02000427246094,3.48
2012-10-25,152925.82,9940.1,1011,141.42999267578125,3.22
2012-10-26,152844.95,9940.1,1011,141.35000610351562,3.27
2012-10-31,152844.95,9940.1,1011,141.35000610351562,3.27
2012-11-01,154341.23,9940.1,1011,142.8300018310547,2.32
2012-11-02,153057.26,9940.1,1011,141.55999755859375,3.14
2012-11-05,153350.45,9940.1,1011,141.85000610351562,2.95
2012-11-06,154472.67,9940.1,1011,142.9600067138672,2.24
2012-11-07,151197.02,9940.1,1011,139.72000122070312,4.31
2012-11-08,149498.53,9940.1,1011,138.0399932861328,5.39
2012-11-09,149619.86,9940.1,1011,138.16000366210938,5.31
2012-11-12,149731.07,9940.1,1011,138.27000427246094,5.24
2012-11-13,149245.78,9940.1,1011,137.7899932861328,5.55
2012-11-14,147365.32,9940.1,1011,135.92999267578125,6.74
2012-11-15,147132.8,9940.1,1011,135.6999969482422,6.89
2012-11-16,147810.16,9940.1,1011,136.3699951171875,6.46
2012-11-19,150600.53,9940.1,1011,139.1300048828125,4.69
2012-11-20,150661.19,9940.1,1011,139.19000244140625,4.65
2012-11-21,150924.05,9940.1,1011,139.4499969482422,4.49
2012-11-23,152844.95,9940.1,1011,141.35000610351562,3.27
2012-11-26,152541.65,9940.1,1011,141.0500030517578,3.46
2012-11-27,151813.73,9940.1,1011,140.3300018310547,3.92
2012-11-28,152956.17,9940.1,1011,141.4600067138672,3.2
2012-11-29,153623.41,9940.1,1011,142.1199951171875,2.78
2012-11-30,153653.74,9940.1,1011,142.14999389648438,2.76
2012-12-03,152946.05,9940.1,1011,141.4499969482422,3.21
2012-12-04,152743.85,9940.1,1011,141.25,3.33
2012-12-05,152996.6,9940.1,1011,141.5,3.17
2012-12-06,153481.87,9940.1,1011,141.97999572753906,2.87
2012-12-07,153916.61,9940.1,1011,142.41000366210938,2.59
2012-12-10,153977.27,9940.1,1011,142.47000122070312,2.55
2012-12-11,154957.94,9940.1,1011,143.44000244140625,1.93
2012-12-12,155028.7,9940.1,1011,143.50999450683594,1.89
2012-12-13,154139.03,9940.1,1011,142.6300048828125,2.45
2012-12-14,153603.2,9940.1,1011,142.10000610351562,2.79
2012-12-17,155291.57,9940.1,1011,143.77000427246094,1.72
2012-12-18,156909.16,9940.1,1011,145.3699951171875,0.7
2012-12-19,155817.28,9940.1,1011,144.2899932861328,1.39
2012-12-20,156656.41,9940.1,1011,145.1199951171875,0.86
2012-12-21,155334.02,10973.34,1011,142.7899932861328,1.69
2012-12-24,154889.19,10973.34,1011,142.35000610351562,1.98
2012-12-26,154282.59,10973.34,1011,141.75,2.36
2012-12-27,154090.5,10973.34,1011,141.55999755859375,2.48
2012-12-28,152543.67,10973.34,1011,140.02999877929688,3.46
2012-12-31,154949.85,10973.34,1011,142.41000366210938,1.94
2013-01-02,158640,10973.34,1011,146.05999755859375,0
2013-01-03,158306.36,10973.34,1011,145.72999572753906,0.21
2013-01-04,158953.4,10973.34,1011,146.3699951171875,0
2013-01-07,158549.01,10973.34,1011,145.97000122070312,0.25
2013-01-08,158124.39,10973.34,1011,145.5500030517578,0.52
2013-01-09,158498.46,10973.34,1011,145.9199981689453,0.29
2013-01-10,159671.22,10973.34,1011,147.0800018310547,0
2013-01-11,159661.12,10973.34,1011,147.07000732421875,0.01
2013-01-14,159560.01,10973.34,1011,146.97000122070312,0.07
2013-01-15,159661.12,10973.34,1011,147.07000732421875,0.01
2013-01-16,159640.89,10973.34,1011,147.0500030517578,0.02
2013-01-17,160601.34,10973.34,1011,148,0
2013-01-18,160934.97,10973.34,1011,148.3300018310547,0
2013-01-22,161743.77,10973.34,1011,149.1300048828125,0
2013-01-23,161986.4,10973.34,1011,149.3699951171875,0
2013-01-24,162026.85,10973.34,1011,149.41000366210938,0
2013-01-25,162876.09,10973.34,1011,150.25,0
2013-01-28,162694.12,10973.34,1011,150.07000732421875,0.11
2013-01-29,163290.6,10973.34,1011,150.66000366210938,0
2013-01-30,162694.12,10973.34,1011,150.07000732421875,0.37
2013-01-31,162320.04,10973.34,1011,149.6999969482422,0.59
2013-02-01,163876.98,10973.34,1011,151.24000549316406,0
2013-02-04,162158.27,10973.34,1011,149.5399932861328,1.05
2013-02-05,163684.89,10973.34,1011,151.0500030517578,0.12
2013-02-06,163796.1,10973.34,1011,151.16000366210938,0.05
2013-02-07,163593.91,10973.34,1011,150.9600067138672,0.17
2013-02-08,164443.14,10973.34,1011,151.8000030517578,0
2013-02-11,164412.81,10973.34,1011,151.77000427246094,0.02
2013-02-12,164665.56,10973.34,1011,152.02000427246094,0
2013-02-13,164796.98,10973.34,1011,152.14999389648438,0
2013-02-14,164938.52,10973.34,1011,152.2899932861328,0
2013-02-15,164756.55,10973.34,1011,152.11000061035156,0.11
2013-02-19,165909.09,10973.34,1011,153.25,0
2013-02-20,163978.07,10973.34,1011,151.33999633789062,1.16
2013-02-21,163047.96,10973.34,1011,150.4199981689453,1.72
2013-02-22,164534.13,10973.34,1011,151.88999938964844,0.83
2013-02-25,161612.34,10973.34,1011,149,2.59
2013-02-26,162643.56,10973.34,1011,150.02000427246094,1.97
2013-02-27,164554.35,10973.34,1011,151.91000366210938,0.82
2013-02-28,164251.05,10973.34,1011,151.61000061035156,1
2013-03-01,164756.55,10973.34,1011,152.11000061035156,0.69
2013-03-04,165575.46,10973.34,1011,152.9199981689453,0.2
2013-03-05,166960.52,10973.34,1011,154.2899932861328,0
2013-03-06,167172.84,10973.34,1011,154.5,0
2013-03-07,167455.92,10973.34,1011,154.77999877929688,0
2013-03-08,168123.18,10973.34,1011,155.44000244140625,0
2013-03-11,168719.67,10973.34,1011,156.02999877929688,0
2013-03-12,168365.81,10973.34,1011,155.67999267578125,0.21
2013-03-13,168588.23,10973.34,1011,155.89999389648438,0.08
2013-03-14,169427.36,10973.34,1011,156.72999572753906,0
2013-03-15,169219.1,11674.97,1011,155.8300018310547,0.12
2013-03-18,168349.64,11674.97,1011,154.97000122070312,0.64
2013-03-19,167985.68,11674.97,1011,154.61000061035156,0.85
2013-03-20,169077.56,11674.97,1011,155.69000244140625,0.21
2013-03-21,167732.93,11674.97,1011,154.36000061035156,1
2013-03-22,168986.57,11674.97,1011,155.60000610351562,0.26
2013-03-25,168329.42,11674.97,1011,154.9499969482422,0.65
2013-03-26,169583.06,11674.97,1011,156.19000244140625,0
2013-03-27,169583.06,11674.97,1011,156.19000244140625,0
2013-03-28,170068.34,11674.97,1011,156.6699981689453,0
2013-04-01,169441.52,11674.97,1011,156.0500030517578,0.37
2013-04-02,170220,11674.97,1011,156.82000732421875,0
2013-04-03,168612.49,11674.97,1011,155.22999572753906,0.94
2013-04-04,169249.43,11674.97,1011,155.86000061035156,0.57
2013-04-05,168541.73,11674.97,1011,155.16000366210938,0.99
2013-04-08,169603.29,11674.97,1011,156.2100067138672,0.36
2013-04-09,170149.22,11674.97,1011,156.75,0.04
2013-04-10,172090.34,11674.97,1011,158.6699981689453,0
2013-04-11,172616.06,11674.97,1011,159.19000244140625,0
2013-04-12,172221.77,11674.97,1011,158.8000030517578,0.23
2013-04-15,168501.28,11674.97,1011,155.1199951171875,2.38
2013-04-16,170816.48,11674.97,1011,157.41000366210938,1.04
2013-04-17,168491.18,11674.97,1011,155.11000061035156,2.39
2013-04-18,167510.51,11674.97,1011,154.13999938964844,2.96
2013-04-19,168865.24,11674.97,1011,155.47999572753906,2.17
2013-04-22,169562.84,11674.97,1011,156.1699981689453,1.77
2013-04-23,171190.55,11674.97,1011,157.77999877929688,0.83
2013-04-24,171291.65,11674.97,1011,157.8800048828125,0.77
2013-04-25,171938.69,11674.97,1011,158.52000427246094,0.39
2013-04-26,171655.61,11674.97,1011,158.24000549316406,0.56
2013-04-29,172727.27,11674.97,1011,159.3000030517578,0
2013-04-30,173111.44,11674.97,1011,159.67999267578125,0
2013-05-01,171696.05,11674.97,1011,158.27999877929688,0.82
2013-05-02,173182.22,11674.97,1011,159.75,0
2013-05-03,174820.03,11674.97,1011,161.3699951171875,0
2013-05-06,175234.55,11674.97,1011,161.77999877929688,0
2013-05-07,176063.57,11674.97,1011,162.60000610351562,0
2013-05-08,176811.7,11674.97,1011,163.33999633789062,0
2013-05-09,176346.65,11674.97,1011,162.8800048828125,0.26
2013-05-10,176882.48,11674.97,1011,163.41000366210938,0
2013-05-13,177013.9,11674.97,1011,163.5399932861328,0
2013-05-14,178722.49,11674.97,1011,165.22999572753906,0
2013-05-15,179622.28,11674.97,1011,166.1199951171875,0
2013-05-16,178833.7,11674.97,1011,165.33999633789062,0.44
2013-05-17,180451.31,11674.97,1011,166.94000244140625,0
2013-05-20,180441.19,11674.97,1011,166.92999267578125,0.01
2013-05-21,180683.84,11674.97,1011,167.1699981689453,0
2013-05-22,179430.19,11674.97,1011,165.92999267578125,0.69
2013-05-23,178944.92,11674.97,1011,165.4499969482422,0.96
2013-05-24,178803.38,11674.97,1011,165.30999755859375,1.04
2013-05-28,179804.27,11674.97,1011,166.3000030517578,0.49
2013-05-29,178712.39,11674.97,1011,165.22000122070312,1.09
2013-05-30,179329.1,11674.97,1011,165.8300018310547,0.75
2013-05-31,176922.92,11674.97,1011,163.4499969482422,2.08
2013-06-03,177832.82,11674.97,1011,164.35000610351562,1.58
2013-06-04,177034.13,11674.97,1011,163.55999755859375,2.02
2013-06-05,174718.94,11674.97,1011,161.27000427246094,3.3
2013-06-06,176194.99,11674.97,1011,162.72999572753906,2.48
2013-06-07,178287.77,11674.97,1011,164.8000030517578,1.33
2013-06-10,178287.77,11674.97,1011,164.8000030517578,1.33
2013-06-11,176569.07,11674.97,1011,163.10000610351562,2.28
2013-06-12,175204.22,11674.97,1011,161.75,3.03
2013-06-13,177691.29,11674.97,1011,164.2100067138672,1.66
2013-06-14,176649.94,11674.97,1011,163.17999267578125,2.23
2013-06-17,177923.81,11674.97,1011,164.44000244140625,1.53
2013-06-18,179238.11,11674.97,1011,165.74000549316406,0.8
2013-06-19,176922.92,11674.97,1011,163.4499969482422,2.08
2013-06-20,172828.36,11674.97,1011,159.39999389648438,4.35
2013-06-21,173342.98,12523.2,1011,159.07000732421875,4.06
2013-06-24,171310.86,12523.2,1011,157.05999755859375,5.19
2013-06-25,172837.48,12523.2,1011,158.57000732421875,4.34
2013-06-26,174424.74,12523.2,1011,160.13999938964844,3.46
2013-06-27,175375.08,12523.2,1011,161.0800018310547,2.94
2013-06-28,174707.82,12523.2,1011,160.4199981689453,3.31
2013-07-01,175658.16,12523.2,1011,161.36000061035156,2.78
2013-07-02,175506.52,12523.2,1011,161.2100067138672,2.87
2013-07-03,175577.28,12523.2,1011,161.27999877929688,2.83
2013-07-05,177336.42,12523.2,1011,163.02000427246094,1.85
2013-07-08,178276.65,12523.2,1011,163.9499969482422,1.33
2013-07-09,179469.63,12523.2,1011,165.1300048828125,0.67
2013-07-10,179530.29,12523.2,1011,165.19000244140625,0.64
2013-07-11,181805.04,12523.2,1011,167.44000244140625,0
2013-07-12,181875.8,12523.2,1011,167.50999450683594,0
2013-07-15,182522.84,12523.2,1011,168.14999389648438,0
2013-07-16,181885.92,12523.2,1011,167.52000427246094,0.35
2013-07-17,182320.65,12523.2,1011,167.9499969482422,0.11
2013-07-18,183250.76,12523.2,1011,168.8699951171875,0
2013-07-19,183554.07,12523.2,1011,169.1699981689453,0
2013-07-22,183887.7,12523.2,1011,169.5,0
2013-07-23,183523.74,12523.2,1011,169.13999938964844,0.2
2013-07-24,182896.92,12523.2,1011,168.52000427246094,0.54
2013-07-25,183311.42,12523.2,1011,168.92999267578125,0.31
2013-07-26,183493.41,12523.2,1011,169.11000061035156,0.21
2013-07-29,182967.68,12523.2,1011,168.58999633789062,0.5
2013-07-30,182967.68,12523.2,1011,168.58999633789062,0.5
2013-07-31,183089.02,12523.2,1011,168.7100067138672,0.43
2013-08-01,185060.46,12523.2,1011,170.66000366210938,0
2013-08-02,185353.65,12523.2,1011,170.9499969482422,0
2013-08-05,185100.9,12523.2,1011,170.6999969482422,0.14
2013-08-06,184120.22,12523.2,1011,169.72999572753906,0.67
2013-08-07,183564.17,12523.2,1011,169.17999267578125,0.97
2013-08-08,184191,12523.2,1011,169.8000030517578,0.63
2013-08-09,183695.61,12523.2,1011,169.30999755859375,0.89
2013-08-12,183493.41,12523.2,1011,169.11000061035156,1
2013-08-13,183998.91,12523.2,1011,169.61000061035156,0.73
2013-08-14,183119.34,12523.2,1011,168.74000549316406,1.21
2013-08-15,180733.38,12523.2,1011,166.3800048828125,2.49
2013-08-16,180177.33,12523.2,1011,165.8300018310547,2.79
2013-08-19,179105.67,12523.2,1011,164.77000427246094,3.37
2013-08-20,179924.58,12523.2,1011,165.5800018310547,2.93
2013-08-21,178893.36,12523.2,1011,164.55999755859375,3.49
2013-08-22,180409.86,12523.2,1011,166.05999755859375,2.67
2013-08-23,180976.01,12523.2,1011,166.6199951171875,2.36
2013-08-26,180349.2,12523.2,1011,166,2.7
2013-08-27,177649.83,12523.2,1011,163.3300018310547,4.16
2013-08-28,178236.21,12523.2,1011,163.91000366210938,3.84
2013-08-29,178499.07,12523.2,1011,164.1699981689453,3.7
2013-08-30,177973.34,12523.2,1011,163.64999389648438,3.98
2013-09-03,178721.49,12523.2,1011,164.38999938964844,3.58
2013-09-04,180096.45,12523.2,1011,165.75,2.84
2013-09-05,180308.77,12523.2,1011,165.9600067138672,2.72
2013-09-06,180389.63,12523.2,1011,166.0399932861328,2.68
2013-09-09,181997.13,12523.2,1011,167.6300048828125,1.81
2013-09-10,183250.76,12523.2,1011,168.8699951171875,1.13
2013-09-11,183786.59,12523.2,1011,169.39999389648438,0.85
2013-09-12,183331.65,12523.2,1011,168.9499969482422,1.09
2013-09-13,183715.83,12523.2,1011,169.3300018310547,0.88
2013-09-16,184706.61,12523.2,1011,170.30999755859375,0.35
2013-09-17,185474.98,12523.2,1011,171.07000732421875,0
2013-09-18,187476.75,12523.2,1011,173.0500030517578,0
2013-09-19,187183.55,12523.2,1011,172.75999450683594,0.16
2013-09-20,185968.34,13370.42,1011,170.72000122070312,0.8
2013-09-23,185169.64,13370.42,1011,169.92999267578125,1.23
2013-09-24,184765.25,13370.42,1011,169.52999877929688,1.45
2013-09-25,184269.85,13370.42,1011,169.0399932861328,1.71
2013-09-26,184927.01,13370.42,1011,169.69000244140625,1.36
2013-09-27,184138.43,13370.42,1011,168.91000366210938,1.78
2013-09-30,183228.52,13370.42,1011,168.00999450683594,2.27
2013-10-01,184573.15,13370.42,1011,169.33999633789062,1.55
2013-10-02,184411.39,13370.42,1011,169.17999267578125,1.64
2013-10-03,182834.23,13370.42,1011,167.6199951171875,2.48
2013-10-04,184118.21,13370.42,1011,168.88999938964844,1.79
2013-10-07,182642.14,13370.42,1011,167.42999267578125,2.58
2013-10-08,180670.69,13370.42,1011,165.47999572753906,3.63
2013-10-09,180792.02,13370.42,1011,165.60000610351562,3.57
2013-10-10,184401.29,13370.42,1011,169.1699981689453,1.64
2013-10-11,185503.27,13370.42,1011,170.25999450683594,1.05
2013-10-14,186190.76,13370.42,1011,170.94000244140625,0.69
2013-10-15,184937.12,13370.42,1011,169.6999969482422,1.35
2013-10-16,187333.2,13370.42,1011,172.07000732421875,0.08
2013-10-17,188495.84,13370.42,1011,173.22000122070312,0
2013-10-18,189678.71,13370.42,1011,174.38999938964844,0
2013-10-21,189688.81,13370.42,1011,174.39999389648438,0
2013-10-22,190709.93,13370.42,1011,175.41000366210938,0
2013-10-23,189860.7,13370.42,1011,174.57000732421875,0.45
2013-10-24,190447.06,13370.42,1011,175.14999389648438,0.14
2013-10-25,191255.87,13370.42,1011,175.9499969482422,0
2013-10-28,191538.94,13370.42,1011,176.22999572753906,0
2013-10-29,192489.29,13370.42,1011,177.1699981689453,0
2013-10-30,191599.6,13370.42,1011,176.2899932861328,0.46
2013-10-31,191094.1,13370.42,1011,175.7899932861328,0.72
2013-11-01,191518.74,13370.42,1011,176.2100067138672,0.5
2013-11-04,192145.55,13370.42,1011,176.8300018310547,0.18
2013-11-05,191579.39,13370.42,1011,176.27000427246094,0.47
2013-11-06,192489.29,13370.42,1011,177.1699981689453,0
2013-11-07,190224.64,13370.42,1011,174.92999267578125,1.18
2013-11-08,192610.6,13370.42,1011,177.2899932861328,0
2013-11-11,192640.95,13370.42,1011,177.32000732421875,0
2013-11-12,192276.99,13370.42,1011,176.9600067138672,0.19
2013-11-13,193712.6,13370.42,1011,178.3800048828125,0
2013-11-14,194612.39,13370.42,1011,179.27000427246094,0
2013-11-15,195400.97,13370.42,1011,180.0500030517578,0
2013-11-18,194764.04,13370.42,1011,179.4199981689453,0.33
2013-11-19,194369.75,13370.42,1011,179.02999877929688,0.53
2013-11-20,193803.59,13370.42,1011,178.47000122070312,0.82
2013-11-21,195259.43,13370.42,1011,179.91000366210938,0.07
2013-11-22,196169.33,13370.42,1011,180.80999755859375,0
2013-11-25,195987.35,13370.42,1011,180.6300048828125,0.09
2013-11-26,196037.89,13370.42,1011,180.67999267578125,0.07
2013-11-27,196482.73,13370.42,1011,181.1199951171875,0
2013-11-29,196361.42,13370.42,1011,181,0.06
2013-12-02,195886.25,13370.42,1011,180.52999877929688,0.3
2013-12-03,195097.67,13370.42,1011,179.75,0.7
2013-12-04,195077.44,13370.42,1011,179.72999572753906,0.72
2013-12-05,194278.76,13370.42,1011,178.94000244140625,1.12
2013-12-06,196300.76,13370.42,1011,180.94000244140625,0.09
2013-12-09,196765.81,13370.42,1011,181.39999389648438,0
2013-12-10,196108.67,13370.42,1011,180.75,0.33
2013-12-11,194056.34,13370.42,1011,178.72000122070312,1.38
2013-12-12,193459.85,13370.42,1011,178.1300048828125,1.68
2013-12-13,193439.63,13370.42,1011,178.11000061035156,1.69
2013-12-16,194561.84,13370.42,1011,179.22000122070312,1.12
2013-12-17,193985.56,13370.42,1011,178.64999389648438,1.41
2013-12-18,197069.12,13370.42,1011,181.6999969482422,0
2013-12-19,196856.81,13370.42,1011,181.49000549316406,0.11
2013-12-20,197918.36,14361.2,1011,181.55999755859375,0
2013-12-23,198899.03,14361.2,1011,182.52999877929688,0
2013-12-24,199303.42,14361.2,1011,182.92999267578125,0
2013-12-26,200243.66,14361.2,1011,183.86000061035156,0
2013-12-27,200233.55,14361.2,1011,183.85000610351562,0.01
2013-12-30,200203.23,14361.2,1011,183.82000732421875,0.02
2013-12-31,201082.79,14361.2,1011,184.69000244140625,0
2014-01-02,199293.32,14361.2,1011,182.9199981689453,0.89
2014-01-03,199262.99,14361.2,1011,182.88999938964844,0.91
2014-01-06,198727.16,14361.2,1011,182.36000061035156,1.17
2014-01-07,199859.47,14361.2,1011,183.47999572753906,0.61
2014-01-08,199899.92,14361.2,1011,183.52000427246094,0.59
2014-01-09,200021.24,14361.2,1011,183.63999938964844,0.53
2014-01-10,200526.74,14361.2,1011,184.13999938964844,0.28
2014-01-13,198049.79,14361.2,1011,181.69000244140625,1.51
2014-01-14,200051.57,14361.2,1011,183.6699981689453,0.51
2014-01-15,201052.46,14361.2,1011,184.66000366210938,0.02
2014-01-16,200809.82,14361.2,1011,184.4199981689453,0.14
2014-01-17,200021.24,14361.2,1011,183.63999938964844,0.53
2014-01-21,200567.17,14361.2,1011,184.17999267578125,0.26
2014-01-22,200688.5,14361.2,1011,184.3000030517578,0.2
2014-01-23,199161.88,14361.2,1011,182.7899932861328,0.96
2014-01-24,195218.99,14361.2,1011,178.88999938964844,2.92
2014-01-27,194329.3,14361.2,1011,178.00999450683594,3.36
2014-01-28,195400.98,14361.2,1011,179.07000732421875,2.83
2014-01-29,193662.05,14361.2,1011,177.35000610351562,3.69
2014-01-30,195562.72,14361.2,1011,179.22999572753906,2.75
2014-01-31,194501.17,14361.2,1011,178.17999267578125,3.27
2014-02-03,190447.07,14361.2,1011,174.1699981689453,5.29
2014-02-04,191680.49,14361.2,1011,175.38999938964844,4.68
2014-02-05,191458.07,14361.2,1011,175.1699981689453,4.79
2014-02-06,193793.47,14361.2,1011,177.47999572753906,3.63
2014-02-07,196017.67,14361.2,1011,179.67999267578125,2.52
2014-02-10,196351.3,14361.2,1011,180.00999450683594,2.35
2014-02-11,198342.97,14361.2,1011,181.97999572753906,1.36
2014-02-12,198433.98,14361.2,1011,182.07000732421875,1.32
2014-02-13,199384.3,14361.2,1011,183.00999450683594,0.84
2014-02-14,200405.42,14361.2,1011,184.02000427246094,0.34
2014-02-18,200627.84,14361.2,1011,184.24000549316406,0.23
2014-02-19,199394.42,14361.2,1011,183.02000427246094,0.84
2014-02-20,200486.3,14361.2,1011,184.10000610351562,0.3
2014-02-21,200273.99,14361.2,1011,183.88999938964844,0.4
2014-02-24,201305.21,14361.2,1011,184.91000366210938,0
2014-02-25,201234.43,14361.2,1011,184.83999633789062,0.04
2014-02-26,201244.55,14361.2,1011,184.85000610351562,0.03
2014-02-27,202225.23,14361.2,1011,185.82000732421875,0
2014-02-28,202700.38,14361.2,1011,186.2899932861328,0
2014-03-03,201375.97,14361.2,1011,184.97999572753906,0.65
2014-03-04,204004.58,14361.2,1011,187.5800018310547,0
2014-03-05,204176.45,14361.2,1011,187.75,0
2014-03-06,204611.17,14361.2,1011,188.17999267578125,0
2014-03-07,204692.05,14361.2,1011,188.25999450683594,0
2014-03-10,204590.96,14361.2,1011,188.16000366210938,0.05
2014-03-11,203650.72,14361.2,1011,187.22999572753906,0.51
2014-03-12,203701.28,14361.2,1011,187.27999877929688,0.48
2014-03-13,201578.17,14361.2,1011,185.17999267578125,1.52
2014-03-14,201052.46,14361.2,1011,184.66000366210938,1.78
2014-03-17,202740.83,14361.2,1011,186.3300018310547,0.95
2014-03-18,204085.46,14361.2,1011,187.66000366210938,0.3
2014-03-19,203074.46,14361.2,1011,186.66000366210938,0.79
2014-03-20,204176.45,14361.2,1011,187.75,0.25
2014-03-21,203443.48,15195.28,1011,186.1999969482422,0.61
2014-03-24,202665,15195.28,1011,185.42999267578125,0.99
2014-03-25,203554.69,15195.28,1011,186.30999755859375,0.56
2014-03-26,202199.95,15195.28,1011,184.97000122070312,1.22
2014-03-27,201805.66,15195.28,1011,184.5800018310547,1.41
2014-03-28,202725.67,15195.28,1011,185.49000549316406,0.96
2014-03-31,204262.38,15195.28,1011,187.00999450683594,0.21
2014-04-01,205516.03,15195.28,1011,188.25,0
2014-04-02,206152.96,15195.28,1011,188.8800048828125,0
2014-04-03,205900.21,15195.28,1011,188.6300048828125,0.12
2014-04-04,203645.67,15195.28,1011,186.39999389648438,1.22
2014-04-07,201563.01,15195.28,1011,184.33999633789062,2.23
2014-04-08,202331.38,15195.28,1011,185.10000610351562,1.85
2014-04-09,204343.26,15195.28,1011,187.08999633789062,0.88
2014-04-10,200370.04,15195.28,1011,183.16000366210938,2.81
2014-04-11,198701.88,15195.28,1011,181.50999450683594,3.61
2014-04-14,200147.62,15195.28,1011,182.94000244140625,2.91
2014-04-15,201421.48,15195.28,1011,184.1999969482422,2.3
2014-04-16,203372.71,15195.28,1011,186.1300048828125,1.35
2014-04-17,203635.57,15195.28,1011,186.38999938964844,1.22
2014-04-21,204292.71,15195.28,1011,187.0399932861328,0.9
2014-04-22,205152.07,15195.28,1011,187.88999938964844,0.49
2014-04-23,204707.23,15195.28,1011,187.4499969482422,0.7
2014-04-24,205091.41,15195.28,1011,187.8300018310547,0.51
2014-04-25,203534.46,15195.28,1011,186.2899932861328,1.27
2014-04-28,204130.96,15195.28,1011,186.8800048828125,0.98
2014-04-29,205010.53,15195.28,1011,187.75,0.55
2014-04-30,205576.69,15195.28,1011,188.30999755859375,0.28
2014-05-01,205596.91,15195.28,1011,188.3300018310547,0.27
2014-05-02,205323.94,15195.28,1011,188.05999755859375,0.4
2014-05-05,205687.9,15195.28,1011,188.4199981689453,0.23
2014-05-06,204029.86,15195.28,1011,186.77999877929688,1.03
2014-05-07,205141.96,15195.28,1011,187.8800048828125,0.49
2014-05-08,204939.75,15195.28,1011,187.67999267578125,0.59
2014-05-09,205222.85,15195.28,1011,187.9600067138672,0.45
2014-05-12,207072.96,15195.28,1011,189.7899932861328,0
2014-05-13,207244.85,15195.28,1011,189.9600067138672,0
2014-05-14,206334.94,15195.28,1011,189.05999755859375,0.44
2014-05-15,204656.67,15195.28,1011,187.39999389648438,1.25
2014-05-16,205313.83,15195.28,1011,188.0500030517578,0.93
2014-05-19,206011.42,15195.28,1011,188.74000549316406,0.6
2014-05-20,204808.33,15195.28,1011,187.5500030517578,1.18
2014-05-21,206405.71,15195.28,1011,189.1300048828125,0.4
2014-05-22,206870.76,15195.28,1011,189.58999633789062,0.18
2014-05-23,207639.13,15195.28,1011,190.35000610351562,0
2014-05-27,208822,15195.28,1011,191.52000427246094,0
2014-05-28,208680.46,15195.28,1011,191.3800048828125,0.07
2014-05-29,209681.34,15195.28,1011,192.3699951171875,0
2014-05-30,209994.75,15195.28,1011,192.67999267578125,0
2014-06-02,210217.17,15195.28,1011,192.89999389648438,0
2014-06-03,210116.08,15195.28,1011,192.8000030517578,0.05
2014-06-04,210510.37,15195.28,1011,193.19000244140625,0
2014-06-05,211784.23,15195.28,1011,194.4499969482422,0
2014-06-06,212724.46,15195.28,1011,195.3800048828125,0
2014-06-09,212926.66,15195.28,1011,195.5800018310547,0
2014-06-10,212946.88,15195.28,1011,195.60000610351562,0
2014-06-11,212259.4,15195.28,1011,194.9199981689453,0.32
2014-06-12,210864.21,15195.28,1011,193.5399932861328,0.98
2014-06-13,211460.71,15195.28,1011,194.1300048828125,0.7
2014-06-16,211622.46,15195.28,1011,194.2899932861328,0.62
2014-06-17,212168.41,15195.28,1011,194.8300018310547,0.37
2014-06-18,213614.13,15195.28,1011,196.25999450683594,0
2014-06-19,213836.55,15195.28,1011,196.47999572753906,0
2014-06-20,214237.93,16142.59,1011,195.94000244140625,0
2014-06-23,214177.27,16142.59,1011,195.8800048828125,0.03
2014-06-24,212984.29,16142.59,1011,194.6999969482422,0.59
2014-06-25,213873.97,16142.59,1011,195.5800018310547,0.17
2014-06-26,213732.43,16142.59,1011,195.44000244140625,0.24
2014-06-27,214116.62,16142.59,1011,195.82000732421875,0.06
2014-06-30,214015.51,16142.59,1011,195.72000122070312,0.1
2014-07-01,215339.92,16142.59,1011,197.02999877929688,0
2014-07-02,215542.11,16142.59,1011,197.22999572753906,0
2014-07-03,216522.79,16142.59,1011,198.1999969482422,0
2014-07-07,215825.19,16142.59,1011,197.50999450683594,0.32
2014-07-08,214541.23,16142.59,1011,196.24000549316406,0.92
2014-07-09,215430.9,16142.59,1011,197.1199951171875,0.5
2014-07-10,214642.32,16142.59,1011,196.33999633789062,0.87
2014-07-11,214915.3,16142.59,1011,196.61000061035156,0.74
2014-07-14,215916.19,16142.59,1011,197.60000610351562,0.28
2014-07-15,215542.11,16142.59,1011,197.22999572753906,0.45
2014-07-16,216280.16,16142.59,1011,197.9600067138672,0.11
2014-07-17,214005.41,16142.59,1011,195.7100067138672,1.16
2014-07-18,216027.41,16142.59,1011,197.7100067138672,0.23
2014-07-21,215653.32,16142.59,1011,197.33999633789062,0.4
2014-07-22,216522.79,16142.59,1011,198.1999969482422,0
2014-07-23,216967.63,16142.59,1011,198.63999938964844,0
2014-07-24,216977.73,16142.59,1011,198.64999389648438,0
2014-07-25,216037.51,16142.59,1011,197.72000122070312,0.43
2014-07-28,216118.39,16142.59,1011,197.8000030517578,0.4
2014-07-29,215259.04,16142.59,1011,196.9499969482422,0.79
2014-07-30,215289.36,16142.59,1011,196.97999572753906,0.78
2014-07-31,211356.57,16142.59,1011,193.08999633789062,2.59
2014-08-01,210760.09,16142.59,1011,192.5,2.87
2014-08-04,212165.38,16142.59,1011,193.88999938964844,2.22
2014-08-05,210264.69,16142.59,1011,192.00999450683594,3.09
2014-08-06,210325.37,16142.59,1011,192.07000732421875,3.07
2014-08-07,209273.92,16142.59,1011,191.02999877929688,3.55
2014-08-08,211508.23,16142.59,1011,193.24000549316406,2.52
2014-08-11,212074.39,16142.59,1011,193.8000030517578,2.26
2014-08-12,211801.42,16142.59,1011,193.52999877929688,2.39
2014-08-13,213125.82,16142.59,1011,194.83999633789062,1.78
2014-08-14,214055.94,16142.59,1011,195.75999450683594,1.35
2014-08-15,214015.51,16142.59,1011,195.72000122070312,1.37
2014-08-18,215673.55,16142.59,1011,197.36000061035156,0.6
2014-08-19,216714.88,16142.59,1011,198.38999938964844,0.12
2014-08-20,217250.71,16142.59,1011,198.9199981689453,0
2014-08-21,217837.09,16142.59,1011,199.5,0
2014-08-22,217523.68,16142.59,1011,199.19000244140625,0.14
2014-08-25,218544.79,16142.59,1011,200.1999969482422,0
2014-08-26,218676.22,16142.59,1011,200.3300018310547,0
2014-08-27,218595.34,16142.59,1011,200.25,0.04
2014-08-28,218484.13,16142.59,1011,200.13999938964844,0.09
2014-08-29,219060.41,16142.59,1011,200.7100067138672,0
2014-09-02,218959.3,16142.59,1011,200.61000061035156,0.05
2014-09-03,218848.09,16142.59,1011,200.5,0.1
2014-09-04,218554.91,16142.59,1011,200.2100067138672,0.23
2014-09-05,219464.8,16142.59,1011,201.11000061035156,0
2014-09-08,218939.07,16142.59,1011,200.58999633789062,0.24
2014-09-09,217655.12,16142.59,1011,199.32000732421875,0.82
2014-09-10,218413.37,16142.59,1011,200.07000732421875,0.48
2014-09-11,218645.89,16142.59,1011,200.3000030517578,0.37
2014-09-12,217463.02,16142.59,1011,199.1300048828125,0.91
2014-09-15,217311.36,16142.59,1011,198.97999572753906,0.98
2014-09-16,218827.86,16142.59,1011,200.47999572753906,0.29
2014-09-17,219100.84,16142.59,1011,200.75,0.17
2014-09-18,220182.62,16142.59,1011,201.82000732421875,0
2014-09-19,219999.62,17091.92,1011,200.6999969482422,0.08
2014-09-22,218432.56,17091.92,1011,199.14999389648438,0.79
2014-09-23,217280.02,17091.92,1011,198.00999450683594,1.32
2014-09-24,218847.08,17091.92,1011,199.55999755859375,0.61
2014-09-25,215591.65,17091.92,1011,196.33999633789062,2.09
2014-09-26,217168.81,17091.92,1011,197.89999389648438,1.37
2014-09-29,216804.85,17091.92,1011,197.5399932861328,1.53
2014-09-30,216279.14,17091.92,1011,197.02000427246094,1.77
2014-10-01,213579.77,17091.92,1011,194.35000610351562,3
2014-10-02,213610.1,17091.92,1011,194.3800048828125,2.99
2014-10-03,215773.64,17091.92,1011,196.52000427246094,2
2014-10-06,215541.1,17091.92,1011,196.2899932861328,2.11
2014-10-07,212477.77,17091.92,1011,193.25999450683594,3.5
2014-10-08,215894.96,17091.92,1011,196.63999938964844,1.95
2014-10-09,211952.06,17091.92,1011,192.74000549316406,3.74
2014-10-10,209727.85,17091.92,1011,190.5399932861328,4.75
2014-10-13,206563.43,17091.92,1011,187.41000366210938,6.19
2014-10-14,206856.62,17091.92,1011,187.6999969482422,6.05
2014-10-15,205572.64,17091.92,1011,186.42999267578125,6.64
2014-10-16,205410.89,17091.92,1011,186.27000427246094,6.71
2014-10-17,207635.09,17091.92,1011,188.47000122070312,5.7
2014-10-20,209485.22,17091.92,1011,190.3000030517578,4.86
2014-10-21,213296.7,17091.92,1011,194.07000732421875,3.13
2014-10-22,211901.51,17091.92,1011,192.69000244140625,3.76
2014-10-23,214166.14,17091.92,1011,194.92999267578125,2.73
2014-10-24,215682.64,17091.92,1011,196.42999267578125,2.04
2014-10-27,215409.68,17091.92,1011,196.16000366210938,2.17
2014-10-28,217684.43,17091.92,1011,198.41000366210938,1.13
2014-10-29,217381.13,17091.92,1011,198.11000061035156,1.27
2014-10-30,218665.1,17091.92,1011,199.3800048828125,0.69
2014-10-31,220970.18,17091.92,1011,201.66000366210938,0
2014-11-03,221081.39,17091.92,1011,201.77000427246094,0
2014-11-04,220373.7,17091.92,1011,201.07000732421875,0.32
2014-11-05,221657.65,17091.92,1011,202.33999633789062,0
2014-11-06,222476.56,17091.92,1011,203.14999389648438,0
2014-11-07,222668.65,17091.92,1011,203.33999633789062,0
2014-11-10,223315.69,17091.92,1011,203.97999572753906,0
2014-11-11,223517.89,17091.92,1011,204.17999267578125,0
2014-11-12,223295.49,17091.92,1011,203.9600067138672,0.1
2014-11-13,223528.01,17091.92,1011,204.19000244140625,0
2014-11-14,223578.56,17091.92,1011,204.24000549316406,0
2014-11-17,223709.98,17091.92,1011,204.3699951171875,0
2014-11-18,224902.97,17091.92,1011,205.5500030517578,0
2014-11-19,224569.34,17091.92,1011,205.22000122070312,0.15
2014-11-20,224933.3,17091.92,1011,205.5800018310547,0
2014-11-21,226045.39,17091.92,1011,206.67999267578125,0
2014-11-24,226631.77,17091.92,1011,207.25999450683594,0
2014-11-25,226480.13,17091.92,1011,207.11000061035156,0.07
2014-11-26,227015.96,17091.92,1011,207.63999938964844,0
2014-11-28,226571.12,17091.92,1011,207.1999969482422,0.2
2014-12-01,225115.27,17091.92,1011,205.75999450683594,0.84
2014-12-02,226459.9,17091.92,1011,207.08999633789062,0.24
2014-12-03,227268.71,17091.92,1011,207.88999938964844,0
2014-12-04,227036.18,17091.92,1011,207.66000366210938,0.1
2014-12-05,227379.92,17091.92,1011,208,0
2014-12-08,225974.63,17091.92,1011,206.61000061035156,0.62
2014-12-09,225833.09,17091.92,1011,206.47000122070312,0.68
2014-12-10,222486.68,17091.92,1011,203.16000366210938,2.15
2014-12-11,223528.01,17091.92,1011,204.19000244140625,1.69
2014-12-12,220191.71,17091.92,1011,200.88999938964844,3.16
2014-12-15,218796.52,17091.92,1011,199.50999450683594,3.77
2014-12-16,217178.93,17091.92,1011,197.91000366210938,4.49
2014-12-17,221101.6,17091.92,1011,201.7899932861328,2.76
2014-12-18,226146.5,17091.92,1011,206.77999877929688,0.54
2014-12-19,227031.12,18239.4,1011,206.52000427246094,0.15
2014-12-22,227991.57,18239.4,1011,207.47000122070312,0
2014-12-23,228274.65,18239.4,1011,207.75,0
2014-12-24,228294.87,18239.4,1011,207.77000427246094,0
2014-12-26,228972.24,18239.4,1011,208.44000244140625,0
2014-12-29,229255.32,18239.4,1011,208.72000122070312,0
2014-12-30,228123,18239.4,1011,207.60000610351562,0.49
2014-12-31,226040.33,18239.4,1011,205.5399932861328,1.4
2015-01-02,225929.12,18239.4,1011,205.42999267578125,1.45
2015-01-05,222178.32,18239.4,1011,201.72000122070312,3.09
2015-01-06,220257.43,18239.4,1011,199.82000732421875,3.92
2015-01-07,222774.81,18239.4,1011,202.30999755859375,2.83
2015-01-08,226404.29,18239.4,1011,205.89999389648438,1.24
2015-01-09,224736.15,18239.4,1011,204.25,1.97
2015-01-12,223118.54,18239.4,1011,202.64999389648438,2.68
2015-01-13,222542.28,18239.4,1011,202.0800018310547,2.93
2015-01-14,221308.86,18239.4,1011,200.86000061035156,3.47
2015-01-15,219448.62,18239.4,1011,199.02000427246094,4.28
2015-01-16,222087.33,18239.4,1011,201.6300048828125,3.13
2015-01-20,222522.06,18239.4,1011,202.05999755859375,2.94
2015-01-21,223553.28,18239.4,1011,203.0800018310547,2.49
2015-01-22,226606.5,18239.4,1011,206.10000610351562,1.16
2015-01-23,225464.07,18239.4,1011,204.97000122070312,1.65
2015-01-26,225949.35,18239.4,1011,205.4499969482422,1.44
2015-01-27,223209.54,18239.4,1011,202.74000549316406,2.64
2015-01-28,220580.94,18239.4,1011,200.13999938964844,3.78
2015-01-29,222451.29,18239.4,1011,201.99000549316406,2.97
2015-01-30,219883.35,18239.4,1011,199.4499969482422,4.09
2015-02-02,222380.52,18239.4,1011,201.9199981689453,3
2015-02-03,225332.63,18239.4,1011,204.83999633789062,1.71
2015-02-04,224544.06,18239.4,1011,204.05999755859375,2.06
2015-02-05,226626.71,18239.4,1011,206.1199951171875,1.15
2015-02-06,226050.45,18239.4,1011,205.5500030517578,1.4
2015-02-09,225120.33,18239.4,1011,204.6300048828125,1.8
2015-02-10,227324.31,18239.4,1011,206.80999755859375,0.84
2015-02-11,227445.62,18239.4,1011,206.92999267578125,0.79
2015-02-12,229457.52,18239.4,1011,208.9199981689453,0
2015-02-13,230326.98,18239.4,1011,209.77999877929688,0
2015-02-17,230660.61,18239.4,1011,210.11000061035156,0
2015-02-18,230680.83,18239.4,1011,210.1300048828125,0
2015-02-19,230529.17,18239.4,1011,209.97999572753906,0.07
2015-02-20,231803.04,18239.4,1011,211.24000549316406,0
2015-02-23,231772.72,18239.4,1011,211.2100067138672,0.01
2015-02-24,232379.31,18239.4,1011,211.80999755859375,0
2015-02-25,232197.33,18239.4,1011,211.6300048828125,0.08
2015-02-26,231944.58,18239.4,1011,211.3800048828125,0.19
2015-02-27,231216.66,18239.4,1011,210.66000366210938,0.5
2015-03-02,232561.29,18239.4,1011,211.99000549316406,0
2015-03-03,231681.71,18239.4,1011,211.1199951171875,0.38
2015-03-04,230781.92,18239.4,1011,210.22999572753906,0.77
2015-03-05,231014.47,18239.4,1011,210.4600067138672,0.67
2015-03-06,228021.9,18239.4,1011,207.5,1.95
2015-03-09,228891.36,18239.4,1011,208.36000061035156,1.58
2015-03-10,225474.17,18239.4,1011,204.97999572753906,3.05
2015-03-11,224988.9,18239.4,1011,204.5,3.26
2015-03-12,227617.5,18239.4,1011,207.10000610351562,2.13
2015-03-13,226333.53,18239.4,1011,205.8300018310547,2.68
2015-03-16,229113.78,18239.4,1011,208.5800018310547,1.48
2015-03-17,228486.97,18239.4,1011,207.9600067138672,1.75
2015-03-18,231014.47,18239.4,1011,210.4600067138672,0.67
2015-03-19,230043.9,18239.4,1011,209.5,1.08
2015-03-20,231905.15,19180.64,1011,210.41000366210938,0.28
2015-03-23,231490.64,19180.64,1011,210,0.46
2015-03-24,230297.67,19180.64,1011,208.82000732421875,0.97
2015-03-25,227203.99,19180.64,1011,205.75999450683594,2.3
2015-03-26,226708.61,19180.64,1011,205.27000427246094,2.52
2015-03-27,227183.78,19180.64,1011,205.74000549316406,2.31
2015-03-30,229721.39,19180.64,1011,208.25,1.22
2015-03-31,227881.36,19180.64,1011,206.42999267578125,2.01
2015-04-01,227143.34,19180.64,1011,205.6999969482422,2.33
2015-04-02,227891.48,19180.64,1011,206.44000244140625,2.01
2015-04-06,229296.77,19180.64,1011,207.8300018310547,1.4
2015-04-07,228740.72,19180.64,1011,207.27999877929688,1.64
2015-04-08,229448.41,19180.64,1011,207.97999572753906,1.34
2015-04-09,230378.53,19180.64,1011,208.89999389648438,0.94
2015-04-10,231531.07,19180.64,1011,210.0399932861328,0.44
2015-04-13,230570.62,19180.64,1011,209.08999633789062,0.86
2015-04-14,230975.03,19180.64,1011,209.49000549316406,0.68
2015-04-15,231925.36,19180.64,1011,210.42999267578125,0.27
2015-04-16,231864.7,19180.64,1011,210.3699951171875,0.3
2015-04-17,229418.09,19180.64,1011,207.9499969482422,1.35
2015-04-20,231338.99,19180.64,1011,209.85000610351562,0.53
2015-04-21,231086.24,19180.64,1011,209.60000610351562,0.63
2015-04-22,232127.57,19180.64,1011,210.6300048828125,0.19
2015-04-23,232663.4,19180.64,1011,211.16000366210938,0
2015-04-24,233158.78,19180.64,1011,211.64999389648438,0
2015-04-27,232269.11,19180.64,1011,210.77000427246094,0.38
2015-04-28,232946.48,19180.64,1011,211.44000244140625,0.09
2015-04-29,232066.92,19180.64,1011,210.57000732421875,0.47
2015-04-30,229933.71,19180.64,1011,208.4600067138672,1.38
2015-05-01,232218.56,19180.64,1011,210.72000122070312,0.4
2015-05-04,232825.17,19180.64,1011,211.32000732421875,0.14
2015-05-05,230378.53,19180.64,1011,208.89999389648438,1.19
2015-05-06,229509.07,19180.64,1011,208.0399932861328,1.57
2015-05-07,230348.2,19180.64,1011,208.8699951171875,1.21
2015-05-08,233128.45,19180.64,1011,211.6199951171875,0.01
2015-05-11,232107.35,19180.64,1011,210.61000061035156,0.45
2015-05-12,231470.41,19180.64,1011,209.97999572753906,0.72
2015-05-13,231510.86,19180.64,1011,210.02000427246094,0.71
2015-05-14,233724.96,19180.64,1011,212.2100067138672,0
2015-05-15,233957.48,19180.64,1011,212.44000244140625,0
2015-05-18,234624.74,19180.64,1011,213.10000610351562,0
2015-05-19,234553.97,19180.64,1011,213.02999877929688,0.03
2015-05-20,234402.32,19180.64,1011,212.8800048828125,0.09
2015-05-21,235029.14,19180.64,1011,213.5,0
2015-05-22,234513.53,19180.64,1011,212.99000549316406,0.22
2015-05-26,232198.34,19180.64,1011,210.6999969482422,1.2
2015-05-27,234220.34,19180.64,1011,212.6999969482422,0.34
2015-05-28,233977.71,19180.64,1011,212.4600067138672,0.45
2015-05-29,232643.18,19180.64,1011,211.13999938964844,1.02
2015-06-01,233077.92,19180.64,1011,211.57000732421875,0.83
2015-06-02,232865.6,19180.64,1011,211.36000061035156,0.92
2015-06-03,233431.76,19180.64,1011,211.9199981689453,0.68
2015-06-04,231622.07,19180.64,1011,210.1300048828125,1.45
2015-06-05,231258.11,19180.64,1011,209.77000427246094,1.6
2015-06-08,229953.91,19180.64,1011,208.47999572753906,2.16
2015-06-09,229923.59,19180.64,1011,208.4499969482422,2.17
2015-06-10,232451.09,19180.64,1011,210.9499969482422,1.1
2015-06-11,233138.57,19180.64,1011,211.6300048828125,0.8
2015-06-12,231500.74,19180.64,1011,210.00999450683594,1.5
2015-06-15,230590.85,19180.64,1011,209.11000061035156,1.89
2015-06-16,231743.39,19180.64,1011,210.25,1.4
2015-06-17,232087.12,19180.64,1011,210.58999633789062,1.25
2015-06-18,234301.22,19180.64,1011,212.77999877929688,0.31
2015-06-19,233350.88,20221.97,1011,210.80999755859375,0.71
2015-06-22,234442.76,20221.97,1011,211.88999938964844,0.25
2015-06-23,234594.4,20221.97,1011,212.0399932861328,0.18
2015-06-24,233037.47,20221.97,1011,210.5,0.85
2015-06-25,232390.43,20221.97,1011,209.86000061035156,1.12
2015-06-26,232350,20221.97,1011,209.82000732421875,1.14
2015-06-29,227901.59,20221.97,1011,205.4199981689453,3.03
2015-06-30,228336.32,20221.97,1011,205.85000610351562,2.85
2015-07-01,230004.47,20221.97,1011,207.5,2.14
2015-07-02,229812.38,20221.97,1011,207.30999755859375,2.22
2015-07-06,229215.89,20221.97,1011,206.72000122070312,2.47
2015-07-07,230530.19,20221.97,1011,208.02000427246094,1.91
2015-07-08,227001.8,20221.97,1011,204.52999877929688,3.42
2015-07-09,227375.86,20221.97,1011,204.89999389648438,3.26
2015-07-10,229984.24,20221.97,1011,207.47999572753906,2.15
2015-07-13,232299.44,20221.97,1011,209.77000427246094,1.16
2015-07-14,233219.44,20221.97,1011,210.67999267578125,0.77
2015-07-15,233148.68,20221.97,1011,210.61000061035156,0.8
2015-07-16,234857.27,20221.97,1011,212.3000030517578,0.07
2015-07-17,235039.24,20221.97,1011,212.47999572753906,0
2015-07-20,235150.45,20221.97,1011,212.58999633789062,0
2015-07-21,234301.22,20221.97,1011,211.75,0.36
2015-07-22,233917.03,20221.97,1011,211.3699951171875,0.52
2015-07-23,232713.94,20221.97,1011,210.17999267578125,1.04
2015-07-24,230509.97,20221.97,1011,208,1.97
2015-07-27,229286.65,20221.97,1011,206.7899932861328,2.49
2015-07-28,231854.6,20221.97,1011,209.3300018310547,1.4
2015-07-29,233310.44,20221.97,1011,210.77000427246094,0.78
2015-07-30,233361,20221.97,1011,210.82000732421875,0.76
2015-07-31,233037.47,20221.97,1011,210.5,0.9
2015-08-03,232319.65,20221.97,1011,209.7899932861328,1.2
2015-08-04,231905.15,20221.97,1011,209.3800048828125,1.38
2015-08-05,232602.75,20221.97,1011,210.07000732421875,1.08
2015-08-06,230863.82,20221.97,1011,208.35000610351562,1.82
2015-08-07,230459.42,20221.97,1011,207.9499969482422,1.99
2015-08-10,233108.25,20221.97,1011,210.57000732421875,0.87
2015-08-11,231187.34,20221.97,1011,208.6699981689453,1.69
2015-08-12,231440.09,20221.97,1011,208.9199981689453,1.58
2015-08-13,231177.23,20221.97,1011,208.66000366210938,1.69
2015-08-14,231945.59,20221.97,1011,209.4199981689453,1.36
2015-08-17,233128.45,20221.97,1011,210.58999633789062,0.86
2015-08-18,232511.74,20221.97,1011,209.97999572753906,1.12
2015-08-19,230833.5,20221.97,1011,208.32000732421875,1.84
2015-08-20,226435.64,20221.97,1011,203.97000122070312,3.71
2015-08-21,220228.1,20221.97,1011,197.8300018310547,6.35
2015-08-24,211806.47,20221.97,1011,189.5,9.93
2015-08-25,209134.79,10254.04,1062,187.27000427246094,11.06
2015-08-26,216770.57,10254.04,1062,194.4600067138672,7.82
2015-08-27,221878.79,10254.04,1062,199.27000427246094,5.64
2015-08-28,221889.4,10254.04,1062,199.27999877929688,5.64
2015-08-31,220179.58,10254.04,1062,197.6699981689453,6.37
2015-09-01,213913.79,10254.04,1062,191.77000427246094,9.03
2015-09-02,217779.47,10254.04,1062,195.41000366210938,7.39
2015-09-03,217928.15,10254.04,1062,195.5500030517578,7.32
2015-09-04,214784.62,10254.04,1062,192.58999633789062,8.66
2015-09-08,219924.69,10254.04,1062,197.42999267578125,6.47
2015-09-09,217121.02,10254.04,1062,194.7899932861328,7.67
2015-09-10,218246.75,10254.04,1062,195.85000610351562,7.19
2015-09-11,219191.93,10254.04,1062,196.74000549316406,6.79
2015-09-14,218416.66,10254.04,1062,196.00999450683594,7.12
2015-09-15,221018.57,10254.04,1062,198.4600067138672,6.01
2015-09-16,222845.19,10254.04,1062,200.17999267578125,5.23
2015-09-17,222367.3,10254.04,1062,199.72999572753906,5.44
2015-09-18,218918.99,11351.09,1062,195.4499969482422,6.9
2015-09-21,219991.62,11351.09,1062,196.4600067138672,6.45
2015-09-22,217283.52,11351.09,1062,193.91000366210938,7.6
2015-09-23,216954.3,11351.09,1062,193.60000610351562,7.74
2015-09-24,216210.89,11351.09,1062,192.89999389648438,8.05
2015-09-25,216157.8,11351.09,1062,192.85000610351562,8.08
2015-09-28,211017.71,11351.09,1062,188.00999450683594,10.26
2015-09-29,211134.53,11351.09,1062,188.1199951171875,10.21
2015-09-30,214862.16,11351.09,1062,191.6300048828125,8.63
2015-10-01,215393.16,11351.09,1062,192.1300048828125,8.4
2015-10-02,218441.09,11351.09,1062,195,7.11
2015-10-05,222126.23,11351.09,1062,198.47000122070312,5.54
2015-10-06,221404.07,11351.09,1062,197.7899932861328,5.85
2015-10-07,223124.52,11351.09,1062,199.41000366210938,5.11
2015-10-08,225036.12,11351.09,1062,201.2100067138672,4.3
2015-10-09,225163.55,11351.09,1062,201.3300018310547,4.25
2015-10-12,225365.34,11351.09,1062,201.52000427246094,4.16
2015-10-13,224016.59,11351.09,1062,200.25,4.73
2015-10-14,222997.07,11351.09,1062,199.2899932861328,5.17
2015-10-15,226246.8,11351.09,1062,202.35000610351562,3.79
2015-10-16,227223.84,11351.09,1062,203.27000427246094,3.37
2015-10-19,227330.03,11351.09,1062,203.3699951171875,3.33
2015-10-20,227053.91,11351.09,1062,203.11000061035156,3.44
2015-10-21,225715.8,11351.09,1062,201.85000610351562,4.01
2015-10-22,229337.21,11351.09,1062,205.25999450683594,2.47
2015-10-23,231726.71,11351.09,1062,207.50999450683594,1.46
2015-10-26,231185.09,11351.09,1062,207,1.69
2015-10-27,230760.3,11351.09,1062,206.60000610351562,1.87
2015-10-28,233255.99,11351.09,1062,208.9499969482422,0.81
2015-10-29,233128.55,11351.09,1062,208.8300018310547,0.86
2015-10-30,232172.74,11351.09,1062,207.92999267578125,1.27
2015-11-02,234785.27,11351.09,1062,210.38999938964844,0.16
2015-11-03,235433.09,11351.09,1062,211,0
2015-11-04,234753.41,11351.09,1062,210.36000061035156,0.29
2015-11-05,234530.39,11351.09,1062,210.14999389648438,0.38
2015-11-06,234413.57,11351.09,1062,210.0399932861328,0.43
2015-11-09,232332.05,11351.09,1062,208.0800018310547,1.32
2015-11-10,232841.81,11351.09,1062,208.55999755859375,1.1
2015-11-11,231970.98,11351.09,1062,207.74000549316406,1.47
2015-11-12,228891.17,11351.09,1062,204.83999633789062,2.78
2015-11-13,226448.57,11351.09,1062,202.5399932861328,3.82
2015-11-16,229719.53,11351.09,1062,205.6199951171875,2.43
2015-11-17,229560.23,11351.09,1062,205.47000122070312,2.49
2015-11-18,233022.35,11351.09,1062,208.72999572753906,1.02
2015-11-19,232831.2,11351.09,1062,208.5500030517578,1.11
2015-11-20,233638.31,11351.09,1062,209.30999755859375,0.76
2015-11-23,233383.44,11351.09,1062,209.07000732421875,0.87
2015-11-24,233680.8,11351.09,1062,209.35000610351562,0.74
2015-11-25,233648.94,11351.09,1062,209.32000732421875,0.76
2015-11-27,233903.81,11351.09,1062,209.55999755859375,0.65
2015-11-30,232979.87,11351.09,1062,208.69000244140625,1.04
2015-12-01,235093.24,11351.09,1062,210.67999267578125,0.14
2015-12-02,232809.95,11351.09,1062,208.52999877929688,1.11
2015-12-03,229708.91,11351.09,1062,205.61000061035156,2.43
2015-12-04,233967.53,11351.09,1062,209.6199951171875,0.62
2015-12-07,232618.8,11351.09,1062,208.35000610351562,1.2
2015-12-08,231131.99,11351.09,1062,206.9499969482422,1.83
2015-12-09,229422.17,11351.09,1062,205.33999633789062,2.55
2015-12-10,229985.03,11351.09,1062,205.8699951171875,2.31
2015-12-11,225747.66,11351.09,1062,201.8800048828125,4.11
2015-12-14,226830.89,11351.09,1062,202.89999389648438,3.65
2015-12-15,229092.95,11351.09,1062,205.02999877929688,2.69
2015-12-16,232278.95,11351.09,1062,208.02999877929688,1.34
2015-12-17,228912.41,11351.09,1062,204.86000061035156,2.77
2015-12-18,225059.48,12638.23,1062,200.02000427246094,4.41
2015-12-21,226811.77,12638.23,1062,201.6699981689453,3.66
2015-12-22,228755.23,12638.23,1062,203.5,2.84
2015-12-23,231431.48,12638.23,1062,206.02000427246094,1.7
2015-12-24,231070.38,12638.23,1062,205.67999267578125,1.85
2015-12-28,230571.26,12638.23,1062,205.2100067138672,2.07
2015-12-29,232897.03,12638.23,1062,207.39999389648438,1.08
2015-12-30,231335.88,12638.23,1062,205.92999267578125,1.74
2015-12-31,229148.17,12638.23,1062,203.8699951171875,2.67
2016-01-04,226121.48,12638.23,1062,201.02000427246094,3.96
2016-01-05,226482.55,12638.23,1062,201.36000061035156,3.8
2016-01-06,223785.08,12638.23,1062,198.82000732421875,4.95
2016-01-07,218719.34,12638.23,1062,194.0500030517578,7.1
2016-01-08,216457.27,12638.23,1062,191.9199981689453,8.06
2016-01-11,216659.05,12638.23,1062,192.11000061035156,7.97
2016-01-12,218305.16,12638.23,1062,193.66000366210938,7.28
2016-01-13,213175.69,12638.23,1062,188.8300018310547,9.45
2016-01-14,216467.88,12638.23,1062,191.92999267578125,8.06
2016-01-15,212092.45,12638.23,1062,187.80999755859375,9.91
2016-01-19,212357.95,12638.23,1062,188.05999755859375,9.8
2016-01-20,209798.53,12638.23,1062,185.64999389648438,10.89
2016-01-21,210903.01,12638.23,1062,186.69000244140625,10.42
2016-01-22,214970.48,12638.23,1062,190.52000427246094,8.69
2016-01-25,211911.91,12638.23,1062,187.63999938964844,9.99
2016-01-26,214630.63,12638.23,1062,190.1999969482422,8.84
2016-01-27,212432.3,12638.23,1062,188.1300048828125,9.77
2016-01-28,213473.05,12638.23,1062,189.11000061035156,9.33
2016-01-29,218368.87,12638.23,1062,193.72000122070312,7.25
2016-02-01,218294.53,12638.23,1062,193.64999389648438,7.28
2016-02-02,214588.16,12638.23,1062,190.16000366210938,8.85
2016-02-03,215798.84,12638.23,1062,191.3000030517578,8.34
2016-02-04,216117.44,12638.23,1062,191.60000610351562,8.2
2016-02-05,212241.13,12638.23,1062,187.9499969482422,9.85
2016-02-08,209554.27,12638.23,1062,185.4199981689453,10.99
2016-02-09,209564.88,12638.23,1062,185.42999267578125,10.99
2016-02-10,209394.98,12638.23,1062,185.27000427246094,11.06
2016-02-11,206835.55,12638.23,1062,182.86000061035156,12.15
2016-02-12,210839.3,12638.23,1062,186.6300048828125,10.45
2016-02-16,214184.59,12638.23,1062,189.77999877929688,9.03
2016-02-17,217476.8,12638.23,1062,192.8800048828125,7.63
2016-02-18,216637.81,12638.23,1062,192.08999633789062,7.98
2016-02-19,216542.23,12638.23,1062,192,8.02
2016-02-22,219494.59,12638.23,1062,194.77999877929688,6.77
2016-02-23,216882.08,12638.23,1062,192.32000732421875,7.88
2016-02-24,217816.63,12638.23,1062,193.1999969482422,7.48
2016-02-25,220301.71,12638.23,1062,195.5399932861328,6.43
2016-02-26,219823.81,12638.23,1062,195.08999633789062,6.63
2016-02-29,218198.95,12638.23,1062,193.55999755859375,7.32
2016-03-01,223031.05,12638.23,1062,198.11000061035156,5.27
2016-03-02,223976.23,12638.23,1062,199,4.87
2016-03-03,224804.59,12638.23,1062,199.77999877929688,4.51
2016-03-04,225494.88,12638.23,1062,200.42999267578125,4.22
2016-03-07,225664.81,12638.23,1062,200.58999633789062,4.15
2016-03-08,223339.03,12638.23,1062,198.39999389648438,5.14
2016-03-09,224379.8,12638.23,1062,199.3800048828125,4.69
2016-03-10,224549.71,12638.23,1062,199.5399932861328,4.62
2016-03-11,227969.35,12638.23,1062,202.75999450683594,3.17
2016-03-14,227693.23,12638.23,1062,202.5,3.29
2016-03-15,227342.77,12638.23,1062,202.1699981689453,3.44
2016-03-16,228585.31,12638.23,1062,203.33999633789062,2.91
2016-03-17,229955.3,12638.23,1062,204.6300048828125,2.33
2016-03-18,230804.9,13753.33,1062,204.3800048828125,1.97
2016-03-21,231112.87,13753.33,1062,204.6699981689453,1.84
2016-03-22,230996.05,13753.33,1062,204.55999755859375,1.88
2016-03-23,229562.36,13753.33,1062,203.2100067138672,2.49
2016-03-24,229466.77,13753.33,1062,203.1199951171875,2.53
2016-03-28,229594.22,13753.33,1062,203.24000549316406,2.48
2016-03-29,231590.77,13753.33,1062,205.1199951171875,1.63
2016-03-30,232546.58,13753.33,1062,206.02000427246094,1.23
2016-03-31,232015.58,13753.33,1062,205.52000427246094,1.45
2016-04-01,233502.37,13753.33,1062,206.9199981689453,0.82
2016-04-04,232790.83,13753.33,1062,206.25,1.12
2016-04-05,230603.11,13753.33,1062,204.19000244140625,2.05
2016-04-06,232971.37,13753.33,1062,206.4199981689453,1.05
2016-04-07,230348.23,13753.33,1062,203.9499969482422,2.16
2016-04-08,230932.33,13753.33,1062,204.5,1.91
2016-04-11,230422.58,13753.33,1062,204.02000427246094,2.13
2016-04-12,232440.37,13753.33,1062,205.9199981689453,1.27
2016-04-13,234649.33,13753.33,1062,208,0.33
2016-04-14,234659.95,13753.33,1062,208.00999450683594,0.33
2016-04-15,234415.69,13753.33,1062,207.77999877929688,0.43
2016-04-18,235966.22,13753.33,1062,209.24000549316406,0
2016-04-19,236667.13,13753.33,1062,209.89999389648438,0
2016-04-20,236879.54,13753.33,1062,210.10000610351562,0
2016-04-21,235679.47,13753.33,1062,208.97000122070312,0.51
2016-04-22,235679.47,13753.33,1062,208.97000122070312,0.51
2016-04-25,235297.15,13753.33,1062,208.61000061035156,0.67
2016-04-26,235626.37,13753.33,1062,208.9199981689453,0.53
2016-04-27,236083.04,13753.33,1062,209.35000610351562,0.34
2016-04-28,234065.23,13753.33,1062,207.4499969482422,1.19
2016-04-29,232875.79,13753.33,1062,206.3300018310547,1.69
2016-05-02,234617.47,13753.33,1062,207.97000122070312,0.95
2016-05-03,232695.26,13753.33,1062,206.16000366210938,1.77
2016-05-04,231473.95,13753.33,1062,205.00999450683594,2.28
2016-05-05,231431.47,13753.33,1062,204.97000122070312,2.3
2016-05-06,232227.97,13753.33,1062,205.72000122070312,1.96
2016-05-09,232408.51,13753.33,1062,205.88999938964844,1.89
2016-05-10,235127.23,13753.33,1062,208.4499969482422,0.74
2016-05-11,233056.33,13753.33,1062,206.5,1.61
2016-05-12,233120.05,13753.33,1062,206.55999755859375,1.59
2016-05-13,231208.45,13753.33,1062,204.75999450683594,2.39
2016-05-16,233353.69,13753.33,1062,206.77999877929688,1.49
2016-05-17,231304.04,13753.33,1062,204.85000610351562,2.35
2016-05-18,231367.76,13753.33,1062,204.91000366210938,2.33
2016-05-19,230613.73,13753.33,1062,204.1999969482422,2.65
2016-05-20,231983.72,13753.33,1062,205.49000549316406,2.07
2016-05-23,231686.36,13753.33,1062,205.2100067138672,2.19
2016-05-24,234511.27,13753.33,1062,207.8699951171875,1
2016-05-25,236008.69,13753.33,1062,209.27999877929688,0.37
2016-05-26,236072.41,13753.33,1062,209.33999633789062,0.34
2016-05-27,237028.22,13753.33,1062,210.24000549316406,0
2016-05-31,236603.41,13753.33,1062,209.83999633789062,0.18
2016-06-01,237060.08,13753.33,1062,210.27000427246094,0
2016-06-02,237739.76,13753.33,1062,210.91000366210938,0
2016-06-03,237070.69,13753.33,1062,210.27999877929688,0.28
2016-06-06,238207.04,13753.33,1062,211.35000610351562,0
2016-06-07,238557.48,13753.33,1062,211.67999267578125,0
2016-06-08,239290.27,13753.33,1062,212.3699951171875,0
2016-06-09,238982.29,13753.33,1062,212.0800018310547,0.13
2016-06-10,236847.68,13753.33,1062,210.07000732421875,1.02
2016-06-13,235127.23,13753.33,1062,208.4499969482422,1.74
2016-06-14,234691.81,13753.33,1062,208.0399932861328,1.92
2016-06-15,234383.83,13753.33,1062,207.75,2.05
2016-06-16,235042.27,13753.33,1062,208.3699951171875,1.78
2016-06-17,234222.42,14898.17,1062,206.52000427246094,2.12
2016-06-20,235634.88,14898.17,1062,207.85000610351562,1.53
2016-06-21,236261.45,14898.17,1062,208.44000244140625,1.27
2016-06-22,235900.38,14898.17,1062,208.10000610351562,1.42
2016-06-23,238778.39,14898.17,1062,210.80999755859375,0.21
2016-06-24,230739.06,14898.17,1062,203.24000549316406,3.57
2016-06-27,226873.38,14898.17,1062,199.60000610351562,5.19
2016-06-28,230696.57,14898.17,1062,203.1999969482422,3.59
2016-06-29,234371.1,14898.17,1062,206.66000366210938,2.06
2016-06-30,237365.93,14898.17,1062,209.47999572753906,0.8
2016-07-01,237833.21,14898.17,1062,209.9199981689453,0.61
2016-07-05,236229.6,14898.17,1062,208.41000366210938,1.28
2016-07-06,237557.1,14898.17,1062,209.66000366210938,0.72
2016-07-07,237419.03,14898.17,1062,209.52999877929688,0.78
2016-07-08,240732.47,14898.17,1062,212.64999389648438,0
2016-07-11,241528.97,14898.17,1062,213.39999389648438,0
2016-07-12,243175.07,14898.17,1062,214.9499969482422,0
2016-07-13,243143.21,14898.17,1062,214.9199981689453,0.01
2016-07-14,244417.61,14898.17,1062,216.1199951171875,0
2016-07-15,244109.63,14898.17,1062,215.8300018310547,0.13
2016-07-18,244725.6,14898.17,1062,216.41000366210938,0
2016-07-19,244491.95,14898.17,1062,216.19000244140625,0.1
2016-07-20,245447.75,14898.17,1062,217.08999633789062,0
2016-07-21,244576.92,14898.17,1062,216.27000427246094,0.35
2016-07-22,245607.06,14898.17,1062,217.24000549316406,0
2016-07-25,244980.47,14898.17,1062,216.64999389648438,0.26
2016-07-26,245086.67,14898.17,1062,216.75,0.21
2016-07-27,244842.42,14898.17,1062,216.52000427246094,0.31
2016-07-28,245107.92,14898.17,1062,216.77000427246094,0.2
2016-07-29,245479.61,14898.17,1062,217.1199951171875,0.05
2016-08-01,245288.45,14898.17,1062,216.94000244140625,0.13
2016-08-02,243812.28,14898.17,1062,215.5500030517578,0.73
2016-08-03,244481.32,14898.17,1062,216.17999267578125,0.46
2016-08-04,244725.6,14898.17,1062,216.41000366210938,0.36
2016-08-05,246605.32,14898.17,1062,218.17999267578125,0
2016-08-08,246467.28,14898.17,1062,218.0500030517578,0.06
2016-08-09,246605.32,14898.17,1062,218.17999267578125,0
2016-08-10,246031.85,14898.17,1062,217.63999938964844,0.23
2016-08-11,247104.47,14898.17,1062,218.64999389648438,0
2016-08-12,246902.7,14898.17,1062,218.4600067138672,0.08
2016-08-15,247571.75,14898.17,1062,219.08999633789062,0
2016-08-16,246371.7,14898.17,1062,217.9600067138672,0.48
2016-08-17,246807.11,14898.17,1062,218.3699951171875,0.31
2016-08-18,247327.49,14898.17,1062,218.86000061035156,0.1
2016-08-19,246987.65,14898.17,1062,218.5399932861328,0.24
2016-08-22,246977.03,14898.17,1062,218.52999877929688,0.24
2016-08-23,247444.31,14898.17,1062,218.97000122070312,0.05
2016-08-24,246254.88,14898.17,1062,217.85000610351562,0.53
2016-08-25,246095.57,14898.17,1062,217.6999969482422,0.6
2016-08-26,245660.15,14898.17,1062,217.2899932861328,0.77
2016-08-29,246796.49,14898.17,1062,218.36000061035156,0.31
2016-08-30,246414.17,14898.17,1062,218,0.47
2016-08-31,245755.74,14898.17,1062,217.3800048828125,0.73
2016-09-01,245766.35,14898.17,1062,217.38999938964844,0.73
2016-09-02,246807.11,14898.17,1062,218.3699951171875,0.31
2016-09-06,247508.03,14898.17,1062,219.02999877929688,0.03
2016-09-07,247486.79,14898.17,1062,219.00999450683594,0.03
2016-09-08,246955.79,14898.17,1062,218.50999450683594,0.25
2016-09-09,241401.53,14898.17,1062,213.27999877929688,2.49
2016-09-12,244651.25,14898.17,1062,216.33999633789062,1.18
2016-09-13,241348.43,14898.17,1062,213.22999572753906,2.51
2016-09-14,241263.47,14898.17,1062,213.14999389648438,2.55
2016-09-15,243525.53,14898.17,1062,215.27999877929688,1.63
2016-09-16,242646.19,16047.25,1062,213.3699951171875,1.99
2016-09-19,242688.68,16047.25,1062,213.41000366210938,1.97
2016-09-20,242699.29,16047.25,1062,213.4199981689453,1.97
2016-09-21,245248.1,16047.25,1062,215.82000732421875,0.94
2016-09-22,246692.4,16047.25,1062,217.17999267578125,0.36
2016-09-23,245428.64,16047.25,1062,215.99000549316406,0.87
2016-09-26,243570.14,16047.25,1062,214.24000549316406,1.62
2016-09-27,244982.6,16047.25,1062,215.57000732421875,1.05
2016-09-28,246118.93,16047.25,1062,216.63999938964844,0.59
2016-09-29,244037.4,16047.25,1062,214.67999267578125,1.43
2016-09-30,245757.86,16047.25,1062,216.3000030517578,0.73
2016-10-03,245205.61,16047.25,1062,215.77999877929688,0.96
2016-10-04,244037.4,16047.25,1062,214.67999267578125,1.43
2016-10-05,245046.32,16047.25,1062,215.6300048828125,1.02
2016-10-06,245205.61,16047.25,1062,215.77999877929688,0.96
2016-10-07,244419.73,16047.25,1062,215.0399932861328,1.27
2016-10-10,245609.18,16047.25,1062,216.16000366210938,0.79
2016-10-11,242709.9,16047.25,1062,213.42999267578125,1.96
2016-10-12,243007.28,16047.25,1062,213.7100067138672,1.84
2016-10-13,242263.87,16047.25,1062,213.00999450683594,2.14
2016-10-14,242380.69,16047.25,1062,213.1199951171875,2.1
2016-10-17,241594.82,16047.25,1062,212.3800048828125,2.41
2016-10-18,243007.28,16047.25,1062,213.7100067138672,1.84
2016-10-19,243612.61,16047.25,1062,214.27999877929688,1.6
2016-10-20,243187.82,16047.25,1062,213.8800048828125,1.77
2016-10-21,243294.01,16047.25,1062,213.97999572753906,1.73
2016-10-24,244260.43,16047.25,1062,214.88999938964844,1.34
2016-10-25,243495.79,16047.25,1062,214.1699981689453,1.65
2016-10-26,243039.14,16047.25,1062,213.74000549316406,1.83
2016-10-27,242433.79,16047.25,1062,213.1699981689453,2.08
2016-10-28,241764.73,16047.25,1062,212.5399932861328,2.35
2016-10-31,241775.36,16047.25,1062,212.5500030517578,2.34
2016-11-01,240139.87,16047.25,1062,211.00999450683594,3
2016-11-02,238791.14,16047.25,1062,209.74000549316406,3.55
2016-11-03,237771.61,16047.25,1062,208.77999877929688,3.96
2016-11-04,237527.36,16047.25,1062,208.5500030517578,4.06
2016-11-07,242412.55,16047.25,1062,213.14999389648438,2.08
2016-11-08,243432.07,16047.25,1062,214.11000061035156,1.67
2016-11-09,245842.82,16047.25,1062,216.3800048828125,0.7
2016-11-10,246416.29,16047.25,1062,216.9199981689453,0.47
2016-11-11,245885.29,16047.25,1062,216.4199981689453,0.68
2016-11-14,246065.83,16047.25,1062,216.58999633789062,0.61
2016-11-15,247860.61,16047.25,1062,218.27999877929688,0
2016-11-16,247425.19,16047.25,1062,217.8699951171875,0.18
2016-11-17,248614.64,16047.25,1062,218.99000549316406,0
2016-11-18,248094.25,16047.25,1062,218.5,0.21
2016-11-21,249846.55,16047.25,1062,220.14999389648438,0
2016-11-22,250303.21,16047.25,1062,220.5800018310547,0
2016-11-23,250430.65,16047.25,1062,220.6999969482422,0
2016-11-25,251301.5,16047.25,1062,221.52000427246094,0
2016-11-28,250197.01,16047.25,1062,220.47999572753906,0.44
2016-11-29,250653.68,16047.25,1062,220.91000366210938,0.26
2016-11-30,250090.82,16047.25,1062,220.3800048828125,0.48
2016-12-01,249230.6,16047.25,1062,219.57000732421875,0.82
2016-12-02,249347.4,16047.25,1062,219.67999267578125,0.78
2016-12-05,250749.25,16047.25,1062,221,0.22
2016-12-06,251492.65,16047.25,1062,221.6999969482422,0
2016-12-07,254572.46,16047.25,1062,224.60000610351562,0
2016-12-08,255156.55,16047.25,1062,225.14999389648438,0
2016-12-09,256600.87,16047.25,1062,226.50999450683594,0
2016-12-12,256324.75,16047.25,1062,226.25,0.11
2016-12-13,257928.37,16047.25,1062,227.75999450683594,0
2016-12-14,255931.82,16047.25,1062,225.8800048828125,0.77
2016-12-15,256919.47,16047.25,1062,226.80999755859375,0.39
2016-12-16,256451.13,17458.65,1062,225.0399932861328,0.57
2016-12-19,256971.51,17458.65,1062,225.52999877929688,0.37
2016-12-20,257895.45,17458.65,1062,226.39999389648438,0.01
2016-12-21,257226.4,17458.65,1062,225.77000427246094,0.27
2016-12-22,256812.22,17458.65,1062,225.3800048828125,0.43
2016-12-23,257162.68,17458.65,1062,225.7100067138672,0.3
2016-12-27,257757.4,17458.65,1062,226.27000427246094,0.07
2016-12-28,255771.45,17458.65,1062,224.39999389648438,0.84
2016-12-29,255718.36,17458.65,1062,224.35000610351562,0.86
2016-12-30,254847.51,17458.65,1062,223.52999877929688,1.19
2017-01-03,256663.54,17458.65,1062,225.24000549316406,0.49
2017-01-04,258086.61,17458.65,1062,226.5800018310547,0
2017-01-05,257895.45,17458.65,1062,226.39999389648438,0.07
2017-01-06,258755.68,17458.65,1062,227.2100067138672,0
2017-01-09,257959.18,17458.65,1062,226.4600067138672,0.31
2017-01-10,257959.18,17458.65,1062,226.4600067138672,0.31
2017-01-11,258638.86,17458.65,1062,227.10000610351562,0.05
2017-01-12,258033.51,17458.65,1062,226.52999877929688,0.28
2017-01-13,258585.76,17458.65,1062,227.0500030517578,0.07
2017-01-17,257736.15,17458.65,1062,226.25,0.39
2017-01-18,258267.15,17458.65,1062,226.75,0.19
2017-01-19,257375.08,17458.65,1062,225.91000366210938,0.53
2017-01-20,258256.54,17458.65,1062,226.74000549316406,0.19
2017-01-23,257629.95,17458.65,1062,226.14999389648438,0.44
2017-01-24,259169.86,17458.65,1062,227.60000610351562,0
2017-01-25,261262,17458.65,1062,229.57000732421875,0
2017-01-26,261007.11,17458.65,1062,229.3300018310547,0.1
2017-01-27,260624.79,17458.65,1062,228.97000122070312,0.24
2017-01-30,259116.76,17458.65,1062,227.5500030517578,0.82
2017-01-31,259095.51,17458.65,1062,227.52999877929688,0.83
2017-02-01,259191.09,17458.65,1062,227.6199951171875,0.79
2017-02-02,259350.4,17458.65,1062,227.77000427246094,0.73
2017-02-03,261017.73,17458.65,1062,229.33999633789062,0.09
2017-02-06,260582.3,17458.65,1062,228.92999267578125,0.26
2017-02-07,260592.93,17458.65,1062,228.94000244140625,0.26
2017-02-08,260911.54,17458.65,1062,229.24000549316406,0.13
2017-02-09,262355.86,17458.65,1062,230.60000610351562,0
2017-02-10,263322.27,17458.65,1062,231.50999450683594,0
2017-02-13,264660.4,17458.65,1062,232.77000427246094,0
2017-02-14,265648.05,17458.65,1062,233.6999969482422,0
2017-02-15,266943.69,17458.65,1062,234.9199981689453,0
2017-02-16,266731.29,17458.65,1062,234.72000122070312,0.08
2017-02-17,267124.23,17458.65,1062,235.08999633789062,0
2017-02-21,268611.04,17458.65,1062,236.49000549316406,0
2017-02-22,268388.01,17458.65,1062,236.27999877929688,0.08
2017-02-23,268557.93,17458.65,1062,236.44000244140625,0.02
2017-02-24,268876.54,17458.65,1062,236.74000549316406,0
2017-02-27,269269.47,17458.65,1062,237.11000061035156,0
2017-02-28,268589.79,17458.65,1062,236.47000122070312,0.25
2017-03-01,272105.01,17458.65,1062,239.77999877929688,0
2017-03-02,270501.4,17458.65,1062,238.27000427246094,0.59
2017-03-03,270660.69,17458.65,1062,238.4199981689453,0.53
2017-03-06,269906.68,17458.65,1062,237.7100067138672,0.81
2017-03-07,269152.65,17458.65,1062,237,1.09
2017-03-08,268685.37,17458.65,1062,236.55999755859375,1.26
2017-03-09,269003.97,17458.65,1062,236.86000061035156,1.14
2017-03-10,269885.43,17458.65,1062,237.69000244140625,0.82
2017-03-13,270012.87,17458.65,1062,237.80999755859375,0.77
2017-03-14,269046.45,17458.65,1062,236.89999389648438,1.12
2017-03-15,271223.55,17458.65,1062,238.9499969482422,0.32
2017-03-16,270724.41,17458.65,1062,238.47999572753906,0.51
2017-03-17,270281.56,18555.7,1062,237.02999877929688,0.67
2017-03-20,270005.45,18555.7,1062,236.77000427246094,0.77
2017-03-21,266776.96,18555.7,1062,233.72999572753906,1.96
2017-03-22,267361.06,18555.7,1062,234.27999877929688,1.74
2017-03-23,267095.56,18555.7,1062,234.02999877929688,1.84
2017-03-24,266915.02,18555.7,1062,233.86000061035156,1.91
2017-03-27,266660.14,18555.7,1062,233.6199951171875,2
2017-03-28,268465.55,18555.7,1062,235.32000732421875,1.34
2017-03-29,268699.18,18555.7,1062,235.5399932861328,1.25
2017-03-30,269495.68,18555.7,1062,236.2899932861328,0.96
2017-03-31,268911.59,18555.7,1062,235.74000549316406,1.17
2017-04-03,268476.16,18555.7,1062,235.3300018310547,1.33
2017-04-04,268635.46,18555.7,1062,235.47999572753906,1.28
2017-04-05,267892.06,18555.7,1062,234.77999877929688,1.55
2017-04-06,268592.98,18555.7,1062,235.44000244140625,1.29
2017-04-07,268338.1,18555.7,1062,235.1999969482422,1.38
2017-04-10,268486.78,18555.7,1062,235.33999633789062,1.33
2017-04-11,268189.42,18555.7,1062,235.05999755859375,1.44
2017-04-12,267095.56,18555.7,1062,234.02999877929688,1.84
2017-04-13,265481.32,18555.7,1062,232.50999450683594,2.43
2017-04-17,267669.05,18555.7,1062,234.57000732421875,1.63
2017-04-18,266925.64,18555.7,1062,233.8699951171875,1.9
2017-04-19,266468.98,18555.7,1062,233.44000244140625,2.07
2017-04-20,268486.78,18555.7,1062,235.33999633789062,1.33
2017-04-21,267690.28,18555.7,1062,234.58999633789062,1.62
2017-04-24,270430.24,18555.7,1062,237.1699981689453,0.62
2017-04-25,271895.81,18555.7,1062,238.5500030517578,0.08
2017-04-26,271736.5,18555.7,1062,238.39999389648438,0.14
2017-04-27,271948.91,18555.7,1062,238.60000610351562,0.06
2017-04-28,271396.66,18555.7,1062,238.0800018310547,0.26
2017-05-01,272033.85,18555.7,1062,238.67999267578125,0.03
2017-05-02,272129.45,18555.7,1062,238.77000427246094,0
2017-05-03,271821.46,18555.7,1062,238.47999572753906,0.11
2017-05-04,272118.82,18555.7,1062,238.75999450683594,0
2017-05-05,273117.1,18555.7,1062,239.6999969482422,0
2017-05-08,273074.63,18555.7,1062,239.66000366210938,0.02
2017-05-09,272840.98,18555.7,1062,239.44000244140625,0.1
2017-05-10,273297.64,18555.7,1062,239.8699951171875,0
2017-05-11,272777.27,18555.7,1062,239.3800048828125,0.19
2017-05-12,272352.46,18555.7,1062,238.97999572753906,0.35
2017-05-15,273754.31,18555.7,1062,240.3000030517578,0
2017-05-16,273520.66,18555.7,1062,240.0800018310547,0.09
2017-05-17,268996.55,18555.7,1062,235.82000732421875,1.74
2017-05-18,270005.45,18555.7,1062,236.77000427246094,1.37
2017-05-19,271640.92,18555.7,1062,238.30999755859375,0.77
2017-05-22,272925.95,18555.7,1062,239.52000427246094,0.3
2017-05-23,273488.81,18555.7,1062,240.0500030517578,0.1
2017-05-24,274083.52,18555.7,1062,240.61000061035156,0
2017-05-25,275304.82,18555.7,1062,241.75999450683594,0
2017-05-26,275251.73,18555.7,1062,241.7100067138672,0.02
2017-05-30,275028.7,18555.7,1062,241.5,0.1
2017-05-31,274964.98,18555.7,1062,241.44000244140625,0.12
2017-06-01,277004.02,18555.7,1062,243.36000061035156,0
2017-06-02,277864.24,18555.7,1062,244.1699981689453,0
2017-06-05,277673.09,18555.7,1062,243.99000549316406,0.07
2017-06-06,276844.73,18555.7,1062,243.2100067138672,0.37
2017-06-07,277322.63,18555.7,1062,243.66000366210938,0.19
2017-06-08,277450.06,18555.7,1062,243.77999877929688,0.15
2017-06-09,277057.13,18555.7,1062,243.41000366210938,0.29
2017-06-12,277004.02,18555.7,1062,243.36000061035156,0.31
2017-06-13,278267.81,18555.7,1062,244.5500030517578,0
2017-06-14,277938.59,18555.7,1062,244.24000549316406,0.12
2017-06-15,277439.45,18555.7,1062,243.77000427246094,0.3
2017-06-16,277495.73,19812.05,1062,242.63999938964844,0.28
2017-06-19,279640.98,19812.05,1062,244.66000366210938,0
2017-06-20,277888.67,19812.05,1062,243.00999450683594,0.63
2017-06-21,277824.95,19812.05,1062,242.9499969482422,0.65
2017-06-22,277708.13,19812.05,1062,242.83999633789062,0.69
2017-06-23,278016.12,19812.05,1062,243.1300048828125,0.58
2017-06-26,278186.03,19812.05,1062,243.2899932861328,0.52
2017-06-27,276104.51,19812.05,1062,241.3300018310547,1.26
2017-06-28,278398.44,19812.05,1062,243.49000549316406,0.44
2017-06-29,276125.76,19812.05,1062,241.35000610351562,1.26
2017-06-30,276603.66,19812.05,1062,241.8000030517578,1.09
2017-07-03,277039.08,19812.05,1062,242.2100067138672,0.93
2017-07-05,277633.8,19812.05,1062,242.77000427246094,0.72
2017-07-06,275276.16,19812.05,1062,240.5500030517578,1.56
2017-07-07,276932.87,19812.05,1062,242.11000061035156,0.97
2017-07-10,277208.99,19812.05,1062,242.3699951171875,0.87
2017-07-11,277017.83,19812.05,1062,242.19000244140625,0.94
2017-07-12,278950.67,19812.05,1062,244.00999450683594,0.25
2017-07-13,279386.09,19812.05,1062,244.4199981689453,0.09
2017-07-14,280596.77,19812.05,1062,245.55999755859375,0
2017-07-17,280564.91,19812.05,1062,245.52999877929688,0.01
2017-07-18,280702.98,19812.05,1062,245.66000366210938,0
2017-07-19,282115.44,19812.05,1062,246.99000549316406,0
2017-07-20,282232.26,19812.05,1062,247.10000610351562,0
2017-07-21,281998.62,19812.05,1062,246.8800048828125,0.08
2017-07-24,281934.9,19812.05,1062,246.82000732421875,0.11
2017-07-25,282572.09,19812.05,1062,247.4199981689453,0
2017-07-26,282582.7,19812.05,1062,247.42999267578125,0
2017-07-27,282338.45,19812.05,1062,247.1999969482422,0.09
2017-07-28,282030.48,19812.05,1062,246.91000366210938,0.2
2017-07-31,281881.8,19812.05,1062,246.77000427246094,0.25
2017-08-01,282465.9,19812.05,1062,247.32000732421875,0.04
2017-08-02,282593.33,19812.05,1062,247.44000244140625,0
2017-08-03,282083.58,19812.05,1062,246.9600067138672,0.18
2017-08-04,282561.48,19812.05,1062,247.41000366210938,0.01
2017-08-07,283049.99,19812.05,1062,247.8699951171875,0
2017-08-08,282402.17,19812.05,1062,247.25999450683594,0.23
2017-08-09,282391.55,19812.05,1062,247.25,0.23
2017-08-10,278685.17,19812.05,1062,243.75999450683594,1.54
2017-08-11,279067.49,19812.05,1062,244.1199951171875,1.41
2017-08-14,281637.53,19812.05,1062,246.5399932861328,0.5
2017-08-15,281605.67,19812.05,1062,246.50999450683594,0.51
2017-08-16,282062.33,19812.05,1062,246.94000244140625,0.35
2017-08-17,277973.63,19812.05,1062,243.08999633789062,1.79
2017-08-18,277570.08,19812.05,1062,242.7100067138672,1.94
2017-08-21,277771.85,19812.05,1062,242.89999389648438,1.86
2017-08-22,280469.33,19812.05,1062,245.44000244140625,0.91
2017-08-23,279534.77,19812.05,1062,244.55999755859375,1.24
2017-08-24,278929.44,19812.05,1062,243.99000549316406,1.46
2017-08-25,279534.77,19812.05,1062,244.55999755859375,1.24
2017-08-28,279545.4,19812.05,1062,244.57000732421875,1.24
2017-08-29,279842.76,19812.05,1062,244.85000610351562,1.13
2017-08-30,281074.67,19812.05,1062,246.00999450683594,0.7
2017-08-31,282646.44,19812.05,1062,247.49000549316406,0.14
2017-09-01,283018.13,19812.05,1062,247.83999633789062,0.01
2017-09-05,281127.77,19812.05,1062,246.05999755859375,0.68
2017-09-06,282019.85,19812.05,1062,246.89999389648438,0.36
2017-09-07,281987.99,19812.05,1062,246.8699951171875,0.38
2017-09-08,281680.01,19812.05,1062,246.5800018310547,0.48
2017-09-11,284473.08,19812.05,1062,249.2100067138672,0
2017-09-12,285365.16,19812.05,1062,250.0500030517578,0
2017-09-13,285492.59,19812.05,1062,250.1699981689453,0
2017-09-14,285407.63,19812.05,1062,250.08999633789062,0.03
2017-09-15,285763.4,21123.62,1062,249.19000244140625,0
2017-09-18,286326.26,21123.62,1062,249.72000122070312,0
2017-09-19,286591.76,21123.62,1062,249.97000122070312,0
2017-09-20,286687.34,21123.62,1062,250.05999755859375,0
2017-09-21,285975.8,21123.62,1062,249.38999938964844,0.25
2017-09-22,286028.9,21123.62,1062,249.44000244140625,0.23
2017-09-25,285487.27,21123.62,1062,248.92999267578125,0.42
2017-09-26,285646.58,21123.62,1062,249.0800018310547,0.36
2017-09-27,286676.73,21123.62,1062,250.0500030517578,0
2017-09-28,286995.33,21123.62,1062,250.35000610351562,0
2017-09-29,287929.88,21123.62,1062,251.22999572753906,0
2017-10-02,289087.47,21123.62,1062,252.32000732421875,0
2017-10-03,289660.94,21123.62,1062,252.86000061035156,0
2017-10-04,289979.55,21123.62,1062,253.16000366210938,0
2017-10-05,291572.55,21123.62,1062,254.66000366210938,0
2017-10-06,291264.56,21123.62,1062,254.3699951171875,0.11
2017-10-09,290818.52,21123.62,1062,253.9499969482422,0.26
2017-10-10,291530.06,21123.62,1062,254.6199951171875,0.01
2017-10-11,291954.87,21123.62,1062,255.02000427246094,0
2017-10-12,291551.3,21123.62,1062,254.63999938964844,0.14
2017-10-13,291880.52,21123.62,1062,254.9499969482422,0.03
2017-10-16,292241.6,21123.62,1062,255.2899932861328,0
2017-10-17,292432.76,21123.62,1062,255.47000122070312,0
2017-10-18,292698.26,21123.62,1062,255.72000122070312,0
2017-10-19,292772.6,21123.62,1062,255.7899932861328,0
2017-10-20,294174.43,21123.62,1062,257.1099853515625,0
2017-10-23,293112.43,21123.62,1062,256.1099853515625,0.36
2017-10-24,293590.34,21123.62,1062,256.55999755859375,0.2
2017-10-25,292241.6,21123.62,1062,255.2899932861328,0.66
2017-10-26,292592.06,21123.62,1062,255.6199951171875,0.54
2017-10-27,294811.63,21123.62,1062,257.7099914550781,0
2017-10-30,293792.12,21123.62,1062,256.75,0.35
2017-10-31,294216.92,21123.62,1062,257.1499938964844,0.2
2017-11-01,294577.99,21123.62,1062,257.489990234375,0.08
2017-11-02,294684.2,21123.62,1062,257.5899963378906,0.04
2017-11-03,295597.54,21123.62,1062,258.45001220703125,0
2017-11-06,296022.33,21123.62,1062,258.8500061035156,0
2017-11-07,295831.18,21123.62,1062,258.6700134277344,0.06
2017-11-08,296298.43,21123.62,1062,259.1099853515625,0
2017-11-09,295300.18,21123.62,1062,258.1700134277344,0.34
2017-11-10,295215.2,21123.62,1062,258.0899963378906,0.37
2017-11-13,295470.07,21123.62,1062,258.3299865722656,0.28
2017-11-14,294832.89,21123.62,1062,257.7300109863281,0.49
2017-11-15,293462.9,21123.62,1062,256.44000244140625,0.96
2017-11-16,295778.06,21123.62,1062,258.6199951171875,0.18
2017-11-17,294970.93,21123.62,1062,257.8599853515625,0.45
2017-11-20,295438.21,21123.62,1062,258.29998779296875,0.29
2017-11-21,297232.99,21123.62,1062,259.989990234375,0
2017-11-22,296988.75,21123.62,1062,259.760009765625,0.08
2017-11-24,297625.93,21123.62,1062,260.3599853515625,0
2017-11-27,297487.89,21123.62,1062,260.2300109863281,0.05
2017-11-28,300291.56,21123.62,1062,262.8699951171875,0
2017-11-29,300121.63,21123.62,1062,262.7099914550781,0.06
2017-11-30,302564.25,21123.62,1062,265.010009765625,0
2017-12-01,301980.13,21123.62,1062,264.4599914550781,0.19
2017-12-04,301640.32,21123.62,1062,264.1400146484375,0.31
2017-12-05,300631.4,21123.62,1062,263.19000244140625,0.64
2017-12-06,300684.49,21123.62,1062,263.239990234375,0.62
2017-12-07,301565.97,21123.62,1062,264.07000732421875,0.33
2017-12-08,303095.25,21123.62,1062,265.510009765625,0
2017-12-11,303944.84,21123.62,1062,266.30999755859375,0
2017-12-12,304443.98,21123.62,1062,266.7799987792969,0
2017-12-13,304412.12,21123.62,1062,266.75,0.01
2017-12-14,303254.55,21123.62,1062,265.6600036621094,0.39
2017-12-15,305592.01,22558.38,1062,266.510009765625,0
2017-12-18,307386.8,22558.38,1062,268.20001220703125,0
2017-12-19,306292.94,22558.38,1062,267.1700134277344,0.36
2017-12-20,306144.24,22558.38,1062,267.0299987792969,0.4
2017-12-21,306728.33,22558.38,1062,267.5799865722656,0.21
2017-12-22,306654.01,22558.38,1062,267.510009765625,0.24
2017-12-26,306314.16,22558.38,1062,267.19000244140625,0.35
2017-12-27,306452.23,22558.38,1062,267.32000732421875,0.3
2017-12-28,307036.32,22558.38,1062,267.8699951171875,0.11
2017-12-29,305963.69,22558.38,1062,266.8599853515625,0.46
2018-01-02,307992.11,22558.38,1062,268.7699890136719,0
2018-01-03,309797.52,22558.38,1062,270.4700012207031,0
2018-01-04,311008.19,22558.38,1062,271.6099853515625,0
2018-01-05,312930.44,22558.38,1062,273.4200134277344,0
2018-01-08,313461.44,22558.38,1062,273.9200134277344,0
2018-01-09,314119.87,22558.38,1062,274.5400085449219,0
2018-01-10,313673.82,22558.38,1062,274.1199951171875,0.14
2018-01-11,315797.82,22558.38,1062,276.1199951171875,0
2018-01-12,317709.44,22558.38,1062,277.9200134277344,0
2018-01-16,316700.52,22558.38,1062,276.9700012207031,0.32
2018-01-17,319504.19,22558.38,1062,279.6099853515625,0
2018-01-18,319005.08,22558.38,1062,279.1400146484375,0.16
2018-01-19,320353.81,22558.38,1062,280.4100036621094,0
2018-01-22,322775.16,22558.38,1062,282.69000244140625,0
2018-01-23,323412.37,22558.38,1062,283.2900085449219,0
2018-01-24,323295.53,22558.38,1062,283.17999267578125,0.04
2018-01-25,323422.97,22558.38,1062,283.29998779296875,0
2018-01-26,326906.33,22558.38,1062,286.5799865722656,0
2018-01-29,324888.53,22558.38,1062,284.67999267578125,0.62
2018-01-30,321787.51,22558.38,1062,281.760009765625,1.57
2018-01-31,321936.18,22558.38,1062,281.8999938964844,1.52
2018-02-01,321596.33,22558.38,1062,281.5799865722656,1.62
2018-02-02,315086.3,22558.38,1062,275.45001220703125,3.62
2018-02-05,302852.03,22558.38,1062,263.92999267578125,7.36
2018-02-06,308374.45,22558.38,1062,269.1300048828125,5.67
2018-02-07,306823.94,22558.38,1062,267.6700134277344,6.14
2018-02-08,296161.45,22558.38,1062,257.6300048828125,9.4
2018-02-09,300296.99,12646.99,1100,261.5,8.14
2018-02-12,304520.99,12646.99,1100,265.3399963378906,6.85
2018-02-13,305246.99,12646.99,1100,266,6.63
2018-02-14,309195.99,12646.99,1100,269.5899963378906,5.42
2018-02-15,312979.99,12646.99,1100,273.0299987792969,4.26
2018-02-16,313067.98,12646.99,1100,273.1099853515625,4.23
2018-02-20,311186.98,12646.99,1100,271.3999938964844,4.81
2018-02-21,309701.98,12646.99,1100,270.04998779296875,5.26
2018-02-22,310086.98,12646.99,1100,270.3999938964844,5.15
2018-02-23,314827.98,12646.99,1100,274.7099914550781,3.69
2018-02-26,318336.98,12646.99,1100,277.8999938964844,2.62
2018-02-27,314519.98,12646.99,1100,274.42999267578125,3.79
2018-02-28,311461.98,12646.99,1100,271.6499938964844,4.72
2018-03-01,307117.01,12646.99,1100,267.70001220703125,6.05
2018-03-02,308634.98,12646.99,1100,269.0799865722656,5.59
2018-03-05,312055.99,12646.99,1100,272.19000244140625,4.54
2018-03-06,312815,12646.99,1100,272.8800048828125,4.31
2018-03-07,312704.99,12646.99,1100,272.7799987792969,4.34
2018-03-08,314157,12646.99,1100,274.1000061035156,3.9
2018-03-09,319403.99,12646.99,1100,278.8699951171875,2.29
2018-03-12,319018.98,12646.99,1100,278.5199890136719,2.41
2018-03-13,317038.99,12646.99,1100,276.7200012207031,3.02
2018-03-14,315476.98,12646.99,1100,275.29998779296875,3.5
2018-03-15,315146.99,12646.99,1100,275,3.6
2018-03-16,315473.71,13853.69,1100,274.20001220703125,3.5
2018-03-19,311392.68,13853.69,1100,270.489990234375,4.75
2018-03-20,311898.71,13853.69,1100,270.95001220703125,4.59
2018-03-21,311326.68,13853.69,1100,270.42999267578125,4.77
2018-03-22,303890.71,13853.69,1100,263.6700134277344,7.04
2018-03-23,297708.68,13853.69,1100,258.04998779296875,8.93
2018-03-26,305474.68,13853.69,1100,265.1099853515625,6.56
2018-03-27,300513.7,13853.69,1100,260.6000061035156,8.07
2018-03-28,299666.68,13853.69,1100,259.8299865722656,8.33
2018-03-29,303318.68,13853.69,1100,263.1499938964844,7.22
2018-04-02,297070.69,13853.69,1100,257.4700012207031,9.13
2018-04-03,300700.68,13853.69,1100,260.7699890136719,8.02
2018-04-04,303769.69,13853.69,1100,263.55999755859375,7.08
2018-04-05,306057.71,13853.69,1100,265.6400146484375,6.38
2018-04-06,299545.69,13853.69,1100,259.7200012207031,8.37
2018-04-09,300953.69,13853.69,1100,261,7.94
2018-04-10,305518.68,13853.69,1100,265.1499938964844,6.54
2018-04-11,303989.7,13853.69,1100,263.760009765625,7.01
2018-04-12,306376.68,13853.69,1100,265.92999267578125,6.28
2018-04-13,305518.68,13853.69,1100,265.1499938964844,6.54
2018-04-16,307916.68,13853.69,1100,267.3299865722656,5.81
2018-04-17,311062.69,13853.69,1100,270.19000244140625,4.85
2018-04-18,311282.71,13853.69,1100,270.3900146484375,4.78
2018-04-19,309632.71,13853.69,1100,268.8900146484375,5.28
2018-04-20,307124.68,13853.69,1100,266.6099853515625,6.05
2018-04-23,307080.7,13853.69,1100,266.57000732421875,6.06
2018-04-24,303131.7,13853.69,1100,262.9800109863281,7.27
2018-04-25,303846.7,13853.69,1100,263.6300048828125,7.05
2018-04-26,306794.69,13853.69,1100,266.30999755859375,6.15
2018-04-27,307069.69,13853.69,1100,266.55999755859375,6.07
2018-04-30,304814.7,13853.69,1100,264.510009765625,6.76
2018-05-01,305331.7,13853.69,1100,264.9800109863281,6.6
2018-05-02,303373.71,13853.69,1100,263.20001220703125,7.2
2018-05-03,302735.69,13853.69,1100,262.6199951171875,7.39
2018-05-04,306475.68,13853.69,1100,266.0199890136719,6.25
2018-05-07,307465.71,13853.69,1100,266.9200134277344,5.95
2018-05-08,307465.71,13853.69,1100,266.9200134277344,5.95
2018-05-09,310303.69,13853.69,1100,269.5,5.08
2018-05-10,313075.68,13853.69,1100,272.0199890136719,4.23
2018-05-11,313988.7,13853.69,1100,272.8500061035156,3.95
2018-05-14,314131.7,13853.69,1100,272.9800109863281,3.91
2018-05-15,312063.7,13853.69,1100,271.1000061035156,4.54
2018-05-16,313317.68,13853.69,1100,272.239990234375,4.16
2018-05-17,313064.7,13853.69,1100,272.010009765625,4.23
2018-05-18,312316.68,13853.69,1100,271.3299865722656,4.46
2018-05-21,314560.69,13853.69,1100,273.3699951171875,3.78
2018-05-22,313724.68,13853.69,1100,272.6099853515625,4.03
2018-05-23,314549.68,13853.69,1100,273.3599853515625,3.78
2018-05-24,313933.68,13853.69,1100,272.79998779296875,3.97
2018-05-25,313218.68,13853.69,1100,272.1499938964844,4.19
2018-05-29,309775.68,13853.69,1100,269.0199890136719,5.24
2018-05-30,313724.68,13853.69,1100,272.6099853515625,4.03
2018-05-31,311887.69,13853.69,1100,270.94000244140625,4.59
2018-06-01,314813.7,13853.69,1100,273.6000061035156,3.7
2018-06-04,316243.68,13853.69,1100,274.8999938964844,3.26
2018-06-05,316463.7,13853.69,1100,275.1000061035156,3.19
2018-06-06,318993.68,13853.69,1100,277.3999938964844,2.42
2018-06-07,318960.69,13853.69,1100,277.3699951171875,2.43
2018-06-08,319862.69,13853.69,1100,278.19000244140625,2.15
2018-06-11,320269.69,13853.69,1100,278.55999755859375,2.03
2018-06-12,320665.71,13853.69,1100,278.9200134277344,1.91
2018-06-13,319686.69,13853.69,1100,278.0299987792969,2.21
2018-06-14,320456.7,13853.69,1100,278.7300109863281,1.97
2018-06-15,320067.3,15224.29,1100,277.1300048828125,2.09
2018-06-18,319440.29,15224.29,1100,276.55999755859375,2.28
2018-06-19,318274.29,15224.29,1100,275.5,2.64
2018-06-20,318791.29,15224.29,1100,275.9700012207031,2.48
2018-06-21,316888.28,15224.29,1100,274.239990234375,3.06
2018-06-22,317438.28,15224.29,1100,274.739990234375,2.9
2018-06-25,313324.29,15224.29,1100,271,4.15
2018-06-26,313984.3,15224.29,1100,271.6000061035156,3.95
2018-06-27,311509.3,15224.29,1100,269.3500061035156,4.71
2018-06-28,313203.31,15224.29,1100,270.8900146484375,4.19
2018-06-29,313632.29,15224.29,1100,271.2799987792969,4.06
2018-07-02,314270.28,15224.29,1100,271.8599853515625,3.87
2018-07-03,313214.28,15224.29,1100,270.8999938964844,4.19
2018-07-05,315645.28,15224.29,1100,273.1099853515625,3.44
2018-07-06,318186.31,15224.29,1100,275.4200134277344,2.67
2018-07-09,320914.28,15224.29,1100,277.8999938964844,1.83
2018-07-10,322014.28,15224.29,1100,278.8999938964844,1.5
2018-07-11,319770.28,15224.29,1100,276.8599853515625,2.18
2018-07-12,322531.29,15224.29,1100,279.3699951171875,1.34
2018-07-13,322773.29,15224.29,1100,279.5899963378906,1.26
2018-07-16,322498.29,15224.29,1100,279.3399963378906,1.35
2018-07-17,323741.29,15224.29,1100,280.4700012207031,0.97
2018-07-18,324390.29,15224.29,1100,281.05999755859375,0.77
2018-07-19,323224.29,15224.29,1100,280,1.13
2018-07-20,322872.28,15224.29,1100,279.67999267578125,1.23
2018-07-23,323444.31,15224.29,1100,280.20001220703125,1.06
2018-07-24,324995.28,15224.29,1100,281.6099853515625,0.58
2018-07-25,327635.3,15224.29,1100,284.010009765625,0
2018-07-26,326898.29,15224.29,1100,283.3399963378906,0.22
2018-07-27,324786.31,15224.29,1100,281.4200134277344,0.87
2018-07-30,323169.31,15224.29,1100,279.95001220703125,1.36
2018-07-31,324687.28,15224.29,1100,281.3299865722656,0.9
2018-08-01,324170.28,15224.29,1100,280.8599853515625,1.06
2018-08-02,325853.31,15224.29,1100,282.3900146484375,0.54
2018-08-03,327184.3,15224.29,1100,283.6000061035156,0.14
2018-08-06,328328.31,15224.29,1100,284.6400146484375,0
2018-08-07,329362.28,15224.29,1100,285.5799865722656,0
2018-08-08,329230.28,15224.29,1100,285.4599914550781,0.04
2018-08-09,328801.3,15224.29,1100,285.07000732421875,0.17
2018-08-10,326700.3,15224.29,1100,283.1600036621094,0.81
2018-08-13,325534.3,15224.29,1100,282.1000061035156,1.16
2018-08-14,327514.28,15224.29,1100,283.8999938964844,0.56
2018-08-15,325182.29,15224.29,1100,281.7799987792969,1.27
2018-08-16,327690.29,15224.29,1100,284.05999755859375,0.51
2018-08-17,328790.29,15224.29,1100,285.05999755859375,0.17
2018-08-20,329461.31,15224.29,1100,285.6700134277344,0
2018-08-21,330198.29,15224.29,1100,286.3399963378906,0
2018-08-22,330011.31,15224.29,1100,286.1700134277344,0.06
2018-08-23,329593.3,15224.29,1100,285.7900085449219,0.18
2018-08-24,331485.3,15224.29,1100,287.510009765625,0
2018-08-27,333982.29,15224.29,1100,289.7799987792969,0
2018-08-28,334136.31,15224.29,1100,289.9200134277344,0
2018-08-29,335852.3,15224.29,1100,291.4800109863281,0
2018-08-30,334554.28,15224.29,1100,290.29998779296875,0.39
2018-08-31,334565.29,15224.29,1100,290.30999755859375,0.38
2018-09-04,334015.29,15224.29,1100,289.80999755859375,0.55
2018-09-05,333157.29,15224.29,1100,289.0299987792969,0.8
2018-09-06,332200.3,15224.29,1100,288.1600036621094,1.09
2018-09-07,331584.3,15224.29,1100,287.6000061035156,1.27
2018-09-10,332134.3,15224.29,1100,288.1000061035156,1.11
2018-09-11,333179.28,15224.29,1100,289.04998779296875,0.8
2018-09-12,333256.29,15224.29,1100,289.1199951171875,0.77
2018-09-13,335137.28,15224.29,1100,290.8299865722656,0.21
2018-09-14,335192.3,15224.29,1100,290.8800048828125,0.2
2018-09-17,333498.29,15224.29,1100,289.3399963378906,0.7
2018-09-18,335225.3,15224.29,1100,290.9100036621094,0.19
2018-09-19,335566.29,15224.29,1100,291.2200012207031,0.09
2018-09-20,338162.28,15224.29,1100,293.5799865722656,0
2018-09-21,337868.58,16679.59,1100,291.989990234375,0.09
2018-09-24,336801.58,16679.59,1100,291.0199890136719,0.4
2018-09-25,336504.59,16679.59,1100,290.75,0.49
2018-09-26,335547.6,16679.59,1100,289.8800048828125,0.77
2018-09-27,336438.59,16679.59,1100,290.69000244140625,0.51
2018-09-28,336471.59,16679.59,1100,290.7200012207031,0.5
2018-10-01,337582.6,16679.59,1100,291.7300109863281,0.17
2018-10-02,337395.59,16679.59,1100,291.55999755859375,0.23
2018-10-03,337571.59,16679.59,1100,291.7200012207031,0.17
2018-10-04,335063.59,16679.59,1100,289.44000244140625,0.92
2018-10-05,333281.6,16679.59,1100,287.82000732421875,1.44
2018-10-08,333281.6,16679.59,1100,287.82000732421875,1.44
2018-10-09,332819.58,16679.59,1100,287.3999938964844,1.58
2018-10-10,322809.58,16679.59,1100,278.29998779296875,4.54
2018-10-11,316066.61,16679.59,1100,272.1700134277344,6.53
2018-10-12,320224.61,16679.59,1100,275.95001220703125,5.3
2018-10-15,318519.58,16679.59,1100,274.3999938964844,5.81
2018-10-16,325119.58,16679.59,1100,280.3999938964844,3.86
2018-10-17,325174.61,16679.59,1100,280.45001220703125,3.84
2018-10-18,320719.58,16679.59,1100,276.3999938964844,5.16
2018-10-19,320554.59,16679.59,1100,276.25,5.21
2018-10-22,319190.6,16679.59,1100,275.010009765625,5.61
2018-10-23,317650.58,16679.59,1100,273.6099853515625,6.07
2018-10-24,308531.6,16679.59,1100,265.32000732421875,8.76
2018-10-25,313767.58,16679.59,1100,270.0799865722656,7.21
2018-10-26,308542.58,16679.59,1100,265.3299865722656,8.76
2018-10-29,306925.58,16679.59,1100,263.8599853515625,9.24
2018-10-30,311377.3,6922.83,1137,267.7699890136719,7.92
2018-10-31,314629.14,6922.83,1137,270.6300048828125,6.96
2018-11-01,317903.71,6922.83,1137,273.510009765625,5.99
2018-11-02,316061.77,6922.83,1137,271.8900146484375,6.54
2018-11-05,317767.27,6922.83,1137,273.3900146484375,6.03
2018-11-06,319734.26,6922.83,1137,275.1199951171875,5.45
2018-11-07,326431.21,6922.83,1137,281.010009765625,3.47
2018-11-08,325851.33,6922.83,1137,280.5,3.64
2018-11-09,322735.96,6922.83,1137,277.760009765625,4.56
2018-11-12,316834.92,6922.83,1137,272.57000732421875,6.31
2018-11-13,316255.04,6922.83,1137,272.05999755859375,6.48
2018-11-14,314140.24,6922.83,1137,270.20001220703125,7.1
2018-11-15,317346.55,6922.83,1137,273.0199890136719,6.16
2018-11-16,318153.85,6922.83,1137,273.7300109863281,5.92
2018-11-19,312889.53,6922.83,1137,269.1000061035156,7.47
2018-11-20,307227.26,6922.83,1137,264.1199951171875,9.15
2018-11-21,308250.55,6922.83,1137,265.0199890136719,8.85
2018-11-23,306238.08,6922.83,1137,263.25,9.44
2018-11-26,311070.33,6922.83,1137,267.5,8.01
2018-11-27,312093.62,6922.83,1137,268.3999938964844,7.71
2018-11-28,319120.27,6922.83,1137,274.5799865722656,5.63
2018-11-29,318438.1,6922.83,1137,273.9800109863281,5.83
2018-11-30,320336.87,6922.83,1137,275.6499938964844,5.27
2018-12-03,324486.91,6922.83,1137,279.29998779296875,4.04
2018-12-04,314197.08,6922.83,1137,270.25,7.09
2018-12-06,313730.9,6922.83,1137,269.8399963378906,7.22
2018-12-07,306601.92,6922.83,1137,263.57000732421875,9.33
2018-12-10,307170.42,6922.83,1137,264.07000732421875,9.16
2018-12-11,307238.64,6922.83,1137,264.1300048828125,9.14
2018-12-12,308750.84,6922.83,1137,265.4599914550781,8.7
2018-12-13,308648.51,6922.83,1137,265.3699951171875,8.73
2018-12-14,303077.22,6922.83,1137,260.4700012207031,10.38
2018-12-17,297267.15,6922.83,1137,255.36000061035156,12.09
2018-12-18,296948.79,6922.83,1137,255.0800018310547,12.19
2018-12-19,292605.44,6922.83,1137,251.25999450683594,13.47
2018-12-20,287955.11,6922.83,1137,247.1699981689453,14.85
2018-12-21,282230.32,8554.43,1137,240.6999969482422,16.54
2018-12-24,274999,8554.43,1137,234.33999633789062,18.68
2018-12-26,288827.79,58.66,1173,246.17999267578125,14.59
2018-12-27,291044.77,58.66,1173,248.07000732421875,13.93
2018-12-28,290669.41,58.66,1173,247.75,14.04
2018-12-31,293214.81,58.66,1173,249.9199981689453,13.29
2019-01-02,293519.79,58.66,1173,250.17999267578125,13.2
2019-01-03,286516.99,58.66,1173,244.2100067138672,15.27
2019-01-04,296112.13,58.66,1173,252.38999938964844,12.43
2019-01-07,298446.4,58.66,1173,254.3800048828125,11.74
2019-01-08,301249.85,58.66,1173,256.7699890136719,10.92
2019-01-09,302657.47,58.66,1173,257.9700012207031,10.5
2019-01-10,303724.9,58.66,1173,258.8800048828125,10.18
2019-01-11,303842.21,58.66,1173,258.9800109863281,10.15
2019-01-14,301988.85,58.66,1173,257.3999938964844,10.7
2019-01-15,305449.21,58.66,1173,260.3500061035156,9.67
2019-01-16,306188.21,58.66,1173,260.9800109863281,9.46
2019-01-17,308510.73,58.66,1173,262.9599914550781,8.77
2019-01-18,312616.23,58.66,1173,266.4599914550781,7.55
2019-01-22,308393.42,58.66,1173,262.8599853515625,8.8
2019-01-23,309038.59,58.66,1173,263.4100036621094,8.61
2019-01-24,309202.79,58.66,1173,263.54998779296875,8.56
2019-01-25,311818.59,58.66,1173,265.7799987792969,7.79
2019-01-28,309449.15,58.66,1173,263.760009765625,8.49
2019-01-29,309038.59,58.66,1173,263.4100036621094,8.61
2019-01-30,313929.98,58.66,1173,267.5799865722656,7.17
2019-01-31,316686.54,58.66,1173,269.92999267578125,6.35
2019-02-01,316839.03,58.66,1173,270.05999755859375,6.31
2019-02-04,319067.73,58.66,1173,271.9599914550781,5.65
2019-02-05,320404.96,58.66,1173,273.1000061035156,5.25
2019-02-06,319982.66,58.66,1173,272.739990234375,5.38
2019-02-07,316932.89,58.66,1173,270.1400146484375,6.28
2019-02-08,317319.97,58.66,1173,270.4700012207031,6.16
2019-02-11,317495.91,58.66,1173,270.6199951171875,6.11
2019-02-12,321577.96,58.66,1173,274.1000061035156,4.9
2019-02-13,322621.91,58.66,1173,274.989990234375,4.6
2019-02-14,321906.4,58.66,1173,274.3800048828125,4.81
2019-02-15,325413.66,58.66,1173,277.3699951171875,3.77
2019-02-19,325976.71,58.66,1173,277.8500061035156,3.6
2019-02-20,326633.59,58.66,1173,278.4100036621094,3.41
2019-02-21,325472.33,58.66,1173,277.4200134277344,3.75
2019-02-22,327489.89,58.66,1173,279.1400146484375,3.16
2019-02-25,327935.6,58.66,1173,279.5199890136719,3.02
2019-02-26,327701.02,58.66,1173,279.32000732421875,3.09
2019-02-27,327560.27,58.66,1173,279.20001220703125,3.14
2019-02-28,326950.29,58.66,1173,278.67999267578125,3.32
2019-03-01,328991.33,58.66,1173,280.4200134277344,2.71
2019-03-04,327794.85,58.66,1173,279.3999938964844,3.07
2019-03-05,327349.1,58.66,1173,279.0199890136719,3.2
2019-03-06,325366.73,58.66,1173,277.3299865722656,3.78
2019-03-07,322645.4,58.66,1173,275.010009765625,4.59
2019-03-08,322000.23,58.66,1173,274.4599914550781,4.78
2019-03-11,326668.78,58.66,1173,278.44000244140625,3.4
2019-03-12,327900.41,58.66,1173,279.489990234375,3.03
2019-03-13,330070.47,58.66,1173,281.3399963378906,2.39
2019-03-14,329859.34,58.66,1173,281.1600036621094,2.46
2019-03-15,331481.59,1504.97,1173,281.30999755859375,1.98
2019-03-18,332678.04,1504.97,1173,282.3299865722656,1.62
2019-03-19,332760.16,1504.97,1173,282.3999938964844,1.6
2019-03-20,331763.1,1504.97,1173,281.54998779296875,1.89
2019-03-21,335493.27,1504.97,1173,284.7300109863281,0.79
2019-03-22,329065.22,1504.97,1173,279.25,2.69
2019-03-25,328818.9,1504.97,1173,279.0400085449219,2.76
2019-03-26,331258.72,1504.97,1173,281.1199951171875,2.04
2019-03-27,329534.41,1504.97,1173,279.6499938964844,2.55
2019-03-28,330777.79,1504.97,1173,280.7099914550781,2.18
2019-03-29,332854.02,1504.97,1173,282.4800109863281,1.57
2019-04-01,336783.54,1504.97,1173,285.8299865722656,0.41
2019-04-02,336947.78,1504.97,1173,285.9700012207031,0.36
2019-04-03,337475.64,1504.97,1173,286.4200134277344,0.2
2019-04-04,338367.1,1504.97,1173,287.17999267578125,0
2019-04-05,339997.58,1504.97,1173,288.57000732421875,0
2019-04-08,340255.65,1504.97,1173,288.7900085449219,0
2019-04-09,338519.59,1504.97,1173,287.30999755859375,0.51
2019-04-10,339669.15,1504.97,1173,288.2900085449219,0.17
2019-04-11,339575.29,1504.97,1173,288.2099914550781,0.2
2019-04-12,341862.65,1504.97,1173,290.1600036621094,0
2019-04-15,341639.78,1504.97,1173,289.9700012207031,0.07
2019-04-16,341862.65,1504.97,1173,290.1600036621094,0
2019-04-17,341029.83,1504.97,1173,289.45001220703125,0.24
2019-04-18,341698.41,1504.97,1173,290.0199890136719,0.05
2019-04-22,341991.66,1504.97,1173,290.2699890136719,0
2019-04-23,345053.21,1504.97,1173,292.8800048828125,0
2019-04-24,344290.77,1504.97,1173,292.2300109863281,0.22
2019-04-25,344079.6,1504.97,1173,292.04998779296875,0.28
2019-04-26,345674.9,1504.97,1173,293.4100036621094,0
2019-04-29,346214.47,1504.97,1173,293.8699951171875,0
2019-04-30,346390.41,1504.97,1173,294.0199890136719,0
2019-05-01,343798.09,1504.97,1173,291.80999755859375,0.75
2019-05-02,343059.1,1504.97,1173,291.17999267578125,0.96
2019-05-03,346402.15,1504.97,1173,294.0299987792969,0
2019-05-06,344982.83,1504.97,1173,292.82000732421875,0.41
2019-05-07,339246.85,1504.97,1173,287.92999267578125,2.07
2019-05-08,338777.65,1504.97,1173,287.5299987792969,2.2
2019-05-09,337757.15,1504.97,1173,286.6600036621094,2.5
2019-05-10,339446.27,1504.97,1173,288.1000061035156,2.01
2019-05-13,330953.73,1504.97,1173,280.8599853515625,4.46
2019-05-14,333933.16,1504.97,1173,283.3999938964844,3.6
2019-05-15,335880.34,1504.97,1173,285.05999755859375,3.04
2019-05-16,338977.08,1504.97,1173,287.70001220703125,2.14
2019-05-17,336795.28,1504.97,1173,285.8399963378906,2.77
2019-05-20,334578.33,1504.97,1173,283.95001220703125,3.41
2019-05-21,337581.21,1504.97,1173,286.510009765625,2.55
2019-05-22,336548.96,1504.97,1173,285.6300048828125,2.84
2019-05-23,332455.2,1504.97,1173,282.1400146484375,4.03
2019-05-24,333205.9,1504.97,1173,282.7799987792969,3.81
2019-05-28,330120.91,1504.97,1173,280.1499938964844,4.7
2019-05-29,327915.66,1504.97,1173,278.2699890136719,5.34
2019-05-30,328807.15,1504.97,1173,279.0299987792969,5.08
2019-05-31,324396.66,1504.97,1173,275.2699890136719,6.35
2019-06-03,323575.58,1504.97,1173,274.57000732421875,6.59
2019-06-04,330566.65,1504.97,1173,280.5299987792969,4.57
2019-06-05,333417.04,1504.97,1173,282.9599914550781,3.75
2019-06-06,335575.35,1504.97,1173,284.79998779296875,3.13
2019-06-07,338918.41,1504.97,1173,287.6499938964844,2.16
2019-06-10,340466.78,1504.97,1173,288.9700012207031,1.71
2019-06-11,340384.66,1504.97,1173,288.8999938964844,1.74
2019-06-12,339786.45,1504.97,1173,288.3900146484375,1.91
2019-06-13,341182.29,1504.97,1173,289.5799865722656,1.51
2019-06-14,340806.96,1504.97,1173,289.260009765625,1.62
2019-06-17,340935.97,1504.97,1173,289.3699951171875,1.58
2019-06-18,344490.16,1504.97,1173,292.3999938964844,0.55
2019-06-19,345264.34,1504.97,1173,293.05999755859375,0.33
2019-06-20,348548.73,1504.97,1173,295.8599853515625,0
2019-06-21,348046.71,3184.71,1173,294,0.14
2019-06-24,347624.44,3184.71,1173,293.6400146484375,0.27
2019-06-25,344246.2,3184.71,1173,290.760009765625,1.23
2019-06-26,343906.02,3184.71,1173,290.4700012207031,1.33
2019-06-27,345114.21,3184.71,1173,291.5,0.99
2019-06-28,346873.71,3184.71,1173,293,0.48
2019-07-01,349993.89,3184.71,1173,295.6600036621094,0
2019-07-02,350897.09,3184.71,1173,296.42999267578125,0
2019-07-03,353677.09,3184.71,1173,298.79998779296875,0
2019-07-05,353278.28,3184.71,1173,298.4599914550781,0.11
2019-07-08,351354.57,3184.71,1173,296.82000732421875,0.66
2019-07-09,351788.58,3184.71,1173,297.19000244140625,0.53
2019-07-10,353454.22,3184.71,1173,298.6099853515625,0.06
2019-07-11,354275.33,3184.71,1173,299.30999755859375,0
2019-07-12,355847.15,3184.71,1173,300.6499938964844,0
2019-07-15,355964.46,3184.71,1173,300.75,0
2019-07-16,354826.64,3184.71,1173,299.7799987792969,0.32
2019-07-17,352433.71,3184.71,1173,297.739990234375,0.99
2019-07-18,353712.28,3184.71,1173,298.8299865722656,0.63
2019-07-19,351765.13,3184.71,1173,297.1700134277344,1.18
2019-07-22,352621.4,3184.71,1173,297.8999938964844,0.94
2019-07-23,355119.89,3184.71,1173,300.0299987792969,0.24
2019-07-24,356773.83,3184.71,1173,301.44000244140625,0
2019-07-25,355084.71,3184.71,1173,300,0.47
2019-07-26,357442.45,3184.71,1173,302.010009765625,0
2019-07-29,356797.28,3184.71,1173,301.4599914550781,0.18
2019-07-30,355929.27,3184.71,1173,300.7200012207031,0.42
2019-07-31,352070.09,3184.71,1173,297.42999267578125,1.5
2019-08-01,349032.02,3184.71,1173,294.8399963378906,2.35
2019-08-02,346427.96,3184.71,1173,292.6199951171875,3.08
2019-08-05,336105.57,3184.71,1173,283.82000732421875,5.97
2019-08-06,340774.09,3184.71,1173,287.79998779296875,4.66
2019-08-07,340973.52,3184.71,1173,287.9700012207031,4.61
2019-08-08,347600.96,3184.71,1173,293.6199951171875,2.75
2019-08-09,345254.96,3184.71,1173,291.6199951171875,3.41
2019-08-12,341090.82,3184.71,1173,288.07000732421875,4.57
2019-08-13,346345.84,3184.71,1173,292.54998779296875,3.1
2019-08-14,336199.4,3184.71,1173,283.8999938964844,5.94
2019-08-15,337079.15,3184.71,1173,284.6499938964844,5.7
2019-08-16,342005.76,3184.71,1173,288.8500061035156,4.32
2019-08-19,346087.78,3184.71,1173,292.3299865722656,3.18
2019-08-20,343460.27,3184.71,1173,290.0899963378906,3.91
2019-08-21,346228.57,3184.71,1173,292.45001220703125,3.14
2019-08-22,346122.97,3184.71,1173,292.3599853515625,3.17
2019-08-23,337313.76,3184.71,1173,284.8500061035156,5.63
2019-08-26,341008.71,3184.71,1173,288,4.6
2019-08-27,339683.21,3184.71,1173,286.8699951171875,4.97
2019-08-28,342052.69,3184.71,1173,288.8900146484375,4.31
2019-08-29,346381.03,3184.71,1173,292.5799865722656,3.09
2019-08-30,346228.57,3184.71,1173,292.45001220703125,3.14
2019-09-03,344222.71,3184.71,1173,290.739990234375,3.7
2019-09-04,348093.64,3184.71,1173,294.0400085449219,2.62
2019-09-05,352527.57,3184.71,1173,297.82000732421875,1.38
2019-09-06,352797.34,3184.71,1173,298.04998779296875,1.3
2019-09-09,352973.32,3184.71,1173,298.20001220703125,1.25
2019-09-10,352891.2,3184.71,1173,298.1300048828125,1.27
2019-09-11,355377.96,3184.71,1173,300.25,0.58
2019-09-12,356597.89,3184.71,1173,301.2900085449219,0.24
2019-09-13,356363.27,3184.71,1173,301.0899963378906,0.3
2019-09-16,355272.39,3184.71,1173,300.1600036621094,0.61
2019-09-17,356163.88,3184.71,1173,300.9200134277344,0.36
2019-09-18,356375.01,3184.71,1173,301.1000061035156,0.3
2019-09-19,356351.53,3184.71,1173,301.0799865722656,0.31
2019-09-20,354690.57,4808.14,1173,298.2799987792969,0.77
2019-09-23,354608.46,4808.14,1173,298.2099914550781,0.79
2019-09-24,351863.64,4808.14,1173,295.8699951171875,1.56
2019-09-25,353916.39,4808.14,1173,297.6199951171875,0.99
2019-09-26,353189.14,4808.14,1173,297,1.19
2019-09-27,351312.33,4808.14,1173,295.3999938964844,1.71
2019-09-30,352919.33,4808.14,1173,296.7699890136719,1.27
2019-10-01,348778.64,4808.14,1173,293.239990234375,2.42
2019-10-02,342702.51,4808.14,1173,288.05999755859375,4.12
2019-10-03,345470.81,4808.14,1173,290.4200134277344,3.35
2019-10-04,350080.69,4808.14,1173,294.3500061035156,2.06
2019-10-07,348590.96,4808.14,1173,293.0799865722656,2.48
2019-10-08,343253.82,4808.14,1173,288.5299987792969,3.97
2019-10-09,346467.83,4808.14,1173,291.2699890136719,3.07
2019-10-10,348778.64,4808.14,1173,293.239990234375,2.42
2019-10-11,352344.57,4808.14,1173,296.2799987792969,1.43
2019-10-14,351957.5,4808.14,1173,295.95001220703125,1.53
2019-10-15,355394.38,4808.14,1173,298.8800048828125,0.57
2019-10-16,354831.33,4808.14,1173,298.3999938964844,0.73
2019-10-17,355863.57,4808.14,1173,299.2799987792969,0.44
2019-10-18,354326.95,4808.14,1173,297.9700012207031,0.87
2019-10-21,356696.39,4808.14,1173,299.989990234375,0.21
2019-10-22,355546.88,4808.14,1173,299.010009765625,0.53
2019-10-23,356567.38,4808.14,1173,299.8800048828125,0.24
2019-10-24,357142.14,4808.14,1173,300.3699951171875,0.08
2019-10-25,358584.94,4808.14,1173,301.6000061035156,0
2019-10-28,360579.02,4808.14,1173,303.29998779296875,0
2019-10-29,360473.46,4808.14,1173,303.2099914550781,0.03
2019-10-30,361564.37,4808.14,1173,304.1400146484375,0
2019-10-31,360614.21,4808.14,1173,303.3299865722656,0.26
2019-11-01,363910.37,4808.14,1173,306.1400146484375,0
2019-11-04,365353.14,4808.14,1173,307.3699951171875,0
2019-11-05,364954.32,4808.14,1173,307.0299987792969,0.11
2019-11-06,365036.44,4808.14,1173,307.1000061035156,0.09
2019-11-07,366303.27,4808.14,1173,308.17999267578125,0
2019-11-08,367194.76,4808.14,1173,308.94000244140625,0
2019-11-11,366502.69,4808.14,1173,308.3500061035156,0.19
2019-11-12,367265.14,4808.14,1173,309,0
2019-11-13,367382.44,4808.14,1173,309.1000061035156,0
2019-11-14,367910.27,4808.14,1173,309.54998779296875,0
2019-11-15,370537.82,4808.14,1173,311.7900085449219,0
2019-11-18,370807.58,4808.14,1173,312.0199890136719,0
2019-11-19,370702.02,4808.14,1173,311.92999267578125,0.03
2019-11-20,369341.33,4808.14,1173,310.7699890136719,0.4
2019-11-21,368754.83,4808.14,1173,310.2699890136719,0.55
2019-11-22,369564.21,4808.14,1173,310.9599914550781,0.34
2019-11-25,372391.14,4808.14,1173,313.3699951171875,0
2019-11-26,373223.96,4808.14,1173,314.0799865722656,0
2019-11-27,374866.19,4808.14,1173,315.4800109863281,0
2019-11-29,373493.76,4808.14,1173,314.30999755859375,0.37
2019-12-02,370361.87,4808.14,1173,311.6400146484375,1.2
2019-12-03,367910.27,4808.14,1173,309.54998779296875,1.86
2019-12-04,370150.71,4808.14,1173,311.4599914550781,1.26
2019-12-05,370807.58,4808.14,1173,312.0199890136719,1.08
2019-12-06,374150.64,4808.14,1173,314.8699951171875,0.19
2019-12-09,372989.38,4808.14,1173,313.8800048828125,0.5
2019-12-10,372578.82,4808.14,1173,313.5299987792969,0.61
2019-12-11,373622.81,4808.14,1173,314.4200134277344,0.33
2019-12-12,376801.63,4808.14,1173,317.1300048828125,0
2019-12-13,377024.5,4808.14,1173,317.32000732421875,0
2019-12-16,379581.64,4808.14,1173,319.5,0
2019-12-17,379663.75,4808.14,1173,319.57000732421875,0
2019-12-18,379687.2,4808.14,1173,319.5899963378906,0
2019-12-19,381223.83,4808.14,1173,320.8999938964844,0
2019-12-20,382866.05,6649.75,1173,320.7300109863281,0
2019-12-23,383440.81,6649.75,1173,321.2200012207031,0
2019-12-24,383452.55,6649.75,1173,321.2300109863281,0
2019-12-26,385458.37,6649.75,1173,322.94000244140625,0
2019-12-27,385364.51,6649.75,1173,322.8599853515625,0.02
2019-12-30,383276.57,6649.75,1173,321.0799865722656,0.57
2019-12-31,384191.51,6649.75,1173,321.8599853515625,0.33
2020-01-02,387722.25,6649.75,1173,324.8699951171875,0
2020-01-03,384836.68,6649.75,1173,322.4100036621094,0.74
2020-01-06,386279.48,6649.75,1173,323.6400146484375,0.37
2020-01-07,385212.05,6649.75,1173,322.7300109863281,0.65
2020-01-08,387229.61,6649.75,1173,324.45001220703125,0.13
2020-01-09,389810.19,6649.75,1173,326.6499938964844,0
2020-01-10,388707.57,6649.75,1173,325.7099914550781,0.28
2020-01-13,391335.11,6649.75,1173,327.95001220703125,0
2020-01-14,390748.61,6649.75,1173,327.45001220703125,0.15
2020-01-15,391616.62,6649.75,1173,328.19000244140625,0
2020-01-16,394818.92,6649.75,1173,330.9200134277344,0
2020-01-17,396027.11,6649.75,1173,331.95001220703125,0
2020-01-21,395264.63,6649.75,1173,331.29998779296875,0.19
2020-01-22,395311.56,6649.75,1173,331.3399963378906,0.18
2020-01-23,395757.31,6649.75,1173,331.7200012207031,0.07
2020-01-24,392296.94,6649.75,1173,328.7699890136719,0.94
2020-01-27,386115.25,6649.75,1173,323.5,2.5
2020-01-28,390091.73,6649.75,1173,326.8900146484375,1.5
2020-01-29,389775,6649.75,1173,326.6199951171875,1.58
2020-01-30,391018.38,6649.75,1173,327.67999267578125,1.26
2020-01-31,384039.05,6649.75,1173,321.7300109863281,3.03
2020-02-03,386842.5,6649.75,1173,324.1199951171875,2.32
2020-02-04,392637.12,6649.75,1173,329.05999755859375,0.86
2020-02-05,397094.51,6649.75,1173,332.8599853515625,0
2020-02-06,398408.3,6649.75,1173,333.9800109863281,0
2020-02-07,396320.36,6649.75,1173,332.20001220703125,0.52
2020-02-10,399229.38,6649.75,1173,334.67999267578125,0
2020-02-11,399909.74,6649.75,1173,335.260009765625,0
2020-02-12,402443.42,6649.75,1173,337.4200134277344,0
2020-02-13,402021.12,6649.75,1173,337.05999755859375,0.1
2020-02-14,402654.55,6649.75,1173,337.6000061035156,0
2020-02-18,401634.05,6649.75,1173,336.7300109863281,0.25
2020-02-19,403522.56,6649.75,1173,338.3399963378906,0
2020-02-20,401892.11,6649.75,1173,336.95001220703125,0.4
2020-02-21,397821.8,6649.75,1173,333.4800109863281,1.41
2020-02-24,384848.42,6649.75,1173,322.4200134277344,4.63
2020-02-25,373388.19,6649.75,1173,312.6499938964844,7.47
2020-02-26,372039.25,6649.75,1173,311.5,7.8
2020-02-27,355628.99,6649.75,1173,297.510009765625,11.87
2020-02-28,354335.95,8.98,1196,296.260009765625,12.19
2020-03-02,369680.62,8.98,1196,309.0899963378906,8.39
2020-03-03,359096.01,8.98,1196,300.239990234375,11.01
2020-03-04,374189.52,8.98,1196,312.8599853515625,7.27
2020-03-05,361751.13,8.98,1196,302.4599914550781,10.35
2020-03-06,355771.13,8.98,1196,297.4599914550781,11.83
2020-03-09,327988.07,8.98,1196,274.2300109863281,18.72
2020-03-10,344959.32,8.98,1196,288.4200134277344,14.51
2020-03-11,328143.52,8.98,1196,274.3599853515625,18.68
2020-03-12,296748.54,8.98,1196,248.11000061035156,26.46
2020-03-13,322115.71,8.98,1196,269.32000732421875,20.17
2020-03-16,286869.59,8.98,1196,239.85000610351562,28.91
2020-03-17,302357.79,8.98,1196,252.8000030517578,25.07
2020-03-18,287048.98,8.98,1196,240,28.86
2020-03-19,287658.94,8.98,1196,240.50999450683594,28.71
2020-03-20,275335.37,1690.56,1196,228.8000030517578,31.77
2020-03-23,268301.92,93.07,1203,222.9499969482422,33.51
2020-03-24,292602.51,93.07,1203,243.14999389648438,27.49
2020-03-25,296981.43,93.07,1203,246.7899932861328,26.4
2020-03-26,314316.69,93.07,1203,261.20001220703125,22.11
2020-03-27,304957.33,93.07,1203,253.4199981689453,24.43
2020-03-30,314858.01,93.07,1203,261.6499938964844,21.97
2020-03-31,310166.32,93.07,1203,257.75,23.14
2020-04-01,296211.51,93.07,1203,246.14999389648438,26.59
2020-04-02,303044.56,93.07,1203,251.8300018310547,24.9
2020-04-03,298665.64,93.07,1203,248.19000244140625,25.99
2020-04-06,318719.63,93.07,1203,264.8599853515625,21.02
2020-04-07,319044.47,93.07,1203,265.1300048828125,20.94
2020-04-08,329751.16,93.07,1203,274.0299987792969,18.28
2020-04-09,334767.69,93.07,1203,278.20001220703125,17.04
2020-04-13,331712.06,93.07,1203,275.6600036621094,17.8
2020-04-14,341492.45,93.07,1203,283.7900085449219,15.37
2020-04-15,334238.36,93.07,1203,277.760009765625,17.17
2020-04-16,335850.38,93.07,1203,279.1000061035156,16.77
2020-04-17,344921.01,93.07,1203,286.6400146484375,14.52
2020-04-20,338845.84,93.07,1203,281.5899963378906,16.03
2020-04-21,328560.2,93.07,1203,273.0400085449219,18.58
2020-04-22,335850.38,93.07,1203,279.1000061035156,16.77
2020-04-23,335826.3,93.07,1203,279.0799865722656,16.78
2020-04-24,340505.98,93.07,1203,282.9700012207031,15.62
2020-04-27,345414.21,93.07,1203,287.04998779296875,14.4
2020-04-28,343826.28,93.07,1203,285.7300109863281,14.79
2020-04-29,352824.69,93.07,1203,293.2099914550781,12.56
2020-04-30,349540.53,93.07,1203,290.4800109863281,13.38
2020-05-01,340289.45,93.07,1203,282.7900085449219,15.67
2020-05-04,341227.79,93.07,1203,283.57000732421875,15.44
2020-05-05,344379.64,93.07,1203,286.19000244140625,14.66
2020-05-06,342045.82,93.07,1203,284.25,15.24
2020-05-07,346172.1,93.07,1203,287.67999267578125,14.21
2020-05-08,351898.39,93.07,1203,292.44000244140625,12.79
2020-05-11,351970.57,93.07,1203,292.5,12.78
2020-05-12,344957.1,93.07,1203,286.6700134277344,14.51
2020-05-13,338857.88,93.07,1203,281.6000061035156,16.03
2020-05-14,342911.98,93.07,1203,284.9700012207031,15.02
2020-05-15,344487.91,93.07,1203,286.2799987792969,14.63
2020-05-18,354978.07,93.07,1203,295,12.03
2020-05-19,351332.98,93.07,1203,291.9700012207031,12.93
2020-05-20,357299.85,93.07,1203,296.92999267578125,11.45
2020-05-21,354833.72,93.07,1203,294.8800048828125,12.07
2020-05-22,355507.39,93.07,1203,295.44000244140625,11.9
2020-05-26,359886.3,93.07,1203,299.0799865722656,10.81
2020-05-27,365239.66,93.07,1203,303.5299987792969,9.49
2020-05-28,364565.98,93.07,1203,302.9700012207031,9.65
2020-05-29,366190.04,93.07,1203,304.32000732421875,9.25
2020-06-01,367669.71,93.07,1203,305.54998779296875,8.88
2020-06-02,370713.3,93.07,1203,308.0799865722656,8.13
2020-06-03,375645.6,93.07,1203,312.17999267578125,6.91
2020-06-04,374659.13,93.07,1203,311.3599853515625,7.15
2020-06-05,384259.09,93.07,1203,319.3399963378906,4.77
2020-06-08,388902.69,93.07,1203,323.20001220703125,3.62
2020-06-09,386003.45,93.07,1203,320.7900085449219,4.34
2020-06-10,383850.07,93.07,1203,319,4.88
2020-06-11,361726.88,93.07,1203,300.6099853515625,10.36
2020-06-12,366057.69,93.07,1203,304.2099914550781,9.28
2020-06-15,369474.21,93.07,1203,307.04998779296875,8.44
2020-06-16,376583.94,93.07,1203,312.9599914550781,6.68
2020-06-17,375020.06,93.07,1203,311.6600036621094,7.06
2020-06-18,375164.41,93.07,1203,311.7799987792969,7.03
2020-06-19,373030.31,1736.37,1203,308.6400146484375,7.56
2020-06-22,375412.23,1736.37,1203,310.6199951171875,6.97
2020-06-23,377132.51,1736.37,1203,312.04998779296875,6.54
2020-06-24,367556.64,1736.37,1203,304.0899963378906,8.91
2020-06-25,371478.43,1736.37,1203,307.3500061035156,7.94
2020-06-26,362696.51,1736.37,1203,300.04998779296875,10.12
2020-06-29,368001.74,1736.37,1203,304.4599914550781,8.8
2020-06-30,372693.43,1736.37,1203,308.3599853515625,7.64
2020-07-01,375291.92,1736.37,1203,310.5199890136719,7
2020-07-02,377349.08,1736.37,1203,312.2300109863281,6.49
2020-07-06,383147.51,1736.37,1203,317.04998779296875,5.05
2020-07-07,379213.71,1736.37,1203,313.7799987792969,6.02
2020-07-08,382100.9,1736.37,1203,316.17999267578125,5.31
2020-07-09,379935.52,1736.37,1203,314.3800048828125,5.85
2020-07-10,383797.14,1736.37,1203,317.5899963378906,4.89
2020-07-13,380488.89,1736.37,1203,314.8399963378906,5.71
2020-07-14,385397.15,1736.37,1203,318.9200134277344,4.49
2020-07-15,388921.93,1736.37,1203,321.8500061035156,3.62
2020-07-16,387646.75,1736.37,1203,320.7900085449219,3.93
2020-07-17,388765.53,1736.37,1203,321.7200012207031,3.66
2020-07-20,391893.34,1736.37,1203,324.32000732421875,2.88
2020-07-21,392723.41,1736.37,1203,325.010009765625,2.68
2020-07-22,394948.93,1736.37,1203,326.8599853515625,2.12
2020-07-23,390257.24,1736.37,1203,322.9599914550781,3.29
2020-07-24,387755.02,1736.37,1203,320.8800048828125,3.91
2020-07-27,390570.03,1736.37,1203,323.2200012207031,3.21
2020-07-28,388103.9,1736.37,1203,321.1700134277344,3.82
2020-07-29,392855.73,1736.37,1203,325.1199951171875,2.64
2020-07-30,391460.24,1736.37,1203,323.9599914550781,2.99
2020-07-31,394539.92,1736.37,1203,326.5199890136719,2.23
2020-08-03,397270.75,1736.37,1203,328.7900085449219,1.55
2020-08-04,398798.55,1736.37,1203,330.05999755859375,1.17
2020-08-05,401264.68,1736.37,1203,332.1099853515625,0.56
2020-08-06,403935.35,1736.37,1203,334.3299865722656,0
2020-08-07,404224.09,1736.37,1203,334.57000732421875,0
2020-08-10,405427.09,1736.37,1203,335.57000732421875,0
2020-08-11,402094.76,1736.37,1203,332.79998779296875,0.82
2020-08-12,407676.69,1736.37,1203,337.44000244140625,0
2020-08-13,406942.85,1736.37,1203,336.8299865722656,0.18
2020-08-14,406954.89,1736.37,1203,336.8399963378906,0.18
2020-08-17,408242.11,1736.37,1203,337.9100036621094,0
2020-08-18,409120.31,1736.37,1203,338.6400146484375,0
2020-08-19,407424.08,1736.37,1203,337.2300109863281,0.41
2020-08-20,408687.21,1736.37,1203,338.2799987792969,0.11
2020-08-21,410130.83,1736.37,1203,339.4800109863281,0
2020-08-24,414269.15,1736.37,1203,342.9200134277344,0
2020-08-25,415712.73,1736.37,1203,344.1199951171875,0
2020-08-26,419863.09,1736.37,1203,347.57000732421875,0
2020-08-27,420777.35,1736.37,1203,348.3299865722656,0
2020-08-28,423484.1,1736.37,1203,350.5799865722656,0
2020-08-31,421956.3,1736.37,1203,349.30999755859375,0.36
2020-09-01,425914.18,1736.37,1203,352.6000061035156,0
2020-09-02,432049.49,1736.37,1203,357.70001220703125,0
2020-09-03,417240.56,1736.37,1203,345.3900146484375,3.43
2020-09-04,413848.09,1736.37,1203,342.57000732421875,4.21
2020-09-08,402587.99,1736.37,1203,333.2099914550781,6.82
2020-09-09,410503.75,1736.37,1203,339.7900085449219,4.99
2020-09-10,403406.06,1736.37,1203,333.8900146484375,6.63
2020-09-11,403610.55,1736.37,1203,334.05999755859375,6.58
2020-09-14,408903.74,1736.37,1203,338.4599914550781,5.36
2020-09-15,410960.9,1736.37,1203,340.1700134277344,4.88
2020-09-16,409336.84,1736.37,1203,338.82000732421875,5.26
2020-09-17,405751.89,1736.37,1203,335.8399963378906,6.09
2020-09-18,401119.13,3347.19,1203,330.6499938964844,7.16
2020-09-21,396692.1,3347.19,1203,326.9700012207031,8.18
2020-09-22,400698.08,3347.19,1203,330.29998779296875,7.26
2020-09-23,391483.13,3347.19,1203,322.6400146484375,9.39
2020-09-24,392517.69,3347.19,1203,323.5,9.15
2020-09-25,398809.4,3347.19,1203,328.7300109863281,7.69
2020-09-28,405377.76,3347.19,1203,334.19000244140625,6.17
2020-09-29,403188.3,3347.19,1203,332.3699951171875,6.68
2020-09-30,406219.88,3347.19,1203,334.8900146484375,5.98
2020-10-01,408806.32,3347.19,1203,337.0400085449219,5.38
2020-10-02,404956.71,3347.19,1203,333.8399963378906,6.27
2020-10-05,412078.48,3347.19,1203,339.760009765625,4.62
2020-10-06,406267.97,3347.19,1203,334.92999267578125,5.97
2020-10-07,413281.48,3347.19,1203,340.760009765625,4.34
2020-10-08,416914.53,3347.19,1203,343.7799987792969,3.5
2020-10-09,420607.75,3347.19,1203,346.8500061035156,2.65
2020-10-12,427320.47,3347.19,1203,352.42999267578125,1.09
2020-10-13,424553.59,3347.19,1203,350.1300048828125,1.73
2020-10-14,421906.97,3347.19,1203,347.92999267578125,2.35
2020-10-15,421389.69,3347.19,1203,347.5,2.47
2020-10-16,421137.07,3347.19,1203,347.2900085449219,2.53
2020-10-19,414785.23,3347.19,1203,342.010009765625,4
2020-10-20,416433.34,3347.19,1203,343.3800048828125,3.61
2020-10-21,415651.4,3347.19,1203,342.7300109863281,3.8
2020-10-22,417913,3347.19,1203,344.6099853515625,3.27
2020-10-23,419320.53,3347.19,1203,345.7799987792969,2.95
2020-10-26,411633.38,3347.19,1203,339.3900146484375,4.73
2020-10-27,410225.85,3347.19,1203,338.2200012207031,5.05
2020-10-28,396319.18,3347.19,1203,326.6600036621094,8.27
2020-10-29,400313.15,3347.19,1203,329.9800109863281,7.35
2020-10-30,396174.82,3347.19,1203,326.5400085449219,8.3
2020-11-02,400577.81,3347.19,1203,330.20001220703125,7.28
2020-11-03,407591.28,3347.19,1203,336.0299987792969,5.66
2020-11-04,416625.82,3347.19,1203,343.5400085449219,3.57
2020-11-05,424685.9,3347.19,1203,350.239990234375,1.7
2020-11-06,424589.68,3347.19,1203,350.1600036621094,1.73
2020-11-09,429882.87,3347.19,1203,354.55999755859375,0.5
2020-11-10,429257.32,3347.19,1203,354.0400085449219,0.65
2020-11-11,432421.22,3347.19,1203,356.6700134277344,0
2020-11-12,428258.81,3347.19,1203,353.2099914550781,0.96
2020-11-13,434141.5,3347.19,1203,358.1000061035156,0
2020-11-16,439518.91,3347.19,1203,362.57000732421875,0
2020-11-17,437173.05,3347.19,1203,360.6199951171875,0.53
2020-11-18,431952.03,3347.19,1203,356.2799987792969,1.72
2020-11-19,433756.53,3347.19,1203,357.7799987792969,1.31
2020-11-20,430809.17,3347.19,1203,355.3299865722656,1.98
2020-11-23,433371.56,3347.19,1203,357.4599914550781,1.4
2020-11-24,440300.85,3347.19,1203,363.2200012207031,0
2020-11-25,439627.18,3347.19,1203,362.6600036621094,0.15
2020-11-27,440842.22,3347.19,1203,363.6700134277344,0
2020-11-30,438905.37,3347.19,1203,362.05999755859375,0.44
2020-12-01,443669.24,3347.19,1203,366.0199890136719,0
2020-12-02,444595.57,3347.19,1203,366.7900085449219,0
2020-12-03,444475.26,3347.19,1203,366.69000244140625,0.03
2020-12-04,448276.75,3347.19,1203,369.8500061035156,0
2020-12-07,447362.46,3347.19,1203,369.0899963378906,0.2
2020-12-08,448661.72,3347.19,1203,370.1700134277344,0
2020-12-09,444667.75,3347.19,1203,366.8500061035156,0.89
2020-12-10,444523.4,3347.19,1203,366.7300109863281,0.92
2020-12-11,444006.08,3347.19,1203,366.29998779296875,1.04
2020-12-14,442033.18,3347.19,1203,364.6600036621094,1.48
2020-12-15,447963.96,3347.19,1203,369.5899963378906,0.16
2020-12-16,448661.72,3347.19,1203,370.1700134277344,0
2020-12-17,451151.9,3347.19,1203,372.239990234375,0
2020-12-18,449371.46,5247.93,1203,369.17999267578125,0.39
2020-12-21,447783.49,5247.93,1203,367.8599853515625,0.75
2020-12-22,447037.64,5247.93,1203,367.239990234375,0.91
2020-12-23,447434.65,5247.93,1203,367.57000732421875,0.82
2020-12-24,449154.93,5247.93,1203,369,0.44
2020-12-28,452968.46,5247.93,1203,372.1700134277344,0
2020-12-29,452114.3,5247.93,1203,371.4599914550781,0.19
2020-12-30,452751.89,5247.93,1203,371.989990234375,0.05
2020-12-31,455025.58,5247.93,1203,373.8800048828125,0
2021-01-04,448902.31,5247.93,1203,368.7900085449219,1.35
2021-01-05,451957.91,5247.93,1203,371.3299865722656,0.67
2021-01-06,454628.57,5247.93,1203,373.54998779296875,0.09
2021-01-07,461305.24,5247.93,1203,379.1000061035156,0
2021-01-08,463903.72,5247.93,1203,381.260009765625,0
2021-01-11,460812,5247.93,1203,378.69000244140625,0.67
2021-01-12,460908.23,5247.93,1203,378.7699890136719,0.65
2021-01-13,462135.31,5247.93,1203,379.7900085449219,0.38
2021-01-14,460535.3,5247.93,1203,378.4599914550781,0.73
2021-01-15,457215.05,5247.93,1203,375.70001220703125,1.44
2021-01-19,460763.87,5247.93,1203,378.6499938964844,0.68
2021-01-20,467067.62,5247.93,1203,383.8900146484375,0
2021-01-21,467488.64,5247.93,1203,384.239990234375,0
2021-01-22,465852.58,5247.93,1203,382.8800048828125,0.35
2021-01-25,467669.12,5247.93,1203,384.3900146484375,0
2021-01-26,466947.31,5247.93,1203,383.7900085449219,0.15
2021-01-27,455663.17,5247.93,1203,374.4100036621094,2.57
2021-01-28,459536.83,5247.93,1203,377.6300048828125,1.74
2021-01-29,450442.15,5247.93,1203,370.07000732421875,3.68
2021-02-01,457852.64,5247.93,1203,376.2300109863281,2.1
2021-02-02,464252.57,5247.93,1203,381.54998779296875,0.73
2021-02-03,464613.49,5247.93,1203,381.8500061035156,0.65
2021-02-04,469834.5,5247.93,1203,386.19000244140625,0
2021-02-05,471663.05,5247.93,1203,387.7099914550781,0
2021-02-08,475031.47,5247.93,1203,390.510009765625,0
2021-02-09,474718.68,5247.93,1203,390.25,0.07
2021-02-10,474514.16,5247.93,1203,390.0799865722656,0.11
2021-02-11,475272.05,5247.93,1203,390.7099914550781,0
2021-02-12,477593.87,5247.93,1203,392.6400146484375,0
2021-02-16,477184.82,5247.93,1203,392.29998779296875,0.09
2021-02-17,477293.12,5247.93,1203,392.3900146484375,0.06
2021-02-18,475284.09,5247.93,1203,390.7200012207031,0.48
2021-02-19,474454.02,5247.93,1203,390.0299987792969,0.66
2021-02-22,470845.02,5247.93,1203,387.0299987792969,1.41
2021-02-23,471410.43,5247.93,1203,387.5,1.29
2021-02-24,476547.23,5247.93,1203,391.7699890136719,0.22
2021-02-25,465190.91,5247.93,1203,382.3299865722656,2.6
2021-02-26,462820.99,5247.93,1203,380.3599853515625,3.09
2021-03-01,473912.66,5247.93,1203,389.5799865722656,0.77
2021-03-02,470255.56,5247.93,1203,386.5400085449219,1.54
2021-03-03,464096.21,5247.93,1203,381.4200134277344,2.83
2021-03-04,458418.05,5247.93,1203,376.70001220703125,4.02
2021-03-05,466754.83,5247.93,1203,383.6300048828125,2.27
2021-03-08,464457.09,5247.93,1203,381.7200012207031,2.75
2021-03-09,471013.46,5247.93,1203,387.1700134277344,1.38
2021-03-10,473912.66,5247.93,1203,389.5799865722656,0.77
2021-03-11,478664.52,5247.93,1203,393.5299987792969,0
2021-03-12,479302.11,5247.93,1203,394.05999755859375,0
2021-03-15,482129.17,5247.93,1203,396.4100036621094,0
2021-03-16,481527.67,5247.93,1203,395.9100036621094,0.12
2021-03-17,483151.72,5247.93,1203,397.260009765625,0
2021-03-18,476198.39,5247.93,1203,391.4800109863281,1.44
2021-03-19,475329.82,6785.36,1203,389.4800109863281,1.62
2021-03-22,479071.13,6785.36,1203,392.5899963378906,0.84
2021-03-23,475353.86,6785.36,1203,389.5,1.61
2021-03-24,472971.91,6785.36,1203,387.5199890136719,2.11
2021-03-25,475594.48,6785.36,1203,389.70001220703125,1.56
2021-03-26,483149.32,6785.36,1203,395.9800109863281,0
2021-03-29,482908.7,6785.36,1203,395.7799987792969,0.05
2021-03-30,481645.57,6785.36,1203,394.7300109863281,0.31
2021-03-31,483570.34,6785.36,1203,396.3299865722656,0
2021-04-01,488719.17,6785.36,1203,400.6099853515625,0
2021-04-05,495636.42,6785.36,1203,406.3599853515625,0
2021-04-06,495347.72,6785.36,1203,406.1199951171875,0.06
2021-04-07,495913.13,6785.36,1203,406.5899963378906,0
2021-04-08,498234.91,6785.36,1203,408.5199890136719,0
2021-04-09,501807.82,6785.36,1203,411.489990234375,0
2021-04-12,501988.3,6785.36,1203,411.6400146484375,0
2021-04-13,503455.92,6785.36,1203,412.8599853515625,0
2021-04-14,501759.73,6785.36,1203,411.45001220703125,0.34
2021-04-15,507076.97,6785.36,1203,415.8699951171875,0
2021-04-16,508749.15,6785.36,1203,417.260009765625,0
2021-04-19,506282.98,6785.36,1203,415.2099914550781,0.48
2021-04-20,502625.89,6785.36,1203,412.1700134277344,1.2
2021-04-21,507317.58,6785.36,1203,416.07000732421875,0.28
2021-04-22,502746.16,6785.36,1203,412.2699890136719,1.18
2021-04-23,508123.57,6785.36,1203,416.739990234375,0.12
2021-04-26,509170.17,6785.36,1203,417.6099853515625,0
2021-04-27,509061.91,6785.36,1203,417.5199890136719,0.02
2021-04-28,508917.55,6785.36,1203,417.3999938964844,0.05
2021-04-29,512117.54,6785.36,1203,420.05999755859375,0
2021-04-30,508797.25,6785.36,1203,417.29998779296875,0.65
2021-05-03,509879.98,6785.36,1203,418.20001220703125,0.44
2021-05-04,506776.22,6785.36,1203,415.6199951171875,1.04
2021-05-05,506932.61,6785.36,1203,415.75,1.01
2021-05-06,510926.58,6785.36,1203,419.07000732421875,0.23
2021-05-07,514595.72,6785.36,1203,422.1199951171875,0
2021-05-10,509567.18,6785.36,1203,417.94000244140625,0.98
2021-05-11,505079.98,6785.36,1203,414.2099914550781,1.85
2021-05-12,494493.6,6785.36,1203,405.4100036621094,3.91
2021-05-13,500352.2,6785.36,1203,410.2799987792969,2.77
2021-05-14,507931.09,6785.36,1203,416.5799865722656,1.3
2021-05-17,506655.91,6785.36,1203,415.5199890136719,1.54
2021-05-18,502349.18,6785.36,1203,411.94000244140625,2.38
2021-05-19,501049.92,6785.36,1203,410.8599853515625,2.63
2021-05-20,506367.2,6785.36,1203,415.2799987792969,1.6
2021-05-21,505958.18,6785.36,1203,414.94000244140625,1.68
2021-05-24,511046.89,6785.36,1203,419.1700134277344,0.69
2021-05-25,509928.07,6785.36,1203,418.239990234375,0.91
2021-05-26,510926.58,6785.36,1203,419.07000732421875,0.71
2021-05-27,511191.24,6785.36,1203,419.2900085449219,0.66
2021-05-28,512093.49,6785.36,1203,420.0400085449219,0.49
2021-06-01,511648.39,6785.36,1203,419.6700134277344,0.57
2021-06-02,512442.34,6785.36,1203,420.3299865722656,0.42
2021-06-03,510565.66,6785.36,1203,418.7699890136719,0.78
2021-06-04,515173.17,6785.36,1203,422.6000061035156,0
2021-06-07,514679.93,6785.36,1203,422.19000244140625,0.1
2021-06-08,514788.2,6785.36,1203,422.2799987792969,0.07
2021-06-09,514030.3,6785.36,1203,421.6499938964844,0.22
2021-06-10,516388.17,6785.36,1203,423.6099853515625,0
2021-06-11,517230.29,6785.36,1203,424.30999755859375,0
2021-06-14,518373.15,6785.36,1203,425.260009765625,0
2021-06-15,517434.82,6785.36,1203,424.4800109863281,0.18
2021-06-16,514583.67,6785.36,1203,422.1099853515625,0.73
2021-06-17,514415.27,6785.36,1203,421.9700012207031,0.76
2021-06-18,507589.47,8440.69,1203,414.9200134277344,2.08
2021-06-21,514735.25,8440.69,1203,420.8599853515625,0.7
2021-06-22,517442,8440.69,1203,423.1099853515625,0.18
2021-06-23,516828.5,8440.69,1203,422.6000061035156,0.3
2021-06-24,519836,8440.69,1203,425.1000061035156,0
2021-06-25,521652.5,8440.69,1203,426.6099853515625,0
2021-06-28,522687.1,8440.69,1203,427.4700012207031,0
2021-06-29,522963.81,8440.69,1203,427.70001220703125,0
2021-06-30,523396.87,8440.69,1203,428.05999755859375,0
2021-07-01,526247.97,8440.69,1203,430.42999267578125,0
2021-07-02,530205.85,8440.69,1203,433.7200012207031,0
2021-07-06,529255.47,8440.69,1203,432.92999267578125,0.18
2021-07-07,531096.06,8440.69,1203,434.4599914550781,0
2021-07-08,526837.47,8440.69,1203,430.9200134277344,0.8
2021-07-09,532371.24,8440.69,1203,435.5199890136719,0
2021-07-12,534247.92,8440.69,1203,437.0799865722656,0
2021-07-13,532455.46,8440.69,1203,435.5899963378906,0.34
2021-07-14,533237.4,8440.69,1203,436.239990234375,0.19
2021-07-15,531444.94,8440.69,1203,434.75,0.52
2021-07-16,527342.71,8440.69,1203,431.3399963378906,1.29
2021-07-19,519679.6,8440.69,1203,424.9700012207031,2.73
2021-07-20,527005.87,8440.69,1203,431.05999755859375,1.36
2021-07-21,531204.33,8440.69,1203,434.54998779296875,0.57
2021-07-22,532299.06,8440.69,1203,435.4599914550781,0.36
2021-07-23,537688.51,8440.69,1203,439.94000244140625,0
2021-07-26,538987.74,8440.69,1203,441.0199890136719,0
2021-07-27,536569.73,8440.69,1203,439.010009765625,0.45
2021-07-28,536353.17,8440.69,1203,438.8299865722656,0.49
2021-07-29,538542.63,8440.69,1203,440.6499938964844,0.08
2021-07-30,535968.23,8440.69,1203,438.510009765625,0.56
2021-08-02,534861.46,8440.69,1203,437.5899963378906,0.77
2021-08-03,539144.13,8440.69,1203,441.1499938964844,0
2021-08-04,536533.65,8440.69,1203,438.9800109863281,0.48
2021-08-05,539877.98,8440.69,1203,441.760009765625,0
2021-08-06,540756.15,8440.69,1203,442.489990234375,0
2021-08-09,540323.09,8440.69,1203,442.1300048828125,0.08
2021-08-10,540984.72,8440.69,1203,442.67999267578125,0
2021-08-11,542308.03,8440.69,1203,443.7799987792969,0
2021-08-12,543908,8440.69,1203,445.1099853515625,0
2021-08-13,544882.47,8440.69,1203,445.9200134277344,0
2021-08-16,546145.6,8440.69,1203,446.9700012207031,0
2021-08-17,542620.82,8440.69,1203,444.0400085449219,0.65
2021-08-18,536774.22,8440.69,1203,439.17999267578125,1.72
2021-08-19,537592.25,8440.69,1203,439.8599853515625,1.57
2021-08-20,541802.75,8440.69,1203,443.3599853515625,0.8
2021-08-23,546494.48,8440.69,1203,447.260009765625,0
2021-08-24,547348.6,8440.69,1203,447.9700012207031,0
2021-08-25,548479.43,8440.69,1203,448.9100036621094,0
2021-08-26,545291.48,8440.69,1203,446.260009765625,0.58
2021-08-27,550091.44,8440.69,1203,450.25,0
2021-08-30,552473.4,8440.69,1203,452.2300109863281,0
2021-08-31,551667.37,8440.69,1203,451.55999755859375,0.15
2021-09-01,551956.08,8440.69,1203,451.79998779296875,0.09
2021-09-02,553628.26,8440.69,1203,453.19000244140625,0
2021-09-03,553495.92,8440.69,1203,453.0799865722656,0.02
2021-09-07,551547.06,8440.69,1203,451.4599914550781,0.38
2021-09-08,550885.43,8440.69,1203,450.9100036621094,0.5
2021-09-09,548563.65,8440.69,1203,448.9800109863281,0.91
2021-09-10,544305.01,8440.69,1203,445.44000244140625,1.68
2021-09-13,545676.42,8440.69,1203,446.5799865722656,1.44
2021-09-14,542777.22,8440.69,1203,444.1700134277344,1.96
2021-09-15,547240.34,8440.69,1203,447.8800048828125,1.15
2021-09-16,546386.22,8440.69,1203,447.1700134277344,1.31
2021-09-17,541162.76,10158.57,1203,441.3999938964844,2.25
2021-09-20,532308.7,10158.57,1203,434.0400085449219,3.85
2021-09-21,531815.47,10158.57,1203,433.6300048828125,3.94
2021-09-22,536904.13,10158.57,1203,437.8599853515625,3.02
2021-09-23,543304.1,10158.57,1203,443.17999267578125,1.86
2021-09-24,544182.31,10158.57,1203,443.9100036621094,1.71
2021-09-27,542654.51,10158.57,1203,442.6400146484375,1.98
2021-09-28,531923.73,10158.57,1203,433.7200012207031,3.92
2021-09-29,532801.94,10158.57,1203,434.45001220703125,3.76
2021-09-30,526414.01,10158.57,1203,429.1400146484375,4.92
2021-10-01,532549.28,10158.57,1203,434.239990234375,3.81
2021-10-04,525812.51,10158.57,1203,428.6400146484375,5.02
2021-10-05,531177.88,10158.57,1203,433.1000061035156,4.06
2021-10-06,533343.26,10158.57,1203,434.8999938964844,3.66
2021-10-07,537866.56,10158.57,1203,438.6600036621094,2.85
2021-10-08,536904.13,10158.57,1203,437.8599853515625,3.02
2021-10-11,533090.64,10158.57,1203,434.69000244140625,3.71
2021-10-12,531803.43,10158.57,1203,433.6199951171875,3.94
2021-10-13,533680.1,10158.57,1203,435.17999267578125,3.6
2021-10-14,542486.07,10158.57,1203,442.5,2.01
2021-10-15,546540.18,10158.57,1203,445.8699951171875,1.28
2021-10-18,548128.14,10158.57,1203,447.19000244140625,0.99
2021-10-19,552278.51,10158.57,1203,450.6400146484375,0.24
2021-10-20,554407.81,10158.57,1203,452.4100036621094,0
2021-10-21,555827.34,10158.57,1203,453.5899963378906,0
2021-10-22,555261.93,10158.57,1203,453.1199951171875,0.1
2021-10-25,558185.21,10158.57,1203,455.54998779296875,0
2021-10-26,558678.44,10158.57,1203,455.9599914550781,0
2021-10-27,556248.39,10158.57,1203,453.94000244140625,0.43
2021-10-28,561517.54,10158.57,1203,458.32000732421875,0
2021-10-29,562636.32,10158.57,1203,459.25,0
2021-11-01,563586.7,10158.57,1203,460.0400085449219,0
2021-11-02,565824.26,10158.57,1203,461.8999938964844,0
2021-11-03,569216.73,10158.57,1203,464.7200012207031,0
2021-11-04,571851.31,10158.57,1203,466.9100036621094,0
2021-11-05,573800.16,10158.57,1203,468.5299987792969,0
2021-11-08,574281.35,10158.57,1203,468.92999267578125,0
2021-11-09,572416.72,10158.57,1203,467.3800048828125,0.32
2021-11-10,567893.43,10158.57,1203,463.6199951171875,1.11
2021-11-11,568073.87,10158.57,1203,463.7699890136719,1.08
2021-11-12,572284.37,10158.57,1203,467.2699890136719,0.35
2021-11-15,572476.85,10158.57,1203,467.42999267578125,0.31
2021-11-16,574702.41,10158.57,1203,469.2799987792969,0
2021-11-17,573331.01,10158.57,1203,468.1400146484375,0.24
2021-11-18,575243.78,10158.57,1203,469.7300109863281,0
2021-11-19,574233.26,10158.57,1203,468.8900146484375,0.18
2021-11-22,572645.29,10158.57,1203,467.57000732421875,0.45
2021-11-23,573391.14,10158.57,1203,468.19000244140625,0.32
2021-11-24,574894.89,10158.57,1203,469.44000244140625,0.06
2021-11-26,562299.48,10158.57,1203,458.9700012207031,2.25
2021-11-29,569072.38,10158.57,1203,464.6000061035156,1.07
2021-11-30,558197.25,10158.57,1203,455.55999755859375,2.96
2021-12-01,552110.07,10158.57,1203,450.5,4.02
2021-12-02,560410.76,10158.57,1203,457.3999938964844,2.58
2021-12-03,555622.85,10158.57,1203,453.4200134277344,3.41
2021-12-06,562082.95,10158.57,1203,458.7900085449219,2.29
2021-12-07,573499.41,10158.57,1203,468.2799987792969,0.3
2021-12-08,574991.12,10158.57,1203,469.5199890136719,0.04
2021-12-09,571177.63,10158.57,1203,466.3500061035156,0.71
2021-12-10,576458.78,10158.57,1203,470.739990234375,0
2021-12-13,571442.29,10158.57,1203,466.57000732421875,0.87
2021-12-14,567580.63,10158.57,1203,463.3599853515625,1.54
2021-12-15,576290.38,10158.57,1203,470.6000061035156,0.03
2021-12-16,571297.94,10158.57,1203,466.45001220703125,0.9
2021-12-17,565346.68,12123.07,1203,459.8699951171875,1.93
2021-12-20,559464.03,12123.07,1203,454.9800109863281,2.95
2021-12-21,569184.25,12123.07,1203,463.05999755859375,1.26
2021-12-22,574754.14,12123.07,1203,467.69000244140625,0.3
2021-12-23,578254.88,12123.07,1203,470.6000061035156,0
2021-12-27,586266.86,12123.07,1203,477.260009765625,0
2021-12-28,585797.68,12123.07,1203,476.8699951171875,0.08
2021-12-29,586531.53,12123.07,1203,477.4800109863281,0
2021-12-30,584943.56,12123.07,1203,476.1600036621094,0.27
2021-12-31,583499.94,12123.07,1203,474.9599914550781,0.52
2022-01-03,586808.19,12123.07,1203,477.7099914550781,0
2022-01-04,586615.71,12123.07,1203,477.54998779296875,0.03
2022-01-05,575584.22,12123.07,1203,468.3800048828125,1.91
2022-01-06,575054.89,12123.07,1203,467.94000244140625,2
2022-01-07,572829.34,12123.07,1203,466.0899963378906,2.38
2022-01-10,572131.61,12123.07,1203,465.510009765625,2.5
2022-01-11,577232.32,12123.07,1203,469.75,1.63
2022-01-12,578760.12,12123.07,1203,471.0199890136719,1.37
2022-01-13,570952.66,12123.07,1203,464.5299987792969,2.7
2022-01-14,571181.23,12123.07,1203,464.7200012207031,2.66
2022-01-18,561280.53,12123.07,1203,456.489990234375,4.35
2022-01-19,555578.32,12123.07,1203,451.75,5.32
2022-01-20,549563.32,12123.07,1203,446.75,6.35
2022-01-21,539013.03,12123.07,1203,437.9800109863281,8.14
2022-01-24,541250.59,12123.07,1203,439.8399963378906,7.76
2022-01-25,534790.48,12123.07,1203,434.4700012207031,8.86
2022-01-26,533479.22,12123.07,1203,433.3800048828125,9.09
2022-01-27,530904.78,12123.07,1203,431.239990234375,9.53
2022-01-28,543788.94,12123.07,1203,441.95001220703125,7.33
2022-01-31,553364.81,12123.07,1203,449.9100036621094,5.7
2022-02-01,557021.94,12123.07,1203,452.95001220703125,5.08
2022-02-02,562315.13,12123.07,1203,457.3500061035156,4.17
2022-02-03,549382.88,12123.07,1203,446.6000061035156,6.38
2022-02-04,551909.19,12123.07,1203,448.70001220703125,5.95
2022-02-07,550176.86,12123.07,1203,447.260009765625,6.24
2022-02-08,554603.89,12123.07,1203,450.94000244140625,5.49
2022-02-09,562543.7,12123.07,1203,457.5400085449219,4.13
2022-02-10,552655.04,12123.07,1203,449.32000732421875,5.82
2022-02-11,541996.44,12123.07,1203,440.4599914550781,7.64
2022-02-14,540264.12,12123.07,1203,439.0199890136719,7.93
2022-02-15,548781.38,12123.07,1203,446.1000061035156,6.48
2022-02-16,549382.88,12123.07,1203,446.6000061035156,6.38
2022-02-17,537906.25,12123.07,1203,437.05999755859375,8.33
2022-02-18,534501.78,12123.07,1203,434.2300109863281,8.91
2022-02-22,528895.79,12123.07,1203,429.57000732421875,9.87
2022-02-23,519481.61,2170.9,1226,421.95001220703125,11.47
2022-02-24,527266.68,2170.9,1226,428.29998779296875,10.15
2022-02-25,538852.4,2170.9,1226,437.75,8.17
2022-02-28,537479.28,2170.9,1226,436.6300048828125,8.41
2022-03-01,529326.39,2170.9,1226,429.9800109863281,9.8
2022-03-02,539024.05,2170.9,1226,437.8900146484375,8.14
2022-03-03,536351.35,2170.9,1226,435.7099914550781,8.6
2022-03-04,532011.33,2170.9,1226,432.1700134277344,9.34
2022-03-07,516392.07,2170.9,1226,419.42999267578125,12
2022-03-08,512493.4,2170.9,1226,416.25,12.66
2022-03-09,526175.56,2170.9,1226,427.4100036621094,10.33
2022-03-10,523809.39,2170.9,1226,425.4800109863281,10.74
2022-03-11,517176.73,2170.9,1226,420.07000732421875,11.87
2022-03-14,513412.9,2170.9,1226,417,12.51
2022-03-15,524655.33,2170.9,1226,426.1700134277344,10.59
2022-03-16,536241.01,2170.9,1226,435.6199951171875,8.62
2022-03-17,542922.73,2170.9,1226,441.07000732421875,7.48
2022-03-18,548827.12,3845.62,1226,444.5199890136719,6.47
2022-03-21,548667.77,3845.62,1226,444.3900146484375,6.5
2022-03-22,555042.95,3845.62,1226,449.5899963378906,5.41
2022-03-23,547944.4,3845.62,1226,443.79998779296875,6.62
2022-03-24,556146.34,3845.62,1226,450.489990234375,5.23
2022-03-25,558843.56,3845.62,1226,452.69000244140625,4.77
2022-03-28,562791.28,3845.62,1226,455.9100036621094,4.09
2022-03-29,569705.9,3845.62,1226,461.54998779296875,2.91
2022-03-30,566211.83,3845.62,1226,458.70001220703125,3.51
2022-03-31,557556.27,3845.62,1226,451.6400146484375,4.98
2022-04-01,559125.55,3845.62,1226,452.9200134277344,4.72
2022-04-04,563882.4,3845.62,1226,456.79998779296875,3.91
2022-04-05,556808.4,3845.62,1226,451.0299987792969,5.11
2022-04-06,551279.12,3845.62,1226,446.5199890136719,6.05
2022-04-07,554037.62,3845.62,1226,448.7699890136719,5.58
2022-04-08,552566.45,3845.62,1226,447.57000732421875,5.84
2022-04-11,543187.55,3845.62,1226,439.9200134277344,7.43
2022-04-12,541189.17,3845.62,1226,438.2900085449219,7.77
2022-04-13,547343.67,3845.62,1226,443.30999755859375,6.73
2022-04-14,540576.17,3845.62,1226,437.7900085449219,7.88
2022-04-18,540796.84,3845.62,1226,437.9700012207031,7.84
2022-04-19,549464.67,3845.62,1226,445.0400085449219,6.36
2022-04-20,549060.07,3845.62,1226,444.7099914550781,6.43
2022-04-21,540907.17,3845.62,1226,438.05999755859375,7.82
2022-04-22,526170.67,3845.62,1226,426.0400085449219,10.33
2022-04-25,529198.89,3845.62,1226,428.510009765625,9.82
2022-04-26,513984.22,3845.62,1226,416.1000061035156,12.41
2022-04-27,515418.62,3845.62,1226,417.2699890136719,12.17
2022-04-28,528340.67,3845.62,1226,427.80999755859375,9.96
2022-04-29,508957.62,3845.62,1226,412,13.27
2022-05-02,511998.11,3845.62,1226,414.4800109863281,12.75
2022-05-03,514327.5,3845.62,1226,416.3800048828125,12.35
2022-05-04,529873.17,3845.62,1226,429.05999755859375,9.7
2022-05-05,511176.67,3845.62,1226,413.80999755859375,12.89
2022-05-06,508148.45,3845.62,1226,411.3399963378906,13.4
2022-05-09,492002.05,3845.62,1226,398.1700134277344,16.16
2022-05-10,493129.95,3845.62,1226,399.0899963378906,15.96
2022-05-11,485357.12,3845.62,1226,392.75,17.29
2022-05-12,484854.45,3845.62,1226,392.3399963378906,17.37
2022-05-13,496354.34,3845.62,1226,401.7200012207031,15.41
2022-05-16,494355.95,3845.62,1226,400.0899963378906,15.76
2022-05-17,504445.95,3845.62,1226,408.32000732421875,14.04
2022-05-18,484265.96,3845.62,1226,391.8599853515625,17.47
2022-05-19,481323.57,3845.62,1226,389.4599914550781,17.98
2022-05-20,481532,3845.62,1226,389.6300048828125,17.94
2022-05-23,490469.55,3845.62,1226,396.9200134277344,16.42
2022-05-24,486754.77,3845.62,1226,393.8900146484375,17.05
2022-05-25,491021.23,3845.62,1226,397.3699951171875,16.32
2022-05-26,500755.67,3845.62,1226,405.30999755859375,14.66
2022-05-27,512954.39,3845.62,1226,415.260009765625,12.59
2022-05-31,510097.79,3845.62,1226,412.92999267578125,13.07
2022-06-01,506002.95,3845.62,1226,409.5899963378906,13.77
2022-06-02,515565.77,3845.62,1226,417.3900146484375,12.14
2022-06-03,507167.67,3845.62,1226,410.5400085449219,13.57
2022-06-06,508700.17,3845.62,1226,411.7900085449219,13.31
2022-06-07,513542.84,3845.62,1226,415.739990234375,12.49
2022-06-08,508001.34,3845.62,1226,411.2200012207031,13.43
2022-06-09,496011.06,3845.62,1226,401.44000244140625,15.47
2022-06-10,481740.4,3845.62,1226,389.79998779296875,17.9
2022-06-13,463595.62,3845.62,1226,375,21
2022-06-14,462180.05,76.74,1236,373.8699951171875,21.24
2022-06-15,468767.96,76.74,1236,379.20001220703125,20.12
2022-06-16,453256.13,76.74,1236,366.6499938964844,22.76
2022-06-17,454228.85,2025.91,1236,365.8599853515625,22.59
2022-06-21,465612.44,2025.91,1236,375.07000732421875,20.65
2022-06-22,464771.97,2025.91,1236,374.3900146484375,20.8
2022-06-23,469308.07,2025.91,1236,378.05999755859375,20.02
2022-06-24,484164.77,2025.91,1236,390.0799865722656,17.49
2022-06-27,482323.15,2025.91,1236,388.5899963378906,17.81
2022-06-28,472509.3,2025.91,1236,380.6499938964844,19.48
2022-06-29,472126.15,2025.91,1236,380.3399963378906,19.54
2022-06-30,468306.91,2025.91,1236,377.25,20.19
2022-07-01,473238.54,2025.91,1236,381.239990234375,19.35
2022-07-05,474128.46,2025.91,1236,381.9599914550781,19.2
2022-07-06,475722.91,2025.91,1236,383.25,18.93
2022-07-07,482817.54,2025.91,1236,388.989990234375,17.72
2022-07-08,482422.05,2025.91,1236,388.6700134277344,17.79
2022-07-11,476934.2,2025.91,1236,384.2300109863281,18.72
2022-07-12,472731.77,2025.91,1236,380.8299865722656,19.44
2022-07-13,470259.77,2025.91,1236,378.8299865722656,19.86
2022-07-14,469122.67,2025.91,1236,377.9100036621094,20.06
2022-07-15,478046.6,2025.91,1236,385.1300048828125,18.53
2022-07-18,474116.13,2025.91,1236,381.95001220703125,19.2
2022-07-19,486871.62,2025.91,1236,392.2699890136719,17.03
2022-07-20,489961.62,2025.91,1236,394.7699890136719,16.5
2022-07-21,494930.36,2025.91,1236,398.7900085449219,15.66
2022-07-22,490357.15,2025.91,1236,395.0899963378906,16.44
2022-07-25,490950.44,2025.91,1236,395.57000732421875,16.34
2022-07-26,485165.97,2025.91,1236,390.8900146484375,17.32
2022-07-27,497711.36,2025.91,1236,401.0400085449219,15.18
2022-07-28,503928.44,2025.91,1236,406.07000732421875,14.12
2022-07-29,511245.54,2025.91,1236,411.989990234375,12.88
2022-08-01,509737.62,2025.91,1236,410.7699890136719,13.13
2022-08-02,506388.07,2025.91,1236,408.05999755859375,13.7
2022-08-03,514286.13,2025.91,1236,414.45001220703125,12.36
2022-08-04,513940.05,2025.91,1236,414.1700134277344,12.42
2022-08-05,513074.83,2025.91,1236,413.4700012207031,12.57
2022-08-08,512481.54,2025.91,1236,412.989990234375,12.67
2022-08-09,510454.52,2025.91,1236,411.3500061035156,13.01
2022-08-10,521133.54,2025.91,1236,419.989990234375,11.19
2022-08-11,521133.54,2025.91,1236,419.989990234375,11.19
2022-08-12,529921.52,2025.91,1236,427.1000061035156,9.69
2022-08-15,532096.85,2025.91,1236,428.8599853515625,9.32
2022-08-16,533135.13,2025.91,1236,429.70001220703125,9.15
2022-08-17,529365.3,2025.91,1236,426.6499938964844,9.79
2022-08-18,530897.97,2025.91,1236,427.8900146484375,9.53
2022-08-19,523790.97,2025.91,1236,422.1400146484375,10.74
2022-08-22,512926.52,2025.91,1236,413.3500061035156,12.59
2022-08-23,511690.52,2025.91,1236,412.3500061035156,12.8
2022-08-24,513322.05,2025.91,1236,413.6700134277344,12.52
2022-08-25,520540.28,2025.91,1236,419.510009765625,11.29
2022-08-26,502989.07,2025.91,1236,405.30999755859375,14.28
2022-08-29,499676.6,2025.91,1236,402.6300048828125,14.85
2022-08-30,494213.46,2025.91,1236,398.2099914550781,15.78
2022-08-31,490468.38,2025.91,1236,395.17999267578125,16.42
2022-09-01,492001.05,2025.91,1236,396.4200134277344,16.16
2022-09-02,486834.54,2025.91,1236,392.239990234375,17.04
2022-09-06,485005.28,2025.91,1236,390.760009765625,17.35
2022-09-07,493681.99,2025.91,1236,397.7799987792969,15.87
2022-09-08,496895.6,2025.91,1236,400.3800048828125,15.32
2022-09-09,504583.52,2025.91,1236,406.6000061035156,14.01
2022-09-12,509984.83,2025.91,1236,410.9700012207031,13.09
2022-09-13,487897.52,2025.91,1236,393.1000061035156,16.86
2022-09-14,489751.52,2025.91,1236,394.6000061035156,16.54
2022-09-15,484214.22,2025.91,1236,390.1199951171875,17.48
2022-09-16,480550.73,3998.57,1236,385.55999755859375,18.11
2022-09-19,484246.35,3998.57,1236,388.54998779296875,17.48
2022-09-20,478733.81,3998.57,1236,384.0899963378906,18.42
2022-09-21,470452.63,3998.57,1236,377.3900146484375,19.83
2022-09-22,466534.49,3998.57,1236,374.2200012207031,20.5
2022-09-23,458784.79,3998.57,1236,367.95001220703125,21.82
2022-09-26,454285.73,3998.57,1236,364.30999755859375,22.58
2022-09-27,453136.26,3998.57,1236,363.3800048828125,22.78
2022-09-28,461973.65,3998.57,1236,370.5299987792969,21.27
2022-09-29,452407.02,3998.57,1236,362.7900085449219,22.9
2022-09-30,445473.04,3998.57,1236,357.17999267578125,24.09
2022-10-03,457128.51,3998.57,1236,366.6099853515625,22.1
2022-10-04,471169.49,3998.57,1236,377.9700012207031,19.71
2022-10-05,470081.81,3998.57,1236,377.0899963378906,19.89
2022-10-06,465273.79,3998.57,1236,373.20001220703125,20.71
2022-10-07,452407.02,3998.57,1236,362.7900085449219,22.9
2022-10-10,448983.28,3998.57,1236,360.0199890136719,23.49
2022-10-11,446165.2,3998.57,1236,357.739990234375,23.97
2022-10-12,444706.73,3998.57,1236,356.55999755859375,24.22
2022-10-13,456337.49,3998.57,1236,365.9700012207031,22.23
2022-10-14,446029.26,3998.57,1236,357.6300048828125,23.99
2022-10-17,457388.1,3998.57,1236,366.82000732421875,22.05
2022-10-18,462715.26,3998.57,1236,371.1300048828125,21.15
2022-10-19,459464.57,3998.57,1236,368.5,21.7
2022-10-20,455645.33,3998.57,1236,365.4100036621094,22.35
2022-10-21,466621.02,3998.57,1236,374.2900085449219,20.48
2022-10-24,472281.88,3998.57,1236,378.8699951171875,19.52
2022-10-25,479759.71,3998.57,1236,384.9200134277344,18.24
2022-10-26,476175.28,3998.57,1236,382.0199890136719,18.85
2022-10-27,473653.86,3998.57,1236,379.9800109863281,19.28
2022-10-28,484827.28,3998.57,1236,389.0199890136719,17.38
2022-10-31,481354.12,3998.57,1236,386.2099914550781,17.97
2022-11-01,479265.28,3998.57,1236,384.5199890136719,18.33
2022-11-02,467337.88,3998.57,1236,374.8699951171875,20.36
2022-11-03,462566.94,3998.57,1236,371.010009765625,21.17
2022-11-04,469167.18,3998.57,1236,376.3500061035156,20.05
2022-11-07,473616.79,3998.57,1236,379.95001220703125,19.29
2022-11-08,476150.57,3998.57,1236,382,18.86
2022-11-09,466423.26,3998.57,1236,374.1300048828125,20.52
2022-11-10,491835.41,3998.57,1236,394.69000244140625,16.18
2022-11-11,496556.94,3998.57,1236,398.510009765625,15.38
2022-11-14,492366.88,3998.57,1236,395.1199951171875,16.09
2022-11-15,496532.2,3998.57,1236,398.489990234375,15.38
2022-11-16,492774.79,3998.57,1236,395.45001220703125,16.02
2022-11-17,491279.2,3998.57,1236,394.239990234375,16.28
2022-11-18,493491.65,3998.57,1236,396.0299987792969,15.9
2022-11-21,491711.81,3998.57,1236,394.5899963378906,16.21
2022-11-22,498274.96,3998.57,1236,399.8999938964844,15.09
2022-11-23,501389.71,3998.57,1236,402.4200134277344,14.56
2022-11-25,501278.43,3998.57,1236,402.3299865722656,14.58
2022-11-28,493343.33,3998.57,1236,395.9100036621094,15.93
2022-11-29,492502.86,3998.57,1236,395.2300109863281,16.07
2022-11-30,507891.04,3998.57,1236,407.67999267578125,13.45
2022-12-01,507520.26,3998.57,1236,407.3800048828125,13.51
2022-12-02,506939.33,3998.57,1236,406.9100036621094,13.61
2022-12-05,497891.81,3998.57,1236,399.5899963378906,15.15
2022-12-06,490772.43,3998.57,1236,393.8299865722656,16.37
2022-12-07,489944.33,3998.57,1236,393.1600036621094,16.51
2022-12-08,493751.2,3998.57,1236,396.239990234375,15.86
2022-12-09,490092.65,3998.57,1236,393.2799987792969,16.48
2022-12-12,497100.79,3998.57,1236,398.95001220703125,15.29
2022-12-13,500833.49,3998.57,1236,401.9700012207031,14.65
2022-12-14,497656.96,3998.57,1236,399.3999938964844,15.19
2022-12-15,485581.26,3998.57,1236,389.6300048828125,17.25
2022-12-16,479921.6,6199.89,1236,383.2699890136719,18.21
2022-12-19,475904.6,6199.89,1236,380.0199890136719,18.9
2022-12-20,476547.34,6199.89,1236,380.5400085449219,18.79
2022-12-21,483580.18,6199.89,1236,386.2300109863281,17.59
2022-12-22,476769.81,6199.89,1236,380.7200012207031,18.75
2022-12-23,479476.65,6199.89,1236,382.9100036621094,18.29
2022-12-27,477610.28,6199.89,1236,381.3999938964844,18.61
2022-12-28,471751.65,6199.89,1236,376.6600036621094,19.61
2022-12-29,480131.73,6199.89,1236,383.44000244140625,18.18
2022-12-30,478883.36,6199.89,1236,382.42999267578125,18.39
2023-01-03,476893.42,6199.89,1236,380.82000732421875,18.73
2023-01-04,480527.26,6199.89,1236,383.760009765625,18.11
2023-01-05,475113.58,6199.89,1236,379.3800048828125,19.03
2023-01-06,485866.75,6199.89,1236,388.0799865722656,17.2
2023-01-09,485594.83,6199.89,1236,387.8599853515625,17.25
2023-01-10,488956.75,6199.89,1236,390.5799865722656,16.68
2023-01-11,495062.6,6199.89,1236,395.5199890136719,15.63
2023-01-12,496842.44,6199.89,1236,396.9599914550781,15.33
2023-01-13,498745.89,6199.89,1236,398.5,15.01
2023-01-17,497843.6,6199.89,1236,397.7699890136719,15.16
2023-01-18,490081.52,6199.89,1236,391.489990234375,16.48
2023-01-19,486558.95,6199.89,1236,388.6400146484375,17.08
2023-01-20,495507.58,6199.89,1236,395.8800048828125,15.56
2023-01-23,501378.58,6199.89,1236,400.6300048828125,14.56
2023-01-24,500847.11,6199.89,1236,400.20001220703125,14.65
2023-01-25,501032.5,6199.89,1236,400.3500061035156,14.62
2023-01-26,506470.89,6199.89,1236,404.75,13.69
2023-01-27,507620.36,6199.89,1236,405.67999267578125,13.49
2023-01-30,501329.13,6199.89,1236,400.5899963378906,14.57
2023-01-31,508609.18,6199.89,1236,406.4800109863281,13.33
2023-02-01,513948.67,6199.89,1236,410.79998779296875,12.42
2023-02-02,521339.97,6199.89,1236,416.7799987792969,11.16
2023-02-03,515864.5,6199.89,1236,412.3500061035156,12.09
2023-02-06,512749.75,6199.89,1236,409.8299865722656,12.62
2023-02-07,519374.73,6199.89,1236,415.19000244140625,11.49
2023-02-08,513763.28,6199.89,1236,410.6499938964844,12.45
2023-02-09,509363.13,6199.89,1236,407.0899963378906,13.2
2023-02-10,510537.34,6199.89,1236,408.0400085449219,13
2023-02-13,516457.75,6199.89,1236,412.8299865722656,11.99
2023-02-14,516222.95,6199.89,1236,412.6400146484375,12.03
2023-02-15,517879.18,6199.89,1236,413.9800109863281,11.75
2023-02-16,510833.97,6199.89,1236,408.2799987792969,12.95
2023-02-17,509573.26,6199.89,1236,407.260009765625,13.16
2023-02-21,499475.13,6199.89,1236,399.0899963378906,14.88
2023-02-22,498795.34,6199.89,1236,398.5400085449219,15
2023-02-23,501415.65,6199.89,1236,400.6600036621094,14.55
2023-02-24,496125.58,6199.89,1236,396.3800048828125,15.45
2023-02-27,497794.18,6199.89,1236,397.7300109863281,15.17
2023-02-28,495977.26,6199.89,1236,396.260009765625,15.48
2023-03-01,494098.52,6199.89,1236,394.739990234375,15.8
2023-03-02,497893.05,6199.89,1236,397.80999755859375,15.15
2023-03-03,505778.73,6199.89,1236,404.19000244140625,13.81
2023-03-06,506124.81,6199.89,1236,404.4700012207031,13.75
2023-03-07,498461.6,6199.89,1236,398.2699890136719,15.06
2023-03-08,499265.03,6199.89,1236,398.9200134277344,14.92
2023-03-09,490168.05,6199.89,1236,391.55999755859375,16.47
2023-03-10,483184.65,6199.89,1236,385.9100036621094,17.66
2023-03-13,482504.83,6199.89,1236,385.3599853515625,17.77
2023-03-14,490378.18,6199.89,1236,391.7300109863281,16.43
2023-03-15,487349.97,6199.89,1236,389.2799987792969,16.95
2023-03-16,495791.83,6199.89,1236,396.1099853515625,15.51
2023-03-17,490088.94,8061.31,1236,389.989990234375,16.48
2023-03-20,494723.94,8061.31,1236,393.739990234375,15.69
2023-03-21,501114.07,8061.31,1236,398.9100036621094,14.6
2023-03-22,492709.25,8061.31,1236,392.1099853515625,16.04
2023-03-23,494019.45,8061.31,1236,393.1700134277344,15.81
2023-03-24,497208.31,8061.31,1236,395.75,15.27
2023-03-27,498122.94,8061.31,1236,396.489990234375,15.11
2023-03-28,497022.92,8061.31,1236,395.6000061035156,15.3
2023-03-29,504129.92,8061.31,1236,401.3500061035156,14.09
2023-03-30,507034.53,8061.31,1236,403.70001220703125,13.59
2023-03-31,514067.37,8061.31,1236,409.3900146484375,12.4
2023-04-03,515995.53,8061.31,1236,410.95001220703125,12.07
2023-04-04,513177.45,8061.31,1236,408.6700134277344,12.55
2023-04-05,511854.92,8061.31,1236,407.6000061035156,12.77
2023-04-06,513820.15,8061.31,1236,409.19000244140625,12.44
2023-04-10,514339.25,8061.31,1236,409.6099853515625,12.35
2023-04-11,514475.23,8061.31,1236,409.7200012207031,12.33
2023-04-12,512411.09,8061.31,1236,408.04998779296875,12.68
2023-04-13,519110.23,8061.31,1236,413.4700012207031,11.54
2023-04-14,517861.86,8061.31,1236,412.4599914550781,11.75
2023-04-17,519691.15,8061.31,1236,413.94000244140625,11.44
2023-04-18,520024.86,8061.31,1236,414.2099914550781,11.38
2023-04-19,519938.37,8061.31,1236,414.1400146484375,11.4
2023-04-20,517145,8061.31,1236,411.8800048828125,11.87
2023-04-21,517540.53,8061.31,1236,412.20001220703125,11.8
2023-04-24,518072,8061.31,1236,412.6300048828125,11.71
2023-04-25,509976.17,8061.31,1236,406.0799865722656,13.09
2023-04-26,507850.25,8061.31,1236,404.3599853515625,13.46
2023-04-27,517800.07,8061.31,1236,412.4100036621094,11.76
2023-04-28,522150.78,8061.31,1236,415.92999267578125,11.02
2023-05-01,521631.68,8061.31,1236,415.510009765625,11.11
2023-05-02,515859.55,8061.31,1236,410.8399963378906,12.09
2023-05-03,512374.02,8061.31,1236,408.0199890136719,12.68
2023-05-04,508802,8061.31,1236,405.1300048828125,13.29
2023-05-05,518072,8061.31,1236,412.6300048828125,11.71
2023-05-08,518207.94,8061.31,1236,412.739990234375,11.69
2023-05-09,515970.78,8061.31,1236,410.92999267578125,12.07
2023-05-10,518343.92,8061.31,1236,412.8500061035156,11.67
2023-05-11,517454,8061.31,1236,412.1300048828125,11.82
2023-05-12,516786.55,8061.31,1236,411.5899963378906,11.93
2023-05-15,518541.68,8061.31,1236,413.010009765625,11.63
2023-05-16,515130.31,8061.31,1236,410.25,12.21
2023-05-17,521285.6,8061.31,1236,415.2300109863281,11.17
2023-05-18,526229.6,8061.31,1236,419.2300109863281,10.32
2023-05-19,525475.62,8061.31,1236,418.6199951171875,10.45
2023-05-22,525685.76,8061.31,1236,418.7900085449219,10.42
2023-05-23,519876.55,8061.31,1236,414.0899963378906,11.41
2023-05-24,516168.55,8061.31,1236,411.0899963378906,12.04
2023-05-25,520568.7,8061.31,1236,414.6499938964844,11.29
2023-05-26,527206.02,8061.31,1236,420.0199890136719,10.16
2023-05-30,527403.78,8061.31,1236,420.17999267578125,10.12
2023-05-31,524523.92,8061.31,1236,417.8500061035156,10.61
2023-06-01,529430.84,8061.31,1236,421.82000732421875,9.78
2023-06-02,536970.45,8061.31,1236,427.9200134277344,8.49
2023-06-05,535956.92,8061.31,1236,427.1000061035156,8.67
2023-06-06,537106.39,8061.31,1236,428.0299987792969,8.47
2023-06-07,535277.09,8061.31,1236,426.54998779296875,8.78
2023-06-08,538466,8061.31,1236,429.1300048828125,8.24
2023-06-09,539417.7,8061.31,1236,429.8999938964844,8.08
2023-06-12,544238.09,8061.31,1236,433.79998779296875,7.25
2023-06-13,547773.07,8061.31,1236,436.6600036621094,6.65
2023-06-14,548415.78,8061.31,1236,437.17999267578125,6.54
2023-06-15,555114.92,8061.31,1236,442.6000061035156,5.4
2023-06-16,553258.43,10085.88,1236,439.4599914550781,5.72
2023-06-20,550440.35,10085.88,1236,437.17999267578125,6.2
2023-06-21,547671.72,10085.88,1236,434.94000244140625,6.67
2023-06-22,549612.25,10085.88,1236,436.510009765625,6.34
2023-06-23,545533.43,10085.88,1236,433.2099914550781,7.03
2023-06-26,543345.72,10085.88,1236,431.44000244140625,7.41
2023-06-27,549192.02,10085.88,1236,436.1700134277344,6.41
2023-06-28,549463.94,10085.88,1236,436.3900146484375,6.36
2023-06-29,551589.82,10085.88,1236,438.1099853515625,6
2023-06-30,557979.96,10085.88,1236,443.2799987792969,4.91
2023-07-03,558610.33,10085.88,1236,443.7900085449219,4.81
2023-07-05,557794.57,10085.88,1236,443.1300048828125,4.94
2023-07-06,553505.64,10085.88,1236,439.6600036621094,5.68
2023-07-07,552133.66,10085.88,1236,438.54998779296875,5.91
2023-07-10,553505.64,10085.88,1236,439.6600036621094,5.68
2023-07-11,556966.43,10085.88,1236,442.4599914550781,5.09
2023-07-12,561366.59,10085.88,1236,446.0199890136719,4.34
2023-07-13,565742.04,10085.88,1236,449.55999755859375,3.59
2023-07-14,565395.96,10085.88,1236,449.2799987792969,3.65
2023-07-17,567324.12,10085.88,1236,450.8399963378906,3.32
2023-07-18,571464.72,10085.88,1236,454.19000244140625,2.61
2023-07-19,572713.1,10085.88,1236,455.20001220703125,2.4
2023-07-20,568980.35,10085.88,1236,452.17999267578125,3.04
2023-07-21,568980.35,10085.88,1236,452.17999267578125,3.04
2023-07-24,571477.1,10085.88,1236,454.20001220703125,2.61
2023-07-25,573009.72,10085.88,1236,455.44000244140625,2.35
2023-07-26,573096.25,10085.88,1236,455.510009765625,2.34
2023-07-27,569363.51,10085.88,1236,452.489990234375,2.97
2023-07-28,574839.02,10085.88,1236,456.9200134277344,2.04
2023-07-31,575914.33,10085.88,1236,457.7900085449219,1.86
2023-08-01,574295.17,10085.88,1236,456.4800109863281,2.13
2023-08-02,566446.57,10085.88,1236,450.1300048828125,3.47
2023-08-03,564852.12,10085.88,1236,448.8399963378906,3.74
2023-08-04,562343.04,10085.88,1236,446.80999755859375,4.17
2023-08-07,567163.43,10085.88,1236,450.7099914550781,3.35
2023-08-08,564740.88,10085.88,1236,448.75,3.76
2023-08-09,561032.88,10085.88,1236,445.75,4.39
2023-08-10,561230.64,10085.88,1236,445.9100036621094,4.36
2023-08-11,560909.27,10085.88,1236,445.6499938964844,4.41
2023-08-14,563949.82,10085.88,1236,448.1099853515625,3.9
2023-08-15,557497.94,10085.88,1236,442.8900146484375,4.99
2023-08-16,553480.94,10085.88,1236,439.6400146484375,5.68
2023-08-17,549340.33,10085.88,1236,436.2900085449219,6.39
2023-08-18,549599.88,10085.88,1236,436.5,6.34
2023-08-21,553110.12,10085.88,1236,439.3399963378906,5.74
2023-08-22,551639.27,10085.88,1236,438.1499938964844,5.99
2023-08-23,557670.96,10085.88,1236,443.0299987792969,4.97
2023-08-24,550081.94,10085.88,1236,436.8900146484375,6.26
2023-08-25,553888.8,10085.88,1236,439.9700012207031,5.61
2023-08-28,557337.25,10085.88,1236,442.760009765625,5.02
2023-08-29,565247.64,10085.88,1236,449.1600036621094,3.67
2023-08-30,567534.25,10085.88,1236,451.010009765625,3.28
2023-08-31,566718.49,10085.88,1236,450.3500061035156,3.42
2023-09-01,567756.72,10085.88,1236,451.19000244140625,3.25
2023-09-05,565346.51,10085.88,1236,449.239990234375,3.66
2023-09-06,561613.8,10085.88,1236,446.2200012207031,4.29
2023-09-07,559920.49,10085.88,1236,444.8500061035156,4.58
2023-09-08,560748.59,10085.88,1236,445.5199890136719,4.44
2023-09-11,564370.1,10085.88,1236,448.45001220703125,3.82
2023-09-12,561329.51,10085.88,1236,445.989990234375,4.34
2023-09-13,561972.25,10085.88,1236,446.510009765625,4.23
2023-09-14,566730.82,10085.88,1236,450.3599853515625,3.42
2023-09-15,560047.78,12042.47,1236,443.3699951171875,4.56
2023-09-18,560369.16,12042.47,1236,443.6300048828125,4.51
2023-09-19,559232.02,12042.47,1236,442.7099914550781,4.7
2023-09-20,554201.53,12042.47,1236,438.6400146484375,5.56
2023-09-21,545240.53,12042.47,1236,431.3900146484375,7.08
2023-09-22,544041.61,12042.47,1236,430.4200134277344,7.29
2023-09-25,546278.76,12042.47,1236,432.2300109863281,6.91
2023-09-26,538430.16,12042.47,1236,425.8800048828125,8.24
2023-09-27,538640.25,12042.47,1236,426.04998779296875,8.21
2023-09-28,541693.18,12042.47,1236,428.5199890136719,7.69
2023-09-29,540407.76,12042.47,1236,427.4800109863281,7.91
2023-10-02,540197.63,12042.47,1236,427.30999755859375,7.94
2023-10-03,533127.71,12042.47,1236,421.5899963378906,9.15
2023-10-04,536922.23,12042.47,1236,424.6600036621094,8.5
2023-10-05,536724.47,12042.47,1236,424.5,8.53
2023-10-06,542953.92,12042.47,1236,429.5400085449219,7.47
2023-10-09,546352.92,12042.47,1236,432.2900085449219,6.89
2023-10-10,549133.92,12042.47,1236,434.5400085449219,6.42
2023-10-11,551334,12042.47,1236,436.32000732421875,6.05
2023-10-12,548046.23,12042.47,1236,433.6600036621094,6.61
2023-10-13,545376.47,12042.47,1236,431.5,7.06
2023-10-16,550987.92,12042.47,1236,436.0400085449219,6.1
2023-10-17,550963.18,12042.47,1236,436.0199890136719,6.11
2023-10-18,543782.02,12042.47,1236,430.2099914550781,7.33
2023-10-19,539109.94,12042.47,1236,426.42999267578125,8.13
2023-10-20,532633.31,12042.47,1236,421.19000244140625,9.23
2023-10-23,531731.02,12042.47,1236,420.4599914550781,9.39
2023-10-24,535649.16,12042.47,1236,423.6300048828125,8.72
2023-10-25,528134.25,12042.47,1236,417.54998779296875,10
2023-10-26,521954.25,12042.47,1236,412.54998779296875,11.05
2023-10-27,519642.94,12042.47,1236,410.67999267578125,11.45
2023-10-30,525711.71,12042.47,1236,415.5899963378906,10.41
2023-10-31,528937.69,12042.47,1236,418.20001220703125,9.86
2023-11-01,534450.23,12042.47,1236,422.6600036621094,8.92
2023-11-02,544461.84,12042.47,1236,430.760009765625,7.22
2023-11-03,549319.31,12042.47,1236,434.69000244140625,6.39
2023-11-06,550555.31,12042.47,1236,435.69000244140625,6.18
2023-11-07,552087.94,12042.47,1236,436.92999267578125,5.92
2023-11-08,552483.47,12042.47,1236,437.25,5.85
2023-11-09,548268.71,12042.47,1236,433.8399963378906,6.57
2023-11-10,556636.41,12042.47,1236,440.6099853515625,5.14
2023-11-13,556117.31,12042.47,1236,440.19000244140625,5.23
2023-11-14,566672.76,12042.47,1236,448.7300109863281,3.43
2023-11-15,567846.94,12042.47,1236,449.67999267578125,3.23
2023-11-16,568526.76,12042.47,1236,450.2300109863281,3.12
2023-11-17,569218.92,12042.47,1236,450.7900085449219,3
2023-11-20,573507.84,12042.47,1236,454.260009765625,2.27
2023-11-21,572284.18,12042.47,1236,453.2699890136719,2.48
2023-11-22,574447.18,12042.47,1236,455.0199890136719,2.11
2023-11-24,574793.25,12042.47,1236,455.29998779296875,2.05
2023-11-27,573779.76,12042.47,1236,454.4800109863281,2.22
2023-11-28,574335.94,12042.47,1236,454.92999267578125,2.13
2023-11-29,573940.41,12042.47,1236,454.6099853515625,2.19
2023-11-30,576152.86,12042.47,1236,456.3999938964844,1.82
2023-12-01,579490.08,12042.47,1236,459.1000061035156,1.25
2023-12-04,576511.31,12042.47,1236,456.69000244140625,1.75
2023-12-05,576400.08,12042.47,1236,456.6000061035156,1.77
2023-12-06,574125.84,12042.47,1236,454.760009765625,2.16
2023-12-07,578414.76,12042.47,1236,458.2300109863281,1.43
2023-12-08,580849.69,12042.47,1236,460.20001220703125,1.02
2023-12-11,583062.1,12042.47,1236,461.989990234375,0.64
2023-12-12,585670.08,12042.47,1236,464.1000061035156,0.19
2023-12-13,593580.47,12042.47,1236,470.5,0
2023-12-14,595446.84,12042.47,1236,472.010009765625,0
2023-12-15,594490.15,14398.29,1236,469.3299865722656,0.16
2023-12-18,597753.21,14398.29,1236,471.9700012207031,0
2023-12-19,601300.53,14398.29,1236,474.8399963378906,0
2023-12-20,593167.66,14398.29,1236,468.260009765625,1.35
2023-12-21,598655.51,14398.29,1236,472.70001220703125,0.44
2023-12-22,599829.68,14398.29,1236,473.6499938964844,0.24
2023-12-26,602301.68,14398.29,1236,475.6499938964844,0
2023-12-27,603364.66,14398.29,1236,476.510009765625,0
2023-12-28,603587.13,14398.29,1236,476.69000244140625,0
2023-12-29,601881.45,14398.29,1236,475.30999755859375,0.28
2024-01-02,598593.68,14398.29,1236,472.6499938964844,0.83
2024-01-03,593822.74,14398.29,1236,468.7900085449219,1.62
2024-01-04,591956.37,14398.29,1236,467.2799987792969,1.93
2024-01-05,592747.43,14398.29,1236,467.9200134277344,1.8
2024-01-08,601003.9,14398.29,1236,474.6000061035156,0.43
2024-01-09,600113.98,14398.29,1236,473.8800048828125,0.58
2024-01-10,603426.45,14398.29,1236,476.55999755859375,0.03
2024-01-11,603166.9,14398.29,1236,476.3500061035156,0.07
2024-01-12,603574.76,14398.29,1236,476.67999267578125,0
2024-01-16,601411.76,14398.29,1236,474.92999267578125,0.36
2024-01-17,598148.74,14398.29,1236,472.2900085449219,0.9
2024-01-18,603339.92,14398.29,1236,476.489990234375,0.04
2024-01-19,610681.76,14398.29,1236,482.42999267578125,0
2024-01-22,611942.51,14398.29,1236,483.45001220703125,0
2024-01-23,613685.23,14398.29,1236,484.8599853515625,0
2024-01-24,614340.35,14398.29,1236,485.3900146484375,0
2024-01-25,617603.37,14398.29,1236,488.0299987792969,0
2024-01-26,616837.05,14398.29,1236,487.4100036621094,0.12
2024-01-29,621608,14398.29,1236,491.2699890136719,0
2024-01-30,621138.35,14398.29,1236,490.8900146484375,0.08
2024-01-31,611237.98,14398.29,1236,482.8800048828125,1.67
2024-02-01,619049.51,14398.29,1236,489.20001220703125,0.41
2024-02-02,625414.9,14398.29,1236,494.3500061035156,0
2024-02-05,623190.07,14398.29,1236,492.54998779296875,0.36
2024-02-06,624957.58,14398.29,1236,493.9800109863281,0.07
2024-02-07,630049.9,14398.29,1236,498.1000061035156,0
2024-02-08,630321.82,14398.29,1236,498.32000732421875,0
2024-02-09,633881.51,14398.29,1236,501.20001220703125,0
2024-02-12,633609.58,14398.29,1236,500.9800109863281,0.04
2024-02-13,625081.15,14398.29,1236,494.0799865722656,1.39
2024-02-14,630630.82,14398.29,1236,498.57000732421875,0.51
2024-02-15,634882.66,14398.29,1236,502.010009765625,0
2024-02-16,631792.66,14398.29,1236,499.510009765625,0.49
2024-02-20,628393.66,14398.29,1236,496.760009765625,1.02
2024-02-21,628949.84,14398.29,1236,497.2099914550781,0.93
2024-02-22,641668.29,14398.29,1236,507.5,0
2024-02-23,642100.9,14398.29,1236,507.8500061035156,0
2024-02-26,639801.92,14398.29,1236,505.989990234375,0.36
2024-02-27,640963.76,14398.29,1236,506.92999267578125,0.18
2024-02-28,640135.66,14398.29,1236,506.260009765625,0.31
2024-02-29,642385.15,14398.29,1236,508.0799865722656,0
2024-03-01,648280.86,14398.29,1236,512.8499755859375,0
2024-03-04,647601.07,14398.29,1236,512.2999877929688,0.1
2024-03-05,641272.76,14398.29,1236,507.17999267578125,1.08
2024-03-06,644449.29,14398.29,1236,509.75,0.59
2024-03-07,650703.45,14398.29,1236,514.8099975585938,0
2024-03-08,646884.21,14398.29,1236,511.7200012207031,0.59
2024-03-11,646340.37,14398.29,1236,511.2799987792969,0.67
2024-03-12,653138.41,14398.29,1236,516.780029296875,0
2024-03-13,652137.17,14398.29,1236,515.969970703125,0.15
2024-03-14,650876.51,14398.29,1236,514.9500122070312,0.35
2024-03-15,646519.57,16369.71,1236,509.8299865722656,1.01
2024-03-18,650264.65,16369.71,1236,512.8599853515625,0.44
2024-03-19,653787.3,16369.71,1236,515.7100219726562,0
2024-03-20,659682.97,16369.71,1236,520.47998046875,0
2024-03-21,661808.93,16369.71,1236,522.2000122070312,0
2024-03-22,660585.3,16369.71,1236,521.2100219726562,0.18
2024-03-25,658805.45,16369.71,1236,519.77001953125,0.45
2024-03-26,657618.87,16369.71,1236,518.8099975585938,0.63
2024-03-27,663007.81,16369.71,1236,523.1699829101562,0
2024-03-28,662884.24,16369.71,1236,523.0700073242188,0.02
2024-04-01,661759.44,16369.71,1236,522.1599731445312,0.19
2024-04-02,657655.98,16369.71,1236,518.8400268554688,0.81
2024-04-03,658360.44,16369.71,1236,519.4099731445312,0.7
2024-04-04,650524.24,16369.71,1236,513.0700073242188,1.88
2024-04-05,657149.18,16369.71,1236,518.4299926757812,0.88
2024-04-08,657507.59,16369.71,1236,518.719970703125,0.83
2024-04-09,658249.24,16369.71,1236,519.3200073242188,0.72
2024-04-10,651822.02,16369.71,1236,514.1199951171875,1.69
2024-04-11,656617.71,16369.71,1236,518,0.96
2024-04-12,647780.32,16369.71,1236,510.8500061035156,2.3
2024-04-15,639869.93,16369.71,1236,504.45001220703125,3.49
2024-04-16,638732.79,16369.71,1236,503.5299987792969,3.66
2024-04-17,635049.49,16369.71,1236,500.54998779296875,4.22
2024-04-18,633776.42,16369.71,1236,499.5199890136719,4.41
2024-04-19,628387.47,16369.71,1236,495.1600036621094,5.22
2024-04-22,634023.63,16369.71,1236,499.7200012207031,4.37
2024-04-23,641353.1,16369.71,1236,505.6499938964844,3.27
2024-04-24,641056.47,16369.71,1236,505.4100036621094,3.31
2024-04-25,638683.34,16369.71,1236,503.489990234375,3.67
2024-04-26,644579.08,16369.71,1236,508.260009765625,2.78
2024-04-29,646803.87,16369.71,1236,510.05999755859375,2.44
2024-04-30,636817,16369.71,1236,501.9800109863281,3.95
2024-05-01,634802.32,16369.71,1236,500.3500061035156,4.25
2024-05-02,640586.79,16369.71,1236,505.0299987792969,3.38
2024-05-03,648324.16,16369.71,1236,511.2900085449219,2.21
2024-05-06,654850.24,16369.71,1236,516.5700073242188,1.23
2024-05-07,655554.77,16369.71,1236,517.1400146484375,1.12
2024-05-08,655616.55,16369.71,1236,517.1900024414062,1.11
2024-05-09,659299.81,16369.71,1236,520.1699829101562,0.56
2024-05-10,660127.98,16369.71,1236,520.8400268554688,0.43
2024-05-13,660214.44,16369.71,1236,520.9099731445312,0.42
2024-05-14,663168.49,16369.71,1236,523.2999877929688,0
2024-05-15,671177.83,16369.71,1236,529.780029296875,0
2024-05-16,669830.55,16369.71,1236,528.6900024414062,0.2
2024-05-17,670769.93,16369.71,1236,529.4500122070312,0.06
2024-05-20,671523.87,16369.71,1236,530.0599975585938,0
2024-05-21,673130.65,16369.71,1236,531.3599853515625,0
2024-05-22,671239.61,16369.71,1236,529.8300170898438,0.28
2024-05-23,666456.3,16369.71,1236,525.9600219726562,0.99
2024-05-24,670757.55,16369.71,1236,529.4400024414062,0.35
2024-05-28,671214.87,16369.71,1236,529.8099975585938,0.28
2024-05-29,666629.28,16369.71,1236,526.0999755859375,0.97
2024-05-30,662315.65,16369.71,1236,522.6099853515625,1.61
2024-05-31,668199.02,16369.71,1236,527.3699951171875,0.73
2024-06-03,668730.49,16369.71,1236,527.7999877929688,0.65
2024-06-04,669459.77,16369.71,1236,528.3900146484375,0.55
2024-06-05,677221.81,16369.71,1236,534.6699829101562,0
2024-06-06,677209.44,16369.71,1236,534.6599731445312,0
2024-06-07,676406.08,16369.71,1236,534.010009765625,0.12
2024-06-10,678445.44,16369.71,1236,535.6599731445312,0
2024-06-11,680039.93,16369.71,1236,536.9500122070312,0
2024-06-12,685490.65,16369.71,1236,541.3599853515625,0
2024-06-13,686837.93,16369.71,1236,542.4500122070312,0
2024-06-14,687245.83,16369.71,1236,542.780029296875,0
2024-06-17,692585.28,16369.71,1236,547.0999755859375,0
2024-06-18,694303.34,16369.71,1236,548.489990234375,0
2024-06-20,692461.71,16369.71,1236,547,0.27
2024-06-21,691558.2,18543.83,1236,544.510009765625,0.4
2024-06-24,689370.46,18543.83,1236,542.739990234375,0.71
2024-06-25,691953.73,18543.83,1236,544.8300170898438,0.34
2024-06-26,692794.2,18543.83,1236,545.510009765625,0.22
2024-06-27,693857.14,18543.83,1236,546.3699951171875,0.06
2024-06-28,691199.71,18543.83,1236,544.219970703125,0.45
2024-07-01,692584.1,18543.83,1236,545.3400268554688,0.25
2024-07-02,697120.2,18543.83,1236,549.010009765625,0
2024-07-03,700148.42,18543.83,1236,551.4600219726562,0
2024-07-05,704078.89,18543.83,1236,554.6400146484375,0
2024-07-08,704869.95,18543.83,1236,555.280029296875,0
2024-07-09,705537.36,18543.83,1236,555.8200073242188,0
2024-07-10,712335.36,18543.83,1236,561.3200073242188,0
2024-07-11,706353.09,18543.83,1236,556.47998046875,0.84
2024-07-12,710691.46,18543.83,1236,559.989990234375,0.23
2024-07-15,712594.95,18543.83,1236,561.530029296875,0
2024-07-16,716710.77,18543.83,1236,564.8599853515625,0
2024-07-17,706921.67,18543.83,1236,556.9400024414062,1.37
2024-07-18,701631.56,18543.83,1236,552.6599731445312,2.1
2024-07-19,697095.46,18543.83,1236,548.989990234375,2.74
2024-07-22,704091.26,18543.83,1236,554.6500244140625,1.76
2024-07-23,703015.95,18543.83,1236,553.780029296875,1.91
2024-07-24,687504.09,18543.83,1236,541.22998046875,4.08
2024-07-25,684018.56,18543.83,1236,538.4099731445312,4.56
2024-07-26,691471.67,18543.83,1236,544.4400024414062,3.52
2024-07-29,691867.2,18543.83,1236,544.760009765625,3.47
2024-07-30,688455.83,18543.83,1236,542,3.94
2024-07-31,699344.99,18543.83,1236,550.8099975585938,2.42
2024-08-01,689704.2,18543.83,1236,543.010009765625,3.77
2024-08-02,677208.26,18543.83,1236,532.9000244140625,5.51
2024-08-05,658025.52,18543.83,1236,517.3800048828125,8.19
2024-08-06,663921.26,18543.83,1236,522.1500244140625,7.37
2024-08-07,659607.56,18543.83,1236,518.6599731445312,7.97
2024-08-08,674427.26,18543.83,1236,530.6500244140625,5.9
2024-08-09,677319.46,18543.83,1236,532.989990234375,5.5
2024-08-12,677665.57,18543.83,1236,533.27001953125,5.45
2024-08-13,688505.24,18543.83,1236,542.0399780273438,3.94
2024-08-14,690618.83,18543.83,1236,543.75,3.64
2024-08-15,702138.36,18543.83,1236,553.0700073242188,2.03
2024-08-16,703670.99,18543.83,1236,554.3099975585938,1.82
2024-08-19,710221.77,18543.83,1236,559.6099853515625,0.91
2024-08-20,709097.05,18543.83,1236,558.7000122070312,1.06
2024-08-21,711470.14,18543.83,1236,560.6199951171875,0.73
2024-08-22,706031.71,18543.83,1236,556.219970703125,1.49
2024-08-23,713336.52,18543.83,1236,562.1300048828125,0.47
2024-08-26,711680.24,18543.83,1236,560.7899780273438,0.7
2024-08-27,712631.99,18543.83,1236,561.5599975585938,0.57
2024-08-28,708602.61,18543.83,1236,558.2999877929688,1.13
2024-08-29,708664.4,18543.83,1236,558.3499755859375,1.12
2024-08-30,715252.3,18543.83,1236,563.6799926757812,0.2
2024-09-03,700914.73,18543.83,1236,552.0800170898438,2.2
2024-09-04,699518.05,18543.83,1236,550.9500122070312,2.4
2024-09-05,697861.77,18543.83,1236,549.6099853515625,2.63
2024-09-06,686428.77,18543.83,1236,540.3599853515625,4.23
2024-09-09,693906.56,18543.83,1236,546.4099731445312,3.18
2024-09-10,696848.24,18543.83,1236,548.7899780273438,2.77
2024-09-11,703806.93,18543.83,1236,554.4199829101562,1.8
2024-09-12,709579.1,18543.83,1236,559.0900268554688,1
2024-09-13,713188.2,18543.83,1236,562.010009765625,0.49
2024-09-16,714214.1,18543.83,1236,562.8400268554688,0.35
2024-09-17,714498.36,18543.83,1236,563.0700073242188,0.31
2024-09-18,712434.26,18543.83,1236,561.4000244140625,0.6
2024-09-19,724275.09,18543.83,1236,570.97998046875,0
2024-09-20,723058.89,20701.89,1236,568.25,0.17
2024-09-23,724813.99,20701.89,1236,569.6699829101562,0
2024-09-24,726828.67,20701.89,1236,571.2999877929688,0
2024-09-25,725271.3,20701.89,1236,570.0399780273438,0.21
2024-09-26,728064.67,20701.89,1236,572.2999877929688,0
2024-09-27,727038.77,20701.89,1236,571.469970703125,0.14
2024-09-30,729869.26,20701.89,1236,573.760009765625,0
2024-10-01,723516.2,20701.89,1236,568.6199951171875,0.87
2024-10-02,723812.83,20701.89,1236,568.8599853515625,0.83
2024-10-03,722527.42,20701.89,1236,567.8200073242188,1.01
2024-10-04,728905.15,20701.89,1236,572.97998046875,0.13
2024-10-07,722502.67,20701.89,1236,567.7999877929688,1.01
2024-10-08,729139.99,20701.89,1236,573.1699829101562,0.1
2024-10-09,734046.95,20701.89,1236,577.1400146484375,0
2024-10-10,732798.58,20701.89,1236,576.1300048828125,0.17
2024-10-11,737062.79,20701.89,1236,579.5800170898438,0
2024-10-14,742921.42,20701.89,1236,584.3200073242188,0
2024-10-15,737310.01,20701.89,1236,579.780029296875,0.76
2024-10-16,740424.67,20701.89,1236,582.2999877929688,0.34
2024-10-17,740486.46,20701.89,1236,582.3499755859375,0.33
2024-10-18,743255.16,20701.89,1236,584.5900268554688,0
2024-10-21,742068.58,20701.89,1236,583.6300048828125,0.16
2024-10-22,741685.42,20701.89,1236,583.3200073242188,0.21
2024-10-23,735097.52,20701.89,1236,577.989990234375,1.1
2024-10-24,736642.52,20701.89,1236,579.239990234375,0.89
2024-10-25,736395.3,20701.89,1236,579.0399780273438,0.92
2024-10-28,738607.79,20701.89,1236,580.8300170898438,0.63
2024-10-29,739769.63,20701.89,1236,581.77001953125,0.47
2024-10-30,737594.26,20701.89,1236,580.010009765625,0.76
2024-10-31,723540.95,20701.89,1236,568.6400146484375,2.65
2024-11-01,726507.3,20701.89,1236,571.0399780273438,2.25
2024-11-04,724987.05,20701.89,1236,569.8099975585938,2.46
2024-11-05,733503.11,20701.89,1236,576.7000122070312,1.31
2024-11-06,751227.3,20701.89,1236,591.0399780273438,0
2024-11-07,756875.83,20701.89,1236,595.6099853515625,0
2024-11-08,760064.73,20701.89,1236,598.1900024414062,0
2024-11-11,760769.26,20701.89,1236,598.760009765625,0
2024-11-12,758470.32,20701.89,1236,596.9000244140625,0.3
2024-11-13,758828.73,20701.89,1236,597.1900024414062,0.26
2024-11-14,754082.46,20701.89,1236,593.3499755859375,0.88
2024-11-15,744688.89,20701.89,1236,585.75,2.11
2024-11-18,747655.32,20701.89,1236,588.1500244140625,1.72
2024-11-19,750312.67,20701.89,1236,590.2999877929688,1.37
2024-11-20,750559.89,20701.89,1236,590.5,1.34
2024-11-21,754477.99,20701.89,1236,593.6699829101562,0.83
2024-11-22,756752.26,20701.89,1236,595.510009765625,0.53
2024-11-25,759249.01,20701.89,1236,597.530029296875,0.2
2024-11-26,763105.32,20701.89,1236,600.6500244140625,0
2024-11-27,760855.79,20701.89,1236,598.8300170898438,0.29
2024-11-29,765453.67,20701.89,1236,602.5499877929688,0
2024-12-02,766788.58,20701.89,1236,603.6300048828125,0
2024-12-03,767134.62,20701.89,1236,603.9099731445312,0
2024-12-04,771769.62,20701.89,1236,607.6599731445312,0
2024-12-05,770533.62,20701.89,1236,606.6599731445312,0.16
2024-12-06,771955.05,20701.89,1236,607.8099975585938,0
2024-12-09,768086.36,20701.89,1236,604.6799926757812,0.5
2024-12-10,765762.67,20701.89,1236,602.7999877929688,0.8
2024-12-11,771522.48,20701.89,1236,607.4600219726562,0.06
2024-12-12,767653.79,20701.89,1236,604.3300170898438,0.56
2024-12-13,767505.48,20701.89,1236,604.2100219726562,0.58
2024-12-16,770694.3,20701.89,1236,606.7899780273438,0.16
2024-12-17,767604.3,20701.89,1236,604.2899780273438,0.56
2024-12-18,745344.01,20701.89,1236,586.280029296875,3.45
2024-12-19,745121.46,20701.89,1236,586.0999755859375,3.48
2024-12-20,753793.3,23131.87,1236,591.1500244140625,2.35
2024-12-23,758168.71,23131.87,1236,594.6900024414062,1.79
2024-12-24,766338.65,23131.87,1236,601.2999877929688,0.73
2024-12-26,766388.14,23131.87,1236,601.3400268554688,0.72
2024-12-27,758564.24,23131.87,1236,595.010009765625,1.73
2024-12-30,750171.75,23131.87,1236,588.219970703125,2.82
2024-12-31,747526.77,23131.87,1236,586.0800170898438,3.16
2025-01-02,745746.93,23131.87,1236,584.6400146484375,3.4
2025-01-03,754782.09,23131.87,1236,591.9500122070312,2.22
2025-01-06,758996.81,23131.87,1236,595.3599853515625,1.68
2025-01-07,750678.56,23131.87,1236,588.6300048828125,2.76
2025-01-08,751741.5,23131.87,1236,589.489990234375,2.62
2025-01-10,740617.5,23131.87,1236,580.489990234375,4.06
2025-01-13,741729.93,23131.87,1236,581.3900146484375,3.92
2025-01-14,742718.71,23131.87,1236,582.1900024414062,3.79
2025-01-15,755807.99,23131.87,1236,592.780029296875,2.09
2025-01-16,754398.93,23131.87,1236,591.6400146484375,2.27
2025-01-17,761740.77,23131.87,1236,597.5800170898438,1.32
2025-01-21,768501.65,23131.87,1236,603.0499877929688,0.45
2025-01-22,772691.71,23131.87,1236,606.4400024414062,0
2025-01-23,776782.87,23131.87,1236,609.75,0
2025-01-24,774582.75,23131.87,1236,607.969970703125,0.28
2025-01-27,763953.18,23131.87,1236,599.3699951171875,1.65
2025-01-28,770318.61,23131.87,1236,604.52001953125,0.83
2025-01-29,766969.03,23131.87,1236,601.8099975585938,1.26
2025-01-30,770961.28,23131.87,1236,605.0399780273438,0.75
2025-01-31,766981.4,23131.87,1236,601.8200073242188,1.26
2025-02-03,761975.61,23131.87,1236,597.77001953125,1.91
2025-02-04,766931.99,23131.87,1236,601.780029296875,1.27
2025-02-05,769947.75,23131.87,1236,604.219970703125,0.88
2025-02-06,772543.4,23131.87,1236,606.3200073242188,0.55
2025-02-07,765683.61,23131.87,1236,600.77001953125,1.43
2025-02-10,770726.44,23131.87,1236,604.8499755859375,0.78
2025-02-11,771295.03,23131.87,1236,605.3099975585938,0.71
2025-02-12,768884.81,23131.87,1236,603.3599853515625,1.02
2025-02-13,776758.13,23131.87,1236,609.72998046875,0
2025-02-14,776721.09,23131.87,1236,609.7000122070312,0.01
2025-02-18,778933.5,23131.87,1236,611.489990234375,0
2025-02-19,780713.34,23131.87,1236,612.9299926757812,0
2025-02-20,777561.56,23131.87,1236,610.3800048828125,0.4
2025-02-21,764657.71,23131.87,1236,599.9400024414062,2.06
2025-02-24,761283.46,23131.87,1236,597.2100219726562,2.49
2025-02-25,757612.5,23131.87,1236,594.239990234375,2.96
2025-02-26,757983.28,23131.87,1236,594.5399780273438,2.91
2025-02-27,746253.65,23131.87,1236,585.0499877929688,4.41
2025-02-28,757538.34,23131.87,1236,594.1799926757812,2.97
2025-03-03,744671.61,23131.87,1236,583.77001953125,4.62
2025-03-04,736130.81,23131.87,1236,576.8599853515625,5.71
2025-03-05,743794.03,23131.87,1236,583.0599975585938,4.73
2025-03-06,731001.46,23131.87,1236,572.7100219726562,6.37
2025-03-07,734968.97,23131.87,1236,575.9199829101562,5.86
2025-03-10,716008.77,23131.87,1236,560.5800170898438,8.29
2025-03-11,710248.97,23131.87,1236,555.9199829101562,9.03
2025-03-12,713895.18,23131.87,1236,558.8699951171875,8.56
2025-03-13,704686.97,23131.87,1236,551.4199829101562,9.74
2025-03-14,718877.98,13677.05,1253,562.8099975585938,7.92
2025-03-17,724316.04,13677.05,1253,567.1500244140625,7.22
2025-03-18,716635.14,13677.05,1253,561.02001953125,8.21
2025-03-19,724290.95,13677.05,1253,567.1300048828125,7.23
2025-03-20,722236.01,13677.05,1253,565.489990234375,7.49
2025-03-21,722469.06,15802.14,1253,563.97998046875,7.46
2025-03-24,735124.41,15802.14,1253,574.0800170898438,5.84
2025-03-25,736853.55,15802.14,1253,575.4600219726562,5.62
2025-03-26,728245.45,15802.14,1253,568.5900268554688,6.72
2025-03-27,726353.41,15802.14,1253,567.0800170898438,6.96
2025-03-28,712044.09,15802.14,1253,555.6599731445312,8.8
2025-03-31,716717.83,15802.14,1253,559.3900146484375,8.2
2025-04-01,718697.52,15802.14,1253,560.969970703125,7.94
2025-04-02,723145.73,15802.14,1253,564.52001953125,7.37
2025-04-03,688287.26,15802.14,1253,536.7000122070312,11.84
2025-04-04,648917.98,15802.14,1253,505.2799987792969,16.88
2025-04-07,647790.29,15802.14,1253,504.3800048828125,17.03
2025-04-08,637891.6,15802.14,1253,496.4800109863281,18.29
2025-04-09,703223,15802.14,1253,548.6199951171875,9.93
2025-04-10,673100.91,15802.14,1253,524.5800170898438,13.78
2025-04-11,684828.97,15802.14,1253,533.9400024414062,12.28
2025-04-14,691319.5,15802.14,1253,539.1199951171875,11.45
2025-04-15,689427.46,15802.14,1253,537.6099853515625,11.69
2025-04-16,674454.09,15802.14,1253,525.6599731445312,13.61
2025-04-17,675393.84,15802.14,1253,526.4099731445312,13.49
2025-04-21,659693.79,15802.14,1253,513.8800048828125,15.5
2025-04-22,676446.39,15802.14,1253,527.25,13.36
2025-04-23,686683.38,15802.14,1253,535.4199829101562,12.04
2025-04-24,700804.72,15802.14,1253,546.6900024414062,10.24
2025-04-25,705754.08,15802.14,1253,550.6400146484375,9.6
2025-04-28,706017.16,15802.14,1253,550.8499755859375,9.57
2025-04-29,710365.11,15802.14,1253,554.3200073242188,9.01
2025-04-30,710640.74,15802.14,1253,554.5399780273438,8.98
2025-05-01,715565.02,15802.14,1253,558.469970703125,8.34
2025-05-02,725952.44,15802.14,1253,566.760009765625,7.01
2025-05-05,721880.19,15802.14,1253,563.510009765625,7.54
2025-05-06,715978.53,15802.14,1253,558.7999877929688,8.29
2025-05-07,718923.13,15802.14,1253,561.1500244140625,7.91
2025-05-08,723822.32,15802.14,1253,565.0599975585938,7.29
2025-05-09,722920.2,15802.14,1253,564.3400268554688,7.4
2025-05-12,746288.6,15802.14,1253,582.989990234375,4.41
2025-05-13,751112.7,15802.14,1253,586.8400268554688,3.79
2025-05-14,752052.45,15802.14,1253,587.5900268554688,3.67
2025-05-15,755648.55,15802.14,1253,590.4600219726562,3.21
2025-05-16,760334.76,15802.14,1253,594.2000122070312,2.61
2025-05-19,761149.16,15802.14,1253,594.8499755859375,2.51
2025-05-20,758643.16,15802.14,1253,592.8499755859375,2.83
2025-05-21,746125.71,15802.14,1253,582.8599853515625,4.43
2025-05-22,746413.95,15802.14,1253,583.0900268554688,4.39
2025-05-23,741426.96,15802.14,1253,579.1099853515625,5.03
2025-05-27,756513.13,15802.14,1253,591.1500244140625,3.1
2025-05-28,752227.81,15802.14,1253,587.72998046875,3.65
2025-05-29,755134.78,15802.14,1253,590.0499877929688,3.28
2025-05-30,754307.83,15802.14,1253,589.3900146484375,3.38
2025-06-02,758467.8,15802.14,1253,592.7100219726562,2.85
2025-06-03,762702.95,15802.14,1253,596.0900268554688,2.31
2025-06-04,762502.43,15802.14,1253,595.9299926757812,2.33
2025-06-05,758893.78,15802.14,1253,593.0499877929688,2.79
2025-06-06,766524.58,15802.14,1253,599.1400146484375,1.82
2025-06-09,767201.18,15802.14,1253,599.6799926757812,1.73
2025-06-10,771461.41,15802.14,1253,603.0800170898438,1.19
2025-06-11,769306.21,15802.14,1253,601.3599853515625,1.46
2025-06-12,772300.89,15802.14,1253,603.75,1.08
2025-06-13,763843.14,15802.14,1253,597,2.16
2025-06-16,770960.18,15802.14,1253,602.6799926757812,1.25
2025-06-17,764507.27,15802.14,1253,597.530029296875,2.08
2025-06-18,764394.47,15802.14,1253,597.4400024414062,2.09
2025-06-20,762641.55,18008.67,1253,594.280029296875,2.31
2025-06-23,769996.66,18008.67,1253,600.1500244140625,1.37
2025-06-24,778304.05,18008.67,1253,606.780029296875,0.31
2025-06-25,778730.03,18008.67,1253,607.1199951171875,0.25
2025-06-26,784681.78,18008.67,1253,611.8699951171875,0
2025-06-27,788490.87,18008.67,1253,614.9099731445312,0
2025-06-30,792174.69,18008.67,1253,617.8499755859375,0
2025-07-01,791924.16,18008.67,1253,617.6500244140625,0.03
2025-07-02,795432.54,18008.67,1253,620.4500122070312,0
2025-07-03,801559.73,18008.67,1253,625.3400268554688,0
2025-07-07,795720.71,18008.67,1253,620.6799926757812,0.73
2025-07-08,795294.73,18008.67,1253,620.3400268554688,0.78
2025-07-09,799955.85,18008.67,1253,624.0599975585938,0.2
2025-07-10,802161.14,18008.67,1253,625.8200073242188,0
2025-07-11,799404.53,18008.67,1253,623.6199951171875,0.34
2025-07-14,800895.6,18008.67,1253,624.8099975585938,0.16
2025-07-15,797550.11,18008.67,1253,622.1400146484375,0.57
2025-07-16,800156.3,18008.67,1253,624.219970703125,0.25
2025-07-17,804942.77,18008.67,1253,628.0399780273438,0
2025-07-18,804366.44,18008.67,1253,627.5800170898438,0.07
2025-07-21,805857.51,18008.67,1253,628.77001953125,0
2025-07-22,805970.24,18008.67,1253,628.8599853515625,0
2025-07-23,812673.83,18008.67,1253,634.2100219726562,0
2025-07-24,812936.91,18008.67,1253,634.4199829101562,0
2025-07-25,816294.94,18008.67,1253,637.0999755859375,0
2025-07-28,816094.5,18008.67,1253,636.9400024414062,0.02
2025-07-29,813989.47,18008.67,1253,635.260009765625,0.28
2025-07-30,812987.08,18008.67,1253,634.4600219726562,0.41
2025-07-31,810004.94,18008.67,1253,632.0800170898438,0.77
2025-08-01,797023.8,18008.67,1253,621.719970703125,2.36
2025-08-04,808864.66,18008.67,1253,631.1699829101562,0.91
2025-08-05,804855.05,18008.67,1253,627.969970703125,1.4
2025-08-06,810882.05,18008.67,1253,632.780029296875,0.66
2025-08-07,810217.92,18008.67,1253,632.25,0.74
2025-08-08,816395.21,18008.67,1253,637.1799926757812,0
2025-08-11,814816.41,18008.67,1253,635.9199829101562,0.19
2025-08-12,823299.25,18008.67,1253,642.6900024414062,0
2025-08-13,826055.86,18008.67,1253,644.8900146484375,0
2025-08-14,826131.04,18008.67,1253,644.9500122070312,0
2025-08-15,824239,18008.67,1253,643.4400024414062,0.23
2025-08-18,824063.56,18008.67,1253,643.2999877929688,0.25
2025-08-19,819690.6,18008.67,1253,639.8099975585938,0.78
2025-08-20,817560.49,18008.67,1253,638.1099853515625,1.04
2025-08-21,814352.81,18008.67,1253,635.5499877929688,1.43
2025-08-22,826582.1,18008.67,1253,645.3099975585938,0
2025-08-25,823023.55,18008.67,1253,642.469970703125,0.43
2025-08-26,826394.12,18008.67,1253,645.1599731445312,0.02
2025-08-27,828236.07,18008.67,1253,646.6300048828125,0
2025-08-28,831105.41,18008.67,1253,648.9199829101562,0
2025-08-29,826256.31,18008.67,1253,645.0499877929688,0.58
2025-09-02,820267.01,18008.67,1253,640.27001953125,1.3
2025-09-03,824614.88,18008.67,1253,643.739990234375,0.78
2025-09-04,831356.03,18008.67,1253,649.1199951171875,0
2025-09-05,829000.38,18008.67,1253,647.239990234375,0.28
2025-09-08,830992.69,18008.67,1253,648.8300170898438,0.04
2025-09-09,832872.19,18008.67,1253,650.3300170898438,0
2025-09-10,835227.83,18008.67,1253,652.2100219726562,0
2025-09-11,842019.07,18008.67,1253,657.6300048828125,0
2025-09-12,841743.37,18008.67,1253,657.4099731445312,0.03
2025-09-15,846128.87,18008.67,1253,660.9099731445312,0
2025-09-16,844988.67,18008.67,1253,660,0.13
2025-09-17,843961.21,18008.67,1253,659.1799926757812,0.26
2025-09-18,847820.47,18008.67,1253,662.260009765625,0
2025-09-19,851919.03,20302.91,1253,663.7000122070312,0
2025-09-22,855853.47,20302.91,1253,666.8400268554688,0
2025-09-23,851305.07,20302.91,1253,663.2100219726562,0.53
2025-09-24,848661.18,20302.91,1253,661.0999755859375,0.84
2025-09-25,844839.55,20302.91,1253,658.0499877929688,1.29
2025-09-26,849563.38,20302.91,1253,661.8200073242188,0.73
2025-09-29,851893.95,20302.91,1253,663.6799926757812,0.46
2025-09-30,855026.45,20302.91,1253,666.1799926757812,0.1
2025-10-01,857870.78,20302.91,1253,668.4500122070312,0
2025-10-02,858835.54,20302.91,1253,669.219970703125,0
2025-10-03,858823.07,20302.91,1253,669.2100219726562,0
2025-10-06,861830.23,20302.91,1253,671.6099853515625,0
2025-10-07,858710.27,20302.91,1253,669.1199951171875,0.36
2025-10-08,863709.73,20302.91,1253,673.1099853515625,0
2025-10-09,861266.36,20302.91,1253,671.1599731445312,0.28
2025-10-10,838537,20302.91,1253,653.02001953125,2.91
2025-10-13,851092.01,20302.91,1253,663.0399780273438,1.46
2025-10-14,850077.08,20302.91,1253,662.22998046875,1.58
2025-10-15,853760.9,20302.91,1253,665.1699829101562,1.15
2025-10-16,848084.85,20302.91,1253,660.6400146484375,1.81
2025-10-17,852783.6,20302.91,1253,664.3900146484375,1.27
2025-10-20,861441.8,20302.91,1253,671.2999877929688,0.26
2025-10-21,861429.26,20302.91,1253,671.2899780273438,0.26
2025-10-22,857056.3,20302.91,1253,667.7999877929688,0.77
2025-10-23,862018.21,20302.91,1253,671.760009765625,0.2
2025-10-24,868897.16,20302.91,1253,677.25,0
2025-10-27,878908.62,20302.91,1253,685.239990234375,0
2025-10-28,881189.09,20302.91,1253,687.0599975585938,0
2025-10-29,881602.6,20302.91,1253,687.3900146484375,0
2025-10-30,872129.93,20302.91,1253,679.8300170898438,1.07
2025-10-31,874924.09,20302.91,1253,682.0599975585938,0.76
2025-11-03,876527.97,20302.91,1253,683.3400268554688,0.58
2025-11-04,866378.62,20302.91,1253,675.239990234375,1.73
2025-11-05,869310.68,20302.91,1253,677.5800170898438,1.39
2025-11-06,860201.34,20302.91,1253,670.3099975585938,2.43
2025-11-07,861028.29,20302.91,1253,670.969970703125,2.33
2025-11-10,874147.24,20302.91,1253,681.4400024414062,0.85
2025-11-11,876101.91,20302.91,1253,683,0.62
2025-11-12,876578.06,20302.91,1253,683.3800048828125,0.57
2025-11-13,862369.01,20302.91,1253,672.0399780273438,2.18
2025-11-14,862231.2,20302.91,1253,671.9299926757812,2.2
2025-11-17,854387.4,20302.91,1253,665.6699829101562,3.09
2025-11-18,847383.18,20302.91,1253,660.0800170898438,3.88
2025-11-19,850578.31,20302.91,1253,662.6300048828125,3.52
2025-11-20,837923.04,20302.91,1253,652.530029296875,4.95
2025-11-21,846067.54,20302.91,1253,659.030029296875,4.03
2025-11-24,858221.58,20302.91,1253,668.72998046875,2.65
2025-11-25,866103,20302.91,1253,675.02001953125,1.76
2025-11-26,871941.95,20302.91,1253,679.6799926757812,1.1
2025-11-28,876590.6,20302.91,1253,683.3900146484375,0.57
2025-12-01,872681.25,20302.91,1253,680.27001953125,1.01
2025-12-02,874260.04,20302.91,1253,681.530029296875,0.83
2025-12-03,877217.1,20302.91,1253,683.8900146484375,0.5
2025-12-04,877843.6,20302.91,1253,684.3900146484375,0.43
2025-12-05,879472.49,20302.91,1253,685.6900024414062,0.24
2025-12-08,876891.31,20302.91,1253,683.6300048828125,0.53
2025-12-09,876152.01,20302.91,1253,683.0399780273438,0.62
2025-12-10,881828.13,20302.91,1253,687.5700073242188,0
2025-12-11,883832.9,20302.91,1253,689.1699829101562,0
2025-12-12,874548.21,20302.91,1253,681.760009765625,1.05
2025-12-15,873257.58,20302.91,1253,680.72998046875,1.2
2025-12-16,870927.02,20302.91,1253,678.8699951171875,1.46
2025-12-17,861567.15,20302.91,1253,671.4000244140625,2.52
2025-12-18,867919.79,20302.91,1253,676.469970703125,1.8
2025-12-19,875579.45,22800.14,1253,680.5900268554688,0.93
2025-12-22,880892.16,22800.14,1253,684.8300170898438,0.33
2025-12-23,884814.05,22800.14,1253,687.9600219726562,0
2025-12-24,887846.29,22800.14,1253,690.3800048828125,0
2025-12-26,887758.57,22800.14,1253,690.3099975585938,0.01
2025-12-29,884676.16,22800.14,1253,687.8499755859375,0.36
2025-12-30,883623.69,22800.14,1253,687.010009765625,0.48
2025-12-31,877245.88,22800.14,1253,681.9199829101562,1.19
2026-01-02,878812.13,22800.14,1253,683.1699829101562,1.02
2026-01-05,884513.27,22800.14,1253,687.719970703125,0.38
2026-01-06,889638.07,22800.14,1253,691.8099975585938,0
2026-01-07,886843.91,22800.14,1253,689.5800170898438,0.31
2026-01-08,886756.19,22800.14,1253,689.510009765625,0.32
2026-01-09,892469.86,22800.14,1253,694.0700073242188,0
2026-01-12,893835.59,22800.14,1253,695.1599731445312,0
2026-01-13,892093.98,22800.14,1253,693.77001953125,0.19
2026-01-14,887821.21,22800.14,1253,690.3599853515625,0.67
2026-01-15,890176.85,22800.14,1253,692.239990234375,0.41
2026-01-16,889450.09,22800.14,1253,691.6599731445312,0.49
2026-01-20,871807.91,22800.14,1253,677.5800170898438,2.46
2026-01-21,881606.38,22800.14,1253,685.4000244140625,1.37
2026-01-22,886092.06,22800.14,1253,688.97998046875,0.87
2026-01-23,886405.31,22800.14,1253,689.22998046875,0.83
2026-01-26,890790.81,22800.14,1253,692.72998046875,0.34
2026-01-27,894249.1,22800.14,1253,695.489990234375,0
2026-01-28,894161.38,22800.14,1253,695.4199829101562,0.01
2026-01-29,892432.24,22800.14,1253,694.0399780273438,0.2
2026-01-30,889838.52,22800.14,1253,691.969970703125,0.49
2026-02-02,894148.84,22800.14,1253,695.4099731445312,0.01
2026-02-03,886781.27,22800.14,1253,689.530029296875,0.84
2026-02-04,882596.22,22800.14,1253,686.1900024414062,1.3
2026-02-05,871858,22800.14,1253,677.6199951171875,2.5
2026-02-06,888147,22800.14,1253,690.6199951171875,0.68
2026-02-09,892319.51,22800.14,1253,693.9500122070312,0.22
2026-02-10,890026.5,22800.14,1253,692.1199951171875,0.47
2026-02-11,889826.05,22800.14,1253,691.9600219726562,0.49
2026-02-12,876431.48,22800.14,1253,681.27001953125,1.99
2026-02-13,877032.89,22800.14,1253,681.75,1.93
2026-02-17,878411.16,22800.14,1253,682.8499755859375,1.77
2026-02-18,882721.49,22800.14,1253,686.2899780273438,1.29
2026-02-19,880453.56,22800.14,1253,684.47998046875,1.54
2026-02-20,886655.93,22800.14,1253,689.4299926757812,0.85
2026-02-23,877834.83,22800.14,1253,682.3900146484375,1.84
2026-02-24,884049.66,22800.14,1253,687.3499755859375,1.14
2026-02-25,891317.13,22800.14,1253,693.1500244140625,0.33
2026-02-26,886493.03,22800.14,1253,689.2999877929688,0.87
2026-02-27,882345.6,22800.14,1253,685.989990234375,1.33
2026-03-02,882834.29,22800.14,1253,686.3800048828125,1.28
2026-03-03,875253.66,22800.14,1253,680.3300170898438,2.12
2026-03-04,881268.04,22800.14,1253,685.1300048828125,1.45
2026-03-05,876481.57,22800.14,1253,681.3099975585938,1.99
2026-03-06,865292.29,22800.14,1253,672.3800048828125,3.24
2026-03-09,872672.48,22800.14,1253,678.27001953125,2.41
2026-03-10,871306.68,22800.14,1253,677.1799926757812,2.57
2026-03-11,870241.66,22800.14,1253,676.3300170898438,2.68
2026-03-12,857373.32,22800.14,1253,666.0599975585938,4.12
2026-03-13,852649.49,22800.14,1253,662.2899780273438,4.65
2026-03-16,861094.77,22800.14,1253,669.030029296875,3.71
2026-03-17,863299.99,22800.14,1253,670.7899780273438,3.46
2026-03-18,851571.93,22800.14,1253,661.4299926757812,4.77
2026-03-19,849529.53,22800.14,1253,659.7999877929688,5
2026-03-20,837710,25051.78,1253,648.5700073242188,6.32
2026-03-23,846242.93,25051.78,1253,655.3800048828125,5.37
2026-03-24,843486.32,25051.78,1253,653.1799926757812,5.68
2026-03-25,848047.25,25051.78,1253,656.8200073242188,5.17
2026-03-26,833349.59,25051.78,1253,645.0900268554688,6.81
2026-03-27,819566.59,25051.78,1253,634.0900268554688,8.35
2026-03-30,816910.16,25051.78,1253,631.969970703125,8.65
2026-03-31,839927.84,25051.78,1253,650.3400268554688,6.07
2026-04-01,846067.49,25051.78,1253,655.239990234375,5.39
2026-04-02,846806.8,25051.78,1253,655.8300170898438,5.31
2026-04-06,850691.07,25051.78,1253,658.9299926757812,4.87
2026-04-07,851054.41,25051.78,1253,659.219970703125,4.83
2026-04-08,872092.33,25051.78,1253,676.010009765625,2.48
2026-04-09,876978.98,25051.78,1253,679.9099731445312,1.93
2026-04-10,876415.19,25051.78,1253,679.4600219726562,1.99
2026-04-13,884735.05,25051.78,1253,686.0999755859375,1.06
2026-04-14,895210.19,25051.78,1253,694.4600219726562,0
2026-04-15,902076.61,25051.78,1253,699.9400024414062,0
2026-04-16,904231.73,25051.78,1253,701.6599731445312,0
2026-04-17,914857.22,25051.78,1253,710.1400146484375,0
2026-04-20,913077.91,25051.78,1253,708.719970703125,0.19
2026-04-21,907264.05,25051.78,1253,704.0800170898438,0.83
2026-04-22,916197.94,25051.78,1253,711.2100219726562,0
2026-04-23,912739.65,25051.78,1253,708.4500122070312,0.38
2026-04-24,919618.61,25051.78,1253,713.9400024414062,0
2026-04-27,921159.77,25051.78,1253,715.1699829101562,0
2026-04-28,916799.36,25051.78,1253,711.6900024414062,0.47
2026-04-29,916661.55,25051.78,1253,711.5800170898438,0.49
2026-04-30,925532.73,25051.78,1253,718.6599731445312,0
2026-05-01,928026.27,25051.78,1253,720.6500244140625,0
2026-05-04,924718.33,25051.78,1253,718.010009765625,0.36
2026-05-05,931935.62,25051.78,1253,723.77001953125,0
2026-05-06,944540.8,25051.78,1253,733.8300170898438,0
2026-05-07,941721.55,25051.78,1253,731.5800170898438,0.3
2026-05-08,949289.64,25051.78,1253,737.6199951171875,0
2026-05-11,951394.67,25051.78,1253,739.2999877929688,0
2026-05-12,949991.32,25051.78,1253,738.1799926757812,0.15
2026-05-13,955166.21,25051.78,1253,742.3099975585938,0
2026-05-14,962508.77,25051.78,1253,748.1699829101562,0
2026-05-15,951231.77,25051.78,1253,739.1699829101562,1.17
2026-05-18,950580.27,25051.78,1253,738.6500244140625,1.24
2026-05-19,944415.45,25051.78,1253,733.72998046875,1.88
2026-05-20,953838.03,25051.78,1253,741.25,0.9
2026-05-21,955679.91,25051.78,1253,742.719970703125,0.71
2026-05-22,959338.72,25051.78,1253,745.6400146484375,0.33
2026-05-26,965541.09,25051.78,1253,750.5900268554688,0
2026-05-27,965378.19,25051.78,1253,750.4600219726562,0.02
2026-05-28,970565.55,25051.78,1253,754.5999755859375,0
2026-05-29,972921.2,25051.78,1253,756.47998046875,0
2026-06-01,975502.38,25051.78,1253,758.5399780273438,0
2026-06-02,976793,25051.78,1253,759.5700073242188,0
2026-06-03,970114.49,25051.78,1253,754.239990234375,0.68
2026-06-04,973685.59,25051.78,1253,757.0900268554688,0.32
2026-06-05,949201.92,25051.78,1253,737.5499877929688,2.82
2026-06-08,951294.41,25051.78,1253,739.219970703125,2.61
2026-06-09,948575.42,25051.78,1253,737.0499877929688,2.89
2026-06-10,934015.57,25051.78,1253,725.4299926757812,4.38
2026-06-11,949465.08,25051.78,1253,737.760009765625,2.8
2026-06-12,954464.53,25051.78,1253,741.75,2.29
2026-06-15,970853.8,25051.78,1253,754.8300170898438,0.61
2026-06-16,965215.3,25051.78,1253,750.3300170898438,1.19
2026-06-17,953474.69,25051.78,1253,740.9600219726562,2.39
2026-06-18,963102.7,27437.49,1253,746.739990234375,1.4
2026-06-22,960158.18,27437.49,1253,744.3900146484375,1.7
2026-06-23,946613.26,27437.49,1253,733.5800170898438,3.09
2026-06-24,946187.2,27437.49,1253,733.239990234375,3.13
2026-06-25,947515.38,27437.49,1253,734.2999877929688,3
2026-06-26,940861.95,27437.49,1253,728.989990234375,3.68
2026-06-29,955910.49,27437.49,1253,741,2.14
2026-06-30,963140.33,27437.49,1253,746.77001953125,1.4
2026-07-01,961874.79,27437.49,1253,745.760009765625,1.53
2026-07-02,960646.87,27437.49,1253,744.780029296875,1.65
2026-07-06,968791.37,27437.49,1253,751.280029296875,0.82
2026-07-07,964318.15,27437.49,1253,747.7100219726562,1.28
2026-07-08,961423.73,27437.49,1253,745.4000244140625,1.57
2026-07-09,969330.15,27437.49,1253,751.7100219726562,0.76
2026-07-10,973389.86,27437.49,1253,754.9500122070312,0.35
2026-07-13,966147.48,27437.49,1253,749.1699829101562,1.09
2026-07-14,969480.51,27437.49,1253,751.8300170898438,0.75
2026-07-15,973214.42,27437.49,1253,754.8099975585938,0.37
2026-07-16,968089.62,27437.49,1253,750.719970703125,0.89
2026-07-17,958779.84,27437.49,1253,743.2899780273438,1.84
2026-07-20,957276.3,27437.49,1253,742.0900268554688,2
2026-07-21,965032.37,27437.49,1253,748.280029296875,1.2
2026-07-22,963942.19,27437.49,1253,747.4099731445312,1.32
2026-07-23,952377.03,27437.49,1253,738.1799926757812,2.5
2026-07-24,953316.78,27437.49,1253,738.9299926757812,2.4
2026-07-27,953517.3,27437.49,1253,739.0900268554688,2.38
2026-07-28,955735.06,27437.49,1253,740.8599853515625,2.16
2026-07-29,941450.9,27437.49,1253,729.4600219726562,3.62
2026-07-30,956775.07,27437.49,1253,741.6900024414062,2.05
2026-07-31,963466.12,27437.49,1253,747.030029296875,1.36
2026-08-03,976797.98,27437.49,1253,757.6699829101562,0
2026-08-04,993914.01,27437.49,1253,771.3300170898438,0
2026-08-05,991984.34,27437.49,1253,769.7899780273438,0.19
2026-08-06,990443.17,27437.49,1253,768.5599975585938,0.35
2026-08-07,996332.29,27437.49,1253,773.260009765625,0
2026-08-10,996044.12,27437.49,1253,773.030029296875,0.03
2026-08-11,992949.17,27437.49,1253,770.5599975585938,0.34
2026-08-12,995367.45,27437.49,1253,772.489990234375,0.1
2026-08-13,1002121.14,27437.49,1253,777.8800048828125,0
2026-08-14,1000191.55,27437.49,1253,776.3400268554688,0.19
2026-08-17,995592.98,27437.49,1253,772.6699829101562,0.65
2026-08-18,989052.36,27437.49,1253,767.4500122070312,1.3
2026-08-19,991069.67,27437.49,1253,769.0599975585938,1.1
2026-08-20,982975.26,27437.49,1253,762.5999755859375,1.91
2026-08-21,986884.62,27437.49,1253,765.719970703125,1.52
