epoch,utc_time,local_time_America_New_York,open,high,low,close,volume
1780061400,2026-05-29T13:30:00.000Z,2026-05-29T09:30:00.000,755.9000244140625,756.2899780273438,755.5,756.0050048828125,1604362
1780061700,2026-05-29T13:35:00.000Z,2026-05-29T09:35:00.000,755.989990234375,756.719970703125,755.9600219726562,756.719970703125,644049
1780062000,2026-05-29T13:40:00.000Z,2026-05-29T09:40:00.000,756.72998046875,757.489990234375,756.5700073242188,757.469970703125,1056558
1780062300,2026-05-29T13:45:00.000Z,2026-05-29T09:45:00.000,757.47998046875,757.75,757.281494140625,757.6300048828125,873181
1780062600,2026-05-29T13:50:00.000Z,2026-05-29T09:50:00.000,757.6300048828125,757.9099731445312,757.3410034179688,757.905029296875,570803
1780062900,2026-05-29T13:55:00.000Z,2026-05-29T09:55:00.000,757.9000244140625,757.9000244140625,757.5599975585938,757.8200073242188,517523
1780063200,2026-05-29T14:00:00.000Z,2026-05-29T10:00:00.000,757.8200073242188,758.0800170898438,757.5499877929688,757.6950073242188,638508
1780063500,2026-05-29T14:05:00.000Z,2026-05-29T10:05:00.000,757.6799926757812,757.7999877929688,757.260009765625,757.3099975585938,477320
1780063800,2026-05-29T14:10:00.000Z,2026-05-29T10:10:00.000,757.3150024414062,757.7550048828125,757.1900024414062,757.3099975585938,492368
1780064100,2026-05-29T14:15:00.000Z,2026-05-29T10:15:00.000,757.3049926757812,757.3200073242188,756.469970703125,756.75,645591
1780064400,2026-05-29T14:20:00.000Z,2026-05-29T10:20:00.000,756.739990234375,756.9600219726562,756.260009765625,756.260009765625,1763072
1780064700,2026-05-29T14:25:00.000Z,2026-05-29T10:25:00.000,756.25,756.7100219726562,755.8400268554688,756.5999755859375,714614
1780065000,2026-05-29T14:30:00.000Z,2026-05-29T10:30:00.000,756.5999755859375,756.9099731445312,756.2100219726562,756.9099731445312,336731
1780065300,2026-05-29T14:35:00.000Z,2026-05-29T10:35:00.000,756.9000244140625,756.9600219726562,755.6199951171875,755.6300048828125,609490
1780065600,2026-05-29T14:40:00.000Z,2026-05-29T10:40:00.000,755.6400146484375,755.9500122070312,755.0999755859375,755.1749877929688,612654
1780065900,2026-05-29T14:45:00.000Z,2026-05-29T10:45:00.000,755.1220092773438,755.3099975585938,754.6900024414062,755.010009765625,691568
1780066200,2026-05-29T14:50:00.000Z,2026-05-29T10:50:00.000,754.969970703125,756.739990234375,754.9000244140625,755.8292846679688,1563390
1780066500,2026-05-29T14:55:00.000Z,2026-05-29T10:55:00.000,755.8250122070312,756.530029296875,755.8200073242188,756.0399780273438,494269
1780066800,2026-05-29T15:00:00.000Z,2026-05-29T11:00:00.000,756.030029296875,756.39501953125,755.8900146484375,756.3300170898438,219740
1780067100,2026-05-29T15:05:00.000Z,2026-05-29T11:05:00.000,756.3300170898438,756.77001953125,756,756.6998901367188,371755
1780067400,2026-05-29T15:10:00.000Z,2026-05-29T11:10:00.000,756.7000122070312,757.3150024414062,756.6900024414062,757.3099975585938,722703
1780067700,2026-05-29T15:15:00.000Z,2026-05-29T11:15:00.000,757.3099975585938,757.4199829101562,756.8699951171875,756.8800048828125,475300
1780068000,2026-05-29T15:20:00.000Z,2026-05-29T11:20:00.000,756.8699951171875,757.010009765625,756.2999877929688,756.8800048828125,656670
1780068300,2026-05-29T15:25:00.000Z,2026-05-29T11:25:00.000,756.8900146484375,757.27001953125,756.489990234375,756.780029296875,292487
1780068600,2026-05-29T15:30:00.000Z,2026-05-29T11:30:00.000,756.8099975585938,757.239990234375,756.719970703125,757,357001
1780068900,2026-05-29T15:35:00.000Z,2026-05-29T11:35:00.000,756.9949951171875,757.3099975585938,756.760009765625,757.1699829101562,237126
1780069200,2026-05-29T15:40:00.000Z,2026-05-29T11:40:00.000,757.1599731445312,757.3400268554688,756.5,756.7100219726562,328075
1780069500,2026-05-29T15:45:00.000Z,2026-05-29T11:45:00.000,756.6900024414062,756.844970703125,756.2999877929688,756.6400146484375,273481
1780069800,2026-05-29T15:50:00.000Z,2026-05-29T11:50:00.000,756.6599731445312,756.909912109375,756.4299926757812,756.6666870117188,214850
1780070100,2026-05-29T15:55:00.000Z,2026-05-29T11:55:00.000,756.6599731445312,756.739990234375,756.3300170898438,756.4199829101562,258714
1780070400,2026-05-29T16:00:00.000Z,2026-05-29T12:00:00.000,756.4199829101562,756.97998046875,756.3400268554688,756.9199829101562,260416
1780070700,2026-05-29T16:05:00.000Z,2026-05-29T12:05:00.000,756.9299926757812,757.2899169921875,756.8300170898438,757.2750244140625,256425
1780071000,2026-05-29T16:10:00.000Z,2026-05-29T12:10:00.000,757.280029296875,757.4650268554688,757.1599731445312,757.2999877929688,258656
1780071300,2026-05-29T16:15:00.000Z,2026-05-29T12:15:00.000,757.3099975585938,757.3900146484375,756.8099975585938,756.8499755859375,183791
1780071600,2026-05-29T16:20:00.000Z,2026-05-29T12:20:00.000,756.8699951171875,757.2899169921875,756.802001953125,757.0399780273438,273650
1780071900,2026-05-29T16:25:00.000Z,2026-05-29T12:25:00.000,757.030029296875,757.0349731445312,756.6799926757812,756.75,204789
1780072200,2026-05-29T16:30:00.000Z,2026-05-29T12:30:00.000,756.760009765625,757.4000244140625,756.5,757.2899780273438,461129
1780072500,2026-05-29T16:35:00.000Z,2026-05-29T12:35:00.000,757.280029296875,757.72998046875,757.2100219726562,757.6799926757812,240628
1780072800,2026-05-29T16:40:00.000Z,2026-05-29T12:40:00.000,757.6799926757812,757.8200073242188,757.3900146484375,757.489990234375,225564
1780073100,2026-05-29T16:45:00.000Z,2026-05-29T12:45:00.000,757.47998046875,757.5599975585938,757.1699829101562,757.1699829101562,207492
1780073400,2026-05-29T16:50:00.000Z,2026-05-29T12:50:00.000,757.1599731445312,757.2000122070312,756.7899780273438,756.97998046875,178758
1780073700,2026-05-29T16:55:00.000Z,2026-05-29T12:55:00.000,756.989990234375,757.0399780273438,756.5499877929688,756.8099975585938,242531
1780074000,2026-05-29T17:00:00.000Z,2026-05-29T13:00:00.000,756.8099975585938,757.0250244140625,756.5900268554688,756.6599731445312,172187
1780074300,2026-05-29T17:05:00.000Z,2026-05-29T13:05:00.000,756.6500244140625,756.8699951171875,756.530029296875,756.780029296875,155274
1780074600,2026-05-29T17:10:00.000Z,2026-05-29T13:10:00.000,756.77001953125,756.9500122070312,756.489990234375,756.760009765625,192404
1780074900,2026-05-29T17:15:00.000Z,2026-05-29T13:15:00.000,756.780029296875,757,756.72998046875,756.8499755859375,165489
1780075200,2026-05-29T17:20:00.000Z,2026-05-29T13:20:00.000,756.8400268554688,756.9000244140625,756.219970703125,756.6799926757812,429048
1780075500,2026-05-29T17:25:00.000Z,2026-05-29T13:25:00.000,756.6799926757812,756.719970703125,756.3400268554688,756.6099853515625,353606
1780075800,2026-05-29T17:30:00.000Z,2026-05-29T13:30:00.000,756.5999755859375,756.6799926757812,756.3499755859375,756.52001953125,888111
1780076100,2026-05-29T17:35:00.000Z,2026-05-29T13:35:00.000,756.510009765625,756.5900268554688,756.260009765625,756.3699951171875,280164
1780076400,2026-05-29T17:40:00.000Z,2026-05-29T13:40:00.000,756.3599853515625,756.469970703125,756.02001953125,756.0800170898438,195973
1780076700,2026-05-29T17:45:00.000Z,2026-05-29T13:45:00.000,756.0800170898438,756.1799926757812,755.97998046875,756.0999755859375,156834
1780077000,2026-05-29T17:50:00.000Z,2026-05-29T13:50:00.000,756.0999755859375,756.280029296875,755.8300170898438,755.8300170898438,273917
1780077300,2026-05-29T17:55:00.000Z,2026-05-29T13:55:00.000,755.8400268554688,755.8499755859375,755.22998046875,755.2999877929688,370063
1780077600,2026-05-29T18:00:00.000Z,2026-05-29T14:00:00.000,755.3099975585938,755.7949829101562,755.1300048828125,755.77001953125,455846
1780077900,2026-05-29T18:05:00.000Z,2026-05-29T14:05:00.000,755.780029296875,755.969970703125,755.7000122070312,755.969970703125,273620
1780078200,2026-05-29T18:10:00.000Z,2026-05-29T14:10:00.000,755.969970703125,756.1400146484375,755.5800170898438,755.75,342569
1780078500,2026-05-29T18:15:00.000Z,2026-05-29T14:15:00.000,755.760009765625,755.969970703125,755.5999755859375,755.9199829101562,389798
1780078800,2026-05-29T18:20:00.000Z,2026-05-29T14:20:00.000,755.9400024414062,756.25,755.9099731445312,756.2150268554688,287031
1780079100,2026-05-29T18:25:00.000Z,2026-05-29T14:25:00.000,756.2100219726562,756.4149780273438,756.0800170898438,756.2899780273438,265279
1780079400,2026-05-29T18:30:00.000Z,2026-05-29T14:30:00.000,756.2899780273438,756.77001953125,756.2899780273438,756.7100219726562,329557
1780079700,2026-05-29T18:35:00.000Z,2026-05-29T14:35:00.000,756.7000122070312,756.75,756.4199829101562,756.6199951171875,296904
1780080000,2026-05-29T18:40:00.000Z,2026-05-29T14:40:00.000,756.6199951171875,756.6799926757812,756.3699951171875,756.4149780273438,332705
1780080300,2026-05-29T18:45:00.000Z,2026-05-29T14:45:00.000,756.4149780273438,756.4290161132812,755.4400024414062,755.8499145507812,710602
1780080600,2026-05-29T18:50:00.000Z,2026-05-29T14:50:00.000,755.8300170898438,756.02001953125,755.510009765625,755.6950073242188,419908
1780080900,2026-05-29T18:55:00.000Z,2026-05-29T14:55:00.000,755.7000122070312,755.8599853515625,755.4099731445312,755.489990234375,306410
1780081200,2026-05-29T19:00:00.000Z,2026-05-29T15:00:00.000,755.47998046875,755.9249877929688,755.3599853515625,755.8599853515625,343258
1780081500,2026-05-29T19:05:00.000Z,2026-05-29T15:05:00.000,755.8699951171875,756.3099975585938,755.8499755859375,756.2449951171875,364996
1780081800,2026-05-29T19:10:00.000Z,2026-05-29T15:10:00.000,756.2449951171875,756.510009765625,756.1699829101562,756.3599853515625,382969
1780082100,2026-05-29T19:15:00.000Z,2026-05-29T15:15:00.000,756.3599853515625,756.4400024414062,755.9600219726562,756.1950073242188,603323
1780082400,2026-05-29T19:20:00.000Z,2026-05-29T15:20:00.000,756.1900024414062,756.6099853515625,756.0900268554688,756.5,487813
1780082700,2026-05-29T19:25:00.000Z,2026-05-29T15:25:00.000,756.469970703125,756.8800048828125,756.3200073242188,756.8599853515625,580006
1780083000,2026-05-29T19:30:00.000Z,2026-05-29T15:30:00.000,756.8599853515625,757.22998046875,756.8300170898438,757.219970703125,883483
1780083300,2026-05-29T19:35:00.000Z,2026-05-29T15:35:00.000,757.219970703125,757.5,757.090087890625,757.4600219726562,904318
1780083600,2026-05-29T19:40:00.000Z,2026-05-29T15:40:00.000,757.4600219726562,757.6300048828125,757.2000122070312,757.2100830078125,991655
1780083900,2026-05-29T19:45:00.000Z,2026-05-29T15:45:00.000,757.2100219726562,757.3599853515625,756.989990234375,757.25,1686857
1780084200,2026-05-29T19:50:00.000Z,2026-05-29T15:50:00.000,757.25,757.3699951171875,756.4199829101562,756.5599975585938,2244604
1780084500,2026-05-29T19:55:00.000Z,2026-05-29T15:55:00.000,756.5599975585938,756.8300170898438,756.1699829101562,756.4000244140625,3528493
1780320600,2026-06-01T13:30:00.000Z,2026-06-01T09:30:00.000,755.3599853515625,756.0999755859375,754.6900024414062,755.7000122070312,3089123
1780320900,2026-06-01T13:35:00.000Z,2026-06-01T09:35:00.000,755.6900024414062,756.5800170898438,755.5800170898438,756.25,750568
1780321200,2026-06-01T13:40:00.000Z,2026-06-01T09:40:00.000,756.260009765625,756.5999755859375,755.8699951171875,756.239990234375,754274
1780321500,2026-06-01T13:45:00.000Z,2026-06-01T09:45:00.000,756.239990234375,756.6900024414062,756.2100219726562,756.4000244140625,775145
1780321800,2026-06-01T13:50:00.000Z,2026-06-01T09:50:00.000,756.3800048828125,756.77001953125,755.9299926757812,756.0900268554688,566410
1780322100,2026-06-01T13:55:00.000Z,2026-06-01T09:55:00.000,756.0800170898438,756.1799926757812,755.530029296875,755.5499877929688,479437
1780322400,2026-06-01T14:00:00.000Z,2026-06-01T10:00:00.000,755.6099853515625,756.0800170898438,755.3200073242188,755.5999755859375,825541
1780322700,2026-06-01T14:05:00.000Z,2026-06-01T10:05:00.000,755.5900268554688,756.47998046875,755.510009765625,756.3499755859375,568504
1780323000,2026-06-01T14:10:00.000Z,2026-06-01T10:10:00.000,756.3499755859375,756.4099731445312,755.4000244140625,755.9400024414062,506344
1780323300,2026-06-01T14:15:00.000Z,2026-06-01T10:15:00.000,755.9199829101562,756.760009765625,755.7000122070312,755.9000244140625,656342
1780323600,2026-06-01T14:20:00.000Z,2026-06-01T10:20:00.000,755.8800048828125,756.5700073242188,755.8300170898438,756.2000122070312,520254
1780323900,2026-06-01T14:25:00.000Z,2026-06-01T10:25:00.000,756.2100219726562,756.3300170898438,755.6500244140625,755.85498046875,354525
1780324200,2026-06-01T14:30:00.000Z,2026-06-01T10:30:00.000,755.8400268554688,756.1799926757812,755.5399780273438,755.739990234375,323325
1780324500,2026-06-01T14:35:00.000Z,2026-06-01T10:35:00.000,755.739990234375,755.9400024414062,755.3200073242188,755.4349975585938,286679
1780324800,2026-06-01T14:40:00.000Z,2026-06-01T10:40:00.000,755.4099731445312,755.9500122070312,755.280029296875,755.8099975585938,294427
1780325100,2026-06-01T14:45:00.000Z,2026-06-01T10:45:00.000,755.7999877929688,755.97998046875,755.489990234375,755.6500244140625,280486
1780325400,2026-06-01T14:50:00.000Z,2026-06-01T10:50:00.000,755.6400146484375,755.8900146484375,755.3900146484375,755.5599975585938,359384
1780325700,2026-06-01T14:55:00.000Z,2026-06-01T10:55:00.000,755.5499877929688,755.6599731445312,755.2999877929688,755.655029296875,243350
1780326000,2026-06-01T15:00:00.000Z,2026-06-01T11:00:00.000,755.6500244140625,755.8499755859375,755.4500122070312,755.780029296875,1256244
1780326300,2026-06-01T15:05:00.000Z,2026-06-01T11:05:00.000,755.7999877929688,756.27001953125,755.4500122070312,756.02001953125,334001
1780326600,2026-06-01T15:10:00.000Z,2026-06-01T11:10:00.000,756.010009765625,756.1199951171875,755.6799926757812,755.9400024414062,212703
1780326900,2026-06-01T15:15:00.000Z,2026-06-01T11:15:00.000,755.9199829101562,756.0900268554688,755.7999877929688,755.8800048828125,414845
1780327200,2026-06-01T15:20:00.000Z,2026-06-01T11:20:00.000,755.875,756.405029296875,755.8699951171875,756.2550048828125,291677
1780327500,2026-06-01T15:25:00.000Z,2026-06-01T11:25:00.000,756.25,756.3099975585938,755.9600219726562,756.1599731445312,188258
1780327800,2026-06-01T15:30:00.000Z,2026-06-01T11:30:00.000,756.1400146484375,757.2999877929688,756.1400146484375,757.0399780273438,1137911
1780328100,2026-06-01T15:35:00.000Z,2026-06-01T11:35:00.000,757.0499877929688,757.4199829101562,757,757.4000244140625,764325
1780328400,2026-06-01T15:40:00.000Z,2026-06-01T11:40:00.000,757.4000244140625,757.4199829101562,757.1699829101562,757.2849731445312,341119
1780328700,2026-06-01T15:45:00.000Z,2026-06-01T11:45:00.000,757.3049926757812,757.3200073242188,756.8900146484375,756.9000244140625,285462
1780329000,2026-06-01T15:50:00.000Z,2026-06-01T11:50:00.000,756.8900146484375,757.1599731445312,756.7899780273438,756.989990234375,366633
1780329300,2026-06-01T15:55:00.000Z,2026-06-01T11:55:00.000,757.010009765625,757.030029296875,756.6500244140625,756.7150268554688,185018
1780329600,2026-06-01T16:00:00.000Z,2026-06-01T12:00:00.000,756.7000122070312,757.25,756.7000122070312,756.875,299202
1780329900,2026-06-01T16:05:00.000Z,2026-06-01T12:05:00.000,756.875,756.9199829101562,756.6799926757812,756.7999877929688,207852
1780330200,2026-06-01T16:10:00.000Z,2026-06-01T12:10:00.000,756.7999267578125,756.7999877929688,756.3099975585938,756.5300903320312,334448
1780330500,2026-06-01T16:15:00.000Z,2026-06-01T12:15:00.000,756.510009765625,756.6199951171875,755.8709716796875,756.344970703125,433136
1780330800,2026-06-01T16:20:00.000Z,2026-06-01T12:20:00.000,756.35498046875,756.760009765625,756.3099975585938,756.719970703125,187592
1780331100,2026-06-01T16:25:00.000Z,2026-06-01T12:25:00.000,756.7100219726562,756.8499755859375,756.5599975585938,756.780029296875,208670
1780331400,2026-06-01T16:30:00.000Z,2026-06-01T12:30:00.000,756.780029296875,757.2899780273438,756.780029296875,757.1199951171875,291367
1780331700,2026-06-01T16:35:00.000Z,2026-06-01T12:35:00.000,757.1199951171875,757.25,756.9199829101562,757.1599731445312,218114
1780332000,2026-06-01T16:40:00.000Z,2026-06-01T12:40:00.000,757.155029296875,757.25,757.030029296875,757.0599975585938,183801
1780332300,2026-06-01T16:45:00.000Z,2026-06-01T12:45:00.000,757.0599975585938,757.1300048828125,756.8400268554688,757.1199951171875,327900
1780332600,2026-06-01T16:50:00.000Z,2026-06-01T12:50:00.000,757.1199951171875,757.8800048828125,757.010009765625,757.8300170898438,517119
1780332900,2026-06-01T16:55:00.000Z,2026-06-01T12:55:00.000,757.8499755859375,758.0399780273438,757.75,757.9500122070312,475955
1780333200,2026-06-01T17:00:00.000Z,2026-06-01T13:00:00.000,757.9400024414062,757.989990234375,757.4199829101562,757.4299926757812,361006
1780333500,2026-06-01T17:05:00.000Z,2026-06-01T13:05:00.000,757.4299926757812,757.5800170898438,757.02001953125,757.0999755859375,675191
1780333800,2026-06-01T17:10:00.000Z,2026-06-01T13:10:00.000,757.094970703125,757.4000244140625,757.094970703125,757.3099975585938,201597
1780334100,2026-06-01T17:15:00.000Z,2026-06-01T13:15:00.000,757.3099975585938,757.39990234375,757.1300048828125,757.344970703125,181590
1780334400,2026-06-01T17:20:00.000Z,2026-06-01T13:20:00.000,757.344970703125,757.7100219726562,757.3200073242188,757.6099853515625,170239
1780334700,2026-06-01T17:25:00.000Z,2026-06-01T13:25:00.000,757.5900268554688,758.5499877929688,757.469970703125,758.510009765625,341413
1780335000,2026-06-01T17:30:00.000Z,2026-06-01T13:30:00.000,758.5399780273438,758.75,757.760009765625,757.9400024414062,584305
1780335300,2026-06-01T17:35:00.000Z,2026-06-01T13:35:00.000,757.9400024414062,758.5399780273438,757.72998046875,758.4400024414062,1000779
1780335600,2026-06-01T17:40:00.000Z,2026-06-01T13:40:00.000,758.4349975585938,760.27001953125,758.3699951171875,759.47998046875,1273386
1780335900,2026-06-01T17:45:00.000Z,2026-06-01T13:45:00.000,759.469970703125,760.0800170898438,759.4500122070312,759.6199951171875,496987
1780336200,2026-06-01T17:50:00.000Z,2026-06-01T13:50:00.000,759.6099853515625,759.9299926757812,759.52001953125,759.9149780273438,448853
1780336500,2026-06-01T17:55:00.000Z,2026-06-01T13:55:00.000,759.9099731445312,759.9500122070312,759.4500122070312,759.5499877929688,294841
1780336800,2026-06-01T18:00:00.000Z,2026-06-01T14:00:00.000,759.5499877929688,759.6400146484375,759.47998046875,759.5800170898438,366454
1780337100,2026-06-01T18:05:00.000Z,2026-06-01T14:05:00.000,759.5900268554688,759.7100219726562,759.52001953125,759.6500244140625,291529
1780337400,2026-06-01T18:10:00.000Z,2026-06-01T14:10:00.000,759.655029296875,759.760009765625,759.3200073242188,759.3800048828125,218895
1780337700,2026-06-01T18:15:00.000Z,2026-06-01T14:15:00.000,759.3800048828125,759.760009765625,759.3300170898438,759.75,166739
1780338000,2026-06-01T18:20:00.000Z,2026-06-01T14:20:00.000,759.75,759.8599853515625,759.719970703125,759.7899780273438,305445
1780338300,2026-06-01T18:25:00.000Z,2026-06-01T14:25:00.000,759.7951049804688,759.9099731445312,759.77001953125,759.8204956054688,329087
1780338600,2026-06-01T18:30:00.000Z,2026-06-01T14:30:00.000,759.8200073242188,759.8599853515625,759.5399780273438,759.72998046875,212123
1780338900,2026-06-01T18:35:00.000Z,2026-06-01T14:35:00.000,759.72900390625,759.8499755859375,759.5900268554688,759.6599731445312,218862
1780339200,2026-06-01T18:40:00.000Z,2026-06-01T14:40:00.000,759.6699829101562,759.8699951171875,759.6099853515625,759.8499755859375,246156
1780339500,2026-06-01T18:45:00.000Z,2026-06-01T14:45:00.000,759.8400268554688,759.8599853515625,759.5449829101562,759.5650024414062,225373
1780339800,2026-06-01T18:50:00.000Z,2026-06-01T14:50:00.000,759.5700073242188,759.6400146484375,759.4400024414062,759.5999755859375,341518
1780340100,2026-06-01T18:55:00.000Z,2026-06-01T14:55:00.000,759.5900268554688,759.8200073242188,759.510009765625,759.52001953125,327276
1780340400,2026-06-01T19:00:00.000Z,2026-06-01T15:00:00.000,759.52001953125,759.6699829101562,759.3800048828125,759.6599731445312,463329
1780340700,2026-06-01T19:05:00.000Z,2026-06-01T15:05:00.000,759.6699829101562,759.7000122070312,759.3699951171875,759.635009765625,293330
1780341000,2026-06-01T19:10:00.000Z,2026-06-01T15:10:00.000,759.635009765625,759.6500244140625,759.4500122070312,759.469970703125,280611
1780341300,2026-06-01T19:15:00.000Z,2026-06-01T15:15:00.000,759.469970703125,759.5900268554688,759.4000244140625,759.4600219726562,246571
1780341600,2026-06-01T19:20:00.000Z,2026-06-01T15:20:00.000,759.4600219726562,759.614990234375,759.4199829101562,759.5900268554688,274856
1780341900,2026-06-01T19:25:00.000Z,2026-06-01T15:25:00.000,759.5999755859375,759.760009765625,759.5499877929688,759.6799926757812,203031
1780342200,2026-06-01T19:30:00.000Z,2026-06-01T15:30:00.000,759.6699829101562,759.67919921875,759.219970703125,759.239990234375,877611
1780342500,2026-06-01T19:35:00.000Z,2026-06-01T15:35:00.000,759.22998046875,759.3300170898438,759.0399780273438,759.2100219726562,570496
1780342800,2026-06-01T19:40:00.000Z,2026-06-01T15:40:00.000,759.1900024414062,759.1900024414062,758.8800048828125,759.02001953125,558174
1780343100,2026-06-01T19:45:00.000Z,2026-06-01T15:45:00.000,759,759.1099853515625,758.5999755859375,758.6599731445312,1030595
1780343400,2026-06-01T19:50:00.000Z,2026-06-01T15:50:00.000,758.6699829101562,758.7999877929688,758.1599731445312,758.239990234375,1152990
1780343700,2026-06-01T19:55:00.000Z,2026-06-01T15:55:00.000,758.25,758.4901123046875,758.0399780273438,758.4400024414062,2104882
1780407000,2026-06-02T13:30:00.000Z,2026-06-02T09:30:00.000,757.030029296875,757.739990234375,756.8599853515625,757.4500122070312,1367995
1780407300,2026-06-02T13:35:00.000Z,2026-06-02T09:35:00.000,757.4500122070312,757.5499877929688,756.9708862304688,756.989990234375,728158
1780407600,2026-06-02T13:40:00.000Z,2026-06-02T09:40:00.000,756.989990234375,757.3300170898438,756.75,757.3106079101562,498889
1780407900,2026-06-02T13:45:00.000Z,2026-06-02T09:45:00.000,757.3099975585938,757.6799926757812,757.280029296875,757.6599731445312,555102
1780408200,2026-06-02T13:50:00.000Z,2026-06-02T09:50:00.000,757.6599731445312,757.77001953125,757.4500122070312,757.530029296875,391098
1780408500,2026-06-02T13:55:00.000Z,2026-06-02T09:55:00.000,757.530029296875,757.6699829101562,757.3599853515625,757.6199951171875,251266
1780408800,2026-06-02T14:00:00.000Z,2026-06-02T10:00:00.000,757.6300048828125,757.780029296875,757.22998046875,757.7750244140625,432377
1780409100,2026-06-02T14:05:00.000Z,2026-06-02T10:05:00.000,757.780029296875,757.9400024414062,757.614990234375,757.9149780273438,398639
1780409400,2026-06-02T14:10:00.000Z,2026-06-02T10:10:00.000,757.9199829101562,758.4199829101562,757.8900146484375,758.1799926757812,595950
1780409700,2026-06-02T14:15:00.000Z,2026-06-02T10:15:00.000,758.198974609375,758.3499755859375,758.0200805664062,758.3200073242188,364460
1780410000,2026-06-02T14:20:00.000Z,2026-06-02T10:20:00.000,758.3300170898438,758.469970703125,757.9199829101562,758.0349731445312,350921
1780410300,2026-06-02T14:25:00.000Z,2026-06-02T10:25:00.000,758.030029296875,758.280029296875,757.5399780273438,757.7349853515625,464207
1780410600,2026-06-02T14:30:00.000Z,2026-06-02T10:30:00.000,757.739990234375,758.5599975585938,757.719970703125,758.5499877929688,326752
1780410900,2026-06-02T14:35:00.000Z,2026-06-02T10:35:00.000,758.5499877929688,758.8099975585938,758.4691772460938,758.5150146484375,366503
1780411200,2026-06-02T14:40:00.000Z,2026-06-02T10:40:00.000,758.5,758.9349975585938,758.4000244140625,758.9099731445312,234380
1780411500,2026-06-02T14:45:00.000Z,2026-06-02T10:45:00.000,758.905029296875,759.2999877929688,758.8099975585938,759.260009765625,397340
1780411800,2026-06-02T14:50:00.000Z,2026-06-02T10:50:00.000,759.27001953125,759.5999755859375,759.219970703125,759.5499877929688,466533
1780412100,2026-06-02T14:55:00.000Z,2026-06-02T10:55:00.000,759.5599975585938,759.72998046875,759.385009765625,759.719970703125,837645
1780412400,2026-06-02T15:00:00.000Z,2026-06-02T11:00:00.000,759.7100219726562,759.780029296875,759.4000244140625,759.4500122070312,343751
1780412700,2026-06-02T15:05:00.000Z,2026-06-02T11:05:00.000,759.4600219726562,760.114990234375,759.375,760.1099243164062,322544
1780413000,2026-06-02T15:10:00.000Z,2026-06-02T11:10:00.000,760.0999755859375,760.2100219726562,759.8200073242188,759.9600219726562,347591
1780413300,2026-06-02T15:15:00.000Z,2026-06-02T11:15:00.000,759.9802856445312,760.1699829101562,759.9400024414062,760.1300048828125,170890
1780413600,2026-06-02T15:20:00.000Z,2026-06-02T11:20:00.000,760.14501953125,760.4000244140625,760.0700073242188,760.2050170898438,504808
1780413900,2026-06-02T15:25:00.000Z,2026-06-02T11:25:00.000,760.2000122070312,760.2849731445312,759.8499755859375,759.8900146484375,311096
1780414200,2026-06-02T15:30:00.000Z,2026-06-02T11:30:00.000,759.8699951171875,759.8699951171875,759.6799926757812,759.7999877929688,183451
1780414500,2026-06-02T15:35:00.000Z,2026-06-02T11:35:00.000,759.7999877929688,760.0399780273438,759.739990234375,759.780029296875,216466
1780414800,2026-06-02T15:40:00.000Z,2026-06-02T11:40:00.000,759.7899780273438,759.8300170898438,759.5999755859375,759.7000122070312,265843
1780415100,2026-06-02T15:45:00.000Z,2026-06-02T11:45:00.000,759.6950073242188,759.9299926757812,759.5999755859375,759.72998046875,165636
1780415400,2026-06-02T15:50:00.000Z,2026-06-02T11:50:00.000,759.72998046875,759.8200073242188,759.5900268554688,759.6900024414062,173365
1780415700,2026-06-02T15:55:00.000Z,2026-06-02T11:55:00.000,759.6900024414062,759.8599853515625,759.6021728515625,759.6900024414062,268027
1780416000,2026-06-02T16:00:00.000Z,2026-06-02T12:00:00.000,759.7000122070312,759.75,759.4099731445312,759.5499877929688,221124
1780416300,2026-06-02T16:05:00.000Z,2026-06-02T12:05:00.000,759.5599975585938,759.9000244140625,759.510009765625,759.72998046875,178852
1780416600,2026-06-02T16:10:00.000Z,2026-06-02T12:10:00.000,759.72998046875,760.010009765625,759.6599731445312,759.9000244140625,44079
1780416900,2026-06-02T16:15:00.000Z,2026-06-02T12:15:00.000,759.8900146484375,759.8900146484375,759.5,759.5399780273438,258279
1780417200,2026-06-02T16:20:00.000Z,2026-06-02T12:20:00.000,759.5399780273438,759.6199951171875,759.22998046875,759.5349731445312,188724
1780417500,2026-06-02T16:25:00.000Z,2026-06-02T12:25:00.000,759.5499877929688,759.5650024414062,759.27001953125,759.3499755859375,128354
1780417800,2026-06-02T16:30:00.000Z,2026-06-02T12:30:00.000,759.3590087890625,759.5499877929688,759.239990234375,759.2750244140625,308935
1780418100,2026-06-02T16:35:00.000Z,2026-06-02T12:35:00.000,759.2788696289062,759.344970703125,759.0999755859375,759.25,206958
1780418400,2026-06-02T16:40:00.000Z,2026-06-02T12:40:00.000,759.2449951171875,759.4500122070312,759.2349853515625,759.3300170898438,137992
1780418700,2026-06-02T16:45:00.000Z,2026-06-02T12:45:00.000,759.3200073242188,759.6900024414062,759.27001953125,759.6649780273438,125897
1780419000,2026-06-02T16:50:00.000Z,2026-06-02T12:50:00.000,759.6699829101562,759.8400268554688,759.6199951171875,759.6799926757812,179476
1780419300,2026-06-02T16:55:00.000Z,2026-06-02T12:55:00.000,759.6599731445312,759.9349975585938,759.6273193359375,759.864990234375,131218
1780419600,2026-06-02T17:00:00.000Z,2026-06-02T13:00:00.000,759.864990234375,759.9400024414062,759.7000122070312,759.905029296875,226131
1780419900,2026-06-02T17:05:00.000Z,2026-06-02T13:05:00.000,759.9000244140625,759.969970703125,759.64501953125,759.7750244140625,196564
1780420200,2026-06-02T17:10:00.000Z,2026-06-02T13:10:00.000,759.780029296875,759.9099731445312,759.6199951171875,759.89501953125,125257
1780420500,2026-06-02T17:15:00.000Z,2026-06-02T13:15:00.000,759.9000244140625,759.9099731445312,759.280029296875,759.3599853515625,205779
1780420800,2026-06-02T17:20:00.000Z,2026-06-02T13:20:00.000,759.3599853515625,759.489990234375,759.0999755859375,759.1599731445312,245383
1780421100,2026-06-02T17:25:00.000Z,2026-06-02T13:25:00.000,759.1649780273438,759.1699829101562,758.9249877929688,759.0250244140625,236605
1780421400,2026-06-02T17:30:00.000Z,2026-06-02T13:30:00.000,759.01123046875,759.3189697265625,758.969970703125,759.0499877929688,133912
1780421700,2026-06-02T17:35:00.000Z,2026-06-02T13:35:00.000,759.0399780273438,759.0900268554688,758.780029296875,758.823486328125,207838
1780422000,2026-06-02T17:40:00.000Z,2026-06-02T13:40:00.000,758.8200073242188,759.1900024414062,758.7899780273438,759.0900268554688,212711
1780422300,2026-06-02T17:45:00.000Z,2026-06-02T13:45:00.000,759.0900268554688,759.260009765625,759.030029296875,759.22998046875,110758
1780422600,2026-06-02T17:50:00.000Z,2026-06-02T13:50:00.000,759.2349853515625,759.3099975585938,759.0999755859375,759.1199951171875,127372
1780422900,2026-06-02T17:55:00.000Z,2026-06-02T13:55:00.000,759.1099853515625,759.1099853515625,758.8400268554688,758.875,176509
1780423200,2026-06-02T18:00:00.000Z,2026-06-02T14:00:00.000,758.8800048828125,759.0399780273438,758.8099975585938,758.8900146484375,330042
1780423500,2026-06-02T18:05:00.000Z,2026-06-02T14:05:00.000,758.885009765625,759.1799926757812,758.885009765625,759.1400146484375,138701
1780423800,2026-06-02T18:10:00.000Z,2026-06-02T14:10:00.000,759.1480102539062,759.3499755859375,759.02001953125,759.0700073242188,204090
1780424100,2026-06-02T18:15:00.000Z,2026-06-02T14:15:00.000,759.0599975585938,759.0700073242188,758.8699951171875,758.9400024414062,639996
1780424400,2026-06-02T18:20:00.000Z,2026-06-02T14:20:00.000,758.9500122070312,759.0900268554688,758.85498046875,758.989990234375,187162
1780424700,2026-06-02T18:25:00.000Z,2026-06-02T14:25:00.000,758.97998046875,759.0800170898438,758.8699951171875,758.9564208984375,121771
1780425000,2026-06-02T18:30:00.000Z,2026-06-02T14:30:00.000,758.955322265625,759.22998046875,758.9400024414062,759.010009765625,149682
1780425300,2026-06-02T18:35:00.000Z,2026-06-02T14:35:00.000,759.010009765625,759.010009765625,758.6799926757812,758.7100219726562,374961
1780425600,2026-06-02T18:40:00.000Z,2026-06-02T14:40:00.000,758.7000122070312,758.885009765625,758.625,758.8400268554688,200975
1780425900,2026-06-02T18:45:00.000Z,2026-06-02T14:45:00.000,758.8300170898438,759,758.77001953125,758.989990234375,222846
1780426200,2026-06-02T18:50:00.000Z,2026-06-02T14:50:00.000,758.9849853515625,759.0599975585938,758.8300170898438,758.9400024414062,184363
1780426500,2026-06-02T18:55:00.000Z,2026-06-02T14:55:00.000,758.9299926757812,759.1699829101562,758.9000244140625,759.0399780273438,290772
1780426800,2026-06-02T19:00:00.000Z,2026-06-02T15:00:00.000,759.0599975585938,759.3900146484375,759.0549926757812,759.3699951171875,375580
1780427100,2026-06-02T19:05:00.000Z,2026-06-02T15:05:00.000,759.3400268554688,759.4099731445312,759.239990234375,759.3699951171875,257180
1780427400,2026-06-02T19:10:00.000Z,2026-06-02T15:10:00.000,759.3699951171875,759.4500122070312,759.2000122070312,759.22998046875,434913
1780427700,2026-06-02T19:15:00.000Z,2026-06-02T15:15:00.000,759.239990234375,759.375,759.2000122070312,759.3200073242188,437619
1780428000,2026-06-02T19:20:00.000Z,2026-06-02T15:20:00.000,759.3150024414062,759.5549926757812,759.280029296875,759.5496826171875,541518
1780428300,2026-06-02T19:25:00.000Z,2026-06-02T15:25:00.000,759.5499877929688,759.5750122070312,759.260009765625,759.3300170898438,593936
1780428600,2026-06-02T19:30:00.000Z,2026-06-02T15:30:00.000,759.3300170898438,759.489990234375,759.2999877929688,759.4400024414062,600847
1780428900,2026-06-02T19:35:00.000Z,2026-06-02T15:35:00.000,759.4299926757812,759.489990234375,759.2899780273438,759.2999877929688,478348
1780429200,2026-06-02T19:40:00.000Z,2026-06-02T15:40:00.000,759.2999877929688,759.3900146484375,759.1699829101562,759.1699829101562,364918
1780429500,2026-06-02T19:45:00.000Z,2026-06-02T15:45:00.000,759.1799926757812,759.4500122070312,759.1199951171875,759.4349975585938,623959
1780429800,2026-06-02T19:50:00.000Z,2026-06-02T15:50:00.000,759.4299926757812,759.6900024414062,759.25,759.5150146484375,793542
1780430100,2026-06-02T19:55:00.000Z,2026-06-02T15:55:00.000,759.510009765625,759.6500244140625,759.3599853515625,759.469970703125,1769778
1780493400,2026-06-03T13:30:00.000Z,2026-06-03T09:30:00.000,758.1500244140625,758.7999877929688,757.9920043945312,758.27001953125,1485805
1780493700,2026-06-03T13:35:00.000Z,2026-06-03T09:35:00.000,758.239990234375,758.2550048828125,757.5700073242188,757.8792724609375,652098
1780494000,2026-06-03T13:40:00.000Z,2026-06-03T09:40:00.000,757.8699951171875,757.8699951171875,756.4749755859375,756.5299072265625,760039
1780494300,2026-06-03T13:45:00.000Z,2026-06-03T09:45:00.000,756.530029296875,756.719970703125,754.8200073242188,755.1099853515625,1576149
1780494600,2026-06-03T13:50:00.000Z,2026-06-03T09:50:00.000,755.1099853515625,756.260009765625,754.739990234375,755.8099975585938,933091
1780494900,2026-06-03T13:55:00.000Z,2026-06-03T09:55:00.000,755.7949829101562,756.2899169921875,755.75,755.9199829101562,551939
1780495200,2026-06-03T14:00:00.000Z,2026-06-03T10:00:00.000,755.9500122070312,756.7000122070312,755.8087158203125,756.3599853515625,502701
1780495500,2026-06-03T14:05:00.000Z,2026-06-03T10:05:00.000,756.3599853515625,756.5549926757812,756.1199951171875,756.4400024414062,372769
1780495800,2026-06-03T14:10:00.000Z,2026-06-03T10:10:00.000,756.4450073242188,756.9400024414062,756.4400024414062,756.905029296875,652906
1780496100,2026-06-03T14:15:00.000Z,2026-06-03T10:15:00.000,756.9099731445312,756.97998046875,756.0599975585938,756.219970703125,562930
1780496400,2026-06-03T14:20:00.000Z,2026-06-03T10:20:00.000,756.239990234375,756.6099853515625,756,756.3200073242188,412392
1780496700,2026-06-03T14:25:00.000Z,2026-06-03T10:25:00.000,756.3400268554688,756.8300170898438,756.2899780273438,756.8099975585938,298336
1780497000,2026-06-03T14:30:00.000Z,2026-06-03T10:30:00.000,756.7999877929688,756.989990234375,756.510009765625,756.592529296875,325565
1780497300,2026-06-03T14:35:00.000Z,2026-06-03T10:35:00.000,756.5900268554688,757.010009765625,756.3699951171875,756.8900146484375,310911
1780497600,2026-06-03T14:40:00.000Z,2026-06-03T10:40:00.000,756.9000244140625,756.9099731445312,756.4400024414062,756.4600219726562,298735
1780497900,2026-06-03T14:45:00.000Z,2026-06-03T10:45:00.000,756.4400024414062,756.510009765625,755.9199829101562,756.030029296875,313340
1780498200,2026-06-03T14:50:00.000Z,2026-06-03T10:50:00.000,756.02001953125,756.4299926757812,755.7100219726562,756.2401123046875,416708
1780498500,2026-06-03T14:55:00.000Z,2026-06-03T10:55:00.000,756.260009765625,756.3200073242188,755.9600219726562,756.1699829101562,157138
1780498800,2026-06-03T15:00:00.000Z,2026-06-03T11:00:00.000,756.1599731445312,756.52001953125,756.1500244140625,756.2999877929688,185380
1780499100,2026-06-03T15:05:00.000Z,2026-06-03T11:05:00.000,756.2899780273438,756.3200073242188,755.85498046875,756.1599731445312,176148
1780499400,2026-06-03T15:10:00.000Z,2026-06-03T11:10:00.000,756.155029296875,756.469970703125,755.969970703125,756.0399780273438,381918
1780499700,2026-06-03T15:15:00.000Z,2026-06-03T11:15:00.000,756.0391235351562,756.2492065429688,755.8699951171875,756.0900268554688,175475
1780500000,2026-06-03T15:20:00.000Z,2026-06-03T11:20:00.000,756.0900268554688,756.219970703125,755.3400268554688,755.5399780273438,417273
1780500300,2026-06-03T15:25:00.000Z,2026-06-03T11:25:00.000,755.5399780273438,756.1599731445312,755.3300170898438,756.1199951171875,336699
1780500600,2026-06-03T15:30:00.000Z,2026-06-03T11:30:00.000,756.125,756.2899780273438,755.4650268554688,755.6199951171875,482997
1780500900,2026-06-03T15:35:00.000Z,2026-06-03T11:35:00.000,755.6199951171875,755.77001953125,755.2000122070312,755.3499755859375,245106
1780501200,2026-06-03T15:40:00.000Z,2026-06-03T11:40:00.000,755.3499755859375,755.4299926757812,755.1099853515625,755.2000122070312,300368
1780501500,2026-06-03T15:45:00.000Z,2026-06-03T11:45:00.000,755.2000122070312,755.3067016601562,754.7899780273438,755.2000122070312,344776
1780501800,2026-06-03T15:50:00.000Z,2026-06-03T11:50:00.000,755.2050170898438,755.5700073242188,755.02001953125,755.280029296875,360636
1780502100,2026-06-03T15:55:00.000Z,2026-06-03T11:55:00.000,755.280029296875,755.4199829101562,755.0800170898438,755.2100219726562,221042
1780502400,2026-06-03T16:00:00.000Z,2026-06-03T12:00:00.000,755.2000122070312,755.4299926757812,754.97998046875,755.344970703125,267296
1780502700,2026-06-03T16:05:00.000Z,2026-06-03T12:05:00.000,755.3400268554688,755.4600219726562,754.97998046875,755.0700073242188,355351
1780503000,2026-06-03T16:10:00.000Z,2026-06-03T12:10:00.000,755.0599975585938,755.4000244140625,755.0399780273438,755.260009765625,238370
1780503300,2026-06-03T16:15:00.000Z,2026-06-03T12:15:00.000,755.25,755.260009765625,754.5900268554688,754.9299926757812,338584
1780503600,2026-06-03T16:20:00.000Z,2026-06-03T12:20:00.000,754.9000244140625,754.9500122070312,754.0800170898438,754.1300048828125,280914
1780503900,2026-06-03T16:25:00.000Z,2026-06-03T12:25:00.000,754.1199951171875,754.4400024414062,753.8800048828125,754.3099975585938,360809
1780504200,2026-06-03T16:30:00.000Z,2026-06-03T12:30:00.000,754.3099975585938,754.6199951171875,754.239990234375,754.4099731445312,350669
1780504500,2026-06-03T16:35:00.000Z,2026-06-03T12:35:00.000,754.4000244140625,754.4000244140625,753.8900146484375,753.9000244140625,310932
1780504800,2026-06-03T16:40:00.000Z,2026-06-03T12:40:00.000,753.89501953125,754.0800170898438,753.5700073242188,754.0700073242188,334710
1780505100,2026-06-03T16:45:00.000Z,2026-06-03T12:45:00.000,754.0700073242188,754.6500244140625,754.0499877929688,754.5850219726562,808308
1780505400,2026-06-03T16:50:00.000Z,2026-06-03T12:50:00.000,754.5800170898438,754.7999877929688,754.3900146484375,754.5700073242188,483227
1780505700,2026-06-03T16:55:00.000Z,2026-06-03T12:55:00.000,754.5800170898438,755.1599731445312,754.4400024414062,755.1199951171875,397178
1780506000,2026-06-03T17:00:00.000Z,2026-06-03T13:00:00.000,755.1199951171875,755.1322021484375,754.6199951171875,754.7100219726562,195348
1780506300,2026-06-03T17:05:00.000Z,2026-06-03T13:05:00.000,754.7000122070312,755.1799926757812,754.530029296875,754.9099731445312,413657
1780506600,2026-06-03T17:10:00.000Z,2026-06-03T13:10:00.000,754.9199829101562,754.9600219726562,754.0800170898438,754.280029296875,218832
1780506900,2026-06-03T17:15:00.000Z,2026-06-03T13:15:00.000,754.280029296875,754.3800048828125,753.989990234375,754.1699829101562,605930
1780507200,2026-06-03T17:20:00.000Z,2026-06-03T13:20:00.000,754.1699829101562,754.5399780273438,754.1199951171875,754.5374755859375,205508
1780507500,2026-06-03T17:25:00.000Z,2026-06-03T13:25:00.000,754.5399780273438,754.6699829101562,754.3599853515625,754.6325073242188,198434
1780507800,2026-06-03T17:30:00.000Z,2026-06-03T13:30:00.000,754.6325073242188,754.9312133789062,754.2000122070312,754.9099731445312,354530
1780508100,2026-06-03T17:35:00.000Z,2026-06-03T13:35:00.000,754.9199829101562,755.1799926757812,754.7899780273438,755,266580
1780508400,2026-06-03T17:40:00.000Z,2026-06-03T13:40:00.000,755.010009765625,755.3900146484375,754.9400024414062,755.2100219726562,258468
1780508700,2026-06-03T17:45:00.000Z,2026-06-03T13:45:00.000,755.219970703125,755.3499755859375,755.0800170898438,755.22998046875,230428
1780509000,2026-06-03T17:50:00.000Z,2026-06-03T13:50:00.000,755.239990234375,755.635009765625,755.2150268554688,755.6174926757812,318819
1780509300,2026-06-03T17:55:00.000Z,2026-06-03T13:55:00.000,755.6199951171875,755.760009765625,755.510009765625,755.5650024414062,483408
1780509600,2026-06-03T18:00:00.000Z,2026-06-03T14:00:00.000,755.5700073242188,755.6099853515625,755.3900146484375,755.530029296875,437991
1780509900,2026-06-03T18:05:00.000Z,2026-06-03T14:05:00.000,755.530029296875,755.5399780273438,755.2301025390625,755.3400268554688,259007
1780510200,2026-06-03T18:10:00.000Z,2026-06-03T14:10:00.000,755.3300170898438,755.47998046875,755.135009765625,755.2999877929688,281291
1780510500,2026-06-03T18:15:00.000Z,2026-06-03T14:15:00.000,755.3049926757812,755.4749755859375,754.989990234375,755.4749755859375,516624
1780510800,2026-06-03T18:20:00.000Z,2026-06-03T14:20:00.000,755.4824829101562,755.719970703125,755.0399780273438,755.6950073242188,315882
1780511100,2026-06-03T18:25:00.000Z,2026-06-03T14:25:00.000,755.7000122070312,756.0399780273438,755.6610107421875,755.97998046875,363266
1780511400,2026-06-03T18:30:00.000Z,2026-06-03T14:30:00.000,755.97998046875,756.0499877929688,755.7000122070312,755.72998046875,427707
1780511700,2026-06-03T18:35:00.000Z,2026-06-03T14:35:00.000,755.739990234375,755.8699951171875,755.5399780273438,755.7150268554688,383358
1780512000,2026-06-03T18:40:00.000Z,2026-06-03T14:40:00.000,755.719970703125,755.760009765625,755.5700073242188,755.7000122070312,213686
1780512300,2026-06-03T18:45:00.000Z,2026-06-03T14:45:00.000,755.739990234375,755.8900146484375,755.594970703125,755.594970703125,499995
1780512600,2026-06-03T18:50:00.000Z,2026-06-03T14:50:00.000,755.5900268554688,755.72998046875,755.489990234375,755.6099853515625,1370830
1780512900,2026-06-03T18:55:00.000Z,2026-06-03T14:55:00.000,755.60498046875,755.7589721679688,755.530029296875,755.5830078125,740422
1780513200,2026-06-03T19:00:00.000Z,2026-06-03T15:00:00.000,755.5850219726562,755.5900268554688,754.8499755859375,755.0499877929688,339293
1780513500,2026-06-03T19:05:00.000Z,2026-06-03T15:05:00.000,755.0499877929688,755.3900146484375,755.0499877929688,755.1300048828125,236013
1780513800,2026-06-03T19:10:00.000Z,2026-06-03T15:10:00.000,755.125,755.1799926757812,754.7100219726562,755.0399780273438,430748
1780514100,2026-06-03T19:15:00.000Z,2026-06-03T15:15:00.000,755.0250244140625,755.4400024414062,754.9099731445312,755.1300048828125,335701
1780514400,2026-06-03T19:20:00.000Z,2026-06-03T15:20:00.000,755.1300048828125,755.2086791992188,754.6799926757812,754.6900024414062,562163
1780514700,2026-06-03T19:25:00.000Z,2026-06-03T15:25:00.000,754.719970703125,754.8599853515625,754.6099853515625,754.8300170898438,635511
1780515000,2026-06-03T19:30:00.000Z,2026-06-03T15:30:00.000,754.8300170898438,754.9400024414062,754.6199951171875,754.7933959960938,512376
1780515300,2026-06-03T19:35:00.000Z,2026-06-03T15:35:00.000,754.7949829101562,755.4099731445312,754.72998046875,755.3099975585938,716847
1780515600,2026-06-03T19:40:00.000Z,2026-06-03T15:40:00.000,755.2999877929688,755.47998046875,755.2000122070312,755.280029296875,572129
1780515900,2026-06-03T19:45:00.000Z,2026-06-03T15:45:00.000,755.2899780273438,755.4400024414062,755.0999755859375,755.3400268554688,749845
1780516200,2026-06-03T19:50:00.000Z,2026-06-03T15:50:00.000,755.3400268554688,755.3900146484375,754.5499877929688,754.6099853515625,1404880
1780516500,2026-06-03T19:55:00.000Z,2026-06-03T15:55:00.000,754.594970703125,754.9199829101562,753.9000244140625,754.1900024414062,7740998
1780579800,2026-06-04T13:30:00.000Z,2026-06-04T09:30:00.000,752.0999755859375,752.989990234375,751.469970703125,752.9149780273438,3294128
1780580100,2026-06-04T13:35:00.000Z,2026-06-04T09:35:00.000,752.8699951171875,753.3900146484375,752.4299926757812,752.9099731445312,695163
1780580400,2026-06-04T13:40:00.000Z,2026-06-04T09:40:00.000,752.9199829101562,752.97998046875,751.9600219726562,752.0250244140625,700690
1780580700,2026-06-04T13:45:00.000Z,2026-06-04T09:45:00.000,752.0399780273438,752.8397827148438,751.6099853515625,752.5599975585938,635753
1780581000,2026-06-04T13:50:00.000Z,2026-06-04T09:50:00.000,752.5700073242188,753.3900146484375,752.22998046875,752.8099975585938,487561
1780581300,2026-06-04T13:55:00.000Z,2026-06-04T09:55:00.000,752.7999877929688,753.7000122070312,752.5900268554688,753.2000122070312,559936
1780581600,2026-06-04T14:00:00.000Z,2026-06-04T10:00:00.000,753.1799926757812,753.47998046875,752.594970703125,752.594970703125,391971
1780581900,2026-06-04T14:05:00.000Z,2026-06-04T10:05:00.000,752.5900268554688,752.8499755859375,752.22998046875,752.7000122070312,381762
1780582200,2026-06-04T14:10:00.000Z,2026-06-04T10:10:00.000,752.7000122070312,753.6699829101562,752.6599731445312,753.3800048828125,849255
1780582500,2026-06-04T14:15:00.000Z,2026-06-04T10:15:00.000,753.3800048828125,753.7000122070312,753.1799926757812,753.1900024414062,294445
1780582800,2026-06-04T14:20:00.000Z,2026-06-04T10:20:00.000,753.1900024414062,754.1950073242188,753.0800170898438,754.1799926757812,492260
1780583100,2026-06-04T14:25:00.000Z,2026-06-04T10:25:00.000,754.1900024414062,754.2899780273438,753.9199829101562,754.02001953125,443893
1780583400,2026-06-04T14:30:00.000Z,2026-06-04T10:30:00.000,754.02001953125,754.155029296875,753.6099853515625,754,449278
1780583700,2026-06-04T14:35:00.000Z,2026-06-04T10:35:00.000,753.989990234375,754.02001953125,753.5,753.6799926757812,411455
1780584000,2026-06-04T14:40:00.000Z,2026-06-04T10:40:00.000,753.6799926757812,754.2000122070312,753.6749877929688,753.8400268554688,259826
1780584300,2026-06-04T14:45:00.000Z,2026-06-04T10:45:00.000,753.8400268554688,754.239990234375,753.3800048828125,753.719970703125,327812
1780584600,2026-06-04T14:50:00.000Z,2026-06-04T10:50:00.000,753.72998046875,753.9500122070312,753.5399780273438,753.8599853515625,365589
1780584900,2026-06-04T14:55:00.000Z,2026-06-04T10:55:00.000,753.8599853515625,754.2150268554688,753.7899780273438,754.2100219726562,235063
1780585200,2026-06-04T15:00:00.000Z,2026-06-04T11:00:00.000,754.2150268554688,754.72998046875,754.2000122070312,754.5150146484375,2430998
1780585500,2026-06-04T15:05:00.000Z,2026-06-04T11:05:00.000,754.510009765625,755.4949951171875,754.470703125,755.3699951171875,651224
1780585800,2026-06-04T15:10:00.000Z,2026-06-04T11:10:00.000,755.3699951171875,755.6199951171875,755.16748046875,755.5650024414062,533774
1780586100,2026-06-04T15:15:00.000Z,2026-06-04T11:15:00.000,755.5700073242188,755.969970703125,755.510009765625,755.6500244140625,516049
1780586400,2026-06-04T15:20:00.000Z,2026-06-04T11:20:00.000,755.6500244140625,755.780029296875,755.3400268554688,755.719970703125,417233
1780586700,2026-06-04T15:25:00.000Z,2026-06-04T11:25:00.000,755.719970703125,755.8699951171875,755.5399780273438,755.864990234375,316453
1780587000,2026-06-04T15:30:00.000Z,2026-06-04T11:30:00.000,755.8599853515625,755.9500122070312,755.5,755.6400146484375,269974
1780587300,2026-06-04T15:35:00.000Z,2026-06-04T11:35:00.000,755.6300048828125,755.75,755.4400024414062,755.6400146484375,218557
1780587600,2026-06-04T15:40:00.000Z,2026-06-04T11:40:00.000,755.6400146484375,755.72998046875,755.1699829101562,755.280029296875,316866
1780587900,2026-06-04T15:45:00.000Z,2026-06-04T11:45:00.000,755.280029296875,755.4299926757812,754.8200073242188,754.9199829101562,283396
1780588200,2026-06-04T15:50:00.000Z,2026-06-04T11:50:00.000,754.9299926757812,755.4199829101562,754.7999877929688,755.260009765625,504145
1780588500,2026-06-04T15:55:00.000Z,2026-06-04T11:55:00.000,755.239990234375,755.47998046875,755.0999755859375,755.3400268554688,273658
1780588800,2026-06-04T16:00:00.000Z,2026-06-04T12:00:00.000,755.3499755859375,755.551025390625,755.2000122070312,755.4600830078125,249172
1780589100,2026-06-04T16:05:00.000Z,2026-06-04T12:05:00.000,755.4500122070312,756.3599853515625,755.4199829101562,756.2100219726562,445683
1780589400,2026-06-04T16:10:00.000Z,2026-06-04T12:10:00.000,756.22998046875,756.39990234375,756.1300048828125,756.2100219726562,333532
1780589700,2026-06-04T16:15:00.000Z,2026-06-04T12:15:00.000,756.219970703125,756.5999755859375,756.2100219726562,756.385009765625,347318
1780590000,2026-06-04T16:20:00.000Z,2026-06-04T12:20:00.000,756.3800048828125,756.6699829101562,756.2999877929688,756.6099853515625,526232
1780590300,2026-06-04T16:25:00.000Z,2026-06-04T12:25:00.000,756.6099853515625,756.6199951171875,756.3599853515625,756.5,358400
1780590600,2026-06-04T16:30:00.000Z,2026-06-04T12:30:00.000,756.52001953125,756.530029296875,756.0499877929688,756.3300170898438,548042
1780590900,2026-06-04T16:35:00.000Z,2026-06-04T12:35:00.000,756.3300170898438,756.8099975585938,756.2600708007812,756.7000122070312,251392
1780591200,2026-06-04T16:40:00.000Z,2026-06-04T12:40:00.000,756.7000122070312,756.8699951171875,756.5800170898438,756.780029296875,203029
1780591500,2026-06-04T16:45:00.000Z,2026-06-04T12:45:00.000,756.780029296875,756.8250122070312,756.5599975585938,756.72998046875,306149
1780591800,2026-06-04T16:50:00.000Z,2026-06-04T12:50:00.000,756.7100219726562,756.9299926757812,756.7100219726562,756.8499755859375,275733
1780592100,2026-06-04T16:55:00.000Z,2026-06-04T12:55:00.000,756.8499755859375,756.9249877929688,756.77001953125,756.7949829101562,221307
1780592400,2026-06-04T17:00:00.000Z,2026-06-04T13:00:00.000,756.7899780273438,756.9099731445312,756.5900268554688,756.7100219726562,230872
1780592700,2026-06-04T17:05:00.000Z,2026-06-04T13:05:00.000,756.7100219726562,756.9400024414062,756.5999755859375,756.9099731445312,134781
1780593000,2026-06-04T17:10:00.000Z,2026-06-04T13:10:00.000,756.9000244140625,756.989990234375,756.7000122070312,756.8400268554688,230162
1780593300,2026-06-04T17:15:00.000Z,2026-06-04T13:15:00.000,756.8499755859375,756.9099731445312,756.6900024414062,756.8599853515625,418946
1780593600,2026-06-04T17:20:00.000Z,2026-06-04T13:20:00.000,756.8699951171875,756.8800048828125,756.6199951171875,756.8201293945312,304432
1780593900,2026-06-04T17:25:00.000Z,2026-06-04T13:25:00.000,756.8300170898438,757.1799926757812,756.7999877929688,757.1099853515625,209434
1780594200,2026-06-04T17:30:00.000Z,2026-06-04T13:30:00.000,757.1099853515625,757.4299926757812,757.0399780273438,757.2100219726562,594043
1780594500,2026-06-04T17:35:00.000Z,2026-06-04T13:35:00.000,757.2003173828125,757.260009765625,757.02001953125,757.0999755859375,218709
1780594800,2026-06-04T17:40:00.000Z,2026-06-04T13:40:00.000,757.1099853515625,757.3200073242188,757.10498046875,757.2606201171875,169782
1780595100,2026-06-04T17:45:00.000Z,2026-06-04T13:45:00.000,757.2600708007812,757.4199829101562,757.1300048828125,757.4199829101562,248002
1780595400,2026-06-04T17:50:00.000Z,2026-06-04T13:50:00.000,757.4299926757812,757.489990234375,757.2999877929688,757.3699951171875,195944
1780595700,2026-06-04T17:55:00.000Z,2026-06-04T13:55:00.000,757.3800048828125,757.739990234375,757.3400268554688,757.6849975585938,376972
1780596000,2026-06-04T18:00:00.000Z,2026-06-04T14:00:00.000,757.6799926757812,757.8400268554688,757.5800170898438,757.77001953125,590853
1780596300,2026-06-04T18:05:00.000Z,2026-06-04T14:05:00.000,757.760009765625,757.8699951171875,757.6599731445312,757.739990234375,253602
1780596600,2026-06-04T18:10:00.000Z,2026-06-04T14:10:00.000,757.739990234375,757.8599853515625,757.6599731445312,757.6799926757812,414057
1780596900,2026-06-04T18:15:00.000Z,2026-06-04T14:15:00.000,757.6799926757812,757.8800048828125,757.531005859375,757.8499755859375,327442
1780597200,2026-06-04T18:20:00.000Z,2026-06-04T14:20:00.000,757.8400268554688,757.9299926757812,757.72998046875,757.7999877929688,566014
1780597500,2026-06-04T18:25:00.000Z,2026-06-04T14:25:00.000,757.8099975585938,757.9299926757812,757.739990234375,757.8099975585938,309821
1780597800,2026-06-04T18:30:00.000Z,2026-06-04T14:30:00.000,757.7999877929688,757.9000244140625,757.6199951171875,757.7999877929688,401083
1780598100,2026-06-04T18:35:00.000Z,2026-06-04T14:35:00.000,757.7999877929688,757.9500122070312,757.7000122070312,757.7999877929688,441970
1780598400,2026-06-04T18:40:00.000Z,2026-06-04T14:40:00.000,757.8099975585938,757.8499755859375,757.6900024414062,757.7899780273438,226999
1780598700,2026-06-04T18:45:00.000Z,2026-06-04T14:45:00.000,757.7899780273438,758,757.6900024414062,757.880126953125,232491
1780599000,2026-06-04T18:50:00.000Z,2026-06-04T14:50:00.000,757.8900146484375,757.9400024414062,757.8200073242188,757.8400268554688,176727
1780599300,2026-06-04T18:55:00.000Z,2026-06-04T14:55:00.000,757.8499755859375,757.8599853515625,757.5,757.6199951171875,333765
1780599600,2026-06-04T19:00:00.000Z,2026-06-04T15:00:00.000,757.6400146484375,757.9199829101562,757.6099853515625,757.8900146484375,517710
1780599900,2026-06-04T19:05:00.000Z,2026-06-04T15:05:00.000,757.8900146484375,758.0900268554688,757.8699951171875,757.9201049804688,424457
1780600200,2026-06-04T19:10:00.000Z,2026-06-04T15:10:00.000,757.9199829101562,757.9600219726562,757.6799926757812,757.780029296875,720826
1780600500,2026-06-04T19:15:00.000Z,2026-06-04T15:15:00.000,757.7849731445312,757.8099975585938,757.5900268554688,757.6950073242188,381382
1780600800,2026-06-04T19:20:00.000Z,2026-06-04T15:20:00.000,757.6950073242188,758.02001953125,757.6500244140625,757.969970703125,676783
1780601100,2026-06-04T19:25:00.000Z,2026-06-04T15:25:00.000,757.97998046875,758.2999877929688,757.9299926757812,758.2899780273438,735567
1780601400,2026-06-04T19:30:00.000Z,2026-06-04T15:30:00.000,758.2899780273438,758.3099975585938,758.0800170898438,758.135009765625,1020779
1780601700,2026-06-04T19:35:00.000Z,2026-06-04T15:35:00.000,758.1300048828125,758.27001953125,758.0399780273438,758.1500244140625,1754091
1780602000,2026-06-04T19:40:00.000Z,2026-06-04T15:40:00.000,758.1599731445312,758.1699829101562,757.75,757.7999877929688,888233
1780602300,2026-06-04T19:45:00.000Z,2026-06-04T15:45:00.000,757.7999877929688,757.9000244140625,757.5999755859375,757.8400268554688,959763
1780602600,2026-06-04T19:50:00.000Z,2026-06-04T15:50:00.000,757.8200073242188,757.97998046875,757.4000244140625,757.5499877929688,1334166
1780602900,2026-06-04T19:55:00.000Z,2026-06-04T15:55:00.000,757.5399780273438,757.5399780273438,756.7999877929688,757.0499877929688,4546014
1780666200,2026-06-05T13:30:00.000Z,2026-06-05T09:30:00.000,752.3099975585938,752.8200073242188,751.6199951171875,752.5916748046875,2598549
1780666500,2026-06-05T13:35:00.000Z,2026-06-05T09:35:00.000,752.5800170898438,752.5999755859375,751.2000122070312,751.5999755859375,709014
1780666800,2026-06-05T13:40:00.000Z,2026-06-05T09:40:00.000,751.594970703125,751.6593017578125,750.27001953125,750.3099975585938,862121
1780667100,2026-06-05T13:45:00.000Z,2026-06-05T09:45:00.000,750.3099975585938,750.6400146484375,749.3699951171875,749.4500122070312,1325341
1780667400,2026-06-05T13:50:00.000Z,2026-06-05T09:50:00.000,749.4600219726562,750.1599731445312,749.4199829101562,750.010009765625,1324020
1780667700,2026-06-05T13:55:00.000Z,2026-06-05T09:55:00.000,750.030029296875,750.0800170898438,748.6699829101562,748.72998046875,745852
1780668000,2026-06-05T14:00:00.000Z,2026-06-05T10:00:00.000,748.760009765625,749.6400146484375,748.2249755859375,749.02001953125,1325847
1780668300,2026-06-05T14:05:00.000Z,2026-06-05T10:05:00.000,749.0050048828125,749.8499755859375,748.510009765625,749.8099975585938,698782
1780668600,2026-06-05T14:10:00.000Z,2026-06-05T10:10:00.000,749.844970703125,750.2999877929688,749.3200073242188,750.1099853515625,798037
1780668900,2026-06-05T14:15:00.000Z,2026-06-05T10:15:00.000,750.1099853515625,750.9600219726562,750.0999755859375,750.9000854492188,863752
1780669200,2026-06-05T14:20:00.000Z,2026-06-05T10:20:00.000,750.9299926757812,750.9400024414062,749.7100219726562,749.7449951171875,592547
1780669500,2026-06-05T14:25:00.000Z,2026-06-05T10:25:00.000,749.739990234375,749.77001953125,748.8699951171875,749.219970703125,480616
1780669800,2026-06-05T14:30:00.000Z,2026-06-05T10:30:00.000,749.2100219726562,750.47998046875,749.1099853515625,750.427490234375,554252
1780670100,2026-06-05T14:35:00.000Z,2026-06-05T10:35:00.000,750.4400024414062,750.7399291992188,750.0800170898438,750.1699829101562,493075
1780670400,2026-06-05T14:40:00.000Z,2026-06-05T10:40:00.000,750.1799926757812,750.3200073242188,749.239990234375,749.5599975585938,408340
1780670700,2026-06-05T14:45:00.000Z,2026-06-05T10:45:00.000,749.530029296875,749.8200073242188,749.1199951171875,749.3900146484375,353016
1780671000,2026-06-05T14:50:00.000Z,2026-06-05T10:50:00.000,749.3800048828125,749.7999877929688,749.22998046875,749.6339721679688,286489
1780671300,2026-06-05T14:55:00.000Z,2026-06-05T10:55:00.000,749.6099853515625,750.0999755859375,749.4600219726562,749.8800048828125,341706
1780671600,2026-06-05T15:00:00.000Z,2026-06-05T11:00:00.000,749.8900146484375,750.1799926757812,749.1699829101562,749.5,366633
1780671900,2026-06-05T15:05:00.000Z,2026-06-05T11:05:00.000,749.510009765625,749.6500244140625,748.8200073242188,748.9299926757812,307998
1780672200,2026-06-05T15:10:00.000Z,2026-06-05T11:10:00.000,748.9102172851562,749.2000122070312,748.2899780273438,748.2999877929688,308525
1780672500,2026-06-05T15:15:00.000Z,2026-06-05T11:15:00.000,748.3099975585938,748.72998046875,748.1900024414062,748.6400146484375,364798
1780672800,2026-06-05T15:20:00.000Z,2026-06-05T11:20:00.000,748.6400146484375,748.760009765625,747.5399780273438,747.8800048828125,763844
1780673100,2026-06-05T15:25:00.000Z,2026-06-05T11:25:00.000,747.8900146484375,748.3300170898438,747.8400268554688,748.1480102539062,671059
1780673400,2026-06-05T15:30:00.000Z,2026-06-05T11:30:00.000,748.1099853515625,748.4199829101562,747.6599731445312,747.6699829101562,447943
1780673700,2026-06-05T15:35:00.000Z,2026-06-05T11:35:00.000,747.6599731445312,747.9099731445312,746.72998046875,746.7899780273438,650944
1780674000,2026-06-05T15:40:00.000Z,2026-06-05T11:40:00.000,746.7999877929688,747.0601196289062,746.3900146484375,746.5800170898438,664007
1780674300,2026-06-05T15:45:00.000Z,2026-06-05T11:45:00.000,746.5599975585938,746.9598999023438,746.1900024414062,746.3599853515625,479744
1780674600,2026-06-05T15:50:00.000Z,2026-06-05T11:50:00.000,746.3800048828125,746.8699951171875,746.280029296875,746.739990234375,459565
1780674900,2026-06-05T15:55:00.000Z,2026-06-05T11:55:00.000,746.7249755859375,746.9099731445312,746.4199829101562,746.5800170898438,475422
1780675200,2026-06-05T16:00:00.000Z,2026-06-05T12:00:00.000,746.568115234375,746.5900268554688,745.97998046875,746.1099853515625,692956
1780675500,2026-06-05T16:05:00.000Z,2026-06-05T12:05:00.000,746.0999755859375,746.0999755859375,745.0700073242188,745.22998046875,752862
1780675800,2026-06-05T16:10:00.000Z,2026-06-05T12:10:00.000,745.219970703125,745.8900146484375,745.02001953125,745.4749755859375,659759
1780676100,2026-06-05T16:15:00.000Z,2026-06-05T12:15:00.000,745.4400024414062,745.469970703125,744.6199951171875,744.8099975585938,640800
1780676400,2026-06-05T16:20:00.000Z,2026-06-05T12:20:00.000,744.7999877929688,745.4400024414062,744.6799926757812,745.1201782226562,753482
1780676700,2026-06-05T16:25:00.000Z,2026-06-05T12:25:00.000,745.1300048828125,745.5499877929688,744.719970703125,744.7401123046875,544732
1780677000,2026-06-05T16:30:00.000Z,2026-06-05T12:30:00.000,744.739990234375,744.8099975585938,743.8699951171875,744.239990234375,899486
1780677300,2026-06-05T16:35:00.000Z,2026-06-05T12:35:00.000,744.239990234375,744.5499877929688,743.739990234375,744.22998046875,1077551
1780677600,2026-06-05T16:40:00.000Z,2026-06-05T12:40:00.000,744.219970703125,744.385009765625,742.9199829101562,743.27001953125,730553
1780677900,2026-06-05T16:45:00.000Z,2026-06-05T12:45:00.000,743.239990234375,743.5700073242188,742.4600219726562,743.5599975585938,993336
1780678200,2026-06-05T16:50:00.000Z,2026-06-05T12:50:00.000,743.5499877929688,744.6199951171875,743.2550048828125,744.5599975585938,1052422
1780678500,2026-06-05T16:55:00.000Z,2026-06-05T12:55:00.000,744.530029296875,744.6699829101562,743.969970703125,744.5399780273438,724107
1780678800,2026-06-05T17:00:00.000Z,2026-06-05T13:00:00.000,744.5399780273438,744.5599975585938,743.3099975585938,743.9000244140625,910973
1780679100,2026-06-05T17:05:00.000Z,2026-06-05T13:05:00.000,743.8599853515625,743.8800048828125,743.3099975585938,743.5,366900
1780679400,2026-06-05T17:10:00.000Z,2026-06-05T13:10:00.000,743.47998046875,743.6500244140625,742.9600219726562,743.4099731445312,1045374
1780679700,2026-06-05T17:15:00.000Z,2026-06-05T13:15:00.000,743.4199829101562,743.5250244140625,742.8200073242188,743.280029296875,854317
1780680000,2026-06-05T17:20:00.000Z,2026-06-05T13:20:00.000,743.27001953125,744.1400146484375,742.8099975585938,744.0700073242188,1107763
1780680300,2026-06-05T17:25:00.000Z,2026-06-05T13:25:00.000,744.0499877929688,744.0999145507812,743.3900146484375,744.030029296875,668439
1780680600,2026-06-05T17:30:00.000Z,2026-06-05T13:30:00.000,744.02001953125,744.2449951171875,743.5599975585938,744.239990234375,645668
1780680900,2026-06-05T17:35:00.000Z,2026-06-05T13:35:00.000,744.239990234375,744.9600219726562,744.219970703125,744.9299926757812,861020
1780681200,2026-06-05T17:40:00.000Z,2026-06-05T13:40:00.000,744.9400024414062,745.2949829101562,743.6500244140625,743.8150024414062,893809
1780681500,2026-06-05T17:45:00.000Z,2026-06-05T13:45:00.000,743.8200073242188,744.3400268554688,743.6400146484375,743.9600219726562,545800
1780681800,2026-06-05T17:50:00.000Z,2026-06-05T13:50:00.000,743.969970703125,744.1699829101562,743.7550048828125,744.1199951171875,799256
1780682100,2026-06-05T17:55:00.000Z,2026-06-05T13:55:00.000,744.1199951171875,744.7000122070312,744,744.6699829101562,491471
1780682400,2026-06-05T18:00:00.000Z,2026-06-05T14:00:00.000,744.6799926757812,744.7899780273438,743.4000244140625,743.4000244140625,1067618
1780682700,2026-06-05T18:05:00.000Z,2026-06-05T14:05:00.000,743.4099731445312,743.6500244140625,743.1099853515625,743.2399291992188,747946
1780683000,2026-06-05T18:10:00.000Z,2026-06-05T14:10:00.000,743.22998046875,743.4199829101562,742.1199951171875,742.1799926757812,830050
1780683300,2026-06-05T18:15:00.000Z,2026-06-05T14:15:00.000,742.1400146484375,742.1599731445312,741.2949829101562,741.4199829101562,1285472
1780683600,2026-06-05T18:20:00.000Z,2026-06-05T14:20:00.000,741.4299926757812,741.969970703125,741.3499755859375,741.5,1066279
1780683900,2026-06-05T18:25:00.000Z,2026-06-05T14:25:00.000,741.489990234375,741.5399780273438,740.5,740.9000244140625,1051469
1780684200,2026-06-05T18:30:00.000Z,2026-06-05T14:30:00.000,740.9000244140625,741.1400146484375,740.4099731445312,740.6400146484375,1068664
1780684500,2026-06-05T18:35:00.000Z,2026-06-05T14:35:00.000,740.6500244140625,740.7999877929688,740.0999755859375,740.5750122070312,748667
1780684800,2026-06-05T18:40:00.000Z,2026-06-05T14:40:00.000,740.5800170898438,740.6400146484375,739.719970703125,740.030029296875,1112306
1780685100,2026-06-05T18:45:00.000Z,2026-06-05T14:45:00.000,740.02001953125,740.030029296875,738.5900268554688,739.6300048828125,1714307
1780685400,2026-06-05T18:50:00.000Z,2026-06-05T14:50:00.000,739.6400146484375,739.8699951171875,738.47998046875,738.9650268554688,2062162
1780685700,2026-06-05T18:55:00.000Z,2026-06-05T14:55:00.000,738.9500122070312,740.25,738.75,739.22998046875,2105327
1780686000,2026-06-05T19:00:00.000Z,2026-06-05T15:00:00.000,739.22998046875,739.4000244140625,738.2999877929688,739.1099853515625,1065053
1780686300,2026-06-05T19:05:00.000Z,2026-06-05T15:05:00.000,739.0999755859375,739.1599731445312,737.5399780273438,738.0136108398438,817550
1780686600,2026-06-05T19:10:00.000Z,2026-06-05T15:10:00.000,738.0250244140625,738.0900268554688,736.9099731445312,737.22998046875,955040
1780686900,2026-06-05T19:15:00.000Z,2026-06-05T15:15:00.000,737.22998046875,737.22998046875,735.5250244140625,736.3499755859375,1221783
1780687200,2026-06-05T19:20:00.000Z,2026-06-05T15:20:00.000,736.3150024414062,736.9000244140625,735.8699951171875,736.9000244140625,1698856
1780687500,2026-06-05T19:25:00.000Z,2026-06-05T15:25:00.000,736.9000244140625,738.469970703125,736.8800048828125,738.4500122070312,1463390
1780687800,2026-06-05T19:30:00.000Z,2026-06-05T15:30:00.000,738.4500122070312,738.510009765625,737.219970703125,737.9199829101562,1759652
1780688100,2026-06-05T19:35:00.000Z,2026-06-05T15:35:00.000,737.9199829101562,738.7999877929688,737.75,738.6799926757812,1411461
1780688400,2026-06-05T19:40:00.000Z,2026-06-05T15:40:00.000,738.6799926757812,738.739990234375,736.9600219726562,737.8099975585938,1567591
1780688700,2026-06-05T19:45:00.000Z,2026-06-05T15:45:00.000,737.780029296875,738.9500122070312,737.5999755859375,738.719970703125,1775237
1780689000,2026-06-05T19:50:00.000Z,2026-06-05T15:50:00.000,738.72998046875,739.7999877929688,738.4199829101562,739.1199951171875,2945301
1780689300,2026-06-05T19:55:00.000Z,2026-06-05T15:55:00.000,739.0999755859375,739.0999755859375,737,737.4000244140625,5475341
1780925400,2026-06-08T13:30:00.000Z,2026-06-08T09:30:00.000,743.3599853515625,744.510009765625,742.1500244140625,742.1849975585938,4049422
1780925700,2026-06-08T13:35:00.000Z,2026-06-08T09:35:00.000,742.1900024414062,742.6599731445312,741.5800170898438,741.594970703125,1106579
1780926000,2026-06-08T13:40:00.000Z,2026-06-08T09:40:00.000,741.594970703125,743.0999755859375,741.47998046875,742.719970703125,815319
1780926300,2026-06-08T13:45:00.000Z,2026-06-08T09:45:00.000,742.72998046875,743.52001953125,742.0999755859375,742.5800170898438,836773
1780926600,2026-06-08T13:50:00.000Z,2026-06-08T09:50:00.000,742.5599975585938,743.7249755859375,741.9099731445312,743.2000122070312,482738
1780926900,2026-06-08T13:55:00.000Z,2026-06-08T09:55:00.000,743.2150268554688,743.3300170898438,740.7999877929688,740.8499755859375,768315
1780927200,2026-06-08T14:00:00.000Z,2026-06-08T10:00:00.000,740.7999877929688,742.330078125,740.5999755859375,741.1799926757812,767557
1780927500,2026-06-08T14:05:00.000Z,2026-06-08T10:05:00.000,741.1699829101562,742.52001953125,741.0599975585938,742.3200073242188,468580
1780927800,2026-06-08T14:10:00.000Z,2026-06-08T10:10:00.000,742.3200073242188,742.4600219726562,741.4199829101562,741.639892578125,470734
1780928100,2026-06-08T14:15:00.000Z,2026-06-08T10:15:00.000,741.625,741.7999877929688,740.8499755859375,741.5499877929688,425735
1780928400,2026-06-08T14:20:00.000Z,2026-06-08T10:20:00.000,741.47998046875,742.3662109375,741.1751098632812,742.1400756835938,428768
1780928700,2026-06-08T14:25:00.000Z,2026-06-08T10:25:00.000,742.1599731445312,743.02001953125,741.9500122070312,742.47998046875,547239
1780929000,2026-06-08T14:30:00.000Z,2026-06-08T10:30:00.000,742.4400024414062,742.97998046875,742.2999877929688,742.8699951171875,445348
1780929300,2026-06-08T14:35:00.000Z,2026-06-08T10:35:00.000,742.9000244140625,743.6699829101562,742.719970703125,743.27001953125,657893
1780929600,2026-06-08T14:40:00.000Z,2026-06-08T10:40:00.000,743.260009765625,743.5,741.969970703125,742.5700073242188,774081
1780929900,2026-06-08T14:45:00.000Z,2026-06-08T10:45:00.000,742.5800170898438,744.3499755859375,742.5800170898438,743.5401000976562,616876
1780930200,2026-06-08T14:50:00.000Z,2026-06-08T10:50:00.000,743.5800170898438,744.344970703125,743.2999877929688,744.1099853515625,426502
1780930500,2026-06-08T14:55:00.000Z,2026-06-08T10:55:00.000,744.1300048828125,745.02001953125,743.6500244140625,744.9949951171875,454713
1780930800,2026-06-08T15:00:00.000Z,2026-06-08T11:00:00.000,744.97998046875,745.27001953125,744.6199951171875,744.6400146484375,482631
1780931100,2026-06-08T15:05:00.000Z,2026-06-08T11:05:00.000,744.6300048828125,745.3400268554688,744.5700073242188,745.1199951171875,351220
1780931400,2026-06-08T15:10:00.000Z,2026-06-08T11:10:00.000,745.1199951171875,745.2000122070312,744.6799926757812,744.719970703125,268198
1780931700,2026-06-08T15:15:00.000Z,2026-06-08T11:15:00.000,744.7700805664062,745.1599731445312,744.3900146484375,744.843994140625,386838
1780932000,2026-06-08T15:20:00.000Z,2026-06-08T11:20:00.000,744.8400268554688,745.0800170898438,744.1400146484375,744.9299926757812,385975
1780932300,2026-06-08T15:25:00.000Z,2026-06-08T11:25:00.000,744.9299926757812,744.9299926757812,743.1099853515625,743.22998046875,429724
1780932600,2026-06-08T15:30:00.000Z,2026-06-08T11:30:00.000,743.25,743.3800048828125,741.8699951171875,742.1599731445312,550471
1780932900,2026-06-08T15:35:00.000Z,2026-06-08T11:35:00.000,742.1599731445312,743.6300048828125,741.9099731445312,743.5,454643
1780933200,2026-06-08T15:40:00.000Z,2026-06-08T11:40:00.000,743.4749755859375,743.9000244140625,743.1599731445312,743.6900024414062,349964
1780933500,2026-06-08T15:45:00.000Z,2026-06-08T11:45:00.000,743.7100219726562,744.3499755859375,743.280029296875,743.364990234375,456447
1780933800,2026-06-08T15:50:00.000Z,2026-06-08T11:50:00.000,743.3400268554688,744.16357421875,743.3400268554688,743.530029296875,247455
1780934100,2026-06-08T15:55:00.000Z,2026-06-08T11:55:00.000,743.5,743.52001953125,742.489990234375,742.7650146484375,421507
1780934400,2026-06-08T16:00:00.000Z,2026-06-08T12:00:00.000,742.75,743.260009765625,742.1599731445312,742.85302734375,481256
1780934700,2026-06-08T16:05:00.000Z,2026-06-08T12:05:00.000,742.8800048828125,743.22998046875,742.489990234375,742.6300048828125,279306
1780935000,2026-06-08T16:10:00.000Z,2026-06-08T12:10:00.000,742.6699829101562,743.25,742.3499755859375,743.0700073242188,236361
1780935300,2026-06-08T16:15:00.000Z,2026-06-08T12:15:00.000,743.094970703125,743.72998046875,743.02001953125,743.7000122070312,262419
1780935600,2026-06-08T16:20:00.000Z,2026-06-08T12:20:00.000,743.6900024414062,743.969970703125,742.8599853515625,742.989990234375,331067
1780935900,2026-06-08T16:25:00.000Z,2026-06-08T12:25:00.000,743.030029296875,743.4600219726562,742.114990234375,742.1400146484375,227650
1780936200,2026-06-08T16:30:00.000Z,2026-06-08T12:30:00.000,742.1599731445312,742.6199951171875,741.9000244140625,741.9600219726562,248619
1780936500,2026-06-08T16:35:00.000Z,2026-06-08T12:35:00.000,741.9600219726562,742.4398803710938,741.510009765625,741.7899780273438,354799
1780936800,2026-06-08T16:40:00.000Z,2026-06-08T12:40:00.000,741.780029296875,742.3400268554688,741.614990234375,742.1300048828125,257751
1780937100,2026-06-08T16:45:00.000Z,2026-06-08T12:45:00.000,742.1599731445312,742.969970703125,742.010009765625,742.489990234375,235060
1780937400,2026-06-08T16:50:00.000Z,2026-06-08T12:50:00.000,742.489990234375,742.7000122070312,742.219970703125,742.4299926757812,230780
1780937700,2026-06-08T16:55:00.000Z,2026-06-08T12:55:00.000,742.4299926757812,742.47998046875,741.8900146484375,741.9099731445312,423752
1780938000,2026-06-08T17:00:00.000Z,2026-06-08T13:00:00.000,741.9199829101562,741.9749755859375,740.3400268554688,740.760009765625,670057
1780938300,2026-06-08T17:05:00.000Z,2026-06-08T13:05:00.000,740.760009765625,741.510009765625,740.614990234375,740.844970703125,352306
1780938600,2026-06-08T17:10:00.000Z,2026-06-08T13:10:00.000,740.8400268554688,740.989990234375,740.1099853515625,740.9400024414062,995671
1780938900,2026-06-08T17:15:00.000Z,2026-06-08T13:15:00.000,740.9500122070312,741.1300048828125,740.0800170898438,740.3800048828125,379702
1780939200,2026-06-08T17:20:00.000Z,2026-06-08T13:20:00.000,740.39501953125,740.8699951171875,740.1400146484375,740.489990234375,261333
1780939500,2026-06-08T17:25:00.000Z,2026-06-08T13:25:00.000,740.47998046875,742.0599975585938,740.3699951171875,742.030029296875,533682
1780939800,2026-06-08T17:30:00.000Z,2026-06-08T13:30:00.000,742.010009765625,742.3900146484375,741.030029296875,741.6199951171875,610127
1780940100,2026-06-08T17:35:00.000Z,2026-06-08T13:35:00.000,741.5999755859375,741.72998046875,740.5701293945312,741.1799926757812,316054
1780940400,2026-06-08T17:40:00.000Z,2026-06-08T13:40:00.000,741.2000122070312,741.3300170898438,740.4000244140625,740.4299926757812,263609
1780940700,2026-06-08T17:45:00.000Z,2026-06-08T13:45:00.000,740.4249877929688,741.4000244140625,740.4000244140625,741.4000244140625,280600
1780941000,2026-06-08T17:50:00.000Z,2026-06-08T13:50:00.000,741.375,741.7449951171875,741.010009765625,741.52001953125,235342
1780941300,2026-06-08T17:55:00.000Z,2026-06-08T13:55:00.000,741.5050048828125,741.5800170898438,740.8900146484375,741.1300048828125,226970
1780941600,2026-06-08T18:00:00.000Z,2026-06-08T14:00:00.000,741.1300048828125,741.9299926757812,741.1199951171875,741.6199951171875,437121
1780941900,2026-06-08T18:05:00.000Z,2026-06-08T14:05:00.000,741.6199951171875,742.2999877929688,741.5700073242188,741.9099731445312,542187
1780942200,2026-06-08T18:10:00.000Z,2026-06-08T14:10:00.000,741.9299926757812,742.0900268554688,741.0599975585938,741.280029296875,351607
1780942500,2026-06-08T18:15:00.000Z,2026-06-08T14:15:00.000,741.2999877929688,741.8099975585938,741.25,741.6199951171875,503668
1780942800,2026-06-08T18:20:00.000Z,2026-06-08T14:20:00.000,741.614990234375,741.9099731445312,741.2899780273438,741.7899780273438,296798
1780943100,2026-06-08T18:25:00.000Z,2026-06-08T14:25:00.000,741.780029296875,742.0999755859375,741.5900268554688,741.9600219726562,233700
1780943400,2026-06-08T18:30:00.000Z,2026-06-08T14:30:00.000,741.969970703125,742.4500122070312,741.77001953125,741.8200073242188,329028
1780943700,2026-06-08T18:35:00.000Z,2026-06-08T14:35:00.000,741.7999877929688,742.0999755859375,740.8800048828125,740.989990234375,680153
1780944000,2026-06-08T18:40:00.000Z,2026-06-08T14:40:00.000,740.989990234375,741.3499755859375,740.75,740.8900146484375,330517
1780944300,2026-06-08T18:45:00.000Z,2026-06-08T14:45:00.000,740.9000244140625,741.5599975585938,740.9000244140625,740.989990234375,271061
1780944600,2026-06-08T18:50:00.000Z,2026-06-08T14:50:00.000,741.010009765625,741.3699951171875,740.9099731445312,741.260009765625,256369
1780944900,2026-06-08T18:55:00.000Z,2026-06-08T14:55:00.000,741.2650146484375,741.530029296875,740.8699951171875,740.969970703125,230249
1780945200,2026-06-08T19:00:00.000Z,2026-06-08T15:00:00.000,740.969970703125,741.1599731445312,740.5,740.969970703125,369023
1780945500,2026-06-08T19:05:00.000Z,2026-06-08T15:05:00.000,740.969970703125,741.1500244140625,740.1799926757812,740.1799926757812,415126
1780945800,2026-06-08T19:10:00.000Z,2026-06-08T15:10:00.000,740.1749877929688,740.2000122070312,739.260009765625,739.2600708007812,1084506
1780946100,2026-06-08T19:15:00.000Z,2026-06-08T15:15:00.000,739.27001953125,739.6199951171875,738.9600219726562,739.25,478017
1780946400,2026-06-08T19:20:00.000Z,2026-06-08T15:20:00.000,739.25,739.6900024414062,738.4099731445312,738.5399780273438,492584
1780946700,2026-06-08T19:25:00.000Z,2026-06-08T15:25:00.000,738.5399780273438,739.22998046875,738.1900024414062,739.2000122070312,610606
1780947000,2026-06-08T19:30:00.000Z,2026-06-08T15:30:00.000,739.2100219726562,740.1799926757812,739.1199951171875,739.469970703125,545436
1780947300,2026-06-08T19:35:00.000Z,2026-06-08T15:35:00.000,739.489990234375,739.9000244140625,739.0700073242188,739.4099731445312,459332
1780947600,2026-06-08T19:40:00.000Z,2026-06-08T15:40:00.000,739.385009765625,739.72998046875,738.9199829101562,739.3499755859375,447047
1780947900,2026-06-08T19:45:00.000Z,2026-06-08T15:45:00.000,739.3400268554688,739.9000244140625,739.1300048828125,739.2999877929688,691753
1780948200,2026-06-08T19:50:00.000Z,2026-06-08T15:50:00.000,739.3400268554688,739.969970703125,738.77001953125,739.2000122070312,1239361
1780948500,2026-06-08T19:55:00.000Z,2026-06-08T15:55:00.000,739.2100219726562,739.530029296875,738.905029296875,739.3099975585938,2498509
1781011800,2026-06-09T13:30:00.000Z,2026-06-09T09:30:00.000,743.6300048828125,744.1500244140625,743.280029296875,743.6300048828125,1968184
1781012100,2026-06-09T13:35:00.000Z,2026-06-09T09:35:00.000,743.6500244140625,744.8798828125,743.4849853515625,744.3900146484375,837446
1781012400,2026-06-09T13:40:00.000Z,2026-06-09T09:40:00.000,744.4299926757812,745.3598022460938,744.1199951171875,745.3598022460938,686813
1781012700,2026-06-09T13:45:00.000Z,2026-06-09T09:45:00.000,745.3599853515625,746.9000244140625,745.27001953125,746.75,673191
1781013000,2026-06-09T13:50:00.000Z,2026-06-09T09:50:00.000,746.7498779296875,746.7999877929688,745.1400146484375,745.1699829101562,788241
1781013300,2026-06-09T13:55:00.000Z,2026-06-09T09:55:00.000,745.1799926757812,745.47998046875,744.22998046875,744.3800048828125,840825
1781013600,2026-06-09T14:00:00.000Z,2026-06-09T10:00:00.000,744.36376953125,745.0449829101562,743.7999877929688,744.1400146484375,710362
1781013900,2026-06-09T14:05:00.000Z,2026-06-09T10:05:00.000,744.1699829101562,744.719970703125,743.888916015625,743.97998046875,496717
1781014200,2026-06-09T14:10:00.000Z,2026-06-09T10:10:00.000,743.9600219726562,743.97998046875,741.4400024414062,741.5399780273438,1280378
1781014500,2026-06-09T14:15:00.000Z,2026-06-09T10:15:00.000,741.5499877929688,741.9500122070312,739.4199829101562,740.1199951171875,1248228
1781014800,2026-06-09T14:20:00.000Z,2026-06-09T10:20:00.000,740.1300048828125,742.030029296875,739.4299926757812,741.9500122070312,1098914
1781015100,2026-06-09T14:25:00.000Z,2026-06-09T10:25:00.000,741.9400024414062,742.1990966796875,740.8300170898438,741.2100219726562,597057
1781015400,2026-06-09T14:30:00.000Z,2026-06-09T10:30:00.000,741.1699829101562,741.7100219726562,740.3499755859375,741.2000122070312,622155
1781015700,2026-06-09T14:35:00.000Z,2026-06-09T10:35:00.000,741.1699829101562,741.5499877929688,740.47998046875,740.9349975585938,428801
1781016000,2026-06-09T14:40:00.000Z,2026-06-09T10:40:00.000,740.9400024414062,741.25,738.4099731445312,738.6300048828125,671997
1781016300,2026-06-09T14:45:00.000Z,2026-06-09T10:45:00.000,738.6300048828125,738.89990234375,735.030029296875,735.260009765625,1775836
1781016600,2026-06-09T14:50:00.000Z,2026-06-09T10:50:00.000,735.27001953125,736.5999755859375,734.6500244140625,736.5650024414062,2099380
1781016900,2026-06-09T14:55:00.000Z,2026-06-09T10:55:00.000,736.5999755859375,737.7999877929688,735.8499755859375,737.75,652279
1781017200,2026-06-09T15:00:00.000Z,2026-06-09T11:00:00.000,737.7899780273438,738.1300048828125,736.9598999023438,737,487522
1781017500,2026-06-09T15:05:00.000Z,2026-06-09T11:05:00.000,736.969970703125,737.989990234375,736.280029296875,737.9199829101562,438044
1781017800,2026-06-09T15:10:00.000Z,2026-06-09T11:10:00.000,737.9299926757812,738.4199829101562,736.8599853515625,737.530029296875,469335
1781018100,2026-06-09T15:15:00.000Z,2026-06-09T11:15:00.000,737.52001953125,737.7150268554688,736.1599731445312,736.22998046875,431549
1781018400,2026-06-09T15:20:00.000Z,2026-06-09T11:20:00.000,736.1900024414062,736.6599731445312,734.0800170898438,734.0850219726562,654413
1781018700,2026-06-09T15:25:00.000Z,2026-06-09T11:25:00.000,734.0999755859375,734.1400146484375,730.77001953125,731,1288026
1781019000,2026-06-09T15:30:00.000Z,2026-06-09T11:30:00.000,731,731.8099975585938,730.47998046875,731.2299194335938,1562529
1781019300,2026-06-09T15:35:00.000Z,2026-06-09T11:35:00.000,731.239990234375,731.760009765625,730.5800170898438,731.47998046875,1098597
1781019600,2026-06-09T15:40:00.000Z,2026-06-09T11:40:00.000,731.4600219726562,732.489990234375,731.2449951171875,731.8563842773438,997957
1781019900,2026-06-09T15:45:00.000Z,2026-06-09T11:45:00.000,731.8200073242188,732.2100219726562,731.5999755859375,731.969970703125,489176
1781020200,2026-06-09T15:50:00.000Z,2026-06-09T11:50:00.000,731.9600219726562,732.75,731.0800170898438,731.14501953125,600726
1781020500,2026-06-09T15:55:00.000Z,2026-06-09T11:55:00.000,731.1599731445312,731.260009765625,728.9600219726562,729.0599975585938,1388268
1781020800,2026-06-09T16:00:00.000Z,2026-06-09T12:00:00.000,729.0800170898438,730.5700073242188,728.989990234375,729.6199951171875,895809
1781021100,2026-06-09T16:05:00.000Z,2026-06-09T12:05:00.000,729.6099853515625,729.75,727.780029296875,728.26318359375,1171668
1781021400,2026-06-09T16:10:00.000Z,2026-06-09T12:10:00.000,728.2650146484375,729.3200073242188,727.7803955078125,728.5499877929688,980179
1781021700,2026-06-09T16:15:00.000Z,2026-06-09T12:15:00.000,728.5399780273438,728.5499877929688,725.7100219726562,725.9600219726562,1432415
1781022000,2026-06-09T16:20:00.000Z,2026-06-09T12:20:00.000,725.9249877929688,727.530029296875,725.2999877929688,727.4931640625,1389375
1781022300,2026-06-09T16:25:00.000Z,2026-06-09T12:25:00.000,727.469970703125,728.1500244140625,726.8900146484375,727.3599853515625,801671
1781022600,2026-06-09T16:30:00.000Z,2026-06-09T12:30:00.000,727.3400268554688,728.5700073242188,726.3499755859375,727.25,805173
1781022900,2026-06-09T16:35:00.000Z,2026-06-09T12:35:00.000,727.3499755859375,728.3699951171875,722.9400024414062,723.3400268554688,2824479
1781023200,2026-06-09T16:40:00.000Z,2026-06-09T12:40:00.000,723.3800048828125,724.9299926757812,722.5900268554688,724.6900024414062,2012155
1781023500,2026-06-09T16:45:00.000Z,2026-06-09T12:45:00.000,724.6749877929688,725.760009765625,724.1300048828125,724.8699951171875,1125400
1781023800,2026-06-09T16:50:00.000Z,2026-06-09T12:50:00.000,724.8800048828125,725.4400024414062,723.625,723.6849975585938,884758
1781024100,2026-06-09T16:55:00.000Z,2026-06-09T12:55:00.000,723.6699829101562,726.6950073242188,723.5599975585938,726.6199951171875,1224721
1781024400,2026-06-09T17:00:00.000Z,2026-06-09T13:00:00.000,726.6199951171875,728.719970703125,726.4000244140625,728.3900146484375,1185574
1781024700,2026-06-09T17:05:00.000Z,2026-06-09T13:05:00.000,728.4199829101562,728.8499755859375,727.5900268554688,728.2849731445312,820487
1781025000,2026-06-09T17:10:00.000Z,2026-06-09T13:10:00.000,728.280029296875,729.0399780273438,727.2100219726562,728.5999755859375,714059
1781025300,2026-06-09T17:15:00.000Z,2026-06-09T13:15:00.000,728.5800170898438,730.0499877929688,727.9400024414062,729.9324951171875,970730
1781025600,2026-06-09T17:20:00.000Z,2026-06-09T13:20:00.000,729.9591064453125,731.280029296875,729.5399780273438,730.469970703125,945471
1781025900,2026-06-09T17:25:00.000Z,2026-06-09T13:25:00.000,730.4500122070312,731.2100219726562,729.9000244140625,730.760009765625,508034
1781026200,2026-06-09T17:30:00.000Z,2026-06-09T13:30:00.000,730.780029296875,731.72998046875,730.2100219726562,731.7100219726562,792262
1781026500,2026-06-09T17:35:00.000Z,2026-06-09T13:35:00.000,731.719970703125,732.5599975585938,731.0499877929688,732.1199951171875,664373
1781026800,2026-06-09T17:40:00.000Z,2026-06-09T13:40:00.000,732.1400146484375,733.9500122070312,731.9500122070312,732.9600219726562,983441
1781027100,2026-06-09T17:45:00.000Z,2026-06-09T13:45:00.000,732.97998046875,733.2100219726562,730.9600219726562,731.1699829101562,950081
1781027400,2026-06-09T17:50:00.000Z,2026-06-09T13:50:00.000,731.1900024414062,733.1300048828125,731.1799926757812,732.469970703125,721314
1781027700,2026-06-09T17:55:00.000Z,2026-06-09T13:55:00.000,732.489990234375,733.1500244140625,732.4000244140625,732.5599975585938,427285
1781028000,2026-06-09T18:00:00.000Z,2026-06-09T14:00:00.000,732.6500244140625,733.2999877929688,732.1400146484375,732.60498046875,636632
1781028300,2026-06-09T18:05:00.000Z,2026-06-09T14:05:00.000,732.60498046875,733.760009765625,732.3900146484375,733.5900268554688,536827
1781028600,2026-06-09T18:10:00.000Z,2026-06-09T14:10:00.000,733.5836791992188,733.6199951171875,732.5499877929688,733.280029296875,365629
1781028900,2026-06-09T18:15:00.000Z,2026-06-09T14:15:00.000,733.25,734.5399780273438,732.6199951171875,734.4299926757812,614919
1781029200,2026-06-09T18:20:00.000Z,2026-06-09T14:20:00.000,734.4299926757812,735.1799926757812,733.75,735.0599975585938,775609
1781029500,2026-06-09T18:25:00.000Z,2026-06-09T14:25:00.000,735.0599975585938,735.1300048828125,733.9749755859375,735.0999755859375,486902
1781029800,2026-06-09T18:30:00.000Z,2026-06-09T14:30:00.000,735.1199951171875,736.1799926757812,734.8400268554688,735.6900024414062,700847
1781030100,2026-06-09T18:35:00.000Z,2026-06-09T14:35:00.000,735.6900024414062,736.27001953125,735.4099731445312,735.9600219726562,500626
1781030400,2026-06-09T18:40:00.000Z,2026-06-09T14:40:00.000,735.97998046875,736,734.2999877929688,734.4099731445312,715005
1781030700,2026-06-09T18:45:00.000Z,2026-06-09T14:45:00.000,734.4299926757812,735.5399780273438,734.3499755859375,735.52001953125,524189
1781031000,2026-06-09T18:50:00.000Z,2026-06-09T14:50:00.000,735.5,736.1799926757812,735.1099853515625,735.625,488844
1781031300,2026-06-09T18:55:00.000Z,2026-06-09T14:55:00.000,735.6099853515625,737.1300048828125,735.5800170898438,736.739990234375,539061
1781031600,2026-06-09T19:00:00.000Z,2026-06-09T15:00:00.000,736.739990234375,737.4000244140625,736.1099853515625,737.3099975585938,699972
1781031900,2026-06-09T19:05:00.000Z,2026-06-09T15:05:00.000,737.2999877929688,737.6900024414062,736.4299926757812,736.510009765625,883890
1781032200,2026-06-09T19:10:00.000Z,2026-06-09T15:10:00.000,736.510009765625,736.52001953125,735.1699829101562,735.3099975585938,611103
1781032500,2026-06-09T19:15:00.000Z,2026-06-09T15:15:00.000,735.3200073242188,735.4199829101562,733.489990234375,733.6599731445312,912499
1781032800,2026-06-09T19:20:00.000Z,2026-06-09T15:20:00.000,733.6400146484375,734.3900146484375,733.2000122070312,733.9600219726562,681240
1781033100,2026-06-09T19:25:00.000Z,2026-06-09T15:25:00.000,733.9500122070312,734.8599853515625,733.5,734.5999755859375,505810
1781033400,2026-06-09T19:30:00.000Z,2026-06-09T15:30:00.000,734.5800170898438,735.030029296875,734.0399780273438,734.5599975585938,746553
1781033700,2026-06-09T19:35:00.000Z,2026-06-09T15:35:00.000,734.5499877929688,734.6699829101562,733.52001953125,733.5900268554688,733798
1781034000,2026-06-09T19:40:00.000Z,2026-06-09T15:40:00.000,733.5700073242188,733.8499755859375,732.5800170898438,733.4299926757812,986397
1781034300,2026-06-09T19:45:00.000Z,2026-06-09T15:45:00.000,733.4400024414062,733.780029296875,732.530029296875,733.0599975585938,1966471
1781034600,2026-06-09T19:50:00.000Z,2026-06-09T15:50:00.000,733.030029296875,736.239990234375,733.02001953125,736.1699829101562,2132433
1781034900,2026-06-09T19:55:00.000Z,2026-06-09T15:55:00.000,736.1799926757812,737.469970703125,736.0499877929688,737.0599975585938,4232497
1781098200,2026-06-10T13:30:00.000Z,2026-06-10T09:30:00.000,733.3900146484375,733.97998046875,731.7849731445312,731.7849731445312,4600210
1781098500,2026-06-10T13:35:00.000Z,2026-06-10T09:35:00.000,731.8049926757812,735.25,731.5,734.5999755859375,987220
1781098800,2026-06-10T13:40:00.000Z,2026-06-10T09:40:00.000,734.5900268554688,736.25,733.280029296875,736.1699829101562,701566
1781099100,2026-06-10T13:45:00.000Z,2026-06-10T09:45:00.000,736.1699829101562,736.97998046875,735.3400268554688,736.6599731445312,902040
1781099400,2026-06-10T13:50:00.000Z,2026-06-10T09:50:00.000,736.6699829101562,736.6699829101562,734.7449951171875,735.6599731445312,649437
1781099700,2026-06-10T13:55:00.000Z,2026-06-10T09:55:00.000,735.6699829101562,736.6900024414062,735.280029296875,735.719970703125,524489
1781100000,2026-06-10T14:00:00.000Z,2026-06-10T10:00:00.000,735.75,737.2780151367188,735.010009765625,736.5700073242188,485631
1781100300,2026-06-10T14:05:00.000Z,2026-06-10T10:05:00.000,736.5599975585938,737.3599853515625,735.8800048828125,737.125,475492
1781100600,2026-06-10T14:10:00.000Z,2026-06-10T10:10:00.000,737.155029296875,737.5900268554688,736.47998046875,736.7000122070312,531685
1781100900,2026-06-10T14:15:00.000Z,2026-06-10T10:15:00.000,736.7000122070312,737.0900268554688,735.7813720703125,736.6099853515625,616761
1781101200,2026-06-10T14:20:00.000Z,2026-06-10T10:20:00.000,736.489990234375,738.3800048828125,736.2000122070312,738.2150268554688,665495
1781101500,2026-06-10T14:25:00.000Z,2026-06-10T10:25:00.000,738.219970703125,738.3800048828125,736.6201171875,737.25,510563
1781101800,2026-06-10T14:30:00.000Z,2026-06-10T10:30:00.000,737.219970703125,737.8674926757812,735.780029296875,737.8350219726562,667180
1781102100,2026-06-10T14:35:00.000Z,2026-06-10T10:35:00.000,737.8200073242188,737.9500122070312,736.0399780273438,736.5700073242188,365612
1781102400,2026-06-10T14:40:00.000Z,2026-06-10T10:40:00.000,736.530029296875,737.239990234375,735.5800170898438,735.5800170898438,412424
1781102700,2026-06-10T14:45:00.000Z,2026-06-10T10:45:00.000,735.5499877929688,736.0850219726562,734.5,734.9600219726562,499629
1781103000,2026-06-10T14:50:00.000Z,2026-06-10T10:50:00.000,734.9500122070312,735.6599731445312,734.1849975585938,734.6300048828125,535123
1781103300,2026-06-10T14:55:00.000Z,2026-06-10T10:55:00.000,734.5700073242188,734.9099731445312,732.2600708007812,732.8400268554688,824616
1781103600,2026-06-10T15:00:00.000Z,2026-06-10T11:00:00.000,732.8699951171875,734.4199829101562,731.9299926757812,733.0900268554688,696926
1781103900,2026-06-10T15:05:00.000Z,2026-06-10T11:05:00.000,733.1099853515625,733.25,731.719970703125,731.780029296875,416959
1781104200,2026-06-10T15:10:00.000Z,2026-06-10T11:10:00.000,731.780029296875,732.010009765625,730.6099853515625,730.6799926757812,860434
1781104500,2026-06-10T15:15:00.000Z,2026-06-10T11:15:00.000,730.6699829101562,730.719970703125,729.510009765625,730.219970703125,671067
1781104800,2026-06-10T15:20:00.000Z,2026-06-10T11:20:00.000,730.1900024414062,732.3800048828125,730.0700073242188,731.8250122070312,601414
1781105100,2026-06-10T15:25:00.000Z,2026-06-10T11:25:00.000,731.8200073242188,732.5700073242188,731.4299926757812,731.4299926757812,295269
1781105400,2026-06-10T15:30:00.000Z,2026-06-10T11:30:00.000,731.489990234375,732.3099975585938,730.5499877929688,731.02001953125,394868
1781105700,2026-06-10T15:35:00.000Z,2026-06-10T11:35:00.000,730.989990234375,731.7999877929688,729.969970703125,730.8001098632812,413117
1781106000,2026-06-10T15:40:00.000Z,2026-06-10T11:40:00.000,730.7999877929688,732.5800170898438,730.4000854492188,732.27001953125,332455
1781106300,2026-06-10T15:45:00.000Z,2026-06-10T11:45:00.000,732.239990234375,732.77001953125,728.9500122070312,730,1274640
1781106600,2026-06-10T15:50:00.000Z,2026-06-10T11:50:00.000,729.9400024414062,731.6300048828125,728.489990234375,730.8150024414062,1180981
1781106900,2026-06-10T15:55:00.000Z,2026-06-10T11:55:00.000,730.780029296875,732.1199951171875,730.1300048828125,731.9500122070312,448601
1781107200,2026-06-10T16:00:00.000Z,2026-06-10T12:00:00.000,731.97998046875,732.510009765625,731.0599975585938,731.530029296875,401578
1781107500,2026-06-10T16:05:00.000Z,2026-06-10T12:05:00.000,731.510009765625,732.0499877929688,730.5399780273438,730.8900146484375,399703
1781107800,2026-06-10T16:10:00.000Z,2026-06-10T12:10:00.000,730.8800048828125,730.9000244140625,729.9299926757812,730.25,302707
1781108100,2026-06-10T16:15:00.000Z,2026-06-10T12:15:00.000,730.22998046875,731.0700073242188,730.1599731445312,730.5800170898438,220939
1781108400,2026-06-10T16:20:00.000Z,2026-06-10T12:20:00.000,730.5999755859375,730.9099731445312,729.9000244140625,730.1300048828125,210507
1781108700,2026-06-10T16:25:00.000Z,2026-06-10T12:25:00.000,730.1900024414062,730.9299926757812,730.030029296875,730.6799926757812,200425
1781109000,2026-06-10T16:30:00.000Z,2026-06-10T12:30:00.000,730.6799926757812,731.6199951171875,730.0499877929688,731.6099853515625,211851
1781109300,2026-06-10T16:35:00.000Z,2026-06-10T12:35:00.000,731.6400146484375,732.2999877929688,731.02001953125,731.969970703125,336703
1781109600,2026-06-10T16:40:00.000Z,2026-06-10T12:40:00.000,731.97998046875,732.3099975585938,730.4500122070312,730.8720092773438,210413
1781109900,2026-06-10T16:45:00.000Z,2026-06-10T12:45:00.000,730.8300170898438,730.8300170898438,729.4000244140625,729.97998046875,346949
1781110200,2026-06-10T16:50:00.000Z,2026-06-10T12:50:00.000,729.969970703125,731.030029296875,729.6701049804688,730.22998046875,247527
1781110500,2026-06-10T16:55:00.000Z,2026-06-10T12:55:00.000,730.219970703125,730.52001953125,729.5,730.360107421875,221988
1781110800,2026-06-10T17:00:00.000Z,2026-06-10T13:00:00.000,730.3599853515625,731.3699951171875,730.030029296875,731.1400146484375,242063
1781111100,2026-06-10T17:05:00.000Z,2026-06-10T13:05:00.000,731.1400146484375,731.1799926757812,729.5900268554688,729.6929931640625,389234
1781111400,2026-06-10T17:10:00.000Z,2026-06-10T13:10:00.000,729.6699829101562,729.7598876953125,728.719970703125,729,584434
1781111700,2026-06-10T17:15:00.000Z,2026-06-10T13:15:00.000,729,729.4000244140625,728.6699829101562,728.97998046875,332107
1781112000,2026-06-10T17:20:00.000Z,2026-06-10T13:20:00.000,728.9299926757812,729.5599975585938,728.75,729.4600219726562,359574
1781112300,2026-06-10T17:25:00.000Z,2026-06-10T13:25:00.000,729.4400024414062,729.8499755859375,729.0900268554688,729.5900268554688,406462
1781112600,2026-06-10T17:30:00.000Z,2026-06-10T13:30:00.000,729.5900268554688,729.6799926757812,728.4299926757812,728.844970703125,324300
1781112900,2026-06-10T17:35:00.000Z,2026-06-10T13:35:00.000,728.8699951171875,728.8699951171875,728.0999755859375,728.1799926757812,342502
1781113200,2026-06-10T17:40:00.000Z,2026-06-10T13:40:00.000,728.1900024414062,728.5900268554688,727.8599853515625,727.9609985351562,293575
1781113500,2026-06-10T17:45:00.000Z,2026-06-10T13:45:00.000,727.969970703125,730.6500244140625,727.8800048828125,730.3250122070312,559719
1781113800,2026-06-10T17:50:00.000Z,2026-06-10T13:50:00.000,730.3200073242188,730.5499877929688,728.969970703125,729.97998046875,574254
1781114100,2026-06-10T17:55:00.000Z,2026-06-10T13:55:00.000,729.989990234375,730.7999877929688,729.8099975585938,730.6599731445312,337063
1781114400,2026-06-10T18:00:00.000Z,2026-06-10T14:00:00.000,730.6900024414062,731.77001953125,730.52001953125,731.6849975585938,498903
1781114700,2026-06-10T18:05:00.000Z,2026-06-10T14:05:00.000,731.6799926757812,731.75,730.469970703125,730.5,529483
1781115000,2026-06-10T18:10:00.000Z,2026-06-10T14:10:00.000,730.52001953125,731.239990234375,730.4500122070312,730.75,239282
1781115300,2026-06-10T18:15:00.000Z,2026-06-10T14:15:00.000,730.719970703125,731.25,729.434326171875,729.7949829101562,361826
1781115600,2026-06-10T18:20:00.000Z,2026-06-10T14:20:00.000,729.7899780273438,730.4199829101562,729.3200073242188,729.9199829101562,413664
1781115900,2026-06-10T18:25:00.000Z,2026-06-10T14:25:00.000,729.9400024414062,730.1099853515625,729.4199829101562,729.5499877929688,303430
1781116200,2026-06-10T18:30:00.000Z,2026-06-10T14:30:00.000,729.5750122070312,729.580078125,728.8599853515625,729.0599975585938,301691
1781116500,2026-06-10T18:35:00.000Z,2026-06-10T14:35:00.000,729.010009765625,729.0999755859375,728.1500244140625,728.5399169921875,432256
1781116800,2026-06-10T18:40:00.000Z,2026-06-10T14:40:00.000,728.5499877929688,728.8599853515625,728.1400146484375,728.5299072265625,450217
1781117100,2026-06-10T18:45:00.000Z,2026-06-10T14:45:00.000,728.5399780273438,728.5549926757812,727.8599853515625,727.9099731445312,417261
1781117400,2026-06-10T18:50:00.000Z,2026-06-10T14:50:00.000,727.9000244140625,728.1099853515625,727.010009765625,727.719970703125,1465207
1781117700,2026-06-10T18:55:00.000Z,2026-06-10T14:55:00.000,727.7100219726562,727.8499755859375,727,727.4299926757812,719888
1781118000,2026-06-10T19:00:00.000Z,2026-06-10T15:00:00.000,727.4400024414062,728.0900268554688,726.8621826171875,727.35498046875,454034
1781118300,2026-06-10T19:05:00.000Z,2026-06-10T15:05:00.000,727.3599853515625,728.1300048828125,727,727.77001953125,673908
1781118600,2026-06-10T19:10:00.000Z,2026-06-10T15:10:00.000,727.77001953125,727.8300170898438,726.8049926757812,727.0599975585938,403391
1781118900,2026-06-10T19:15:00.000Z,2026-06-10T15:15:00.000,727.0900268554688,727.239990234375,726.3250122070312,726.510009765625,794481
1781119200,2026-06-10T19:20:00.000Z,2026-06-10T15:20:00.000,726.5,726.52001953125,725.7899780273438,726.1400146484375,909423
1781119500,2026-06-10T19:25:00.000Z,2026-06-10T15:25:00.000,726.1400146484375,726.260009765625,725.47998046875,725.989990234375,1244636
1781119800,2026-06-10T19:30:00.000Z,2026-06-10T15:30:00.000,725.989990234375,727.1799926757812,725.6599731445312,726.9299926757812,1434732
1781120100,2026-06-10T19:35:00.000Z,2026-06-10T15:35:00.000,726.9600219726562,727.6400146484375,726.6400146484375,727.4550170898438,615230
1781120400,2026-06-10T19:40:00.000Z,2026-06-10T15:40:00.000,727.4600219726562,727.7000122070312,726.6199951171875,727.2587890625,1131223
1781120700,2026-06-10T19:45:00.000Z,2026-06-10T15:45:00.000,727.219970703125,727.3900146484375,726.219970703125,726.8300170898438,1395517
1781121000,2026-06-10T19:50:00.000Z,2026-06-10T15:50:00.000,726.8099975585938,727.8900146484375,725.5,726.8400268554688,2281662
1781121300,2026-06-10T19:55:00.000Z,2026-06-10T15:55:00.000,726.8300170898438,727.260009765625,725.3300170898438,725.4299926757812,3675108
1781184600,2026-06-11T13:30:00.000Z,2026-06-11T09:30:00.000,728.5,728.5599975585938,727.08251953125,727.280029296875,4277543
1781184900,2026-06-11T13:35:00.000Z,2026-06-11T09:35:00.000,727.2899780273438,728.2999877929688,726.7899780273438,727.2249755859375,784599
1781185200,2026-06-11T13:40:00.000Z,2026-06-11T09:40:00.000,727.260009765625,727.6799926757812,726.3499755859375,727.1699829101562,537179
1781185500,2026-06-11T13:45:00.000Z,2026-06-11T09:45:00.000,727.1699829101562,729.7899780273438,726.77001953125,728.5999755859375,1312330
1781185800,2026-06-11T13:50:00.000Z,2026-06-11T09:50:00.000,728.6199951171875,731.5499877929688,728.6199951171875,731.0399780273438,1156247
1781186100,2026-06-11T13:55:00.000Z,2026-06-11T09:55:00.000,731.010009765625,731.5599975585938,729.4199829101562,729.72998046875,1173695
1781186400,2026-06-11T14:00:00.000Z,2026-06-11T10:00:00.000,729.75,731.5750122070312,729.530029296875,731.0700073242188,592750
1781186700,2026-06-11T14:05:00.000Z,2026-06-11T10:05:00.000,731.0499877929688,731.0499877929688,729.739990234375,730.0650024414062,856670
1781187000,2026-06-11T14:10:00.000Z,2026-06-11T10:10:00.000,730.0499877929688,730.1998901367188,727.760009765625,727.8300170898438,867228
1781187300,2026-06-11T14:15:00.000Z,2026-06-11T10:15:00.000,727.8400268554688,728.469970703125,726.9500122070312,727.0900268554688,619964
1781187600,2026-06-11T14:20:00.000Z,2026-06-11T10:20:00.000,727.0850219726562,729.6599731445312,726.969970703125,729.1599731445312,710770
1781187900,2026-06-11T14:25:00.000Z,2026-06-11T10:25:00.000,729.1300048828125,729.7550048828125,727.6799926757812,728.8150024414062,467751
1781188200,2026-06-11T14:30:00.000Z,2026-06-11T10:30:00.000,728.844970703125,729.3400268554688,727.6799926757812,728.3300170898438,415521
1781188500,2026-06-11T14:35:00.000Z,2026-06-11T10:35:00.000,728.1900024414062,730.0700073242188,728.1199951171875,729.1300048828125,506433
1781188800,2026-06-11T14:40:00.000Z,2026-06-11T10:40:00.000,729.1400146484375,729.8792724609375,728.5399780273438,728.5599975585938,477633
1781189100,2026-06-11T14:45:00.000Z,2026-06-11T10:45:00.000,728.5700073242188,728.989990234375,727.8200073242188,728.1699829101562,475332
1781189400,2026-06-11T14:50:00.000Z,2026-06-11T10:50:00.000,728.0999755859375,728.239990234375,727.0900268554688,727.35498046875,413467
1781189700,2026-06-11T14:55:00.000Z,2026-06-11T10:55:00.000,727.3535766601562,727.3535766601562,725.1099853515625,725.5999755859375,862809
1781190000,2026-06-11T15:00:00.000Z,2026-06-11T11:00:00.000,725.5700073242188,726.3300170898438,724.405029296875,725.9400024414062,1134542
1781190300,2026-06-11T15:05:00.000Z,2026-06-11T11:05:00.000,725.9600219726562,727.3499755859375,725.3250122070312,726.6599731445312,703903
1781190600,2026-06-11T15:10:00.000Z,2026-06-11T11:10:00.000,726.6799926757812,727.8800048828125,726.530029296875,727.3800048828125,542725
1781190900,2026-06-11T15:15:00.000Z,2026-06-11T11:15:00.000,727.3699951171875,728.4400024414062,726.719970703125,727.3300170898438,443970
1781191200,2026-06-11T15:20:00.000Z,2026-06-11T11:20:00.000,727.3499755859375,728.780029296875,727.1799926757812,728.25,481429
1781191500,2026-06-11T15:25:00.000Z,2026-06-11T11:25:00.000,728.280029296875,728.6400146484375,727.1799926757812,727.1799926757812,353800
1781191800,2026-06-11T15:30:00.000Z,2026-06-11T11:30:00.000,727.1799926757812,727.8499755859375,726.72998046875,727.530029296875,365345
1781192100,2026-06-11T15:35:00.000Z,2026-06-11T11:35:00.000,727.530029296875,728.9500122070312,727.4099731445312,728.4600219726562,515713
1781192400,2026-06-11T15:40:00.000Z,2026-06-11T11:40:00.000,728.489990234375,729.4600219726562,727.4500122070312,727.8599853515625,746547
1781192700,2026-06-11T15:45:00.000Z,2026-06-11T11:45:00.000,727.8900146484375,728.4600219726562,727.3300170898438,727.760009765625,748548
1781193000,2026-06-11T15:50:00.000Z,2026-06-11T11:50:00.000,727.75,727.8099975585938,727.010009765625,727.27001953125,474927
1781193300,2026-06-11T15:55:00.000Z,2026-06-11T11:55:00.000,727.280029296875,728.3800048828125,726.8400268554688,728.0999755859375,470589
1781193600,2026-06-11T16:00:00.000Z,2026-06-11T12:00:00.000,728.0800170898438,729.030029296875,727.5700073242188,728,314176
1781193900,2026-06-11T16:05:00.000Z,2026-06-11T12:05:00.000,728.010009765625,729.2429809570312,727.72998046875,729.0396728515625,290266
1781194200,2026-06-11T16:10:00.000Z,2026-06-11T12:10:00.000,728.97998046875,730.1500244140625,728.8499755859375,729.885009765625,393475
1781194500,2026-06-11T16:15:00.000Z,2026-06-11T12:15:00.000,729.9500122070312,730.3099975585938,729.3499755859375,729.7650146484375,449822
1781194800,2026-06-11T16:20:00.000Z,2026-06-11T12:20:00.000,729.7999877929688,730.010009765625,728.52001953125,728.5700073242188,477984
1781195100,2026-06-11T16:25:00.000Z,2026-06-11T12:25:00.000,728.5800170898438,728.7899780273438,727.8099975585938,727.8800048828125,562146
1781195400,2026-06-11T16:30:00.000Z,2026-06-11T12:30:00.000,727.8800048828125,729.9500122070312,727.4299926757812,729.3699951171875,761982
1781195700,2026-06-11T16:35:00.000Z,2026-06-11T12:35:00.000,729.2899780273438,729.9000244140625,728.5399780273438,728.7598876953125,504077
1781196000,2026-06-11T16:40:00.000Z,2026-06-11T12:40:00.000,728.75,728.9099731445312,728.3300170898438,728.6300048828125,367139
1781196300,2026-06-11T16:45:00.000Z,2026-06-11T12:45:00.000,728.5999755859375,728.9400024414062,728.1199951171875,728.3049926757812,380688
1781196600,2026-06-11T16:50:00.000Z,2026-06-11T12:50:00.000,728.3099975585938,728.39501953125,727.0800170898438,727.155029296875,384489
1781196900,2026-06-11T16:55:00.000Z,2026-06-11T12:55:00.000,727.1599731445312,727.280029296875,726.5,726.5200805664062,388288
1781197200,2026-06-11T17:00:00.000Z,2026-06-11T13:00:00.000,726.5399780273438,727.22998046875,725.5700073242188,725.8800048828125,594293
1781197500,2026-06-11T17:05:00.000Z,2026-06-11T13:05:00.000,725.8800048828125,726.9099731445312,725.7899780273438,726.7899780273438,723260
1781197800,2026-06-11T17:10:00.000Z,2026-06-11T13:10:00.000,726.7899780273438,727.260009765625,726.1699829101562,726.3499145507812,704240
1781198100,2026-06-11T17:15:00.000Z,2026-06-11T13:15:00.000,726.2999877929688,726.6300048828125,725.4099731445312,725.7000122070312,623375
1781198400,2026-06-11T17:20:00.000Z,2026-06-11T13:20:00.000,725.6699829101562,726.22998046875,725.260009765625,726.0650024414062,446581
1781198700,2026-06-11T17:25:00.000Z,2026-06-11T13:25:00.000,726.0499877929688,732.6799926757812,725.9400024414062,732.52001953125,2888383
1781199000,2026-06-11T17:30:00.000Z,2026-06-11T13:30:00.000,732.5399780273438,735.0700073242188,732.2249755859375,734.22998046875,2956107
1781199300,2026-06-11T17:35:00.000Z,2026-06-11T13:35:00.000,734.22998046875,734.5999755859375,733.219970703125,734.2650146484375,1236170
1781199600,2026-06-11T17:40:00.000Z,2026-06-11T13:40:00.000,734.27001953125,736.6199951171875,733.8699951171875,736.2100219726562,1280667
1781199900,2026-06-11T17:45:00.000Z,2026-06-11T13:45:00.000,736.2750244140625,736.5700073242188,734.5499877929688,734.8400268554688,1056229
1781200200,2026-06-11T17:50:00.000Z,2026-06-11T13:50:00.000,734.8400268554688,734.9099731445312,733.4099731445312,734.3599853515625,1049478
1781200500,2026-06-11T17:55:00.000Z,2026-06-11T13:55:00.000,734.3300170898438,735.2999877929688,733.760009765625,734.9500122070312,860911
1781200800,2026-06-11T18:00:00.000Z,2026-06-11T14:00:00.000,734.9099731445312,735.6300048828125,732.7899780273438,733.2899780273438,1291626
1781201100,2026-06-11T18:05:00.000Z,2026-06-11T14:05:00.000,733.2899780273438,733.9400024414062,732.5700073242188,733.239990234375,787149
1781201400,2026-06-11T18:10:00.000Z,2026-06-11T14:10:00.000,733.2100219726562,734.3200073242188,733.1099853515625,734.3099975585938,747527
1781201700,2026-06-11T18:15:00.000Z,2026-06-11T14:15:00.000,734.2999877929688,735.77001953125,734.1300048828125,735.5700073242188,832829
1781202000,2026-06-11T18:20:00.000Z,2026-06-11T14:20:00.000,735.5599975585938,735.5599975585938,733.7999877929688,734.530029296875,1078889
1781202300,2026-06-11T18:25:00.000Z,2026-06-11T14:25:00.000,734.530029296875,734.9600219726562,734.280029296875,734.52001953125,429461
1781202600,2026-06-11T18:30:00.000Z,2026-06-11T14:30:00.000,734.5499877929688,735.4000244140625,734.3200073242188,734.5599975585938,524008
1781202900,2026-06-11T18:35:00.000Z,2026-06-11T14:35:00.000,734.5399780273438,734.969970703125,734.0800170898438,734.2999877929688,737939
1781203200,2026-06-11T18:40:00.000Z,2026-06-11T14:40:00.000,734.280029296875,735.0999755859375,734.0499877929688,734.9199829101562,442746
1781203500,2026-06-11T18:45:00.000Z,2026-06-11T14:45:00.000,734.9199829101562,735.9199829101562,734.7999877929688,735.8099975585938,578283
1781203800,2026-06-11T18:50:00.000Z,2026-06-11T14:50:00.000,735.8099975585938,736.3099975585938,735.6799926757812,735.72998046875,513282
1781204100,2026-06-11T18:55:00.000Z,2026-06-11T14:55:00.000,735.7249755859375,735.9500122070312,735.1699829101562,735.7550048828125,532056
1781204400,2026-06-11T19:00:00.000Z,2026-06-11T15:00:00.000,735.739990234375,736.6599731445312,735.7100219726562,736.3400268554688,566383
1781204700,2026-06-11T19:05:00.000Z,2026-06-11T15:05:00.000,736.3499755859375,736.47998046875,735.260009765625,736.1599731445312,714329
1781205000,2026-06-11T19:10:00.000Z,2026-06-11T15:10:00.000,736.1500244140625,737.25,736.0700073242188,736.9500122070312,1150024
1781205300,2026-06-11T19:15:00.000Z,2026-06-11T15:15:00.000,736.9600219726562,737.4299926757812,736.719970703125,737.3699951171875,956744
1781205600,2026-06-11T19:20:00.000Z,2026-06-11T15:20:00.000,737.3699951171875,737.6300048828125,737.0900268554688,737.3200073242188,740286
1781205900,2026-06-11T19:25:00.000Z,2026-06-11T15:25:00.000,737.3300170898438,738.239990234375,737.1699829101562,737.9199829101562,1153498
1781206200,2026-06-11T19:30:00.000Z,2026-06-11T15:30:00.000,737.9299926757812,739.8300170898438,737.9000244140625,739.639892578125,2502715
1781206500,2026-06-11T19:35:00.000Z,2026-06-11T15:35:00.000,739.6400146484375,740,738.7899780273438,738.9299926757812,1971845
1781206800,2026-06-11T19:40:00.000Z,2026-06-11T15:40:00.000,738.9349975585938,739.875,738.6500244140625,739.405029296875,1178794
1781207100,2026-06-11T19:45:00.000Z,2026-06-11T15:45:00.000,739.4000244140625,739.4000244140625,737.9299926757812,737.9849853515625,1923453
1781207400,2026-06-11T19:50:00.000Z,2026-06-11T15:50:00.000,737.989990234375,738.5700073242188,737.3200073242188,738.3099975585938,2316434
1781207700,2026-06-11T19:55:00.000Z,2026-06-11T15:55:00.000,738.2899780273438,738.52001953125,737.52001953125,737.6400146484375,6389650
1781271000,2026-06-12T13:30:00.000Z,2026-06-12T09:30:00.000,740.7100219726562,740.8900146484375,737.9600219726562,738.5,3051930
1781271300,2026-06-12T13:35:00.000Z,2026-06-12T09:35:00.000,738.530029296875,739.4299926757812,738.344970703125,739.239990234375,919113
1781271600,2026-06-12T13:40:00.000Z,2026-06-12T09:40:00.000,739.239990234375,739.3300170898438,735.8099975585938,735.8900146484375,1802792
1781271900,2026-06-12T13:45:00.000Z,2026-06-12T09:45:00.000,735.9299926757812,736.6599731445312,735.030029296875,735.6400146484375,751799
1781272200,2026-06-12T13:50:00.000Z,2026-06-12T09:50:00.000,735.655029296875,736.625,735.219970703125,736.1099853515625,522938
1781272500,2026-06-12T13:55:00.000Z,2026-06-12T09:55:00.000,736.1300048828125,737.4199829101562,735.9000244140625,736.6199951171875,484328
1781272800,2026-06-12T14:00:00.000Z,2026-06-12T10:00:00.000,736.780029296875,739.1099853515625,736.52001953125,738.780029296875,722781
1781273100,2026-06-12T14:05:00.000Z,2026-06-12T10:05:00.000,738.7899780273438,740.25,738.3200073242188,740.2100219726562,640317
1781273400,2026-06-12T14:10:00.000Z,2026-06-12T10:10:00.000,740.1900024414062,740.5399780273438,738.7899780273438,739.3099975585938,512997
1781273700,2026-06-12T14:15:00.000Z,2026-06-12T10:15:00.000,739.3099975585938,741.114990234375,739.2899780273438,740.3200073242188,1015948
1781274000,2026-06-12T14:20:00.000Z,2026-06-12T10:20:00.000,740.3499755859375,740.8198852539062,738.9130249023438,739.1599731445312,458634
1781274300,2026-06-12T14:25:00.000Z,2026-06-12T10:25:00.000,739.1599731445312,740.2000122070312,739.1400146484375,739.5900268554688,296699
1781274600,2026-06-12T14:30:00.000Z,2026-06-12T10:30:00.000,739.5900268554688,740.7000122070312,739.260009765625,739.780029296875,357247
1781274900,2026-06-12T14:35:00.000Z,2026-06-12T10:35:00.000,739.760009765625,741.2000122070312,739.72998046875,740.4099731445312,569876
1781275200,2026-06-12T14:40:00.000Z,2026-06-12T10:40:00.000,740.4299926757812,740.4500122070312,737.9301147460938,738.0001220703125,443850
1781275500,2026-06-12T14:45:00.000Z,2026-06-12T10:45:00.000,737.989990234375,738.6929931640625,737.1699829101562,737.4500122070312,579848
1781275800,2026-06-12T14:50:00.000Z,2026-06-12T10:50:00.000,737.4600219726562,741.75,737.4000244140625,741.6799926757812,1352483
1781276100,2026-06-12T14:55:00.000Z,2026-06-12T10:55:00.000,741.6099853515625,742.719970703125,740.8099975585938,742.3599853515625,749803
1781276400,2026-06-12T15:00:00.000Z,2026-06-12T11:00:00.000,742.3900146484375,742.97998046875,741.6400146484375,742.1199951171875,517560
1781276700,2026-06-12T15:05:00.000Z,2026-06-12T11:05:00.000,742.0900268554688,742.8800048828125,741.9299926757812,742.4450073242188,332558
1781277000,2026-06-12T15:10:00.000Z,2026-06-12T11:10:00.000,742.4500122070312,743.3900146484375,742.1799926757812,743.1500244140625,465180
1781277300,2026-06-12T15:15:00.000Z,2026-06-12T11:15:00.000,743.1500244140625,743.6799926757812,742.5800170898438,743.6300048828125,378297
1781277600,2026-06-12T15:20:00.000Z,2026-06-12T11:20:00.000,743.6400146484375,744.4400024414062,743.2349853515625,744.27001953125,580260
1781277900,2026-06-12T15:25:00.000Z,2026-06-12T11:25:00.000,744.260009765625,744.4299926757812,743.75,744.1500244140625,387545
1781278200,2026-06-12T15:30:00.000Z,2026-06-12T11:30:00.000,744.1599731445312,744.1900024414062,742.739990234375,742.739990234375,715559
1781278500,2026-06-12T15:35:00.000Z,2026-06-12T11:35:00.000,742.72998046875,743.7899780273438,741.3049926757812,741.9299926757812,753368
1781278800,2026-06-12T15:40:00.000Z,2026-06-12T11:40:00.000,741.9500122070312,742.0700073242188,740.77001953125,740.9600219726562,479242
1781279100,2026-06-12T15:45:00.000Z,2026-06-12T11:45:00.000,740.989990234375,741.889892578125,739.4000244140625,739.5399780273438,670861
1781279400,2026-06-12T15:50:00.000Z,2026-06-12T11:50:00.000,739.530029296875,741.27001953125,739.1699829101562,740.9199829101562,631938
1781279700,2026-06-12T15:55:00.000Z,2026-06-12T11:55:00.000,740.9099731445312,740.9910888671875,738.4400024414062,738.8900146484375,1662690
1781280000,2026-06-12T16:00:00.000Z,2026-06-12T12:00:00.000,738.8900146484375,739.489990234375,738.1699829101562,738.9600219726562,924720
1781280300,2026-06-12T16:05:00.000Z,2026-06-12T12:05:00.000,738.9299926757812,739.8900146484375,738.4400024414062,739.635009765625,518222
1781280600,2026-06-12T16:10:00.000Z,2026-06-12T12:10:00.000,739.6300048828125,742.239990234375,738.9600219726562,741.0399780273438,1038759
1781280900,2026-06-12T16:15:00.000Z,2026-06-12T12:15:00.000,741.030029296875,742.1900024414062,740.3499755859375,740.6099853515625,631966
1781281200,2026-06-12T16:20:00.000Z,2026-06-12T12:20:00.000,740.5999755859375,741.1400146484375,739.97998046875,740.780029296875,310696
1781281500,2026-06-12T16:25:00.000Z,2026-06-12T12:25:00.000,740.75,741.22998046875,740.1799926757812,740.6099853515625,237086
1781281800,2026-06-12T16:30:00.000Z,2026-06-12T12:30:00.000,740.6199951171875,741.1500244140625,740.280029296875,741.0399780273438,196676
1781282100,2026-06-12T16:35:00.000Z,2026-06-12T12:35:00.000,741.0499877929688,741.1699829101562,740.260009765625,740.719970703125,308810
1781282400,2026-06-12T16:40:00.000Z,2026-06-12T12:40:00.000,740.739990234375,741.47998046875,740.340087890625,740.52001953125,318388
1781282700,2026-06-12T16:45:00.000Z,2026-06-12T12:45:00.000,740.5399780273438,741.4199829101562,740.469970703125,741.3800048828125,147029
1781283000,2026-06-12T16:50:00.000Z,2026-06-12T12:50:00.000,741.3699951171875,741.5900268554688,740.9500122070312,741.0800170898438,198385
1781283300,2026-06-12T16:55:00.000Z,2026-06-12T12:55:00.000,741.0900268554688,741.6400146484375,740.2899780273438,741.5599975585938,368617
1781283600,2026-06-12T17:00:00.000Z,2026-06-12T13:00:00.000,741.5800170898438,742.1199951171875,741.4498901367188,742.0598754882812,357186
1781283900,2026-06-12T17:05:00.000Z,2026-06-12T13:05:00.000,742.0599975585938,743,741.8900146484375,742.2999877929688,459679
1781284200,2026-06-12T17:10:00.000Z,2026-06-12T13:10:00.000,742.2999877929688,742.3900146484375,741.2100219726562,742.1099853515625,308865
1781284500,2026-06-12T17:15:00.000Z,2026-06-12T13:15:00.000,742.0800170898438,742.6099853515625,741.7700805664062,742.510009765625,314957
1781284800,2026-06-12T17:20:00.000Z,2026-06-12T13:20:00.000,742.5,742.780029296875,742.1699829101562,742.4000244140625,270708
1781285100,2026-06-12T17:25:00.000Z,2026-06-12T13:25:00.000,742.4099731445312,742.5800170898438,741.6599731445312,742.0900268554688,489779
1781285400,2026-06-12T17:30:00.000Z,2026-06-12T13:30:00.000,742.1199951171875,742.239990234375,741.3499755859375,741.4500122070312,354238
1781285700,2026-06-12T17:35:00.000Z,2026-06-12T13:35:00.000,741.4459838867188,741.989990234375,741.3200073242188,741.72998046875,338488
1781286000,2026-06-12T17:40:00.000Z,2026-06-12T13:40:00.000,741.7100219726562,742.0700073242188,741.4500122070312,741.7000122070312,320916
1781286300,2026-06-12T17:45:00.000Z,2026-06-12T13:45:00.000,741.6900024414062,742.1300048828125,741.5900268554688,741.8558959960938,304349
1781286600,2026-06-12T17:50:00.000Z,2026-06-12T13:50:00.000,741.8400268554688,742.0700073242188,741.6699829101562,741.8499755859375,252714
1781286900,2026-06-12T17:55:00.000Z,2026-06-12T13:55:00.000,741.8499755859375,741.8499755859375,740.8699951171875,741.2999877929688,403659
1781287200,2026-06-12T18:00:00.000Z,2026-06-12T14:00:00.000,741.3300170898438,741.530029296875,740.9199829101562,741.0900268554688,397442
1781287500,2026-06-12T18:05:00.000Z,2026-06-12T14:05:00.000,741.1099853515625,741.260009765625,740.52001953125,740.9749755859375,422474
1781287800,2026-06-12T18:10:00.000Z,2026-06-12T14:10:00.000,740.9500122070312,742.0499877929688,740.8800048828125,741.030029296875,535059
1781288100,2026-06-12T18:15:00.000Z,2026-06-12T14:15:00.000,741.0399780273438,741.25,740.4400024414062,740.6799926757812,486782
1781288400,2026-06-12T18:20:00.000Z,2026-06-12T14:20:00.000,740.6599731445312,740.9600219726562,740.4199829101562,740.72998046875,311477
1781288700,2026-06-12T18:25:00.000Z,2026-06-12T14:25:00.000,740.739990234375,741.3800048828125,740.5,741.260009765625,378632
1781289000,2026-06-12T18:30:00.000Z,2026-06-12T14:30:00.000,741.25,741.8400268554688,741.2000122070312,741.6599731445312,411958
1781289300,2026-06-12T18:35:00.000Z,2026-06-12T14:35:00.000,741.6400146484375,741.75,741.4199829101562,741.7449951171875,349687
1781289600,2026-06-12T18:40:00.000Z,2026-06-12T14:40:00.000,741.75,742.3350219726562,741.75,742.219970703125,408407
1781289900,2026-06-12T18:45:00.000Z,2026-06-12T14:45:00.000,742.22998046875,742.2999877929688,741.760009765625,741.969970703125,356739
1781290200,2026-06-12T18:50:00.000Z,2026-06-12T14:50:00.000,741.969970703125,742.1599731445312,741.47998046875,742.0499877929688,507390
1781290500,2026-06-12T18:55:00.000Z,2026-06-12T14:55:00.000,742.0499877929688,742.0599975585938,740.9600219726562,741.030029296875,518536
1781290800,2026-06-12T19:00:00.000Z,2026-06-12T15:00:00.000,741.010009765625,742.0499877929688,740.9500122070312,741.9600219726562,636197
1781291100,2026-06-12T19:05:00.000Z,2026-06-12T15:05:00.000,741.9600219726562,742.2100219726562,741.5700073242188,741.7750244140625,424471
1781291400,2026-06-12T19:10:00.000Z,2026-06-12T15:10:00.000,741.7849731445312,741.8400268554688,741.25,741.3900146484375,517831
1781291700,2026-06-12T19:15:00.000Z,2026-06-12T15:15:00.000,741.3900146484375,741.6799926757812,740.97998046875,741.6699829101562,481156
1781292000,2026-06-12T19:20:00.000Z,2026-06-12T15:20:00.000,741.6500244140625,741.72998046875,741.3900146484375,741.6300048828125,373913
1781292300,2026-06-12T19:25:00.000Z,2026-06-12T15:25:00.000,741.6099853515625,741.969970703125,741.3400268554688,741.4199829101562,470396
1781292600,2026-06-12T19:30:00.000Z,2026-06-12T15:30:00.000,741.4099731445312,741.5999755859375,740.5,740.530029296875,787982
1781292900,2026-06-12T19:35:00.000Z,2026-06-12T15:35:00.000,740.530029296875,741.77001953125,740.0700073242188,740.6199951171875,863242
1781293200,2026-06-12T19:40:00.000Z,2026-06-12T15:40:00.000,740.6300048828125,741.1900024414062,740.4000244140625,740.8200073242188,618103
1781293500,2026-06-12T19:45:00.000Z,2026-06-12T15:45:00.000,740.8099975585938,741.1199951171875,740.47998046875,740.9099731445312,721214
1781293800,2026-06-12T19:50:00.000Z,2026-06-12T15:50:00.000,740.9199829101562,741.280029296875,740.7800903320312,741.25,1148478
1781294100,2026-06-12T19:55:00.000Z,2026-06-12T15:55:00.000,741.22998046875,742,741.2100219726562,741.6599731445312,2262627
1781530200,2026-06-15T13:30:00.000Z,2026-06-15T09:30:00.000,751.8499755859375,753.0599975585938,751.760009765625,752.7000122070312,3047153
1781530500,2026-06-15T13:35:00.000Z,2026-06-15T09:35:00.000,752.7000122070312,753.4600219726562,752.6799926757812,753.0712890625,969419
1781530800,2026-06-15T13:40:00.000Z,2026-06-15T09:40:00.000,753.0800170898438,753.2999877929688,752.5700073242188,752.8400268554688,735892
1781531100,2026-06-15T13:45:00.000Z,2026-06-15T09:45:00.000,752.8400268554688,753.905029296875,752.8300170898438,753.7999877929688,797518
1781531400,2026-06-15T13:50:00.000Z,2026-06-15T09:50:00.000,753.7999877929688,754.0900268554688,753.5900268554688,753.7050170898438,583876
1781531700,2026-06-15T13:55:00.000Z,2026-06-15T09:55:00.000,753.7100219726562,754.0700073242188,753.219970703125,753.3200073242188,596477
1781532000,2026-06-15T14:00:00.000Z,2026-06-15T10:00:00.000,753.3200073242188,753.9600219726562,753.072021484375,753.6900024414062,634972
1781532300,2026-06-15T14:05:00.000Z,2026-06-15T10:05:00.000,753.6699829101562,753.9600219726562,752.9199829101562,753.22998046875,429961
1781532600,2026-06-15T14:10:00.000Z,2026-06-15T10:10:00.000,753.2230224609375,753.2899780273438,752.6900024414062,753.0299072265625,468452
1781532900,2026-06-15T14:15:00.000Z,2026-06-15T10:15:00.000,753.010009765625,753.3599853515625,752.5900268554688,753.2999877929688,453053
1781533200,2026-06-15T14:20:00.000Z,2026-06-15T10:20:00.000,753.25,753.469970703125,752.6500244140625,753.0195922851562,389503
1781533500,2026-06-15T14:25:00.000Z,2026-06-15T10:25:00.000,752.989990234375,753.719970703125,752.969970703125,753.6500244140625,397031
1781533800,2026-06-15T14:30:00.000Z,2026-06-15T10:30:00.000,753.6500244140625,753.739990234375,752.9500122070312,753.2000122070312,409676
1781534100,2026-06-15T14:35:00.000Z,2026-06-15T10:35:00.000,753.219970703125,753.5499877929688,753.0399780273438,753.3900146484375,255480
1781534400,2026-06-15T14:40:00.000Z,2026-06-15T10:40:00.000,753.3900146484375,753.4500122070312,753.0900268554688,753.3200073242188,253415
1781534700,2026-06-15T14:45:00.000Z,2026-06-15T10:45:00.000,753.3200073242188,753.8499755859375,753.2999877929688,753.5150146484375,556479
1781535000,2026-06-15T14:50:00.000Z,2026-06-15T10:50:00.000,753.530029296875,754.030029296875,753.52001953125,753.9299926757812,341370
1781535300,2026-06-15T14:55:00.000Z,2026-06-15T10:55:00.000,753.9199829101562,754.3900146484375,753.780029296875,754.1921997070312,603788
1781535600,2026-06-15T15:00:00.000Z,2026-06-15T11:00:00.000,754.2000122070312,754.77001953125,754.2000122070312,754.6300048828125,397735
1781535900,2026-06-15T15:05:00.000Z,2026-06-15T11:05:00.000,754.6199951171875,754.760009765625,754.3599853515625,754.6900024414062,467873
1781536200,2026-06-15T15:10:00.000Z,2026-06-15T11:10:00.000,754.6849975585938,754.77001953125,754.3699951171875,754.6699829101562,454513
1781536500,2026-06-15T15:15:00.000Z,2026-06-15T11:15:00.000,754.6699829101562,754.7999877929688,754.469970703125,754.5800170898438,405872
1781536800,2026-06-15T15:20:00.000Z,2026-06-15T11:20:00.000,754.5999755859375,755.02001953125,754.5700073242188,754.8200073242188,314218
1781537100,2026-06-15T15:25:00.000Z,2026-06-15T11:25:00.000,754.8300170898438,755.22998046875,754.7949829101562,755.1400146484375,300527
1781537400,2026-06-15T15:30:00.000Z,2026-06-15T11:30:00.000,755.1199951171875,755.4299926757812,754.5,754.8580932617188,825015
1781537700,2026-06-15T15:35:00.000Z,2026-06-15T11:35:00.000,754.8699951171875,755.3699951171875,754.8380126953125,755.25,352477
1781538000,2026-06-15T15:40:00.000Z,2026-06-15T11:40:00.000,755.25,755.5399780273438,755.1199951171875,755.4299926757812,367053
1781538300,2026-06-15T15:45:00.000Z,2026-06-15T11:45:00.000,755.4400024414062,756.0499877929688,755.4249877929688,755.9901123046875,442994
1781538600,2026-06-15T15:50:00.000Z,2026-06-15T11:50:00.000,755.989990234375,756.1500244140625,755.864990234375,756.0150146484375,381900
1781538900,2026-06-15T15:55:00.000Z,2026-06-15T11:55:00.000,756.0111083984375,756.280029296875,755.8800048828125,756.1400146484375,256198
1781539200,2026-06-15T16:00:00.000Z,2026-06-15T12:00:00.000,756.155029296875,756.6799926757812,756,756.4100952148438,485494
1781539500,2026-06-15T16:05:00.000Z,2026-06-15T12:05:00.000,756.4199829101562,756.4849853515625,756.219970703125,756.2899780273438,258649
1781539800,2026-06-15T16:10:00.000Z,2026-06-15T12:10:00.000,756.2999877929688,756.47998046875,756.030029296875,756.155029296875,351672
1781540100,2026-06-15T16:15:00.000Z,2026-06-15T12:15:00.000,756.1599731445312,756.3049926757812,755.9199829101562,756.1300048828125,350118
1781540400,2026-06-15T16:20:00.000Z,2026-06-15T12:20:00.000,756.1300048828125,756.4749755859375,756.1099853515625,756.4400024414062,433023
1781540700,2026-06-15T16:25:00.000Z,2026-06-15T12:25:00.000,756.4299926757812,756.5599975585938,756.2435913085938,756.5,362454
1781541000,2026-06-15T16:30:00.000Z,2026-06-15T12:30:00.000,756.47998046875,756.6199951171875,756.1705932617188,756.2000122070312,201400
1781541300,2026-06-15T16:35:00.000Z,2026-06-15T12:35:00.000,756.1799926757812,756.3499755859375,755.8250122070312,755.9299926757812,390875
1781541600,2026-06-15T16:40:00.000Z,2026-06-15T12:40:00.000,755.9199829101562,756.25,755.760009765625,755.9099731445312,228203
1781541900,2026-06-15T16:45:00.000Z,2026-06-15T12:45:00.000,755.919921875,755.9398803710938,755.5250244140625,755.6900024414062,259019
1781542200,2026-06-15T16:50:00.000Z,2026-06-15T12:50:00.000,755.6900024414062,755.9600219726562,755.6599731445312,755.7050170898438,283718
1781542500,2026-06-15T16:55:00.000Z,2026-06-15T12:55:00.000,755.719970703125,755.969970703125,755.5900268554688,755.8499755859375,490482
1781542800,2026-06-15T17:00:00.000Z,2026-06-15T13:00:00.000,755.8400268554688,756.0399780273438,755.2999877929688,755.8200073242188,409040
1781543100,2026-06-15T17:05:00.000Z,2026-06-15T13:05:00.000,755.7999877929688,755.969970703125,755.0900268554688,755.4074096679688,415838
1781543400,2026-06-15T17:10:00.000Z,2026-06-15T13:10:00.000,755.3800048828125,755.9000244140625,755.3350219726562,755.7899780273438,386719
1781543700,2026-06-15T17:15:00.000Z,2026-06-15T13:15:00.000,755.780029296875,756.2000122070312,755.7000122070312,755.9849853515625,284482
1781544000,2026-06-15T17:20:00.000Z,2026-06-15T13:20:00.000,755.989990234375,756.280029296875,755.8800048828125,756.1799926757812,371317
1781544300,2026-06-15T17:25:00.000Z,2026-06-15T13:25:00.000,756.1599731445312,756.3499755859375,756.0250244140625,756.1300048828125,272655
1781544600,2026-06-15T17:30:00.000Z,2026-06-15T13:30:00.000,756.1199951171875,756.2999877929688,755.7000122070312,755.9099731445312,376939
1781544900,2026-06-15T17:35:00.000Z,2026-06-15T13:35:00.000,755.9099731445312,756.1699829101562,755.8966064453125,756.02001953125,232022
1781545200,2026-06-15T17:40:00.000Z,2026-06-15T13:40:00.000,756.02001953125,756.0399780273438,755.7000122070312,755.77001953125,179541
1781545500,2026-06-15T17:45:00.000Z,2026-06-15T13:45:00.000,755.7520141601562,755.8499755859375,755.5800170898438,755.760009765625,211630
1781545800,2026-06-15T17:50:00.000Z,2026-06-15T13:50:00.000,755.760009765625,755.8400268554688,755.4199829101562,755.4199829101562,217653
1781546100,2026-06-15T17:55:00.000Z,2026-06-15T13:55:00.000,755.4099731445312,755.4500122070312,755.0700073242188,755.2050170898438,331470
1781546400,2026-06-15T18:00:00.000Z,2026-06-15T14:00:00.000,755.2100219726562,755.3400268554688,754.6749877929688,754.7999877929688,517824
1781546700,2026-06-15T18:05:00.000Z,2026-06-15T14:05:00.000,754.7999877929688,755.1799926757812,754.6699829101562,755.02001953125,339825
1781547000,2026-06-15T18:10:00.000Z,2026-06-15T14:10:00.000,755.02001953125,755.25,754.9600219726562,755.1900024414062,395592
1781547300,2026-06-15T18:15:00.000Z,2026-06-15T14:15:00.000,755.1900024414062,755.3900146484375,755.0700073242188,755.1199951171875,234557
1781547600,2026-06-15T18:20:00.000Z,2026-06-15T14:20:00.000,755.0999755859375,755.1599731445312,754.9000244140625,754.969970703125,291259
1781547900,2026-06-15T18:25:00.000Z,2026-06-15T14:25:00.000,754.9550170898438,755.0900268554688,754.6500244140625,754.719970703125,250576
1781548200,2026-06-15T18:30:00.000Z,2026-06-15T14:30:00.000,754.719970703125,754.989990234375,754.4199829101562,754.8200073242188,412452
1781548500,2026-06-15T18:35:00.000Z,2026-06-15T14:35:00.000,754.8300170898438,755.280029296875,754.75,755.2000122070312,685651
1781548800,2026-06-15T18:40:00.000Z,2026-06-15T14:40:00.000,755.2100219726562,755.3300170898438,755.02001953125,755.25,313581
1781549100,2026-06-15T18:45:00.000Z,2026-06-15T14:45:00.000,755.25,755.469970703125,755.1300048828125,755.219970703125,476940
1781549400,2026-06-15T18:50:00.000Z,2026-06-15T14:50:00.000,755.2100219726562,755.297119140625,755.030029296875,755.1500244140625,312344
1781549700,2026-06-15T18:55:00.000Z,2026-06-15T14:55:00.000,755.1500244140625,755.2650146484375,754.8800048828125,755,370939
1781550000,2026-06-15T19:00:00.000Z,2026-06-15T15:00:00.000,755.010009765625,755.0399780273438,754.72998046875,754.8049926757812,587349
1781550300,2026-06-15T19:05:00.000Z,2026-06-15T15:05:00.000,754.8099975585938,754.9600219726562,754.7000122070312,754.8400268554688,620319
1781550600,2026-06-15T19:10:00.000Z,2026-06-15T15:10:00.000,754.8400268554688,755.1099853515625,754.7000122070312,755.010009765625,658400
1781550900,2026-06-15T19:15:00.000Z,2026-06-15T15:15:00.000,755.02001953125,755.25,754.8900146484375,754.9600219726562,374236
1781551200,2026-06-15T19:20:00.000Z,2026-06-15T15:20:00.000,754.969970703125,755.030029296875,754.6099853515625,754.6699829101562,882066
1781551500,2026-06-15T19:25:00.000Z,2026-06-15T15:25:00.000,754.6849975585938,754.77001953125,754.3599853515625,754.3699951171875,999547
1781551800,2026-06-15T19:30:00.000Z,2026-06-15T15:30:00.000,754.3699951171875,754.6799926757812,754.2000122070312,754.3001098632812,933044
1781552100,2026-06-15T19:35:00.000Z,2026-06-15T15:35:00.000,754.3099975585938,754.4299926757812,754.1300048828125,754.3699951171875,831374
1781552400,2026-06-15T19:40:00.000Z,2026-06-15T15:40:00.000,754.3599853515625,754.530029296875,754.22998046875,754.4099731445312,856988
1781552700,2026-06-15T19:45:00.000Z,2026-06-15T15:45:00.000,754.4000244140625,754.9400024414062,754.3400268554688,754.7000122070312,1738811
1781553000,2026-06-15T19:50:00.000Z,2026-06-15T15:50:00.000,754.6900024414062,754.7100219726562,753.7899780273438,753.905029296875,3122830
1781553300,2026-06-15T19:55:00.000Z,2026-06-15T15:55:00.000,753.9099731445312,754.77001953125,753.4000244140625,754.6599731445312,4215602
1781616600,2026-06-16T13:30:00.000Z,2026-06-16T09:30:00.000,754.5499877929688,755.3900146484375,754.219970703125,755.2000122070312,1781674
1781616900,2026-06-16T13:35:00.000Z,2026-06-16T09:35:00.000,755.2000122070312,755.4000244140625,754.77001953125,754.77001953125,514847
1781617200,2026-06-16T13:40:00.000Z,2026-06-16T09:40:00.000,754.77001953125,755.2899780273438,754.6500244140625,754.8350219726562,513624
1781617500,2026-06-16T13:45:00.000Z,2026-06-16T09:45:00.000,754.8400268554688,755.4400024414062,754.6959838867188,755.1500244140625,451003
1781617800,2026-06-16T13:50:00.000Z,2026-06-16T09:50:00.000,755.1649780273438,755.3200073242188,754.8099975585938,754.9500122070312,336805
1781618100,2026-06-16T13:55:00.000Z,2026-06-16T09:55:00.000,754.9500122070312,755.0499877929688,754,754.0900268554688,493532
1781618400,2026-06-16T14:00:00.000Z,2026-06-16T10:00:00.000,754.1099853515625,754.739990234375,754.0609741210938,754.6599731445312,444673
1781618700,2026-06-16T14:05:00.000Z,2026-06-16T10:05:00.000,754.6799926757812,755.2899780273438,754.1900024414062,755.0700073242188,615434
1781619000,2026-06-16T14:10:00.000Z,2026-06-16T10:10:00.000,755.0999755859375,755.1950073242188,754.5999755859375,754.8369750976562,300506
1781619300,2026-06-16T14:15:00.000Z,2026-06-16T10:15:00.000,754.8400268554688,755.0399780273438,753.8599853515625,753.97998046875,396235
1781619600,2026-06-16T14:20:00.000Z,2026-06-16T10:20:00.000,753.989990234375,754.3400268554688,753.1400146484375,753.5499877929688,663327
1781619900,2026-06-16T14:25:00.000Z,2026-06-16T10:25:00.000,753.5599975585938,753.9349975585938,753.0599975585938,753.0599975585938,468342
1781620200,2026-06-16T14:30:00.000Z,2026-06-16T10:30:00.000,753.0650024414062,753.0700073242188,752.27001953125,752.5399780273438,723157
1781620500,2026-06-16T14:35:00.000Z,2026-06-16T10:35:00.000,752.530029296875,753.6099853515625,752.47998046875,753.5999755859375,463424
1781620800,2026-06-16T14:40:00.000Z,2026-06-16T10:40:00.000,753.5999755859375,753.9600219726562,753.27001953125,753.2750244140625,408449
1781621100,2026-06-16T14:45:00.000Z,2026-06-16T10:45:00.000,753.27001953125,753.4299926757812,752.989990234375,753.1099853515625,645242
1781621400,2026-06-16T14:50:00.000Z,2026-06-16T10:50:00.000,753.1099853515625,753.7000122070312,753.0875244140625,753.2000122070312,582053
1781621700,2026-06-16T14:55:00.000Z,2026-06-16T10:55:00.000,753.2100219726562,753.3599853515625,752.469970703125,752.9299926757812,461627
1781622000,2026-06-16T15:00:00.000Z,2026-06-16T11:00:00.000,752.9400024414062,753.4099731445312,752.8200073242188,753.3099975585938,209157
1781622300,2026-06-16T15:05:00.000Z,2026-06-16T11:05:00.000,753.3300170898438,753.5900268554688,752.989990234375,753.4199829101562,468836
1781622600,2026-06-16T15:10:00.000Z,2026-06-16T11:10:00.000,753.4000244140625,753.7379760742188,753.0999755859375,753.4299926757812,240761
1781622900,2026-06-16T15:15:00.000Z,2026-06-16T11:15:00.000,753.4199829101562,753.6699829101562,753,753.030029296875,334305
1781623200,2026-06-16T15:20:00.000Z,2026-06-16T11:20:00.000,753.02001953125,753.260009765625,752.5999755859375,752.9099731445312,435844
1781623500,2026-06-16T15:25:00.000Z,2026-06-16T11:25:00.000,752.9000244140625,753.0999755859375,752.2990112304688,752.64990234375,594172
1781623800,2026-06-16T15:30:00.000Z,2026-06-16T11:30:00.000,752.6599731445312,753.27001953125,752.6300048828125,753.1699829101562,309186
1781624100,2026-06-16T15:35:00.000Z,2026-06-16T11:35:00.000,753.1900024414062,753.4199829101562,752.6300048828125,752.8200073242188,755765
1781624400,2026-06-16T15:40:00.000Z,2026-06-16T11:40:00.000,752.8499755859375,752.969970703125,752.39501953125,752.510009765625,443165
1781624700,2026-06-16T15:45:00.000Z,2026-06-16T11:45:00.000,752.47998046875,752.6400146484375,751.7100219726562,752.2299194335938,1759185
1781625000,2026-06-16T15:50:00.000Z,2026-06-16T11:50:00.000,752.219970703125,753.239990234375,752.030029296875,753.1900024414062,713123
1781625300,2026-06-16T15:55:00.000Z,2026-06-16T11:55:00.000,753.1799926757812,753.4299926757812,752.7100219726562,752.75,502835
1781625600,2026-06-16T16:00:00.000Z,2026-06-16T12:00:00.000,752.75,753.6199951171875,752.719970703125,753.3201293945312,733024
1781625900,2026-06-16T16:05:00.000Z,2026-06-16T12:05:00.000,753.3300170898438,753.6699829101562,753.2501220703125,753.5,266528
1781626200,2026-06-16T16:10:00.000Z,2026-06-16T12:10:00.000,753.5,753.969970703125,753.3599853515625,753.6500244140625,304163
1781626500,2026-06-16T16:15:00.000Z,2026-06-16T12:15:00.000,753.6500244140625,753.8300170898438,753.2999877929688,753.5999755859375,277353
1781626800,2026-06-16T16:20:00.000Z,2026-06-16T12:20:00.000,753.6199951171875,753.9000244140625,753.3800048828125,753.52001953125,234199
1781627100,2026-06-16T16:25:00.000Z,2026-06-16T12:25:00.000,753.510009765625,753.6099853515625,753.1400146484375,753.3599853515625,197718
1781627400,2026-06-16T16:30:00.000Z,2026-06-16T12:30:00.000,753.3499755859375,753.4199829101562,752.4650268554688,752.489990234375,276699
1781627700,2026-06-16T16:35:00.000Z,2026-06-16T12:35:00.000,752.4600219726562,752.8400268554688,752.4000244140625,752.72998046875,311691
1781628000,2026-06-16T16:40:00.000Z,2026-06-16T12:40:00.000,752.739990234375,753.2100219726562,752.5499877929688,753.0399780273438,306504
1781628300,2026-06-16T16:45:00.000Z,2026-06-16T12:45:00.000,753.030029296875,753.2000122070312,752.7100219726562,752.739501953125,236165
1781628600,2026-06-16T16:50:00.000Z,2026-06-16T12:50:00.000,752.7799072265625,753.0700073242188,752.4299926757812,752.5900268554688,292300
1781628900,2026-06-16T16:55:00.000Z,2026-06-16T12:55:00.000,752.5800170898438,752.77001953125,752.3319702148438,752.72998046875,450202
1781629200,2026-06-16T17:00:00.000Z,2026-06-16T13:00:00.000,752.719970703125,752.739990234375,752.27001953125,752.4500122070312,612176
1781629500,2026-06-16T17:05:00.000Z,2026-06-16T13:05:00.000,752.469970703125,752.47998046875,752.2000122070312,752.4450073242188,1149396
1781629800,2026-06-16T17:10:00.000Z,2026-06-16T13:10:00.000,752.4450073242188,752.7999877929688,752.3800048828125,752.6099853515625,182582
1781630100,2026-06-16T17:15:00.000Z,2026-06-16T13:15:00.000,752.5900268554688,752.7100219726562,752.0819091796875,752.1199951171875,184401
1781630400,2026-06-16T17:20:00.000Z,2026-06-16T13:20:00.000,752.1199951171875,752.3699951171875,751.8900146484375,752.344970703125,227670
1781630700,2026-06-16T17:25:00.000Z,2026-06-16T13:25:00.000,752.3499755859375,752.4249877929688,752.0700073242188,752.1900024414062,162718
1781631000,2026-06-16T17:30:00.000Z,2026-06-16T13:30:00.000,752.1799926757812,752.27001953125,751.9099731445312,752.0700073242188,215446
1781631300,2026-06-16T17:35:00.000Z,2026-06-16T13:35:00.000,752.0501098632812,752.1699829101562,751.4500122070312,751.6699829101562,336931
1781631600,2026-06-16T17:40:00.000Z,2026-06-16T13:40:00.000,751.6900024414062,752.135009765625,751.510009765625,751.9400024414062,467541
1781631900,2026-06-16T17:45:00.000Z,2026-06-16T13:45:00.000,751.9099731445312,752.1199951171875,751.6799926757812,752.1099853515625,147189
1781632200,2026-06-16T17:50:00.000Z,2026-06-16T13:50:00.000,752.1099853515625,752.5399780273438,751.97998046875,752.5098876953125,462833
1781632500,2026-06-16T17:55:00.000Z,2026-06-16T13:55:00.000,752.5050048828125,752.6799926757812,752.0750122070312,752.1199951171875,544248
1781632800,2026-06-16T18:00:00.000Z,2026-06-16T14:00:00.000,752.10498046875,752.2899780273438,751.9600219726562,752.1500244140625,385083
1781633100,2026-06-16T18:05:00.000Z,2026-06-16T14:05:00.000,752.1400146484375,752.219970703125,751.9099731445312,751.9600219726562,318366
1781633400,2026-06-16T18:10:00.000Z,2026-06-16T14:10:00.000,751.9600219726562,752.2000122070312,751.9400024414062,752.02001953125,198653
1781633700,2026-06-16T18:15:00.000Z,2026-06-16T14:15:00.000,752.02001953125,752.1400146484375,751.719970703125,751.9500122070312,361724
1781634000,2026-06-16T18:20:00.000Z,2026-06-16T14:20:00.000,751.9500122070312,752.1900024414062,751.8499755859375,752.0399780273438,201660
1781634300,2026-06-16T18:25:00.000Z,2026-06-16T14:25:00.000,752.030029296875,752.3499755859375,752.010009765625,752.135009765625,439453
1781634600,2026-06-16T18:30:00.000Z,2026-06-16T14:30:00.000,752.1400146484375,752.22998046875,751.760009765625,751.8499755859375,252226
1781634900,2026-06-16T18:35:00.000Z,2026-06-16T14:35:00.000,751.8599853515625,752.219970703125,751.72998046875,752.0599975585938,560260
1781635200,2026-06-16T18:40:00.000Z,2026-06-16T14:40:00.000,752.0599975585938,752.1799926757812,751.9349975585938,752.114990234375,260995
1781635500,2026-06-16T18:45:00.000Z,2026-06-16T14:45:00.000,752.1124877929688,752.25,751.7999877929688,751.8099975585938,255257
1781635800,2026-06-16T18:50:00.000Z,2026-06-16T14:50:00.000,751.8099975585938,751.9650268554688,751.72998046875,751.8400268554688,217220
1781636100,2026-06-16T18:55:00.000Z,2026-06-16T14:55:00.000,751.830078125,752,751.6300048828125,751.780029296875,501152
1781636400,2026-06-16T19:00:00.000Z,2026-06-16T15:00:00.000,751.7650146484375,751.8599853515625,751.3599853515625,751.7301025390625,504737
1781636700,2026-06-16T19:05:00.000Z,2026-06-16T15:05:00.000,751.7349853515625,751.739990234375,751.3400268554688,751.3505249023438,412976
1781637000,2026-06-16T19:10:00.000Z,2026-06-16T15:10:00.000,751.3499755859375,751.489990234375,750.8599853515625,750.9849853515625,968059
1781637300,2026-06-16T19:15:00.000Z,2026-06-16T15:15:00.000,750.97998046875,751.0399780273438,750.0800170898438,751.010009765625,1087835
1781637600,2026-06-16T19:20:00.000Z,2026-06-16T15:20:00.000,751.02001953125,751.489990234375,750.8900146484375,751.4199829101562,841104
1781637900,2026-06-16T19:25:00.000Z,2026-06-16T15:25:00.000,751.4199829101562,751.6199951171875,751.010009765625,751.219970703125,724222
1781638200,2026-06-16T19:30:00.000Z,2026-06-16T15:30:00.000,751.219970703125,751.3200073242188,750.6599731445312,750.6699829101562,752290
1781638500,2026-06-16T19:35:00.000Z,2026-06-16T15:35:00.000,750.7000122070312,751.0800170898438,750.4000244140625,750.4500122070312,977065
1781638800,2026-06-16T19:40:00.000Z,2026-06-16T15:40:00.000,750.4450073242188,751.02001953125,750.3400268554688,750.989990234375,690099
1781639100,2026-06-16T19:45:00.000Z,2026-06-16T15:45:00.000,750.97998046875,751.0399780273438,750.5499877929688,750.7999877929688,947684
1781639400,2026-06-16T19:50:00.000Z,2026-06-16T15:50:00.000,750.8200073242188,751.260009765625,750.5,751.0900268554688,2881698
1781639700,2026-06-16T19:55:00.000Z,2026-06-16T15:55:00.000,751.0800170898438,751.1900024414062,749.8800048828125,750.3499755859375,5611245
1781703000,2026-06-17T13:30:00.000Z,2026-06-17T09:30:00.000,750.9299926757812,751.3200073242188,750.219970703125,750.7050170898438,1356543
1781703300,2026-06-17T13:35:00.000Z,2026-06-17T09:35:00.000,750.7000122070312,751.0499877929688,750.280029296875,750.4000244140625,935212
1781703600,2026-06-17T13:40:00.000Z,2026-06-17T09:40:00.000,750.3900146484375,751.5399780273438,750.1400146484375,751.530029296875,595598
1781703900,2026-06-17T13:45:00.000Z,2026-06-17T09:45:00.000,751.5399780273438,751.77001953125,751.1411743164062,751.1411743164062,1109485
1781704200,2026-06-17T13:50:00.000Z,2026-06-17T09:50:00.000,751.155029296875,751.5399780273438,750.9000244140625,751.35498046875,784543
1781704500,2026-06-17T13:55:00.000Z,2026-06-17T09:55:00.000,751.3499755859375,751.3900146484375,749.8599853515625,749.87939453125,602426
1781704800,2026-06-17T14:00:00.000Z,2026-06-17T10:00:00.000,749.8699951171875,750.6699829101562,749.6099853515625,750.4500122070312,658214
1781705100,2026-06-17T14:05:00.000Z,2026-06-17T10:05:00.000,750.4500122070312,751.0599975585938,749.969970703125,750.6699829101562,625462
1781705400,2026-06-17T14:10:00.000Z,2026-06-17T10:10:00.000,750.6900024414062,751.260009765625,750.3099975585938,751.2299194335938,708887
1781705700,2026-06-17T14:15:00.000Z,2026-06-17T10:15:00.000,751.219970703125,751.5700073242188,751.0900268554688,751.3198852539062,431212
1781706000,2026-06-17T14:20:00.000Z,2026-06-17T10:20:00.000,751.3200073242188,752.1500244140625,751.1500244140625,752.1199951171875,457196
1781706300,2026-06-17T14:25:00.000Z,2026-06-17T10:25:00.000,752.1099853515625,752.1099853515625,751.4799194335938,751.6900024414062,257505
1781706600,2026-06-17T14:30:00.000Z,2026-06-17T10:30:00.000,751.6887817382812,751.72998046875,750.3800048828125,750.75,592548
1781706900,2026-06-17T14:35:00.000Z,2026-06-17T10:35:00.000,750.75,750.8250122070312,750,750.0399780273438,603371
1781707200,2026-06-17T14:40:00.000Z,2026-06-17T10:40:00.000,750.0399780273438,750.3499755859375,749.1901245117188,750.198974609375,505972
1781707500,2026-06-17T14:45:00.000Z,2026-06-17T10:45:00.000,750.1900024414062,750.6300048828125,747.8699951171875,749.4099731445312,1258759
1781707800,2026-06-17T14:50:00.000Z,2026-06-17T10:50:00.000,749.4000244140625,750.22998046875,749.0800170898438,750.0700073242188,561979
1781708100,2026-06-17T14:55:00.000Z,2026-06-17T10:55:00.000,750.0399780273438,750.0499877929688,748.969970703125,749.0599975585938,421539
1781708400,2026-06-17T15:00:00.000Z,2026-06-17T11:00:00.000,749.0599975585938,749.530029296875,748.9400024414062,749.2349853515625,469157
1781708700,2026-06-17T15:05:00.000Z,2026-06-17T11:05:00.000,749.25,749.489990234375,748.5911254882812,748.739990234375,734637
1781709000,2026-06-17T15:10:00.000Z,2026-06-17T11:10:00.000,748.75,749.760009765625,748.739990234375,749.625,241916
1781709300,2026-06-17T15:15:00.000Z,2026-06-17T11:15:00.000,749.6199951171875,750.239990234375,749.3699951171875,749.7999877929688,640389
1781709600,2026-06-17T15:20:00.000Z,2026-06-17T11:20:00.000,749.7999877929688,750.0999755859375,749.6300048828125,749.8599853515625,737446
1781709900,2026-06-17T15:25:00.000Z,2026-06-17T11:25:00.000,749.8599853515625,750.030029296875,749.5700073242188,750,339038
1781710200,2026-06-17T15:30:00.000Z,2026-06-17T11:30:00.000,750.010009765625,750.72998046875,749.760009765625,750.5430908203125,512584
1781710500,2026-06-17T15:35:00.000Z,2026-06-17T11:35:00.000,750.5399780273438,750.7899780273438,750.2999877929688,750.7150268554688,244255
1781710800,2026-06-17T15:40:00.000Z,2026-06-17T11:40:00.000,750.7100219726562,750.780029296875,750.1699829101562,750.3499755859375,349417
1781711100,2026-06-17T15:45:00.000Z,2026-06-17T11:45:00.000,750.3599853515625,750.719970703125,750.2899780273438,750.669189453125,191228
1781711400,2026-06-17T15:50:00.000Z,2026-06-17T11:50:00.000,750.6900024414062,750.8599243164062,750.3099975585938,750.4249877929688,187919
1781711700,2026-06-17T15:55:00.000Z,2026-06-17T11:55:00.000,750.4099731445312,750.7899780273438,750.3200073242188,750.6099853515625,311640
1781712000,2026-06-17T16:00:00.000Z,2026-06-17T12:00:00.000,750.6199951171875,750.9329833984375,750.6199951171875,750.7249755859375,253272
1781712300,2026-06-17T16:05:00.000Z,2026-06-17T12:05:00.000,750.7109985351562,750.7999877929688,750.510009765625,750.6300048828125,159227
1781712600,2026-06-17T16:10:00.000Z,2026-06-17T12:10:00.000,750.6199951171875,750.6500244140625,750.2999877929688,750.6199951171875,244187
1781712900,2026-06-17T16:15:00.000Z,2026-06-17T12:15:00.000,750.6199951171875,750.9400024414062,750.4299926757812,750.9299926757812,174471
1781713200,2026-06-17T16:20:00.000Z,2026-06-17T12:20:00.000,750.9099731445312,751.030029296875,750.719970703125,750.9600219726562,231986
1781713500,2026-06-17T16:25:00.000Z,2026-06-17T12:25:00.000,750.9550170898438,751.030029296875,750.739990234375,750.760009765625,175601
1781713800,2026-06-17T16:30:00.000Z,2026-06-17T12:30:00.000,750.760009765625,750.8610229492188,750.3200073242188,750.3499755859375,226908
1781714100,2026-06-17T16:35:00.000Z,2026-06-17T12:35:00.000,750.3599853515625,750.5900268554688,750.1799926757812,750.5250244140625,395440
1781714400,2026-06-17T16:40:00.000Z,2026-06-17T12:40:00.000,750.52001953125,750.530029296875,749.969970703125,750.22998046875,160151
1781714700,2026-06-17T16:45:00.000Z,2026-06-17T12:45:00.000,750.2249755859375,750.22998046875,749.9099731445312,750.0499877929688,238142
1781715000,2026-06-17T16:50:00.000Z,2026-06-17T12:50:00.000,750.02001953125,750.260009765625,749.9299926757812,749.989990234375,209453
1781715300,2026-06-17T16:55:00.000Z,2026-06-17T12:55:00.000,749.989990234375,750.25,749.9099731445312,750.0050048828125,172343
1781715600,2026-06-17T17:00:00.000Z,2026-06-17T13:00:00.000,749.989990234375,749.9924926757812,749.3400268554688,749.489990234375,459873
1781715900,2026-06-17T17:05:00.000Z,2026-06-17T13:05:00.000,749.489990234375,749.6799926757812,748.4199829101562,749.4349975585938,504845
1781716200,2026-06-17T17:10:00.000Z,2026-06-17T13:10:00.000,749.4400024414062,749.6740112304688,749.280029296875,749.3400268554688,382274
1781716500,2026-06-17T17:15:00.000Z,2026-06-17T13:15:00.000,749.3300170898438,749.4400024414062,749.030029296875,749.4299926757812,378549
1781716800,2026-06-17T17:20:00.000Z,2026-06-17T13:20:00.000,749.4299926757812,749.7000122070312,749.1300048828125,749.4000244140625,214596
1781717100,2026-06-17T17:25:00.000Z,2026-06-17T13:25:00.000,749.4199829101562,749.7999877929688,749.27001953125,749.6599731445312,467452
1781717400,2026-06-17T17:30:00.000Z,2026-06-17T13:30:00.000,749.6599731445312,749.6649780273438,749.0900268554688,749.2100219726562,216212
1781717700,2026-06-17T17:35:00.000Z,2026-06-17T13:35:00.000,749.2150268554688,749.7750244140625,749.1500244140625,749.6199951171875,246017
1781718000,2026-06-17T17:40:00.000Z,2026-06-17T13:40:00.000,749.6400146484375,749.64501953125,749.25,749.3150024414062,234036
1781718300,2026-06-17T17:45:00.000Z,2026-06-17T13:45:00.000,749.3200073242188,749.7050170898438,749.2399291992188,749.6500244140625,399678
1781718600,2026-06-17T17:50:00.000Z,2026-06-17T13:50:00.000,749.6599731445312,750.6099853515625,749.5800170898438,750.4000244140625,337844
1781718900,2026-06-17T17:55:00.000Z,2026-06-17T13:55:00.000,750.4000244140625,750.9099731445312,750.1599731445312,750.864990234375,412780
1781719200,2026-06-17T18:00:00.000Z,2026-06-17T14:00:00.000,750.8200073242188,750.869873046875,745.010009765625,745.1500244140625,2820578
1781719500,2026-06-17T18:05:00.000Z,2026-06-17T14:05:00.000,745.2100219726562,746.9299926757812,743.4661865234375,746.6900024414062,2257426
1781719800,2026-06-17T18:10:00.000Z,2026-06-17T14:10:00.000,746.6998901367188,747.2098999023438,746,746.6099853515625,869538
1781720100,2026-06-17T18:15:00.000Z,2026-06-17T14:15:00.000,746.6199951171875,748,746.5999755859375,747.64501953125,924549
1781720400,2026-06-17T18:20:00.000Z,2026-06-17T14:20:00.000,747.6400146484375,747.77001953125,745.969970703125,746.1900024414062,595064
1781720700,2026-06-17T18:25:00.000Z,2026-06-17T14:25:00.000,746.1699829101562,746.52001953125,745.3499755859375,746.2249755859375,798048
1781721000,2026-06-17T18:30:00.000Z,2026-06-17T14:30:00.000,746.2100219726562,748.260009765625,745.5900268554688,745.719970703125,1509137
1781721300,2026-06-17T18:35:00.000Z,2026-06-17T14:35:00.000,745.72998046875,748.8400268554688,745.7100219726562,748.0349731445312,1348018
1781721600,2026-06-17T18:40:00.000Z,2026-06-17T14:40:00.000,748.02001953125,750.3400268554688,747.6900024414062,749.9301147460938,1327419
1781721900,2026-06-17T18:45:00.000Z,2026-06-17T14:45:00.000,749.9199829101562,749.9600219726562,748.5700073242188,748.7999877929688,2419010
1781722200,2026-06-17T18:50:00.000Z,2026-06-17T14:50:00.000,748.8200073242188,749.3200073242188,748.1599731445312,748.3099975585938,740179
1781722500,2026-06-17T18:55:00.000Z,2026-06-17T14:55:00.000,748.3499755859375,748.3499755859375,745.1099853515625,746,1484664
1781722800,2026-06-17T19:00:00.000Z,2026-06-17T15:00:00.000,745.97998046875,747.1300048828125,745.6400146484375,746.0499877929688,1558183
1781723100,2026-06-17T19:05:00.000Z,2026-06-17T15:05:00.000,746.0999755859375,746.7899780273438,745.5499877929688,745.72998046875,918910
1781723400,2026-06-17T19:10:00.000Z,2026-06-17T15:10:00.000,745.77001953125,747.030029296875,744.3800048828125,746.6099853515625,1478047
1781723700,2026-06-17T19:15:00.000Z,2026-06-17T15:15:00.000,746.6199951171875,747.3900146484375,744.0499877929688,744.1199951171875,1337519
1781724000,2026-06-17T19:20:00.000Z,2026-06-17T15:20:00.000,744.094970703125,744.1599731445312,741.7899780273438,741.8300170898438,2076942
1781724300,2026-06-17T19:25:00.000Z,2026-06-17T15:25:00.000,741.8400268554688,743.4000244140625,741.780029296875,742.0599975585938,1639750
1781724600,2026-06-17T19:30:00.000Z,2026-06-17T15:30:00.000,742.0599975585938,742.3599853515625,740.7899780273438,740.9000244140625,2102720
1781724900,2026-06-17T19:35:00.000Z,2026-06-17T15:35:00.000,740.9000244140625,741.969970703125,739.22998046875,739.530029296875,2182997
1781725200,2026-06-17T19:40:00.000Z,2026-06-17T15:40:00.000,739.52001953125,740.489990234375,739.3099975585938,739.9500122070312,2948828
1781725500,2026-06-17T19:45:00.000Z,2026-06-17T15:45:00.000,739.9550170898438,741.7100219726562,739.8350219726562,740.8200073242188,2233293
1781725800,2026-06-17T19:50:00.000Z,2026-06-17T15:50:00.000,740.8200073242188,741.3200073242188,739.469970703125,740,4415221
1781726100,2026-06-17T19:55:00.000Z,2026-06-17T15:55:00.000,739.9400024414062,741.6300048828125,739.8499755859375,740.9299926757812,5205103
1781789400,2026-06-18T13:30:00.000Z,2026-06-18T09:30:00.000,747.760009765625,748.2000122070312,745.8701171875,745.8900146484375,3123958
1781789700,2026-06-18T13:35:00.000Z,2026-06-18T09:35:00.000,745.9099731445312,746.0399780273438,744.3499755859375,744.5800170898438,1078683
1781790000,2026-06-18T13:40:00.000Z,2026-06-18T09:40:00.000,744.5900268554688,745.1099853515625,743.9299926757812,744.030029296875,757621
1781790300,2026-06-18T13:45:00.000Z,2026-06-18T09:45:00.000,744.1199951171875,745.2609252929688,743.8599853515625,745.2000122070312,3667342
1781790600,2026-06-18T13:50:00.000Z,2026-06-18T09:50:00.000,745.2000122070312,745.77001953125,744.5999755859375,744.6500244140625,795250
1781790900,2026-06-18T13:55:00.000Z,2026-06-18T09:55:00.000,744.6500244140625,745.0800170898438,743.9600219726562,744.75,723306
1781791200,2026-06-18T14:00:00.000Z,2026-06-18T10:00:00.000,744.8099975585938,745.3599853515625,744.4299926757812,744.9299926757812,759074
1781791500,2026-06-18T14:05:00.000Z,2026-06-18T10:05:00.000,744.9199829101562,746.1300048828125,744.6799926757812,745.8099975585938,1208420
1781791800,2026-06-18T14:10:00.000Z,2026-06-18T10:10:00.000,745.7899780273438,745.8599853515625,744.5399780273438,744.8599853515625,574765
1781792100,2026-06-18T14:15:00.000Z,2026-06-18T10:15:00.000,744.8300170898438,746.4400024414062,744.25,746.1599731445312,725478
1781792400,2026-06-18T14:20:00.000Z,2026-06-18T10:20:00.000,746.1400146484375,746.9000244140625,745.5599975585938,746.4400024414062,922085
1781792700,2026-06-18T14:25:00.000Z,2026-06-18T10:25:00.000,746.4400024414062,746.6290893554688,745.1300048828125,745.3699951171875,427398
1781793000,2026-06-18T14:30:00.000Z,2026-06-18T10:30:00.000,745.3300170898438,745.8400268554688,744.4299926757812,745.8200073242188,568392
1781793300,2026-06-18T14:35:00.000Z,2026-06-18T10:35:00.000,745.8200073242188,746.6300048828125,745.4299926757812,746.5,610588
1781793600,2026-06-18T14:40:00.000Z,2026-06-18T10:40:00.000,746.530029296875,746.719970703125,745.8499755859375,746.1400146484375,331835
1781793900,2026-06-18T14:45:00.000Z,2026-06-18T10:45:00.000,746.1300048828125,747.3099975585938,746.1199951171875,747.0900268554688,333858
1781794200,2026-06-18T14:50:00.000Z,2026-06-18T10:50:00.000,747.0900268554688,747.0999755859375,746.27001953125,746.6500244140625,378578
1781794500,2026-06-18T14:55:00.000Z,2026-06-18T10:55:00.000,746.6699829101562,747.25,746.5599975585938,746.8400268554688,325322
1781794800,2026-06-18T15:00:00.000Z,2026-06-18T11:00:00.000,746.8599853515625,746.9500122070312,745.9600219726562,746.47998046875,647235
1781795100,2026-06-18T15:05:00.000Z,2026-06-18T11:05:00.000,746.47998046875,746.6699829101562,746.1799926757812,746.3900146484375,376501
1781795400,2026-06-18T15:10:00.000Z,2026-06-18T11:10:00.000,746.3800048828125,747.0700073242188,746.1199951171875,746.1300048828125,356685
1781795700,2026-06-18T15:15:00.000Z,2026-06-18T11:15:00.000,746.1300048828125,746.3599853515625,745.5700073242188,745.6898193359375,351984
1781796000,2026-06-18T15:20:00.000Z,2026-06-18T11:20:00.000,745.6900024414062,746.0999755859375,745.3499755859375,745.5499877929688,281558
1781796300,2026-06-18T15:25:00.000Z,2026-06-18T11:25:00.000,745.5800170898438,746.1300048828125,745.1500244140625,745.3800048828125,332300
1781796600,2026-06-18T15:30:00.000Z,2026-06-18T11:30:00.000,745.3800048828125,745.8200073242188,745.030029296875,745.5499877929688,448630
1781796900,2026-06-18T15:35:00.000Z,2026-06-18T11:35:00.000,745.5499877929688,745.5900268554688,744.3309936523438,744.9099731445312,381833
1781797200,2026-06-18T15:40:00.000Z,2026-06-18T11:40:00.000,744.9000244140625,745.3798828125,744.5700073242188,744.8400268554688,7243082
1781797500,2026-06-18T15:45:00.000Z,2026-06-18T11:45:00.000,744.8400268554688,745.3599853515625,744.3599853515625,745.219970703125,406950
1781797800,2026-06-18T15:50:00.000Z,2026-06-18T11:50:00.000,745.2000122070312,746.4000244140625,745.1900024414062,746.030029296875,2853795
1781798100,2026-06-18T15:55:00.000Z,2026-06-18T11:55:00.000,746.0399780273438,746.530029296875,746.0399780273438,746.2501220703125,423778
1781798400,2026-06-18T16:00:00.000Z,2026-06-18T12:00:00.000,746.260009765625,746.5700073242188,745.85009765625,745.948974609375,5184464
1781798700,2026-06-18T16:05:00.000Z,2026-06-18T12:05:00.000,745.9450073242188,746.4500122070312,745.75,746.0900268554688,2772489
1781799000,2026-06-18T16:10:00.000Z,2026-06-18T12:10:00.000,746.0800170898438,746.3499755859375,745.8900146484375,746.1900024414062,417426
1781799300,2026-06-18T16:15:00.000Z,2026-06-18T12:15:00.000,746.1900024414062,746.4199829101562,745.9299926757812,746.1699829101562,255564
1781799600,2026-06-18T16:20:00.000Z,2026-06-18T12:20:00.000,746.1900024414062,746.8800048828125,746.1599731445312,746.4199829101562,301116
1781799900,2026-06-18T16:25:00.000Z,2026-06-18T12:25:00.000,746.4100952148438,746.72998046875,746.3200073242188,746.6500244140625,206919
1781800200,2026-06-18T16:30:00.000Z,2026-06-18T12:30:00.000,746.6500244140625,746.6699829101562,746.3099975585938,746.5499877929688,511537
1781800500,2026-06-18T16:35:00.000Z,2026-06-18T12:35:00.000,746.5499877929688,747.25,746.3400268554688,747.1500244140625,309188
1781800800,2026-06-18T16:40:00.000Z,2026-06-18T12:40:00.000,747.1900024414062,747.25,746.9199829101562,746.9567260742188,211444
1781801100,2026-06-18T16:45:00.000Z,2026-06-18T12:45:00.000,746.989990234375,747.0700073242188,746.7901000976562,746.8900146484375,915617
1781801400,2026-06-18T16:50:00.000Z,2026-06-18T12:50:00.000,746.9099731445312,746.9299926757812,746.2999877929688,746.4400024414062,201995
1781801700,2026-06-18T16:55:00.000Z,2026-06-18T12:55:00.000,746.4500122070312,746.6799926757812,746.2100219726562,746.6400146484375,254121
1781802000,2026-06-18T17:00:00.000Z,2026-06-18T13:00:00.000,746.6599731445312,747.239990234375,746.4199829101562,747.219970703125,744771
1781802300,2026-06-18T17:05:00.000Z,2026-06-18T13:05:00.000,747.2100219726562,747.6699829101562,747.1599731445312,747.469970703125,518066
1781802600,2026-06-18T17:10:00.000Z,2026-06-18T13:10:00.000,747.4500122070312,747.7899780273438,747.3699951171875,747.5850219726562,291120
1781802900,2026-06-18T17:15:00.000Z,2026-06-18T13:15:00.000,747.5700073242188,748.1300048828125,747.5,747.9849853515625,332062
1781803200,2026-06-18T17:20:00.000Z,2026-06-18T13:20:00.000,747.989990234375,748.1099853515625,747.510009765625,747.5150146484375,512475
1781803500,2026-06-18T17:25:00.000Z,2026-06-18T13:25:00.000,747.530029296875,747.6500244140625,747.385009765625,747.5499877929688,612021
1781803800,2026-06-18T17:30:00.000Z,2026-06-18T13:30:00.000,747.5700073242188,747.9600219726562,747.5560302734375,747.7750244140625,309413
1781804100,2026-06-18T17:35:00.000Z,2026-06-18T13:35:00.000,747.77001953125,747.7777709960938,747.2730102539062,747.3300170898438,192387
1781804400,2026-06-18T17:40:00.000Z,2026-06-18T13:40:00.000,747.3350219726562,747.4949951171875,747.25,747.3400268554688,251772
1781804700,2026-06-18T17:45:00.000Z,2026-06-18T13:45:00.000,747.3400268554688,747.469970703125,747.125,747.260009765625,510314
1781805000,2026-06-18T17:50:00.000Z,2026-06-18T13:50:00.000,747.2899780273438,747.5499877929688,747.1599731445312,747.2449951171875,456907
1781805300,2026-06-18T17:55:00.000Z,2026-06-18T13:55:00.000,747.239990234375,747.25,746.97998046875,747.010009765625,377138
1781805600,2026-06-18T18:00:00.000Z,2026-06-18T14:00:00.000,747.02001953125,747.0800170898438,746.510009765625,746.6400756835938,573034
1781805900,2026-06-18T18:05:00.000Z,2026-06-18T14:05:00.000,746.64501953125,746.8599853515625,746.5399780273438,746.6300048828125,192351
1781806200,2026-06-18T18:10:00.000Z,2026-06-18T14:10:00.000,746.6300048828125,747,746.5900268554688,746.6599731445312,224335
1781806500,2026-06-18T18:15:00.000Z,2026-06-18T14:15:00.000,746.6699829101562,746.8201293945312,746.4199829101562,746.614990234375,346808
1781806800,2026-06-18T18:20:00.000Z,2026-06-18T14:20:00.000,746.614990234375,746.9099731445312,746.5050048828125,746.6998291015625,446319
1781807100,2026-06-18T18:25:00.000Z,2026-06-18T14:25:00.000,746.7000122070312,746.8400268554688,746.4400024414062,746.5,1328955
1781807400,2026-06-18T18:30:00.000Z,2026-06-18T14:30:00.000,746.510009765625,746.5800170898438,746.3200073242188,746.3900146484375,531293
1781807700,2026-06-18T18:35:00.000Z,2026-06-18T14:35:00.000,746.3800048828125,746.4400024414062,746.1599731445312,746.239990234375,783009
1781808000,2026-06-18T18:40:00.000Z,2026-06-18T14:40:00.000,746.219970703125,746.52001953125,746.1599731445312,746.4949951171875,552807
1781808300,2026-06-18T18:45:00.000Z,2026-06-18T14:45:00.000,746.5,746.8250122070312,746.4520263671875,746.7999267578125,229471
1781808600,2026-06-18T18:50:00.000Z,2026-06-18T14:50:00.000,746.7949829101562,746.969970703125,746.5700073242188,746.6799926757812,262492
1781808900,2026-06-18T18:55:00.000Z,2026-06-18T14:55:00.000,746.6849975585938,746.7899780273438,746.2999877929688,746.385009765625,246620
1781809200,2026-06-18T19:00:00.000Z,2026-06-18T15:00:00.000,746.3900146484375,746.4600219726562,745.8699951171875,745.989990234375,366178
1781809500,2026-06-18T19:05:00.000Z,2026-06-18T15:05:00.000,745.9849853515625,746.0700073242188,745.8599853515625,745.9149780273438,253934
1781809800,2026-06-18T19:10:00.000Z,2026-06-18T15:10:00.000,745.9000244140625,745.9099731445312,745.2000122070312,745.52001953125,593975
1781810100,2026-06-18T19:15:00.000Z,2026-06-18T15:15:00.000,745.530029296875,745.9199829101562,745.280029296875,745.8900146484375,471875
1781810400,2026-06-18T19:20:00.000Z,2026-06-18T15:20:00.000,745.8900146484375,746.2000122070312,745.8200073242188,745.8800048828125,519402
1781810700,2026-06-18T19:25:00.000Z,2026-06-18T15:25:00.000,745.885009765625,746.2249755859375,745.864990234375,746.010009765625,336394
1781811000,2026-06-18T19:30:00.000Z,2026-06-18T15:30:00.000,746.010009765625,746.219970703125,745.6099853515625,746.1900024414062,461944
1781811300,2026-06-18T19:35:00.000Z,2026-06-18T15:35:00.000,746.2000122070312,746.969970703125,746.1900024414062,746.9650268554688,1303219
1781811600,2026-06-18T19:40:00.000Z,2026-06-18T15:40:00.000,746.9400024414062,747.3499755859375,746.8699951171875,747.3009033203125,896012
1781811900,2026-06-18T19:45:00.000Z,2026-06-18T15:45:00.000,747.2999877929688,747.4600219726562,746.8599853515625,747,1088567
1781812200,2026-06-18T19:50:00.000Z,2026-06-18T15:50:00.000,747,747.8800048828125,746.739990234375,747.4500122070312,2495242
1781812500,2026-06-18T19:55:00.000Z,2026-06-18T15:55:00.000,747.4400024414062,748.22998046875,746.5900268554688,746.5900268554688,5295466
1782135000,2026-06-22T13:30:00.000Z,2026-06-22T09:30:00.000,747.7000122070312,749.3200073242188,747.52001953125,748.10498046875,1984812
1782135300,2026-06-22T13:35:00.000Z,2026-06-22T09:35:00.000,748.0999755859375,749.7999877929688,748,749.7680053710938,1024904
1782135600,2026-06-22T13:40:00.000Z,2026-06-22T09:40:00.000,749.7999877929688,749.9000244140625,747.9400024414062,748.22998046875,724939
1782135900,2026-06-22T13:45:00.000Z,2026-06-22T09:45:00.000,748.2100219726562,749.8499755859375,748.010009765625,749.5,557039
1782136200,2026-06-22T13:50:00.000Z,2026-06-22T09:50:00.000,749.52001953125,749.5900268554688,748.989990234375,749.0800170898438,419501
1782136500,2026-06-22T13:55:00.000Z,2026-06-22T09:55:00.000,749.0599975585938,749.9400024414062,748.739990234375,749.9099731445312,326966
1782136800,2026-06-22T14:00:00.000Z,2026-06-22T10:00:00.000,749.9099731445312,750,749.4299926757812,749.6199951171875,356901
1782137100,2026-06-22T14:05:00.000Z,2026-06-22T10:05:00.000,749.6400146484375,749.969970703125,749.3599853515625,749.9400024414062,330608
1782137400,2026-06-22T14:10:00.000Z,2026-06-22T10:10:00.000,749.9299926757812,750.1799926757812,749.2000122070312,749.280029296875,385854
1782137700,2026-06-22T14:15:00.000Z,2026-06-22T10:15:00.000,749.280029296875,749.3499755859375,748.260009765625,748.4600219726562,397785
1782138000,2026-06-22T14:20:00.000Z,2026-06-22T10:20:00.000,748.4600219726562,748.5050048828125,747.3200073242188,747.510009765625,550689
1782138300,2026-06-22T14:25:00.000Z,2026-06-22T10:25:00.000,747.489990234375,747.8099975585938,746.4400024414062,746.510009765625,599260
1782138600,2026-06-22T14:30:00.000Z,2026-06-22T10:30:00.000,746.510009765625,746.6099853515625,745.0499877929688,745.469970703125,696524
1782138900,2026-06-22T14:35:00.000Z,2026-06-22T10:35:00.000,745.4600219726562,746.010009765625,745.02001953125,745.5,445425
1782139200,2026-06-22T14:40:00.000Z,2026-06-22T10:40:00.000,745.5,745.7899780273438,744.4450073242188,744.530029296875,461059
1782139500,2026-06-22T14:45:00.000Z,2026-06-22T10:45:00.000,744.5338134765625,745.3200073242188,744.489990234375,744.7999877929688,458165
1782139800,2026-06-22T14:50:00.000Z,2026-06-22T10:50:00.000,744.7999877929688,745.0599975585938,743.6199951171875,743.8499755859375,438325
1782140100,2026-06-22T14:55:00.000Z,2026-06-22T10:55:00.000,743.8499755859375,744.8800048828125,743.1500244140625,744.719970703125,807173
1782140400,2026-06-22T15:00:00.000Z,2026-06-22T11:00:00.000,744.6900024414062,745.42626953125,744.5399780273438,745.0499877929688,377981
1782140700,2026-06-22T15:05:00.000Z,2026-06-22T11:05:00.000,745.0700073242188,745.0700073242188,744.0399780273438,744.2949829101562,382296
1782141000,2026-06-22T15:10:00.000Z,2026-06-22T11:10:00.000,744.2899780273438,744.8400268554688,744.0900268554688,744.469970703125,250082
1782141300,2026-06-22T15:15:00.000Z,2026-06-22T11:15:00.000,744.4600219726562,744.9500122070312,743.989990234375,744.1900024414062,558003
1782141600,2026-06-22T15:20:00.000Z,2026-06-22T11:20:00.000,744.2000122070312,744.9600219726562,743.8699951171875,744.8300170898438,320759
1782141900,2026-06-22T15:25:00.000Z,2026-06-22T11:25:00.000,744.8200073242188,745.0999755859375,744.1599731445312,744.3900146484375,378641
1782142200,2026-06-22T15:30:00.000Z,2026-06-22T11:30:00.000,744.3800048828125,745.0499877929688,744.1799926757812,744.5999755859375,390520
1782142500,2026-06-22T15:35:00.000Z,2026-06-22T11:35:00.000,744.6400146484375,745.2100219726562,744.5,745.1749877929688,352287
1782142800,2026-06-22T15:40:00.000Z,2026-06-22T11:40:00.000,745.219970703125,746.1699829101562,745.219970703125,745.8900146484375,476355
1782143100,2026-06-22T15:45:00.000Z,2026-06-22T11:45:00.000,745.8800048828125,746.280029296875,744.280029296875,744.4099731445312,540120
1782143400,2026-06-22T15:50:00.000Z,2026-06-22T11:50:00.000,744.4299926757812,744.9600219726562,744.3400268554688,744.5700073242188,226868
1782143700,2026-06-22T15:55:00.000Z,2026-06-22T11:55:00.000,744.5399780273438,745.0999755859375,744.4400024414062,744.6099853515625,244766
1782144000,2026-06-22T16:00:00.000Z,2026-06-22T12:00:00.000,744.6199951171875,744.7899780273438,743.5900268554688,743.75,458690
1782144300,2026-06-22T16:05:00.000Z,2026-06-22T12:05:00.000,743.739990234375,744.3099975585938,743.6199951171875,744.2000122070312,367451
1782144600,2026-06-22T16:10:00.000Z,2026-06-22T12:10:00.000,744.1799926757812,744.97998046875,744.1400146484375,744.9500122070312,315205
1782144900,2026-06-22T16:15:00.000Z,2026-06-22T12:15:00.000,744.9400024414062,745.0499267578125,744.4600219726562,744.9600219726562,305564
1782145200,2026-06-22T16:20:00.000Z,2026-06-22T12:20:00.000,744.9600219726562,745.3599853515625,744.3699951171875,744.4949951171875,312213
1782145500,2026-06-22T16:25:00.000Z,2026-06-22T12:25:00.000,744.5050048828125,744.9000244140625,744.3300170898438,744.7849731445312,431416
1782145800,2026-06-22T16:30:00.000Z,2026-06-22T12:30:00.000,744.7899780273438,744.8699951171875,744.260009765625,744.3400268554688,233946
1782146100,2026-06-22T16:35:00.000Z,2026-06-22T12:35:00.000,744.3400268554688,744.510009765625,744.0800170898438,744.4000244140625,244204
1782146400,2026-06-22T16:40:00.000Z,2026-06-22T12:40:00.000,744.4099731445312,744.5599975585938,744.0399780273438,744.3724975585938,234895
1782146700,2026-06-22T16:45:00.000Z,2026-06-22T12:45:00.000,744.35498046875,744.9650268554688,744.1599731445312,744.9650268554688,270577
1782147000,2026-06-22T16:50:00.000Z,2026-06-22T12:50:00.000,744.9600219726562,745.219970703125,744.860107421875,745.0800170898438,292209
1782147300,2026-06-22T16:55:00.000Z,2026-06-22T12:55:00.000,745.0800170898438,745.3099975585938,744.6599731445312,744.9500122070312,357780
1782147600,2026-06-22T17:00:00.000Z,2026-06-22T13:00:00.000,744.9600219726562,745.030029296875,744.6199951171875,744.8499755859375,151653
1782147900,2026-06-22T17:05:00.000Z,2026-06-22T13:05:00.000,744.8400268554688,744.8400268554688,743.9600219726562,744.2000122070312,553185
1782148200,2026-06-22T17:10:00.000Z,2026-06-22T13:10:00.000,744.2000122070312,744.5900268554688,744.1599731445312,744.5900268554688,212142
1782148500,2026-06-22T17:15:00.000Z,2026-06-22T13:15:00.000,744.5999755859375,745.0800170898438,744.5800170898438,745.0499877929688,219319
1782148800,2026-06-22T17:20:00.000Z,2026-06-22T13:20:00.000,745.0399780273438,745.260009765625,744.7000122070312,744.8900146484375,167245
1782149100,2026-06-22T17:25:00.000Z,2026-06-22T13:25:00.000,744.9000244140625,745.010009765625,744.6900024414062,744.7000122070312,121719
1782149400,2026-06-22T17:30:00.000Z,2026-06-22T13:30:00.000,744.72998046875,744.8400268554688,744.3099975585938,744.5,326665
1782149700,2026-06-22T17:35:00.000Z,2026-06-22T13:35:00.000,744.489990234375,744.5,743.97998046875,744.469970703125,353951
1782150000,2026-06-22T17:40:00.000Z,2026-06-22T13:40:00.000,744.4600219726562,744.5800170898438,744.25,744.3599853515625,151639
1782150300,2026-06-22T17:45:00.000Z,2026-06-22T13:45:00.000,744.3599853515625,744.8499755859375,744.25,744.7999877929688,204639
1782150600,2026-06-22T17:50:00.000Z,2026-06-22T13:50:00.000,744.780029296875,745.3400268554688,744.6799926757812,745.22998046875,366155
1782150900,2026-06-22T17:55:00.000Z,2026-06-22T13:55:00.000,745.219970703125,745.22998046875,744.6900024414062,744.6900024414062,703541
1782151200,2026-06-22T18:00:00.000Z,2026-06-22T14:00:00.000,744.7100219726562,744.8599853515625,744.280029296875,744.5050048828125,305507
1782151500,2026-06-22T18:05:00.000Z,2026-06-22T14:05:00.000,744.5029296875,744.9299926757812,744.47998046875,744.9249877929688,455480
1782151800,2026-06-22T18:10:00.000Z,2026-06-22T14:10:00.000,744.9249877929688,745.0599975585938,744.6900024414062,744.97021484375,954146
1782152100,2026-06-22T18:15:00.000Z,2026-06-22T14:15:00.000,744.97998046875,745.3400268554688,744.97998046875,745.2249755859375,233861
1782152400,2026-06-22T18:20:00.000Z,2026-06-22T14:20:00.000,745.22998046875,745.739990234375,745.1900024414062,745.4099731445312,399671
1782152700,2026-06-22T18:25:00.000Z,2026-06-22T14:25:00.000,745.3900146484375,745.4600219726562,744.9199829101562,745.1298828125,323068
1782153000,2026-06-22T18:30:00.000Z,2026-06-22T14:30:00.000,745.1300048828125,745.5300903320312,744.9099731445312,745.0299072265625,355462
1782153300,2026-06-22T18:35:00.000Z,2026-06-22T14:35:00.000,745.02001953125,745.2100219726562,744.8900146484375,744.9299926757812,243228
1782153600,2026-06-22T18:40:00.000Z,2026-06-22T14:40:00.000,744.9299926757812,745.0050048828125,744.489990234375,744.5,428333
1782153900,2026-06-22T18:45:00.000Z,2026-06-22T14:45:00.000,744.510009765625,744.8300170898438,744.4000244140625,744.77001953125,312910
1782154200,2026-06-22T18:50:00.000Z,2026-06-22T14:50:00.000,744.77099609375,744.8499755859375,743.7308959960938,744.0700073242188,522144
1782154500,2026-06-22T18:55:00.000Z,2026-06-22T14:55:00.000,744.0599975585938,744.0599975585938,743.5999755859375,743.7249755859375,467405
1782154800,2026-06-22T19:00:00.000Z,2026-06-22T15:00:00.000,743.72998046875,744.364990234375,743.6900024414062,744.1099853515625,484671
1782155100,2026-06-22T19:05:00.000Z,2026-06-22T15:05:00.000,744.10009765625,744.1400146484375,743.2800903320312,743.6699829101562,977797
1782155400,2026-06-22T19:10:00.000Z,2026-06-22T15:10:00.000,743.6799926757812,744.0798950195312,743.5300903320312,743.9099731445312,454919
1782155700,2026-06-22T19:15:00.000Z,2026-06-22T15:15:00.000,743.9199829101562,744.1799926757812,743.760009765625,744.1400146484375,581319
1782156000,2026-06-22T19:20:00.000Z,2026-06-22T15:20:00.000,744.1199951171875,744.1900024414062,743.6300048828125,743.7100219726562,359577
1782156300,2026-06-22T19:25:00.000Z,2026-06-22T15:25:00.000,743.719970703125,743.8099975585938,743.405029296875,743.405029296875,731800
1782156600,2026-06-22T19:30:00.000Z,2026-06-22T15:30:00.000,743.405029296875,743.97998046875,743.405029296875,743.6900024414062,571716
1782156900,2026-06-22T19:35:00.000Z,2026-06-22T15:35:00.000,743.7100219726562,743.75,743.4400024414062,743.5599975585938,506567
1782157200,2026-06-22T19:40:00.000Z,2026-06-22T15:40:00.000,743.5499877929688,743.6599731445312,743.1300048828125,743.2305297851562,683931
1782157500,2026-06-22T19:45:00.000Z,2026-06-22T15:45:00.000,743.239990234375,743.7999877929688,743.1900024414062,743.77001953125,1537143
1782157800,2026-06-22T19:50:00.000Z,2026-06-22T15:50:00.000,743.77001953125,744.7899780273438,743.5999755859375,744.6699829101562,2152151
1782158100,2026-06-22T19:55:00.000Z,2026-06-22T15:55:00.000,744.6599731445312,744.8699951171875,743.9600219726562,744.3800048828125,3730080
1782221400,2026-06-23T13:30:00.000Z,2026-06-23T09:30:00.000,733.8099975585938,734.22998046875,732.2999877929688,733.9099731445312,4055119
1782221700,2026-06-23T13:35:00.000Z,2026-06-23T09:35:00.000,733.9000244140625,734.5599975585938,732.4149780273438,734.3800048828125,1234551
1782222000,2026-06-23T13:40:00.000Z,2026-06-23T09:40:00.000,734.3800048828125,735.3858032226562,733.7999877929688,734.9400024414062,965762
1782222300,2026-06-23T13:45:00.000Z,2026-06-23T09:45:00.000,734.9000244140625,736.9500122070312,734.5399780273438,736.3800048828125,861863
1782222600,2026-06-23T13:50:00.000Z,2026-06-23T09:50:00.000,736.3900146484375,737.1400146484375,736.3599853515625,736.6199951171875,855974
1782222900,2026-06-23T13:55:00.000Z,2026-06-23T09:55:00.000,736.5999755859375,737.22998046875,736.0800170898438,737.1699829101562,612748
1782223200,2026-06-23T14:00:00.000Z,2026-06-23T10:00:00.000,737.125,738.3499755859375,737,738.02001953125,917721
1782223500,2026-06-23T14:05:00.000Z,2026-06-23T10:05:00.000,738.02001953125,738.5599975585938,737.6300048828125,738.3800048828125,695831
1782223800,2026-06-23T14:10:00.000Z,2026-06-23T10:10:00.000,738.4099731445312,739.030029296875,738.1599731445312,738.9000244140625,773079
1782224100,2026-06-23T14:15:00.000Z,2026-06-23T10:15:00.000,738.8900146484375,739.239990234375,738.530029296875,739.1400146484375,438915
1782224400,2026-06-23T14:20:00.000Z,2026-06-23T10:20:00.000,739.1500244140625,739.6300048828125,738.510009765625,738.8400268554688,589658
1782224700,2026-06-23T14:25:00.000Z,2026-06-23T10:25:00.000,738.8400268554688,739.010009765625,738.1300048828125,738.9000244140625,467204
1782225000,2026-06-23T14:30:00.000Z,2026-06-23T10:30:00.000,738.9000244140625,739.1099853515625,737.780029296875,738.1599731445312,531494
1782225300,2026-06-23T14:35:00.000Z,2026-06-23T10:35:00.000,738.1500244140625,738.7999877929688,737.5700073242188,737.5999755859375,369989
1782225600,2026-06-23T14:40:00.000Z,2026-06-23T10:40:00.000,737.6400146484375,738.1510009765625,737.2050170898438,737.39501953125,430264
1782225900,2026-06-23T14:45:00.000Z,2026-06-23T10:45:00.000,737.4000244140625,737.5900268554688,736.7100219726562,737.3250122070312,482998
1782226200,2026-06-23T14:50:00.000Z,2026-06-23T10:50:00.000,737.3300170898438,737.9600219726562,736.7899780273438,737.1799926757812,521719
1782226500,2026-06-23T14:55:00.000Z,2026-06-23T10:55:00.000,737.1599731445312,737.3200073242188,736.5,737,393516
1782226800,2026-06-23T15:00:00.000Z,2026-06-23T11:00:00.000,737.030029296875,737.4299926757812,736.4400024414062,736.5599975585938,330544
1782227100,2026-06-23T15:05:00.000Z,2026-06-23T11:05:00.000,736.5499877929688,736.6950073242188,735.280029296875,735.9600219726562,508830
1782227400,2026-06-23T15:10:00.000Z,2026-06-23T11:10:00.000,735.989990234375,736.239990234375,735.6799926757812,736.114990234375,351534
1782227700,2026-06-23T15:15:00.000Z,2026-06-23T11:15:00.000,736.0999755859375,736.239990234375,735.1599731445312,735.22998046875,278320
1782228000,2026-06-23T15:20:00.000Z,2026-06-23T11:20:00.000,735.239990234375,735.530029296875,734.5900268554688,734.6199951171875,373969
1782228300,2026-06-23T15:25:00.000Z,2026-06-23T11:25:00.000,734.6199951171875,734.8900146484375,734.260009765625,734.5900268554688,501322
1782228600,2026-06-23T15:30:00.000Z,2026-06-23T11:30:00.000,734.5999755859375,735.260009765625,734.4299926757812,734.969970703125,515678
1782228900,2026-06-23T15:35:00.000Z,2026-06-23T11:35:00.000,734.97998046875,735.510009765625,734.27001953125,734.5,493888
1782229200,2026-06-23T15:40:00.000Z,2026-06-23T11:40:00.000,734.5,735.1699829101562,734.2100219726562,735,327982
1782229500,2026-06-23T15:45:00.000Z,2026-06-23T11:45:00.000,735,735.510009765625,734.780029296875,735.0850219726562,334760
1782229800,2026-06-23T15:50:00.000Z,2026-06-23T11:50:00.000,735.0900268554688,736.219970703125,734.9099731445312,735.8699951171875,459252
1782230100,2026-06-23T15:55:00.000Z,2026-06-23T11:55:00.000,735.8699951171875,736.1445922851562,735.3300170898438,735.969970703125,261576
1782230400,2026-06-23T16:00:00.000Z,2026-06-23T12:00:00.000,735.97998046875,736.739990234375,735.8599853515625,736.6699829101562,296893
1782230700,2026-06-23T16:05:00.000Z,2026-06-23T12:05:00.000,736.6699829101562,737.3300170898438,736.5,737.1799926757812,421075
1782231000,2026-06-23T16:10:00.000Z,2026-06-23T12:10:00.000,737.1799926757812,737.669921875,737.1599731445312,737.47998046875,388239
1782231300,2026-06-23T16:15:00.000Z,2026-06-23T12:15:00.000,737.47998046875,737.6199951171875,736.9299926757812,737.0599975585938,354676
1782231600,2026-06-23T16:20:00.000Z,2026-06-23T12:20:00.000,737.030029296875,737.4476928710938,736.5999755859375,737.3300170898438,278696
1782231900,2026-06-23T16:25:00.000Z,2026-06-23T12:25:00.000,737.3200073242188,737.530029296875,737.0499877929688,737.3800048828125,370688
1782232200,2026-06-23T16:30:00.000Z,2026-06-23T12:30:00.000,737.3800048828125,737.469970703125,736.9500122070312,737.0900268554688,188018
1782232500,2026-06-23T16:35:00.000Z,2026-06-23T12:35:00.000,737.0800170898438,737.5399780273438,737.010009765625,737.47998046875,402374
1782232800,2026-06-23T16:40:00.000Z,2026-06-23T12:40:00.000,737.47998046875,737.97998046875,737.47998046875,737.8699951171875,308600
1782233100,2026-06-23T16:45:00.000Z,2026-06-23T12:45:00.000,737.864990234375,737.9400024414062,737.1010131835938,737.4000244140625,381474
1782233400,2026-06-23T16:50:00.000Z,2026-06-23T12:50:00.000,737.3900146484375,737.4099731445312,736.9400024414062,737.3300170898438,257555
1782233700,2026-06-23T16:55:00.000Z,2026-06-23T12:55:00.000,737.3350219726562,737.6400146484375,737.02001953125,737.4199829101562,223908
1782234000,2026-06-23T17:00:00.000Z,2026-06-23T13:00:00.000,737.4439697265625,737.47998046875,736.6110229492188,736.739990234375,272947
1782234300,2026-06-23T17:05:00.000Z,2026-06-23T13:05:00.000,736.75,736.97998046875,736.510009765625,736.9299926757812,207392
1782234600,2026-06-23T17:10:00.000Z,2026-06-23T13:10:00.000,736.9099731445312,737.739990234375,736.9000244140625,737.3499755859375,261824
1782234900,2026-06-23T17:15:00.000Z,2026-06-23T13:15:00.000,737.3699951171875,737.5900268554688,736.9400024414062,737.1099853515625,242139
1782235200,2026-06-23T17:20:00.000Z,2026-06-23T13:20:00.000,737.1199951171875,738.0999755859375,737.0794067382812,737.8699951171875,303371
1782235500,2026-06-23T17:25:00.000Z,2026-06-23T13:25:00.000,737.8699951171875,737.9199829101562,737.469970703125,737.530029296875,163226
1782235800,2026-06-23T17:30:00.000Z,2026-06-23T13:30:00.000,737.5599975585938,737.75,737.1400146484375,737.75,221598
1782236100,2026-06-23T17:35:00.000Z,2026-06-23T13:35:00.000,737.739990234375,738.030029296875,737.4600219726562,737.5399780273438,220458
1782236400,2026-06-23T17:40:00.000Z,2026-06-23T13:40:00.000,737.530029296875,737.6500244140625,737.0700073242188,737.1500244140625,229498
1782236700,2026-06-23T17:45:00.000Z,2026-06-23T13:45:00.000,737.1699829101562,737.4600219726562,737.0499877929688,737.2750244140625,278118
1782237000,2026-06-23T17:50:00.000Z,2026-06-23T13:50:00.000,737.2750244140625,737.2899780273438,736.010009765625,736.0800170898438,399307
1782237300,2026-06-23T17:55:00.000Z,2026-06-23T13:55:00.000,736.0800170898438,736.22998046875,735.75,735.7949829101562,320357
1782237600,2026-06-23T18:00:00.000Z,2026-06-23T14:00:00.000,735.8300170898438,736.5700073242188,735.6500244140625,736.0399780273438,512364
1782237900,2026-06-23T18:05:00.000Z,2026-06-23T14:05:00.000,736.0598754882812,736.1300048828125,735.3699951171875,735.77001953125,347607
1782238200,2026-06-23T18:10:00.000Z,2026-06-23T14:10:00.000,735.7899780273438,736.02001953125,735.6900024414062,735.8099975585938,296829
1782238500,2026-06-23T18:15:00.000Z,2026-06-23T14:15:00.000,735.7899780273438,736.02001953125,735.4600219726562,735.5800170898438,334379
1782238800,2026-06-23T18:20:00.000Z,2026-06-23T14:20:00.000,735.5850219726562,735.8800048828125,735.219970703125,735.6799926757812,296153
1782239100,2026-06-23T18:25:00.000Z,2026-06-23T14:25:00.000,735.7100219726562,735.72998046875,735.2999877929688,735.4000244140625,652657
1782239400,2026-06-23T18:30:00.000Z,2026-06-23T14:30:00.000,735.3900146484375,735.5087890625,735.0999755859375,735.135009765625,314099
1782239700,2026-06-23T18:35:00.000Z,2026-06-23T14:35:00.000,735.135009765625,735.2650146484375,734.844970703125,734.9099731445312,507851
1782240000,2026-06-23T18:40:00.000Z,2026-06-23T14:40:00.000,734.9000244140625,734.9000244140625,733.77001953125,733.8159790039062,645868
1782240300,2026-06-23T18:45:00.000Z,2026-06-23T14:45:00.000,733.8200073242188,734.02001953125,733.4785766601562,733.9605102539062,803223
1782240600,2026-06-23T18:50:00.000Z,2026-06-23T14:50:00.000,733.9600219726562,734.52001953125,733.3200073242188,733.7100219726562,891765
1782240900,2026-06-23T18:55:00.000Z,2026-06-23T14:55:00.000,733.7000122070312,734.239990234375,733.3499755859375,734.0225219726562,783640
1782241200,2026-06-23T19:00:00.000Z,2026-06-23T15:00:00.000,734,735.010009765625,733.7899780273438,734.97998046875,667064
1782241500,2026-06-23T19:05:00.000Z,2026-06-23T15:05:00.000,734.969970703125,735.5999755859375,734.239990234375,734.4400024414062,988169
1782241800,2026-06-23T19:10:00.000Z,2026-06-23T15:10:00.000,734.4199829101562,734.8599853515625,734.1768188476562,734.469970703125,936129
1782242100,2026-06-23T19:15:00.000Z,2026-06-23T15:15:00.000,734.4600219726562,734.5999755859375,733.760009765625,733.7999877929688,818481
1782242400,2026-06-23T19:20:00.000Z,2026-06-23T15:20:00.000,733.7999877929688,735.1749877929688,733.7000122070312,734.7899780273438,1870552
1782242700,2026-06-23T19:25:00.000Z,2026-06-23T15:25:00.000,734.7999877929688,735.280029296875,734.5999755859375,735.010009765625,987052
1782243000,2026-06-23T19:30:00.000Z,2026-06-23T15:30:00.000,735.02001953125,735.2100219726562,734.3599853515625,734.989990234375,731487
1782243300,2026-06-23T19:35:00.000Z,2026-06-23T15:35:00.000,735,735.1900024414062,734.5999755859375,734.6099853515625,1966344
1782243600,2026-06-23T19:40:00.000Z,2026-06-23T15:40:00.000,734.6099853515625,734.7100219726562,734.1300048828125,734.5,1696913
1782243900,2026-06-23T19:45:00.000Z,2026-06-23T15:45:00.000,734.5,734.72998046875,733.9199829101562,734.7100219726562,1868934
1782244200,2026-06-23T19:50:00.000Z,2026-06-23T15:50:00.000,734.7000122070312,735.5599975585938,734.5399780273438,735.510009765625,2746684
1782244500,2026-06-23T19:55:00.000Z,2026-06-23T15:55:00.000,735.5,735.5,733.5,733.6699829101562,6854005
1782307800,2026-06-24T13:30:00.000Z,2026-06-24T09:30:00.000,735.1699829101562,737.1500244140625,734.3200073242188,736.8400268554688,2382376
1782308100,2026-06-24T13:35:00.000Z,2026-06-24T09:35:00.000,736.8400268554688,737.2899780273438,736.1387939453125,736.3599853515625,809752
1782308400,2026-06-24T13:40:00.000Z,2026-06-24T09:40:00.000,736.3400268554688,736.5499877929688,734.7164916992188,735.7449951171875,969292
1782308700,2026-06-24T13:45:00.000Z,2026-06-24T09:45:00.000,735.719970703125,736.239990234375,734.2999877929688,735.489990234375,1311945
1782309000,2026-06-24T13:50:00.000Z,2026-06-24T09:50:00.000,735.5,737.7000122070312,735.47998046875,737.2999877929688,966421
1782309300,2026-06-24T13:55:00.000Z,2026-06-24T09:55:00.000,737.2999877929688,737.3300170898438,735.8400268554688,735.9349975585938,535342
1782309600,2026-06-24T14:00:00.000Z,2026-06-24T10:00:00.000,735.9400024414062,736.3300170898438,735.239990234375,735.47998046875,360022
1782309900,2026-06-24T14:05:00.000Z,2026-06-24T10:05:00.000,735.510009765625,736.469970703125,735.25,735.739990234375,392817
1782310200,2026-06-24T14:10:00.000Z,2026-06-24T10:10:00.000,735.780029296875,736.219970703125,735.1400146484375,735.5900268554688,892574
1782310500,2026-06-24T14:15:00.000Z,2026-06-24T10:15:00.000,735.5599975585938,735.9600219726562,734.719970703125,734.8800048828125,331358
1782310800,2026-06-24T14:20:00.000Z,2026-06-24T10:20:00.000,734.8800048828125,736.4500122070312,734.1099853515625,736.27001953125,493511
1782311100,2026-06-24T14:25:00.000Z,2026-06-24T10:25:00.000,736.280029296875,736.9749755859375,735.9450073242188,736.489990234375,285032
1782311400,2026-06-24T14:30:00.000Z,2026-06-24T10:30:00.000,736.4600219726562,737.2899780273438,736.4600219726562,736.9600219726562,559618
1782311700,2026-06-24T14:35:00.000Z,2026-06-24T10:35:00.000,736.9400024414062,737.1699829101562,736.2100219726562,736.25,422055
1782312000,2026-06-24T14:40:00.000Z,2026-06-24T10:40:00.000,736.3099975585938,737.6699829101562,736.1599731445312,737.619873046875,272103
1782312300,2026-06-24T14:45:00.000Z,2026-06-24T10:45:00.000,737.6099853515625,738.9199829101562,737.52001953125,738.3099975585938,521402
1782312600,2026-06-24T14:50:00.000Z,2026-06-24T10:50:00.000,738.3200073242188,739.0700073242188,738.3200073242188,738.4199829101562,487918
1782312900,2026-06-24T14:55:00.000Z,2026-06-24T10:55:00.000,738.4249877929688,739.7100219726562,738.1400146484375,739.6599731445312,359928
1782313200,2026-06-24T15:00:00.000Z,2026-06-24T11:00:00.000,739.6799926757812,739.9450073242188,739.1300048828125,739.3099975585938,586642
1782313500,2026-06-24T15:05:00.000Z,2026-06-24T11:05:00.000,739.3099975585938,739.3900146484375,738.25,738.4349975585938,313686
1782313800,2026-06-24T15:10:00.000Z,2026-06-24T11:10:00.000,738.4299926757812,738.8400268554688,737.969970703125,738.510009765625,358371
1782314100,2026-06-24T15:15:00.000Z,2026-06-24T11:15:00.000,738.5,739.3800048828125,738.4000244140625,739.1600952148438,410261
1782314400,2026-06-24T15:20:00.000Z,2026-06-24T11:20:00.000,739.1900024414062,739.3574829101562,738.6699829101562,738.719970703125,279863
1782314700,2026-06-24T15:25:00.000Z,2026-06-24T11:25:00.000,738.719970703125,739.6400146484375,738.1409912109375,739.6400146484375,422828
1782315000,2026-06-24T15:30:00.000Z,2026-06-24T11:30:00.000,739.6300048828125,739.9299926757812,738.9099731445312,739.22998046875,414655
1782315300,2026-06-24T15:35:00.000Z,2026-06-24T11:35:00.000,739.2100219726562,739.5499877929688,738.6300048828125,738.8599853515625,296174
1782315600,2026-06-24T15:40:00.000Z,2026-06-24T11:40:00.000,738.8599853515625,739.0499877929688,738.1600952148438,738.4600219726562,298363
1782315900,2026-06-24T15:45:00.000Z,2026-06-24T11:45:00.000,738.489990234375,738.7000122070312,737.8300170898438,738.6599731445312,363312
1782316200,2026-06-24T15:50:00.000Z,2026-06-24T11:50:00.000,738.6799926757812,739.27001953125,738.6610107421875,738.8400268554688,222441
1782316500,2026-06-24T15:55:00.000Z,2026-06-24T11:55:00.000,738.7999877929688,739.0689697265625,738.1400146484375,738.3400268554688,187955
1782316800,2026-06-24T16:00:00.000Z,2026-06-24T12:00:00.000,738.3400268554688,738.6199951171875,737.9400024414062,738.1157836914062,190916
1782317100,2026-06-24T16:05:00.000Z,2026-06-24T12:05:00.000,738.0999755859375,738.4210205078125,737.8099975585938,738.1500244140625,121414
1782317400,2026-06-24T16:10:00.000Z,2026-06-24T12:10:00.000,738.1597900390625,738.8699951171875,737.9500122070312,738.4600219726562,141561
1782317700,2026-06-24T16:15:00.000Z,2026-06-24T12:15:00.000,738.469970703125,738.8200073242188,738.1484985351562,738.2999877929688,115296
1782318000,2026-06-24T16:20:00.000Z,2026-06-24T12:20:00.000,738.3099975585938,738.7498779296875,738.0399780273438,738.6300048828125,170065
1782318300,2026-06-24T16:25:00.000Z,2026-06-24T12:25:00.000,738.6204223632812,738.6300048828125,738,738.0800170898438,184404
1782318600,2026-06-24T16:30:00.000Z,2026-06-24T12:30:00.000,738.0900268554688,738.0999755859375,737.489990234375,737.6599731445312,236587
1782318900,2026-06-24T16:35:00.000Z,2026-06-24T12:35:00.000,737.6500244140625,737.9299926757812,736.489990234375,736.530029296875,375928
1782319200,2026-06-24T16:40:00.000Z,2026-06-24T12:40:00.000,736.5311889648438,736.5800170898438,735.9199829101562,736.3200073242188,524417
1782319500,2026-06-24T16:45:00.000Z,2026-06-24T12:45:00.000,736.3200073242188,736.6300048828125,735.9299926757812,736.3400268554688,373852
1782319800,2026-06-24T16:50:00.000Z,2026-06-24T12:50:00.000,736.3400268554688,736.8300170898438,735.7999877929688,735.8001098632812,222221
1782320100,2026-06-24T16:55:00.000Z,2026-06-24T12:55:00.000,735.8200073242188,736.0252075195312,735.3900146484375,735.6900024414062,327345
1782320400,2026-06-24T17:00:00.000Z,2026-06-24T13:00:00.000,735.7000122070312,736.4600219726562,735.530029296875,736.4199829101562,368124
1782320700,2026-06-24T17:05:00.000Z,2026-06-24T13:05:00.000,736.4000244140625,736.4299926757812,734.6699829101562,734.9630737304688,427355
1782321000,2026-06-24T17:10:00.000Z,2026-06-24T13:10:00.000,734.9600219726562,735.3770141601562,734.6099853515625,734.7899780273438,390261
1782321300,2026-06-24T17:15:00.000Z,2026-06-24T13:15:00.000,734.780029296875,735.1500244140625,733.5599975585938,733.8200073242188,609435
1782321600,2026-06-24T17:20:00.000Z,2026-06-24T13:20:00.000,733.8099975585938,733.8200073242188,733.0399780273438,733.1300048828125,468611
1782321900,2026-06-24T17:25:00.000Z,2026-06-24T13:25:00.000,733.1300048828125,733.239990234375,732.0599975585938,732.1599731445312,438050
1782322200,2026-06-24T17:30:00.000Z,2026-06-24T13:30:00.000,732.1599731445312,732.6900024414062,731.280029296875,732.3300170898438,661357
1782322500,2026-06-24T17:35:00.000Z,2026-06-24T13:35:00.000,732.3300170898438,732.9249877929688,731.6801147460938,732.530029296875,460801
1782322800,2026-06-24T17:40:00.000Z,2026-06-24T13:40:00.000,732.5,732.84912109375,731.8099975585938,731.9542846679688,377457
1782323100,2026-06-24T17:45:00.000Z,2026-06-24T13:45:00.000,731.9199829101562,732.6500244140625,731.52001953125,732.4600219726562,345856
1782323400,2026-06-24T17:50:00.000Z,2026-06-24T13:50:00.000,732.4500122070312,732.6199951171875,732.0850219726562,732.530029296875,218681
1782323700,2026-06-24T17:55:00.000Z,2026-06-24T13:55:00.000,732.5499877929688,733.1500244140625,731.7000122070312,731.8699951171875,437794
1782324000,2026-06-24T18:00:00.000Z,2026-06-24T14:00:00.000,731.8599853515625,732.9500122070312,731.77001953125,732.5999755859375,464765
1782324300,2026-06-24T18:05:00.000Z,2026-06-24T14:05:00.000,732.6099853515625,733.3800048828125,732.5499877929688,733.010009765625,347464
1782324600,2026-06-24T18:10:00.000Z,2026-06-24T14:10:00.000,733.010009765625,733.1300048828125,732.5499877929688,732.8800048828125,1333594
1782324900,2026-06-24T18:15:00.000Z,2026-06-24T14:15:00.000,732.8900146484375,733.9500122070312,732.8699951171875,733.77001953125,552156
1782325200,2026-06-24T18:20:00.000Z,2026-06-24T14:20:00.000,733.77001953125,734.3298950195312,733.5650024414062,734.3099975585938,381391
1782325500,2026-06-24T18:25:00.000Z,2026-06-24T14:25:00.000,734.3099975585938,734.6599731445312,734.1400146484375,734.3400268554688,464287
1782325800,2026-06-24T18:30:00.000Z,2026-06-24T14:30:00.000,734.3519897460938,734.5700073242188,733.9959716796875,734.25,446611
1782326100,2026-06-24T18:35:00.000Z,2026-06-24T14:35:00.000,734.219970703125,734.3099975585938,733.5,733.6199951171875,411602
1782326400,2026-06-24T18:40:00.000Z,2026-06-24T14:40:00.000,733.6199951171875,733.77001953125,732.875,733.260009765625,556350
1782326700,2026-06-24T18:45:00.000Z,2026-06-24T14:45:00.000,733.239990234375,733.239990234375,731.4600219726562,731.7999877929688,596787
1782327000,2026-06-24T18:50:00.000Z,2026-06-24T14:50:00.000,731.8200073242188,732.1950073242188,731.22998046875,732.1300048828125,876052
1782327300,2026-06-24T18:55:00.000Z,2026-06-24T14:55:00.000,732.1400146484375,732.8300170898438,731.6500244140625,731.9299926757812,446993
1782327600,2026-06-24T19:00:00.000Z,2026-06-24T15:00:00.000,731.9299926757812,732.9400024414062,731.3400268554688,732.5900268554688,583380
1782327900,2026-06-24T19:05:00.000Z,2026-06-24T15:05:00.000,732.5900268554688,732.59912109375,730.8599853515625,731.3250122070312,741157
1782328200,2026-06-24T19:10:00.000Z,2026-06-24T15:10:00.000,731.3200073242188,731.760009765625,730.8400268554688,731.6400146484375,781000
1782328500,2026-06-24T19:15:00.000Z,2026-06-24T15:15:00.000,731.6300048828125,731.739990234375,731.2100219726562,731.5999755859375,735379
1782328800,2026-06-24T19:20:00.000Z,2026-06-24T15:20:00.000,731.5900268554688,731.8599853515625,731.260009765625,731.8499755859375,435937
1782329100,2026-06-24T19:25:00.000Z,2026-06-24T15:25:00.000,731.8599853515625,732.3289794921875,731.72998046875,731.97998046875,653041
1782329400,2026-06-24T19:30:00.000Z,2026-06-24T15:30:00.000,731.969970703125,732.2100219726562,731.510009765625,731.6799926757812,621434
1782329700,2026-06-24T19:35:00.000Z,2026-06-24T15:35:00.000,731.7000122070312,731.9500122070312,731.3800048828125,731.780029296875,597248
1782330000,2026-06-24T19:40:00.000Z,2026-06-24T15:40:00.000,731.760009765625,732.093994140625,730.9299926757812,731.489990234375,1004610
1782330300,2026-06-24T19:45:00.000Z,2026-06-24T15:45:00.000,731.5,732.260009765625,731.4400024414062,732.0599975585938,927484
1782330600,2026-06-24T19:50:00.000Z,2026-06-24T15:50:00.000,732.0900268554688,733.0900268554688,731.530029296875,732.9949951171875,1460238
1782330900,2026-06-24T19:55:00.000Z,2026-06-24T15:55:00.000,732.97998046875,733.3499755859375,732.094970703125,733.0800170898438,4087093
1782394200,2026-06-25T13:30:00.000Z,2026-06-25T09:30:00.000,738.9099731445312,739.3699951171875,736.8599853515625,737.3399047851562,2290954
1782394500,2026-06-25T13:35:00.000Z,2026-06-25T09:35:00.000,737.3099975585938,738.0250244140625,736.8800048828125,736.9600219726562,728645
1782394800,2026-06-25T13:40:00.000Z,2026-06-25T09:40:00.000,736.989990234375,737.1165161132812,734.0401000976562,734.2899780273438,956280
1782395100,2026-06-25T13:45:00.000Z,2026-06-25T09:45:00.000,734.2999877929688,734.7849731445312,731.5399780273438,732.889892578125,1504795
1782395400,2026-06-25T13:50:00.000Z,2026-06-25T09:50:00.000,732.8900146484375,733.6599731445312,730.5,730.7000122070312,1122053
1782395700,2026-06-25T13:55:00.000Z,2026-06-25T09:55:00.000,730.6599731445312,731.219970703125,729.5999755859375,729.8350219726562,1333328
1782396000,2026-06-25T14:00:00.000Z,2026-06-25T10:00:00.000,729.8350219726562,733.530029296875,729.780029296875,733.239990234375,1285270
1782396300,2026-06-25T14:05:00.000Z,2026-06-25T10:05:00.000,733.27001953125,735.030029296875,733.25,734.9099731445312,975194
1782396600,2026-06-25T14:10:00.000Z,2026-06-25T10:10:00.000,734.9299926757812,735.8599853515625,734.0499877929688,734.1199951171875,942601
1782396900,2026-06-25T14:15:00.000Z,2026-06-25T10:15:00.000,734.1300048828125,735.6699829101562,733.1799926757812,735.5599975585938,572213
1782397200,2026-06-25T14:20:00.000Z,2026-06-25T10:20:00.000,735.5549926757812,736.5,734.510009765625,735,684376
1782397500,2026-06-25T14:25:00.000Z,2026-06-25T10:25:00.000,735.010009765625,735.9199829101562,734.8099975585938,735.4749755859375,468631
1782397800,2026-06-25T14:30:00.000Z,2026-06-25T10:30:00.000,735.4400024414062,737.0999755859375,735.3200073242188,736.3699951171875,690777
1782398100,2026-06-25T14:35:00.000Z,2026-06-25T10:35:00.000,736.3800048828125,736.8400268554688,735.5899047851562,736.64501953125,389804
1782398400,2026-06-25T14:40:00.000Z,2026-06-25T10:40:00.000,736.6699829101562,736.760009765625,734.77001953125,735.409912109375,511150
1782398700,2026-06-25T14:45:00.000Z,2026-06-25T10:45:00.000,735.3900146484375,736.5900268554688,734.75,736.3499755859375,460281
1782399000,2026-06-25T14:50:00.000Z,2026-06-25T10:50:00.000,736.3300170898438,737.8200073242188,736.02001953125,737.7999877929688,570673
1782399300,2026-06-25T14:55:00.000Z,2026-06-25T10:55:00.000,737.72998046875,737.72998046875,735.030029296875,735.22998046875,682515
1782399600,2026-06-25T15:00:00.000Z,2026-06-25T11:00:00.000,735.260009765625,736.22998046875,734.8599853515625,736.1599731445312,360286
1782399900,2026-06-25T15:05:00.000Z,2026-06-25T11:05:00.000,736.1600952148438,736.52001953125,734.5,734.760009765625,573608
1782400200,2026-06-25T15:10:00.000Z,2026-06-25T11:10:00.000,734.75,734.8900146484375,732.6199951171875,732.969970703125,759178
1782400500,2026-06-25T15:15:00.000Z,2026-06-25T11:15:00.000,732.97998046875,733.875,731.8499755859375,733.6699829101562,869307
1782400800,2026-06-25T15:20:00.000Z,2026-06-25T11:20:00.000,733.6400146484375,734.8499755859375,732.9500122070312,734.5100708007812,438640
1782401100,2026-06-25T15:25:00.000Z,2026-06-25T11:25:00.000,734.510009765625,734.8599853515625,733.7811279296875,734.2899780273438,318833
1782401400,2026-06-25T15:30:00.000Z,2026-06-25T11:30:00.000,734.2899780273438,735.4500122070312,734.0900268554688,734.2230834960938,363481
1782401700,2026-06-25T15:35:00.000Z,2026-06-25T11:35:00.000,734.219970703125,734.9500122070312,734.1900024414062,734.2100219726562,262389
1782402000,2026-06-25T15:40:00.000Z,2026-06-25T11:40:00.000,734.219970703125,734.8800048828125,733.9199829101562,734.77001953125,243193
1782402300,2026-06-25T15:45:00.000Z,2026-06-25T11:45:00.000,734.75,735.7899780273438,734.3200073242188,734.448974609375,353941
1782402600,2026-06-25T15:50:00.000Z,2026-06-25T11:50:00.000,734.4199829101562,734.963623046875,734.0800170898438,734.5999755859375,350497
1782402900,2026-06-25T15:55:00.000Z,2026-06-25T11:55:00.000,734.5700073242188,734.9500122070312,734,734.1400146484375,312731
1782403200,2026-06-25T16:00:00.000Z,2026-06-25T12:00:00.000,734.1599731445312,734.3900146484375,733.6699829101562,734.1500244140625,419773
1782403500,2026-06-25T16:05:00.000Z,2026-06-25T12:05:00.000,734.1699829101562,735.4099731445312,733.9979858398438,735.3300170898438,313185
1782403800,2026-06-25T16:10:00.000Z,2026-06-25T12:10:00.000,735.3300170898438,736.1799926757812,735.22998046875,735.6900024414062,275271
1782404100,2026-06-25T16:15:00.000Z,2026-06-25T12:15:00.000,735.7100219726562,736.27001953125,735.4099731445312,735.5,459374
1782404400,2026-06-25T16:20:00.000Z,2026-06-25T12:20:00.000,735.510009765625,735.760009765625,734.27001953125,734.4401245117188,231278
1782404700,2026-06-25T16:25:00.000Z,2026-06-25T12:25:00.000,734.4450073242188,734.6199951171875,733.9400024414062,734.1900024414062,145748
1782405000,2026-06-25T16:30:00.000Z,2026-06-25T12:30:00.000,734.2249755859375,734.2249755859375,732.969970703125,733.389892578125,270861
1782405300,2026-06-25T16:35:00.000Z,2026-06-25T12:35:00.000,733.3474731445312,733.5900268554688,732.6599731445312,732.77001953125,236045
1782405600,2026-06-25T16:40:00.000Z,2026-06-25T12:40:00.000,732.77001953125,732.9600219726562,732.114990234375,732.2899780273438,307419
1782405900,2026-06-25T16:45:00.000Z,2026-06-25T12:45:00.000,732.2899780273438,732.9099731445312,731.5,732.7999877929688,483054
1782406200,2026-06-25T16:50:00.000Z,2026-06-25T12:50:00.000,732.8099975585938,733.0900268554688,732.2816772460938,732.7000122070312,185405
1782406500,2026-06-25T16:55:00.000Z,2026-06-25T12:55:00.000,732.72998046875,732.739990234375,732.0700073242188,732.5399780273438,263554
1782406800,2026-06-25T17:00:00.000Z,2026-06-25T13:00:00.000,732.5599975585938,733.0198974609375,732.489990234375,732.5078125,272270
1782407100,2026-06-25T17:05:00.000Z,2026-06-25T13:05:00.000,732.5,732.8099975585938,732.135009765625,732.7000122070312,170339
1782407400,2026-06-25T17:10:00.000Z,2026-06-25T13:10:00.000,732.6900024414062,733.719970703125,732.6900024414062,733.219970703125,300186
1782407700,2026-06-25T17:15:00.000Z,2026-06-25T13:15:00.000,733.22998046875,734.25,732.489990234375,732.510009765625,303872
1782408000,2026-06-25T17:20:00.000Z,2026-06-25T13:20:00.000,732.52001953125,733.0700073242188,732.0800170898438,732.8900146484375,265270
1782408300,2026-06-25T17:25:00.000Z,2026-06-25T13:25:00.000,732.9199829101562,733.6500244140625,732.8400268554688,733.260009765625,176168
1782408600,2026-06-25T17:30:00.000Z,2026-06-25T13:30:00.000,733.27001953125,733.52001953125,732.6199951171875,732.9299926757812,473496
1782408900,2026-06-25T17:35:00.000Z,2026-06-25T13:35:00.000,732.9299926757812,733.5499877929688,732.8599853515625,733.3400268554688,221327
1782409200,2026-06-25T17:40:00.000Z,2026-06-25T13:40:00.000,733.3300170898438,733.7899780273438,732.52001953125,732.6300048828125,280614
1782409500,2026-06-25T17:45:00.000Z,2026-06-25T13:45:00.000,732.64990234375,732.6500244140625,731.6599731445312,731.8599853515625,272022
1782409800,2026-06-25T17:50:00.000Z,2026-06-25T13:50:00.000,731.8300170898438,732.7899780273438,731.5999755859375,732.5700073242188,1049173
1782410100,2026-06-25T17:55:00.000Z,2026-06-25T13:55:00.000,732.5599975585938,733.5800170898438,732.3400268554688,733.4500122070312,277407
1782410400,2026-06-25T18:00:00.000Z,2026-06-25T14:00:00.000,733.4400024414062,733.52001953125,731.3800048828125,731.9299926757812,684404
1782410700,2026-06-25T18:05:00.000Z,2026-06-25T14:05:00.000,732.010009765625,733.5999755859375,731.72998046875,733.4249877929688,389947
1782411000,2026-06-25T18:10:00.000Z,2026-06-25T14:10:00.000,733.4000244140625,733.989990234375,732.9000244140625,733.219970703125,290147
1782411300,2026-06-25T18:15:00.000Z,2026-06-25T14:15:00.000,733.22998046875,735.3699951171875,732.969970703125,734.8200073242188,423139
1782411600,2026-06-25T18:20:00.000Z,2026-06-25T14:20:00.000,734.8200073242188,735.1900024414062,734.2100219726562,734.9099731445312,545511
1782411900,2026-06-25T18:25:00.000Z,2026-06-25T14:25:00.000,734.9099731445312,736.0599975585938,734.9000244140625,735.8400268554688,503430
1782412200,2026-06-25T18:30:00.000Z,2026-06-25T14:30:00.000,735.8300170898438,735.8499755859375,733.9509887695312,734.02001953125,487104
1782412500,2026-06-25T18:35:00.000Z,2026-06-25T14:35:00.000,734.02001953125,734.7100219726562,733.5999755859375,734.4600219726562,429100
1782412800,2026-06-25T18:40:00.000Z,2026-06-25T14:40:00.000,734.4400024414062,734.489990234375,733.8400268554688,733.9249877929688,240605
1782413100,2026-06-25T18:45:00.000Z,2026-06-25T14:45:00.000,733.9199829101562,733.9199829101562,732.6900024414062,733.5650024414062,472887
1782413400,2026-06-25T18:50:00.000Z,2026-06-25T14:50:00.000,733.5599975585938,734.3499755859375,733.39501953125,733.6849975585938,225129
1782413700,2026-06-25T18:55:00.000Z,2026-06-25T14:55:00.000,733.7000122070312,734.0900268554688,733.530029296875,733.8800048828125,557703
1782414000,2026-06-25T19:00:00.000Z,2026-06-25T15:00:00.000,733.9299926757812,733.94140625,732.72998046875,733,278761
1782414300,2026-06-25T19:05:00.000Z,2026-06-25T15:05:00.000,732.9600219726562,733.22998046875,732.77001953125,733.0900268554688,637429
1782414600,2026-06-25T19:10:00.000Z,2026-06-25T15:10:00.000,733.0900268554688,733.2000122070312,732.3200073242188,732.3800048828125,802619
1782414900,2026-06-25T19:15:00.000Z,2026-06-25T15:15:00.000,732.3699951171875,732.6199951171875,731.8699951171875,732.22998046875,600012
1782415200,2026-06-25T19:20:00.000Z,2026-06-25T15:20:00.000,732.2501220703125,732.6500244140625,732.030029296875,732.6500244140625,473041
1782415500,2026-06-25T19:25:00.000Z,2026-06-25T15:25:00.000,732.6500244140625,732.8499755859375,732.0512084960938,732.3923950195312,639433
1782415800,2026-06-25T19:30:00.000Z,2026-06-25T15:30:00.000,732.3900146484375,732.5,731.760009765625,732.1500244140625,613613
1782416100,2026-06-25T19:35:00.000Z,2026-06-25T15:35:00.000,732.1400146484375,732.1500244140625,731.6900024414062,732.0891723632812,1177683
1782416400,2026-06-25T19:40:00.000Z,2026-06-25T15:40:00.000,732.0900268554688,732.3300170898438,731.5999755859375,731.9600219726562,706812
1782416700,2026-06-25T19:45:00.000Z,2026-06-25T15:45:00.000,731.9760131835938,732.030029296875,731.3599853515625,731.7550048828125,1173970
1782417000,2026-06-25T19:50:00.000Z,2026-06-25T15:50:00.000,731.760009765625,732.6099853515625,731.3300170898438,732.5399780273438,1067447
1782417300,2026-06-25T19:55:00.000Z,2026-06-25T15:55:00.000,732.5599975585938,733.3800048828125,731.9400024414062,733.27001953125,3008874
1782480600,2026-06-26T13:30:00.000Z,2026-06-26T09:30:00.000,728.9450073242188,729.6599731445312,726.8599853515625,727.8599853515625,2579437
1782480900,2026-06-26T13:35:00.000Z,2026-06-26T09:35:00.000,727.8599853515625,729.1300048828125,727.5900268554688,728.1300048828125,774922
1782481200,2026-06-26T13:40:00.000Z,2026-06-26T09:40:00.000,728.1099853515625,729.4299926757812,727.72998046875,729.239990234375,583008
1782481500,2026-06-26T13:45:00.000Z,2026-06-26T09:45:00.000,729.239990234375,729.7999877929688,727.969970703125,728.7100219726562,691468
1782481800,2026-06-26T13:50:00.000Z,2026-06-26T09:50:00.000,728.6500244140625,729.6500244140625,728.52001953125,729.3200073242188,529081
1782482100,2026-06-26T13:55:00.000Z,2026-06-26T09:55:00.000,729.3900146484375,731.3099975585938,729.1900024414062,730.89501953125,791514
1782482400,2026-06-26T14:00:00.000Z,2026-06-26T10:00:00.000,730.8699951171875,732.280029296875,730.6300048828125,732.1900024414062,962854
1782482700,2026-06-26T14:05:00.000Z,2026-06-26T10:05:00.000,732.2000122070312,733.1500244140625,732.1300048828125,733.02001953125,670601
1782483000,2026-06-26T14:10:00.000Z,2026-06-26T10:10:00.000,733.0001220703125,733.4400024414062,732.4000244140625,733.2000122070312,636854
1782483300,2026-06-26T14:15:00.000Z,2026-06-26T10:15:00.000,733.1900024414062,733.5700073242188,732.4400024414062,732.6099853515625,625122
1782483600,2026-06-26T14:20:00.000Z,2026-06-26T10:20:00.000,732.6099853515625,734.2424926757812,732.469970703125,733.4500122070312,590355
1782483900,2026-06-26T14:25:00.000Z,2026-06-26T10:25:00.000,733.4400024414062,733.9400024414062,733.239990234375,733.489990234375,418348
1782484200,2026-06-26T14:30:00.000Z,2026-06-26T10:30:00.000,733.489990234375,733.9199829101562,733.0260009765625,733.364990234375,437501
1782484500,2026-06-26T14:35:00.000Z,2026-06-26T10:35:00.000,733.3800048828125,733.4199829101562,732.1199951171875,732.1799926757812,490183
1782484800,2026-06-26T14:40:00.000Z,2026-06-26T10:40:00.000,732.1699829101562,733.0800170898438,731.6005249023438,732.1699829101562,719234
1782485100,2026-06-26T14:45:00.000Z,2026-06-26T10:45:00.000,732.2000122070312,733.3800048828125,732.0499877929688,732.8800048828125,328567
1782485400,2026-06-26T14:50:00.000Z,2026-06-26T10:50:00.000,732.9000244140625,733.22998046875,732.2301025390625,732.530029296875,324677
1782485700,2026-06-26T14:55:00.000Z,2026-06-26T10:55:00.000,732.52001953125,732.9749755859375,731.8599853515625,732.4500122070312,330085
1782486000,2026-06-26T15:00:00.000Z,2026-06-26T11:00:00.000,732.4600219726562,733.4000244140625,732.4400024414062,732.780029296875,275083
1782486300,2026-06-26T15:05:00.000Z,2026-06-26T11:05:00.000,732.7999877929688,733.1599731445312,732.280029296875,733.0599975585938,311474
1782486600,2026-06-26T15:10:00.000Z,2026-06-26T11:10:00.000,733.0599975585938,733.219970703125,731.9400024414062,732.0700073242188,325345
1782486900,2026-06-26T15:15:00.000Z,2026-06-26T11:15:00.000,732.0800170898438,733.22998046875,731.6199951171875,733.0599975585938,422362
1782487200,2026-06-26T15:20:00.000Z,2026-06-26T11:20:00.000,733.030029296875,733.8499755859375,732.8200073242188,733.7999877929688,459844
1782487500,2026-06-26T15:25:00.000Z,2026-06-26T11:25:00.000,733.780029296875,734.6699829101562,733.6680297851562,734.6699829101562,572714
1782487800,2026-06-26T15:30:00.000Z,2026-06-26T11:30:00.000,734.6699829101562,735.6099853515625,734.3699951171875,734.52001953125,485293
1782488100,2026-06-26T15:35:00.000Z,2026-06-26T11:35:00.000,734.52001953125,735.9600219726562,734.52001953125,735.7518920898438,459799
1782488400,2026-06-26T15:40:00.000Z,2026-06-26T11:40:00.000,735.7999877929688,736.530029296875,735.5399780273438,736.27001953125,1067168
1782488700,2026-06-26T15:45:00.000Z,2026-06-26T11:45:00.000,736.260009765625,736.4600219726562,735.5449829101562,735.5700073242188,299213
1782489000,2026-06-26T15:50:00.000Z,2026-06-26T11:50:00.000,735.5800170898438,736.0399780273438,734.1799926757812,734.5650024414062,702130
1782489300,2026-06-26T15:55:00.000Z,2026-06-26T11:55:00.000,734.5499877929688,735.8699951171875,734.3800048828125,735.4000244140625,411465
1782489600,2026-06-26T16:00:00.000Z,2026-06-26T12:00:00.000,735.4000244140625,735.52001953125,735.0900268554688,735.3300170898438,307618
1782489900,2026-06-26T16:05:00.000Z,2026-06-26T12:05:00.000,735.3200073242188,735.4000244140625,734.1199951171875,734.25,493308
1782490200,2026-06-26T16:10:00.000Z,2026-06-26T12:10:00.000,734.239990234375,734.489990234375,733.7999877929688,734.1199951171875,298964
1782490500,2026-06-26T16:15:00.000Z,2026-06-26T12:15:00.000,734.1300048828125,734.6300048828125,733.780029296875,734,378112
1782490800,2026-06-26T16:20:00.000Z,2026-06-26T12:20:00.000,734.010009765625,734.1400146484375,732.739990234375,733.239990234375,683169
1782491100,2026-06-26T16:25:00.000Z,2026-06-26T12:25:00.000,733.239990234375,733.6400146484375,733.114990234375,733.4199829101562,248333
1782491400,2026-06-26T16:30:00.000Z,2026-06-26T12:30:00.000,733.4000244140625,734.7000122070312,733.4000244140625,734.6300048828125,399655
1782491700,2026-06-26T16:35:00.000Z,2026-06-26T12:35:00.000,734.6400146484375,734.780029296875,734.219970703125,734.3900146484375,387603
1782492000,2026-06-26T16:40:00.000Z,2026-06-26T12:40:00.000,734.4199829101562,734.6400146484375,733.989990234375,734.030029296875,282984
1782492300,2026-06-26T16:45:00.000Z,2026-06-26T12:45:00.000,734.0499877929688,734.3900146484375,733.8499755859375,734.35498046875,242152
1782492600,2026-06-26T16:50:00.000Z,2026-06-26T12:50:00.000,734.3599853515625,734.9000244140625,734.280029296875,734.6099853515625,308567
1782492900,2026-06-26T16:55:00.000Z,2026-06-26T12:55:00.000,734.5999755859375,734.5999755859375,734.25,734.469970703125,553633
1782493200,2026-06-26T17:00:00.000Z,2026-06-26T13:00:00.000,734.47998046875,735.1898803710938,734.1699829101562,734.9299926757812,1072586
1782493500,2026-06-26T17:05:00.000Z,2026-06-26T13:05:00.000,734.9349975585938,735.7899780273438,734.9099731445312,735.6500244140625,503894
1782493800,2026-06-26T17:10:00.000Z,2026-06-26T13:10:00.000,735.6199951171875,735.8599853515625,734.9299926757812,735.0850219726562,269283
1782494100,2026-06-26T17:15:00.000Z,2026-06-26T13:15:00.000,735.0999755859375,735.159912109375,734.2899780273438,734.4400024414062,312733
1782494400,2026-06-26T17:20:00.000Z,2026-06-26T13:20:00.000,734.4500122070312,734.6199951171875,733.9600219726562,734.0499877929688,254430
1782494700,2026-06-26T17:25:00.000Z,2026-06-26T13:25:00.000,734.0399780273438,734.97998046875,733.7899780273438,734.719970703125,299790
1782495000,2026-06-26T17:30:00.000Z,2026-06-26T13:30:00.000,734.719970703125,735.3900146484375,734.4500122070312,734.6325073242188,607375
1782495300,2026-06-26T17:35:00.000Z,2026-06-26T13:35:00.000,734.6199951171875,734.6300048828125,733.989990234375,734.0499877929688,210745
1782495600,2026-06-26T17:40:00.000Z,2026-06-26T13:40:00.000,734.0499877929688,734.530029296875,733.6199951171875,734.260009765625,256537
1782495900,2026-06-26T17:45:00.000Z,2026-06-26T13:45:00.000,734.260009765625,734.4099731445312,733.8400268554688,733.8599853515625,308354
1782496200,2026-06-26T17:50:00.000Z,2026-06-26T13:50:00.000,733.8599853515625,734.3200073242188,733.7999877929688,734.0800170898438,490773
1782496500,2026-06-26T17:55:00.000Z,2026-06-26T13:55:00.000,734.0599975585938,734.0900268554688,733.469970703125,733.6599731445312,257240
1782496800,2026-06-26T18:00:00.000Z,2026-06-26T14:00:00.000,733.6900024414062,734.4000244140625,733.6300048828125,734.260009765625,425897
1782497100,2026-06-26T18:05:00.000Z,2026-06-26T14:05:00.000,734.22998046875,734.5900268554688,734.0399780273438,734.1900024414062,414628
1782497400,2026-06-26T18:10:00.000Z,2026-06-26T14:10:00.000,734.1500244140625,734.4349975585938,733.8599853515625,734.0399780273438,410104
1782497700,2026-06-26T18:15:00.000Z,2026-06-26T14:15:00.000,734.0499877929688,734.219970703125,733.239990234375,733.4000244140625,401311
1782498000,2026-06-26T18:20:00.000Z,2026-06-26T14:20:00.000,733.4000244140625,733.6699829101562,733.239990234375,733.5599975585938,362582
1782498300,2026-06-26T18:25:00.000Z,2026-06-26T14:25:00.000,733.5499877929688,733.6699829101562,732.739990234375,732.8300170898438,523588
1782498600,2026-06-26T18:30:00.000Z,2026-06-26T14:30:00.000,732.8300170898438,733.6699829101562,732.77001953125,733.4650268554688,500496
1782498900,2026-06-26T18:35:00.000Z,2026-06-26T14:35:00.000,733.469970703125,733.47998046875,732.72998046875,732.8900146484375,653782
1782499200,2026-06-26T18:40:00.000Z,2026-06-26T14:40:00.000,732.89501953125,733.1500244140625,732.7501220703125,732.77001953125,275589
1782499500,2026-06-26T18:45:00.000Z,2026-06-26T14:45:00.000,732.8099975585938,732.8099975585938,731.760009765625,732.0299072265625,1343333
1782499800,2026-06-26T18:50:00.000Z,2026-06-26T14:50:00.000,732.030029296875,732.1199951171875,731.6099853515625,731.7899780273438,705681
1782500100,2026-06-26T18:55:00.000Z,2026-06-26T14:55:00.000,731.7899780273438,732.1300048828125,731.280029296875,731.6199951171875,642203
1782500400,2026-06-26T19:00:00.000Z,2026-06-26T15:00:00.000,731.6300048828125,732.0999755859375,731.4299926757812,731.4600219726562,747871
1782500700,2026-06-26T19:05:00.000Z,2026-06-26T15:05:00.000,731.4299926757812,732.47998046875,731.3300170898438,732.3499755859375,584108
1782501000,2026-06-26T19:10:00.000Z,2026-06-26T15:10:00.000,732.3400268554688,732.7999877929688,732.0125122070312,732.7899780273438,743956
1782501300,2026-06-26T19:15:00.000Z,2026-06-26T15:15:00.000,732.77001953125,732.989990234375,732.4400024414062,732.75,904491
1782501600,2026-06-26T19:20:00.000Z,2026-06-26T15:20:00.000,732.75,732.8900146484375,731.780029296875,732.27001953125,666454
1782501900,2026-06-26T19:25:00.000Z,2026-06-26T15:25:00.000,732.260986328125,732.47998046875,732.0999755859375,732.1900024414062,457110
1782502200,2026-06-26T19:30:00.000Z,2026-06-26T15:30:00.000,732.2000122070312,732.8699951171875,731.760009765625,732.6699829101562,779885
1782502500,2026-06-26T19:35:00.000Z,2026-06-26T15:35:00.000,732.6599731445312,732.8599853515625,732.280029296875,732.33251953125,923723
1782502800,2026-06-26T19:40:00.000Z,2026-06-26T15:40:00.000,732.3300170898438,733.3499755859375,732.3099975585938,733.27001953125,602325
1782503100,2026-06-26T19:45:00.000Z,2026-06-26T15:45:00.000,733.280029296875,733.8599853515625,732.7100219726562,733.0499877929688,1278652
1782503400,2026-06-26T19:50:00.000Z,2026-06-26T15:50:00.000,733.0399780273438,733.6699829101562,732.5601196289062,733.1500244140625,1508906
1782503700,2026-06-26T19:55:00.000Z,2026-06-26T15:55:00.000,733.1300048828125,733.5999755859375,716.5800170898438,729.0800170898438,6846621
1782739800,2026-06-29T13:30:00.000Z,2026-06-29T09:30:00.000,736.5250244140625,738.760009765625,735.2999877929688,738.6799926757812,2570080
1782740100,2026-06-29T13:35:00.000Z,2026-06-29T09:35:00.000,738.6699829101562,738.6799926757812,736.9299926757812,738.0299072265625,804156
1782740400,2026-06-29T13:40:00.000Z,2026-06-29T09:40:00.000,738.010009765625,739.25,737.4400024414062,739.239990234375,641410
1782740700,2026-06-29T13:45:00.000Z,2026-06-29T09:45:00.000,739.25,739.72998046875,738.7849731445312,738.8499755859375,956993
1782741000,2026-06-29T13:50:00.000Z,2026-06-29T09:50:00.000,738.8499755859375,739.89501953125,738.3499755859375,738.9000244140625,575442
1782741300,2026-06-29T13:55:00.000Z,2026-06-29T09:55:00.000,738.8900146484375,739.010009765625,736.4099731445312,736.889892578125,891566
1782741600,2026-06-29T14:00:00.000Z,2026-06-29T10:00:00.000,736.8699951171875,737.0700073242188,735.8800048828125,736.0499877929688,956842
1782741900,2026-06-29T14:05:00.000Z,2026-06-29T10:05:00.000,736.0499877929688,736.1599731445312,734.6500244140625,735.051513671875,781976
1782742200,2026-06-29T14:10:00.000Z,2026-06-29T10:10:00.000,735.0800170898438,735.3300170898438,732.7000122070312,732.7000122070312,880684
1782742500,2026-06-29T14:15:00.000Z,2026-06-29T10:15:00.000,732.7000122070312,733.9400024414062,732.0900268554688,733.6900024414062,1327368
1782742800,2026-06-29T14:20:00.000Z,2026-06-29T10:20:00.000,733.719970703125,734.5850219726562,733.3099975585938,734.1599731445312,806300
1782743100,2026-06-29T14:25:00.000Z,2026-06-29T10:25:00.000,734.1599731445312,736.1900024414062,734.1400146484375,736.0700073242188,972450
1782743400,2026-06-29T14:30:00.000Z,2026-06-29T10:30:00.000,736.0800170898438,737.6500244140625,735.9299926757812,737.4000244140625,811881
1782743700,2026-06-29T14:35:00.000Z,2026-06-29T10:35:00.000,737.39501953125,737.719970703125,736.8699951171875,737.1400146484375,585582
1782744000,2026-06-29T14:40:00.000Z,2026-06-29T10:40:00.000,737.0999755859375,737.8099975585938,736.8200073242188,737.0499877929688,444038
1782744300,2026-06-29T14:45:00.000Z,2026-06-29T10:45:00.000,737.0399780273438,737.0399780273438,735.8800048828125,736.6599731445312,868092
1782744600,2026-06-29T14:50:00.000Z,2026-06-29T10:50:00.000,736.6500244140625,738.3200073242188,736.6300048828125,737.9650268554688,573435
1782744900,2026-06-29T14:55:00.000Z,2026-06-29T10:55:00.000,737.9600219726562,737.9600219726562,737.1400146484375,737.8599853515625,400504
1782745200,2026-06-29T15:00:00.000Z,2026-06-29T11:00:00.000,737.8800048828125,738.02001953125,737.2000122070312,737.3579711914062,481912
1782745500,2026-06-29T15:05:00.000Z,2026-06-29T11:05:00.000,737.3599853515625,737.530029296875,737.02001953125,737.2100219726562,272363
1782745800,2026-06-29T15:10:00.000Z,2026-06-29T11:10:00.000,737.2100219726562,737.47998046875,736.5,737.4600219726562,372214
1782746100,2026-06-29T15:15:00.000Z,2026-06-29T11:15:00.000,737.47998046875,737.739990234375,736.9000244140625,736.969970703125,308183
1782746400,2026-06-29T15:20:00.000Z,2026-06-29T11:20:00.000,736.9600219726562,737.489990234375,736.3300170898438,736.72998046875,432927
1782746700,2026-06-29T15:25:00.000Z,2026-06-29T11:25:00.000,736.719970703125,737.8200073242188,736.5499877929688,737.77001953125,252935
1782747000,2026-06-29T15:30:00.000Z,2026-06-29T11:30:00.000,737.760009765625,738.030029296875,737.530029296875,737.5999755859375,531255
1782747300,2026-06-29T15:35:00.000Z,2026-06-29T11:35:00.000,737.5800170898438,738.1699829101562,737.2100219726562,738.0499877929688,319713
1782747600,2026-06-29T15:40:00.000Z,2026-06-29T11:40:00.000,738.010009765625,738.489990234375,737.719970703125,738.4400024414062,290035
1782747900,2026-06-29T15:45:00.000Z,2026-06-29T11:45:00.000,738.4400024414062,738.4450073242188,737.780029296875,737.9099731445312,474121
1782748200,2026-06-29T15:50:00.000Z,2026-06-29T11:50:00.000,737.9199829101562,738.1799926757812,737.760009765625,738.0599975585938,201728
1782748500,2026-06-29T15:55:00.000Z,2026-06-29T11:55:00.000,738.0399780273438,738.5800170898438,737.8244018554688,738.510009765625,241579
1782748800,2026-06-29T16:00:00.000Z,2026-06-29T12:00:00.000,738.5399780273438,738.9099731445312,738.4600219726562,738.9000244140625,582153
1782749100,2026-06-29T16:05:00.000Z,2026-06-29T12:05:00.000,738.8900146484375,739.1300048828125,738.6599731445312,738.7901000976562,480507
1782749400,2026-06-29T16:10:00.000Z,2026-06-29T12:10:00.000,738.8201293945312,738.989990234375,738.4400024414062,738.5,184103
1782749700,2026-06-29T16:15:00.000Z,2026-06-29T12:15:00.000,738.5,738.8400268554688,738.4400024414062,738.5800170898438,1903895
1782750000,2026-06-29T16:20:00.000Z,2026-06-29T12:20:00.000,738.5599975585938,738.8099975585938,738.3699951171875,738.77001953125,192392
1782750300,2026-06-29T16:25:00.000Z,2026-06-29T12:25:00.000,738.760009765625,738.8499755859375,738.260009765625,738.3300170898438,278007
1782750600,2026-06-29T16:30:00.000Z,2026-06-29T12:30:00.000,738.3400268554688,738.510009765625,737.969970703125,738.1199951171875,245356
1782750900,2026-06-29T16:35:00.000Z,2026-06-29T12:35:00.000,738.1199951171875,738.4500122070312,737.989990234375,738.4450073242188,262037
1782751200,2026-06-29T16:40:00.000Z,2026-06-29T12:40:00.000,738.4400024414062,738.5800170898438,738.3099975585938,738.5,149573
1782751500,2026-06-29T16:45:00.000Z,2026-06-29T12:45:00.000,738.510009765625,738.6201171875,738.1900024414062,738.4600219726562,163806
1782751800,2026-06-29T16:50:00.000Z,2026-06-29T12:50:00.000,738.510009765625,738.9500122070312,738.4099731445312,738.885009765625,255152
1782752100,2026-06-29T16:55:00.000Z,2026-06-29T12:55:00.000,738.8800048828125,738.8900146484375,738.6199951171875,738.6799926757812,756865
1782752400,2026-06-29T17:00:00.000Z,2026-06-29T13:00:00.000,738.6900024414062,739.0599975585938,738.6900024414062,739.02001953125,156207
1782752700,2026-06-29T17:05:00.000Z,2026-06-29T13:05:00.000,739.02001953125,739.3699951171875,738.9600219726562,739.260009765625,188961
1782753000,2026-06-29T17:10:00.000Z,2026-06-29T13:10:00.000,739.280029296875,740.2000122070312,739.260009765625,739.969970703125,554729
1782753300,2026-06-29T17:15:00.000Z,2026-06-29T13:15:00.000,739.97998046875,740.2999877929688,739.8699951171875,740.0750122070312,250101
1782753600,2026-06-29T17:20:00.000Z,2026-06-29T13:20:00.000,740.0499877929688,740.375,739.4849853515625,739.5,443003
1782753900,2026-06-29T17:25:00.000Z,2026-06-29T13:25:00.000,739.5,740.1799926757812,739.4600219726562,740.1400146484375,346510
1782754200,2026-06-29T17:30:00.000Z,2026-06-29T13:30:00.000,740.135009765625,740.6300048828125,739.97998046875,740.2899780273438,280931
1782754500,2026-06-29T17:35:00.000Z,2026-06-29T13:35:00.000,740.2999877929688,740.4199829101562,739.97998046875,740.3200073242188,197183
1782754800,2026-06-29T17:40:00.000Z,2026-06-29T13:40:00.000,740.2999877929688,740.4500122070312,740.260009765625,740.2849731445312,136083
1782755100,2026-06-29T17:45:00.000Z,2026-06-29T13:45:00.000,740.2899780273438,740.5599975585938,740.0999755859375,740.489990234375,177140
1782755400,2026-06-29T17:50:00.000Z,2026-06-29T13:50:00.000,740.489990234375,740.8200073242188,740.39501953125,740.5599975585938,179744
1782755700,2026-06-29T17:55:00.000Z,2026-06-29T13:55:00.000,740.5499877929688,740.6799926757812,740.1699829101562,740.4099731445312,184755
1782756000,2026-06-29T18:00:00.000Z,2026-06-29T14:00:00.000,740.4000244140625,740.77001953125,740.22998046875,740.6099853515625,290116
1782756300,2026-06-29T18:05:00.000Z,2026-06-29T14:05:00.000,740.6099853515625,740.760009765625,740.4400024414062,740.52001953125,523343
1782756600,2026-06-29T18:10:00.000Z,2026-06-29T14:10:00.000,740.52001953125,740.7100219726562,740.4299926757812,740.5789794921875,709069
1782756900,2026-06-29T18:15:00.000Z,2026-06-29T14:15:00.000,740.5700073242188,740.6199951171875,740.3599853515625,740.4199829101562,298207
1782757200,2026-06-29T18:20:00.000Z,2026-06-29T14:20:00.000,740.4299926757812,740.5800170898438,740.1799926757812,740.4000244140625,263078
1782757500,2026-06-29T18:25:00.000Z,2026-06-29T14:25:00.000,740.4099731445312,740.4099731445312,740.1199951171875,740.2150268554688,514123
1782757800,2026-06-29T18:30:00.000Z,2026-06-29T14:30:00.000,740.2150268554688,740.719970703125,740.1500244140625,740.6099853515625,309890
1782758100,2026-06-29T18:35:00.000Z,2026-06-29T14:35:00.000,740.6300048828125,740.9500122070312,740.5499877929688,740.7949829101562,295728
1782758400,2026-06-29T18:40:00.000Z,2026-06-29T14:40:00.000,740.7999877929688,741.0499877929688,740.6900024414062,740.969970703125,290475
1782758700,2026-06-29T18:45:00.000Z,2026-06-29T14:45:00.000,740.989990234375,741.1900024414062,740.8699951171875,740.9600219726562,308883
1782759000,2026-06-29T18:50:00.000Z,2026-06-29T14:50:00.000,740.9400024414062,740.9550170898438,740.6799926757812,740.85498046875,334165
1782759300,2026-06-29T18:55:00.000Z,2026-06-29T14:55:00.000,740.85498046875,740.9099731445312,740.5599975585938,740.6849975585938,428554
1782759600,2026-06-29T19:00:00.000Z,2026-06-29T15:00:00.000,740.6900024414062,740.9199829101562,740.510009765625,740.614990234375,1115678
1782759900,2026-06-29T19:05:00.000Z,2026-06-29T15:05:00.000,740.6099853515625,740.97998046875,740.52001953125,740.760009765625,336859
1782760200,2026-06-29T19:10:00.000Z,2026-06-29T15:10:00.000,740.760009765625,740.7999877929688,740.52001953125,740.5800170898438,989256
1782760500,2026-06-29T19:15:00.000Z,2026-06-29T15:15:00.000,740.5700073242188,740.7899780273438,740.3400268554688,740.6400146484375,812481
1782760800,2026-06-29T19:20:00.000Z,2026-06-29T15:20:00.000,740.6400146484375,741.1199951171875,740.6400146484375,741,420945
1782761100,2026-06-29T19:25:00.000Z,2026-06-29T15:25:00.000,741,741.0399780273438,740.8699951171875,740.8699951171875,591095
1782761400,2026-06-29T19:30:00.000Z,2026-06-29T15:30:00.000,740.8699951171875,740.9099731445312,740.4299926757812,740.489990234375,535172
1782761700,2026-06-29T19:35:00.000Z,2026-06-29T15:35:00.000,740.47998046875,740.7550048828125,740.47998046875,740.719970703125,571833
1782762000,2026-06-29T19:40:00.000Z,2026-06-29T15:40:00.000,740.719970703125,740.989990234375,740.4600219726562,740.6500244140625,1205474
1782762300,2026-06-29T19:45:00.000Z,2026-06-29T15:45:00.000,740.6500244140625,740.9199829101562,740.5999755859375,740.8900146484375,923273
1782762600,2026-06-29T19:50:00.000Z,2026-06-29T15:50:00.000,740.8900146484375,741,740.22998046875,740.2899780273438,2384337
1782762900,2026-06-29T19:55:00.000Z,2026-06-29T15:55:00.000,740.2899780273438,741.5599975585938,740.2899780273438,740.8499755859375,4054970
1782826200,2026-06-30T13:30:00.000Z,2026-06-30T09:30:00.000,741.2899780273438,741.969970703125,740.8900146484375,741.3049926757812,1787543
1782826500,2026-06-30T13:35:00.000Z,2026-06-30T09:35:00.000,741.3099975585938,742.0900268554688,741.1099853515625,741.469970703125,778822
1782826800,2026-06-30T13:40:00.000Z,2026-06-30T09:40:00.000,741.4600219726562,742.3099975585938,741.22998046875,741.9099731445312,910901
1782827100,2026-06-30T13:45:00.000Z,2026-06-30T09:45:00.000,741.8699951171875,742.3099975585938,741.6699829101562,742.010009765625,592726
1782827400,2026-06-30T13:50:00.000Z,2026-06-30T09:50:00.000,741.989990234375,743.469970703125,741.8800048828125,743.1799926757812,1009884
1782827700,2026-06-30T13:55:00.000Z,2026-06-30T09:55:00.000,743.1799926757812,743.9600219726562,743.1599731445312,743.9199829101562,547698
1782828000,2026-06-30T14:00:00.000Z,2026-06-30T10:00:00.000,743.9099731445312,744.530029296875,742.8599853515625,744.52001953125,3100579
1782828300,2026-06-30T14:05:00.000Z,2026-06-30T10:05:00.000,744.52001953125,744.5299072265625,743.3699951171875,743.5399780273438,369176
1782828600,2026-06-30T14:10:00.000Z,2026-06-30T10:10:00.000,743.5650024414062,743.8800048828125,743.1724853515625,743.6300048828125,418594
1782828900,2026-06-30T14:15:00.000Z,2026-06-30T10:15:00.000,743.6199951171875,743.8499755859375,743.3099975585938,743.5599975585938,298480
1782829200,2026-06-30T14:20:00.000Z,2026-06-30T10:20:00.000,743.5700073242188,744.4600219726562,743.4600219726562,744.2999877929688,299097
1782829500,2026-06-30T14:25:00.000Z,2026-06-30T10:25:00.000,744.3109741210938,744.5750122070312,744.02001953125,744.47998046875,237314
1782829800,2026-06-30T14:30:00.000Z,2026-06-30T10:30:00.000,744.469970703125,745.3300170898438,744.4400024414062,745.3200073242188,434445
1782830100,2026-06-30T14:35:00.000Z,2026-06-30T10:35:00.000,745.3300170898438,745.3800048828125,744.3400268554688,744.5549926757812,625219
1782830400,2026-06-30T14:40:00.000Z,2026-06-30T10:40:00.000,744.5599975585938,744.9249877929688,744.1599731445312,744.780029296875,334239
1782830700,2026-06-30T14:45:00.000Z,2026-06-30T10:45:00.000,744.7999877929688,744.8099975585938,743.6511840820312,743.8699951171875,317645
1782831000,2026-06-30T14:50:00.000Z,2026-06-30T10:50:00.000,743.8900146484375,744.27001953125,743.3200073242188,743.3798828125,341395
1782831300,2026-06-30T14:55:00.000Z,2026-06-30T10:55:00.000,743.3800048828125,743.719970703125,742.9299926757812,743.3198852539062,263306
1782831600,2026-06-30T15:00:00.000Z,2026-06-30T11:00:00.000,743.3200073242188,744.3200073242188,743.239990234375,744.1699829101562,269756
1782831900,2026-06-30T15:05:00.000Z,2026-06-30T11:05:00.000,744.1699829101562,744.510009765625,743.7999877929688,744.4249877929688,284409
1782832200,2026-06-30T15:10:00.000Z,2026-06-30T11:10:00.000,744.4400024414062,744.9199829101562,744.3300170898438,744.8300170898438,466836
1782832500,2026-06-30T15:15:00.000Z,2026-06-30T11:15:00.000,744.8200073242188,744.8800048828125,744.3599853515625,744.5499877929688,225849
1782832800,2026-06-30T15:20:00.000Z,2026-06-30T11:20:00.000,744.5499877929688,745.218994140625,744.530029296875,745.1400146484375,346595
1782833100,2026-06-30T15:25:00.000Z,2026-06-30T11:25:00.000,745.1500244140625,745.3599853515625,744.97998046875,745.260009765625,317186
1782833400,2026-06-30T15:30:00.000Z,2026-06-30T11:30:00.000,745.2750244140625,745.47998046875,745.0499877929688,745.4500122070312,457431
1782833700,2026-06-30T15:35:00.000Z,2026-06-30T11:35:00.000,745.4299926757812,745.47998046875,744.8499755859375,744.9400024414062,262459
1782834000,2026-06-30T15:40:00.000Z,2026-06-30T11:40:00.000,744.9500122070312,745.25,744.7940063476562,745.030029296875,194669
1782834300,2026-06-30T15:45:00.000Z,2026-06-30T11:45:00.000,745.030029296875,745.6900024414062,745.030029296875,745.4149780273438,244820
1782834600,2026-06-30T15:50:00.000Z,2026-06-30T11:50:00.000,745.4299926757812,745.7349853515625,745.280029296875,745.6799926757812,221972
1782834900,2026-06-30T15:55:00.000Z,2026-06-30T11:55:00.000,745.6699829101562,746,745.6300048828125,745.7899780273438,353269
1782835200,2026-06-30T16:00:00.000Z,2026-06-30T12:00:00.000,745.7999877929688,746.1500244140625,745.760009765625,746,391433
1782835500,2026-06-30T16:05:00.000Z,2026-06-30T12:05:00.000,746.0025024414062,746.405029296875,745.97998046875,746.0850219726562,333250
1782835800,2026-06-30T16:10:00.000Z,2026-06-30T12:10:00.000,746.0800170898438,746.3200073242188,746.0499877929688,746.280029296875,226252
1782836100,2026-06-30T16:15:00.000Z,2026-06-30T12:15:00.000,746.27001953125,746.6199951171875,746.1799926757812,746.3900146484375,380723
1782836400,2026-06-30T16:20:00.000Z,2026-06-30T12:20:00.000,746.3900146484375,746.530029296875,746.260009765625,746.4199829101562,239427
1782836700,2026-06-30T16:25:00.000Z,2026-06-30T12:25:00.000,746.4199829101562,746.4400024414062,746.260009765625,746.2899780273438,366476
1782837000,2026-06-30T16:30:00.000Z,2026-06-30T12:30:00.000,746.2899780273438,746.4199829101562,746.1199951171875,746.219970703125,298510
1782837300,2026-06-30T16:35:00.000Z,2026-06-30T12:35:00.000,746.219970703125,746.4199829101562,746.1199951171875,746.4199829101562,185406
1782837600,2026-06-30T16:40:00.000Z,2026-06-30T12:40:00.000,746.4000244140625,746.6099853515625,746.3300170898438,746.5307006835938,293982
1782837900,2026-06-30T16:45:00.000Z,2026-06-30T12:45:00.000,746.5399780273438,746.7899780273438,746.47998046875,746.7899780273438,282884
1782838200,2026-06-30T16:50:00.000Z,2026-06-30T12:50:00.000,746.7899780273438,747.0399780273438,746.6300048828125,746.9400024414062,406701
1782838500,2026-06-30T16:55:00.000Z,2026-06-30T12:55:00.000,746.9500122070312,747,746.655029296875,746.77001953125,231170
1782838800,2026-06-30T17:00:00.000Z,2026-06-30T13:00:00.000,746.780029296875,747.1400146484375,746.77001953125,746.97998046875,222298
1782839100,2026-06-30T17:05:00.000Z,2026-06-30T13:05:00.000,746.97998046875,747.0800170898438,746.8400268554688,746.8699951171875,192471
1782839400,2026-06-30T17:10:00.000Z,2026-06-30T13:10:00.000,746.8900146484375,746.9199829101562,746.5750122070312,746.594970703125,176597
1782839700,2026-06-30T17:15:00.000Z,2026-06-30T13:15:00.000,746.594970703125,746.7424926757812,746.52001953125,746.6400146484375,442476
1782840000,2026-06-30T17:20:00.000Z,2026-06-30T13:20:00.000,746.6500244140625,746.8900146484375,746.5999755859375,746.6950073242188,203658
1782840300,2026-06-30T17:25:00.000Z,2026-06-30T13:25:00.000,746.7000122070312,746.75,746.3699951171875,746.489990234375,222828
1782840600,2026-06-30T17:30:00.000Z,2026-06-30T13:30:00.000,746.510009765625,746.6699829101562,746.3200073242188,746.5700073242188,206833
1782840900,2026-06-30T17:35:00.000Z,2026-06-30T13:35:00.000,746.5700073242188,746.6199951171875,746.1500244140625,746.2000122070312,430786
1782841200,2026-06-30T17:40:00.000Z,2026-06-30T13:40:00.000,746.2000122070312,746.6300048828125,746.1799926757812,746.6099853515625,313834
1782841500,2026-06-30T17:45:00.000Z,2026-06-30T13:45:00.000,746.60498046875,746.6599731445312,746.3200073242188,746.3699951171875,275184
1782841800,2026-06-30T17:50:00.000Z,2026-06-30T13:50:00.000,746.3800048828125,746.5999755859375,746.2999877929688,746.469970703125,188357
1782842100,2026-06-30T17:55:00.000Z,2026-06-30T13:55:00.000,746.4600219726562,746.5399780273438,746.4000244140625,746.489990234375,171685
1782842400,2026-06-30T18:00:00.000Z,2026-06-30T14:00:00.000,746.489990234375,746.8599853515625,746.3800048828125,746.6599731445312,283412
1782842700,2026-06-30T18:05:00.000Z,2026-06-30T14:05:00.000,746.6649780273438,746.77001953125,746.3200073242188,746.6599731445312,284579
1782843000,2026-06-30T18:10:00.000Z,2026-06-30T14:10:00.000,746.6599731445312,746.8250122070312,746.5850219726562,746.77001953125,225522
1782843300,2026-06-30T18:15:00.000Z,2026-06-30T14:15:00.000,746.77001953125,746.9650268554688,746.6799926757812,746.9500122070312,236989
1782843600,2026-06-30T18:20:00.000Z,2026-06-30T14:20:00.000,746.9400024414062,747.0800170898438,746.8499755859375,746.8699951171875,364063
1782843900,2026-06-30T18:25:00.000Z,2026-06-30T14:25:00.000,746.8599853515625,746.9199829101562,746.7000122070312,746.7999877929688,207765
1782844200,2026-06-30T18:30:00.000Z,2026-06-30T14:30:00.000,746.77001953125,746.8200073242188,746.5599975585938,746.6900024414062,299568
1782844500,2026-06-30T18:35:00.000Z,2026-06-30T14:35:00.000,746.7000122070312,746.8499755859375,746.6599731445312,746.72998046875,240346
1782844800,2026-06-30T18:40:00.000Z,2026-06-30T14:40:00.000,746.7249755859375,747.0599975585938,746.719970703125,746.97998046875,299062
1782845100,2026-06-30T18:45:00.000Z,2026-06-30T14:45:00.000,746.969970703125,747.3499755859375,746.8599853515625,747.3300170898438,407624
1782845400,2026-06-30T18:50:00.000Z,2026-06-30T14:50:00.000,747.3200073242188,747.4400024414062,747,747.1300048828125,358764
1782845700,2026-06-30T18:55:00.000Z,2026-06-30T14:55:00.000,747.125,747.3300170898438,747.0900268554688,747.1300048828125,363398
1782846000,2026-06-30T19:00:00.000Z,2026-06-30T15:00:00.000,747.1300048828125,747.4000244140625,747.1099853515625,747.25,336809
1782846300,2026-06-30T19:05:00.000Z,2026-06-30T15:05:00.000,747.22998046875,747.5999755859375,747.1300048828125,747.5,375077
1782846600,2026-06-30T19:10:00.000Z,2026-06-30T15:10:00.000,747.5020141601562,747.780029296875,747.3200073242188,747.719970703125,470204
1782846900,2026-06-30T19:15:00.000Z,2026-06-30T15:15:00.000,747.719970703125,748.02001953125,747.5999755859375,747.6199951171875,660814
1782847200,2026-06-30T19:20:00.000Z,2026-06-30T15:20:00.000,747.6400146484375,747.7999877929688,747.469970703125,747.6300048828125,1152773
1782847500,2026-06-30T19:25:00.000Z,2026-06-30T15:25:00.000,747.6199951171875,747.7000122070312,747.2999877929688,747.4199829101562,952990
1782847800,2026-06-30T19:30:00.000Z,2026-06-30T15:30:00.000,747.4299926757812,747.489990234375,747.1300048828125,747.1400146484375,683924
1782848100,2026-06-30T19:35:00.000Z,2026-06-30T15:35:00.000,747.14501953125,747.2000122070312,746.72998046875,746.9299926757812,706926
1782848400,2026-06-30T19:40:00.000Z,2026-06-30T15:40:00.000,746.9199829101562,747.1400146484375,746.8099975585938,747.1300048828125,732755
1782848700,2026-06-30T19:45:00.000Z,2026-06-30T15:45:00.000,747.1389770507812,747.3499755859375,746.8150024414062,746.9099731445312,885649
1782849000,2026-06-30T19:50:00.000Z,2026-06-30T15:50:00.000,746.9000244140625,747.489990234375,746.6749877929688,747.4400024414062,1610289
1782849300,2026-06-30T19:55:00.000Z,2026-06-30T15:55:00.000,747.4500122070312,747.8599853515625,746.3699951171875,746.47998046875,8282003
1782912600,2026-07-01T13:30:00.000Z,2026-07-01T09:30:00.000,745,745.1799926757812,742.5,742.6300048828125,2388004
1782912900,2026-07-01T13:35:00.000Z,2026-07-01T09:35:00.000,742.6300048828125,743.4099731445312,742.375,743.072509765625,912760
1782913200,2026-07-01T13:40:00.000Z,2026-07-01T09:40:00.000,743.1199951171875,743.75,742.780029296875,743.2100219726562,1153801
1782913500,2026-07-01T13:45:00.000Z,2026-07-01T09:45:00.000,743.219970703125,744.119873046875,742.8599853515625,743.6900024414062,913819
1782913800,2026-07-01T13:50:00.000Z,2026-07-01T09:50:00.000,743.6900024414062,744.9199829101562,743.6099853515625,744.75,846149
1782914100,2026-07-01T13:55:00.000Z,2026-07-01T09:55:00.000,744.739990234375,745.3400268554688,744.4801025390625,745.3200073242188,828006
1782914400,2026-07-01T14:00:00.000Z,2026-07-01T10:00:00.000,745.3400268554688,745.6300048828125,745,745.3900146484375,483830
1782914700,2026-07-01T14:05:00.000Z,2026-07-01T10:05:00.000,745.405029296875,746.3049926757812,745.3300170898438,746.094970703125,543302
1782915000,2026-07-01T14:10:00.000Z,2026-07-01T10:10:00.000,746.0900268554688,746.8900146484375,746.02001953125,746.6099853515625,628072
1782915300,2026-07-01T14:15:00.000Z,2026-07-01T10:15:00.000,746.64501953125,746.8300170898438,746.3499755859375,746.75,750140
1782915600,2026-07-01T14:20:00.000Z,2026-07-01T10:20:00.000,746.739990234375,746.989990234375,746.6300048828125,746.8099975585938,454617
1782915900,2026-07-01T14:25:00.000Z,2026-07-01T10:25:00.000,746.8099975585938,747.02001953125,746.6699829101562,746.8200073242188,300827
1782916200,2026-07-01T14:30:00.000Z,2026-07-01T10:30:00.000,746.8200073242188,746.9000244140625,746.02001953125,746.3049926757812,419233
1782916500,2026-07-01T14:35:00.000Z,2026-07-01T10:35:00.000,746.2899780273438,746.9299926757812,746,746.9199829101562,487713
1782916800,2026-07-01T14:40:00.000Z,2026-07-01T10:40:00.000,746.8930053710938,747.1099853515625,746.469970703125,746.6400146484375,546225
1782917100,2026-07-01T14:45:00.000Z,2026-07-01T10:45:00.000,746.6099853515625,746.6400146484375,745.6900024414062,746.4600219726562,481804
1782917400,2026-07-01T14:50:00.000Z,2026-07-01T10:50:00.000,746.489990234375,747.0700073242188,746.41748046875,746.8599853515625,379682
1782917700,2026-07-01T14:55:00.000Z,2026-07-01T10:55:00.000,746.8800048828125,746.969970703125,746.3800048828125,746.9600219726562,306704
1782918000,2026-07-01T15:00:00.000Z,2026-07-01T11:00:00.000,746.989990234375,747.9149780273438,746.9000244140625,747.780029296875,506271
1782918300,2026-07-01T15:05:00.000Z,2026-07-01T11:05:00.000,747.7849731445312,748.0700073242188,747.3900146484375,747.6599731445312,718027
1782918600,2026-07-01T15:10:00.000Z,2026-07-01T11:10:00.000,747.6699829101562,748.0900268554688,747.4708862304688,748.0700073242188,407140
1782918900,2026-07-01T15:15:00.000Z,2026-07-01T11:15:00.000,748.0900268554688,748.6400146484375,748.030029296875,748.47998046875,573080
1782919200,2026-07-01T15:20:00.000Z,2026-07-01T11:20:00.000,748.47998046875,749.0499877929688,748.47998046875,748.8900146484375,527674
1782919500,2026-07-01T15:25:00.000Z,2026-07-01T11:25:00.000,748.8699951171875,749.3200073242188,748.8099975585938,749.2899780273438,768037
1782919800,2026-07-01T15:30:00.000Z,2026-07-01T11:30:00.000,749.280029296875,749.364990234375,748.6400146484375,748.6599731445312,320244
1782920100,2026-07-01T15:35:00.000Z,2026-07-01T11:35:00.000,748.6500244140625,748.8800048828125,748.3400268554688,748.6300048828125,360520
1782920400,2026-07-01T15:40:00.000Z,2026-07-01T11:40:00.000,748.6599731445312,748.9099731445312,748.5,748.8099975585938,248668
1782920700,2026-07-01T15:45:00.000Z,2026-07-01T11:45:00.000,748.780029296875,748.9099731445312,748.3599853515625,748.4600219726562,336484
1782921000,2026-07-01T15:50:00.000Z,2026-07-01T11:50:00.000,748.469970703125,748.8400268554688,748.3499755859375,748.52001953125,193883
1782921300,2026-07-01T15:55:00.000Z,2026-07-01T11:55:00.000,748.52001953125,748.8800048828125,748.3599853515625,748.7899780273438,286282
1782921600,2026-07-01T16:00:00.000Z,2026-07-01T12:00:00.000,748.8109741210938,749.1400146484375,748.6900024414062,748.8099975585938,262549
1782921900,2026-07-01T16:05:00.000Z,2026-07-01T12:05:00.000,748.7999877929688,749.0900268554688,748.6699829101562,748.8800048828125,152324
1782922200,2026-07-01T16:10:00.000Z,2026-07-01T12:10:00.000,748.8800048828125,749.1400146484375,748.72998046875,749.0900268554688,177492
1782922500,2026-07-01T16:15:00.000Z,2026-07-01T12:15:00.000,749.0800170898438,749.1699829101562,748.8599853515625,749.0800170898438,385667
1782922800,2026-07-01T16:20:00.000Z,2026-07-01T12:20:00.000,749.0800170898438,749.4349975585938,748.97998046875,749.239990234375,236481
1782923100,2026-07-01T16:25:00.000Z,2026-07-01T12:25:00.000,749.25,749.3599853515625,748.969970703125,748.9700927734375,204706
1782923400,2026-07-01T16:30:00.000Z,2026-07-01T12:30:00.000,748.97998046875,749.2100219726562,748.969970703125,749.0399780273438,137705
1782923700,2026-07-01T16:35:00.000Z,2026-07-01T12:35:00.000,749.02001953125,749.030029296875,748.52001953125,748.5599975585938,250109
1782924000,2026-07-01T16:40:00.000Z,2026-07-01T12:40:00.000,748.5399780273438,748.6799926757812,748.2899780273438,748.5999755859375,295509
1782924300,2026-07-01T16:45:00.000Z,2026-07-01T12:45:00.000,748.6099853515625,748.8300170898438,748.3200073242188,748.3200073242188,283186
1782924600,2026-07-01T16:50:00.000Z,2026-07-01T12:50:00.000,748.3250122070312,748.5549926757812,747.89501953125,748.0599975585938,313846
1782924900,2026-07-01T16:55:00.000Z,2026-07-01T12:55:00.000,748.0800170898438,748.1300048828125,747.322509765625,747.52001953125,318935
1782925200,2026-07-01T17:00:00.000Z,2026-07-01T13:00:00.000,747.510009765625,747.9299926757812,747.3900146484375,747.5150146484375,250031
1782925500,2026-07-01T17:05:00.000Z,2026-07-01T13:05:00.000,747.510009765625,747.569091796875,747.0399780273438,747.47998046875,456779
1782925800,2026-07-01T17:10:00.000Z,2026-07-01T13:10:00.000,747.5,747.8699951171875,747.27001953125,747.8201293945312,178588
1782926100,2026-07-01T17:15:00.000Z,2026-07-01T13:15:00.000,747.8200073242188,748.1199951171875,747.720703125,748.0700073242188,321515
1782926400,2026-07-01T17:20:00.000Z,2026-07-01T13:20:00.000,748.0900268554688,748.3099975585938,748.0499877929688,748.2100219726562,179773
1782926700,2026-07-01T17:25:00.000Z,2026-07-01T13:25:00.000,748.2398071289062,748.4199829101562,747.9199829101562,747.9299926757812,271513
1782927000,2026-07-01T17:30:00.000Z,2026-07-01T13:30:00.000,747.9400024414062,748.1799926757812,747.6799926757812,747.8200073242188,210559
1782927300,2026-07-01T17:35:00.000Z,2026-07-01T13:35:00.000,747.8400268554688,748.0499877929688,747.6500244140625,747.9400024414062,218628
1782927600,2026-07-01T17:40:00.000Z,2026-07-01T13:40:00.000,747.9500122070312,747.97998046875,747.469970703125,747.489990234375,119831
1782927900,2026-07-01T17:45:00.000Z,2026-07-01T13:45:00.000,747.47998046875,747.6400146484375,747.2899780273438,747.4199829101562,225530
1782928200,2026-07-01T17:50:00.000Z,2026-07-01T13:50:00.000,747.4199829101562,747.7399291992188,747.239990234375,747.5999755859375,184187
1782928500,2026-07-01T17:55:00.000Z,2026-07-01T13:55:00.000,747.6099853515625,747.6199951171875,747.1599731445312,747.1950073242188,234030
1782928800,2026-07-01T18:00:00.000Z,2026-07-01T14:00:00.000,747.2000122070312,747.6900024414062,747.14501953125,747.6900024414062,420904
1782929100,2026-07-01T18:05:00.000Z,2026-07-01T14:05:00.000,747.6799926757812,747.6799926757812,747.2899780273438,747.530029296875,194348
1782929400,2026-07-01T18:10:00.000Z,2026-07-01T14:10:00.000,747.510009765625,747.5499877929688,747.0900268554688,747.0999755859375,184084
1782929700,2026-07-01T18:15:00.000Z,2026-07-01T14:15:00.000,747.0900268554688,747.260009765625,746.7100219726562,747.2100219726562,339707
1782930000,2026-07-01T18:20:00.000Z,2026-07-01T14:20:00.000,747.219970703125,747.4400024414062,747.1199951171875,747.4400024414062,338516
1782930300,2026-07-01T18:25:00.000Z,2026-07-01T14:25:00.000,747.4299926757812,747.5349731445312,747.1300048828125,747.1400146484375,204926
1782930600,2026-07-01T18:30:00.000Z,2026-07-01T14:30:00.000,747.1300048828125,747.2698974609375,747,747.219970703125,233101
1782930900,2026-07-01T18:35:00.000Z,2026-07-01T14:35:00.000,747.2000122070312,747.3800048828125,747.0900268554688,747.280029296875,212911
1782931200,2026-07-01T18:40:00.000Z,2026-07-01T14:40:00.000,747.27001953125,747.3300170898438,747.0499877929688,747.1799926757812,232956
1782931500,2026-07-01T18:45:00.000Z,2026-07-01T14:45:00.000,747.1799926757812,747.2000122070312,746.6801147460938,746.9299926757812,372970
1782931800,2026-07-01T18:50:00.000Z,2026-07-01T14:50:00.000,746.9349975585938,746.9949951171875,746.4500122070312,746.4801025390625,435589
1782932100,2026-07-01T18:55:00.000Z,2026-07-01T14:55:00.000,746.47998046875,746.9299926757812,746.4500122070312,746.8499755859375,284593
1782932400,2026-07-01T19:00:00.000Z,2026-07-01T15:00:00.000,746.8599853515625,747.3300170898438,746.780029296875,747.2750244140625,441118
1782932700,2026-07-01T19:05:00.000Z,2026-07-01T15:05:00.000,747.260009765625,747.6900024414062,747.239990234375,747.6099853515625,412872
1782933000,2026-07-01T19:10:00.000Z,2026-07-01T15:10:00.000,747.5999755859375,747.6199951171875,747.219970703125,747.3499755859375,441600
1782933300,2026-07-01T19:15:00.000Z,2026-07-01T15:15:00.000,747.3200073242188,747.5900268554688,747.27001953125,747.4000244140625,225077
1782933600,2026-07-01T19:20:00.000Z,2026-07-01T15:20:00.000,747.4099731445312,747.530029296875,747.280029296875,747.489990234375,254844
1782933900,2026-07-01T19:25:00.000Z,2026-07-01T15:25:00.000,747.5,747.5,746.9400024414062,746.9400024414062,601085
1782934200,2026-07-01T19:30:00.000Z,2026-07-01T15:30:00.000,746.9400024414062,747.3099975585938,746.9299926757812,747.1500244140625,546729
1782934500,2026-07-01T19:35:00.000Z,2026-07-01T15:35:00.000,747.1400146484375,747.1599731445312,746.77001953125,746.8400268554688,426906
1782934800,2026-07-01T19:40:00.000Z,2026-07-01T15:40:00.000,746.8300170898438,746.8699951171875,746.4600219726562,746.6500244140625,953912
1782935100,2026-07-01T19:45:00.000Z,2026-07-01T15:45:00.000,746.6500244140625,746.6799926757812,746.3300170898438,746.52001953125,673954
1782935400,2026-07-01T19:50:00.000Z,2026-07-01T15:50:00.000,746.530029296875,746.7999877929688,745.9199829101562,746.239990234375,1424220
1782935700,2026-07-01T19:55:00.000Z,2026-07-01T15:55:00.000,746.22998046875,746.25,745.1599731445312,745.7000122070312,4176329
1782999000,2026-07-02T13:30:00.000Z,2026-07-02T09:30:00.000,747.4000244140625,748.719970703125,747.0999755859375,748.5599975585938,2508520
1782999300,2026-07-02T13:35:00.000Z,2026-07-02T09:35:00.000,748.5399780273438,749.1900024414062,747.989990234375,748.780029296875,539873
1782999600,2026-07-02T13:40:00.000Z,2026-07-02T09:40:00.000,748.8099975585938,750.25,748.6300048828125,749.7999877929688,706026
1782999900,2026-07-02T13:45:00.000Z,2026-07-02T09:45:00.000,749.760009765625,750.7362060546875,749.510009765625,750.405029296875,474360
1783000200,2026-07-02T13:50:00.000Z,2026-07-02T09:50:00.000,750.4190063476562,751.2449951171875,750.1799926757812,750.469970703125,707106
1783000500,2026-07-02T13:55:00.000Z,2026-07-02T09:55:00.000,750.489990234375,750.77001953125,750.030029296875,750.760009765625,435326
1783000800,2026-07-02T14:00:00.000Z,2026-07-02T10:00:00.000,750.780029296875,751.0900268554688,750.4000244140625,750.7794799804688,387736
1783001100,2026-07-02T14:05:00.000Z,2026-07-02T10:05:00.000,750.780029296875,751.3099975585938,750.1199951171875,750.2449951171875,505269
1783001400,2026-07-02T14:10:00.000Z,2026-07-02T10:10:00.000,750.260009765625,751.239990234375,749.6699829101562,750.9600219726562,578904
1783001700,2026-07-02T14:15:00.000Z,2026-07-02T10:15:00.000,750.969970703125,751.219970703125,750.1400146484375,750.6699829101562,390691
1783002000,2026-07-02T14:20:00.000Z,2026-07-02T10:20:00.000,750.6599731445312,750.77001953125,749.52001953125,749.6500244140625,628550
1783002300,2026-07-02T14:25:00.000Z,2026-07-02T10:25:00.000,749.6599731445312,749.7999877929688,747.6099853515625,747.9400024414062,986129
1783002600,2026-07-02T14:30:00.000Z,2026-07-02T10:30:00.000,747.9500122070312,749.3800048828125,747.5599975585938,748.27001953125,701328
1783002900,2026-07-02T14:35:00.000Z,2026-07-02T10:35:00.000,748.2750244140625,749.1400146484375,747.8040161132812,748.4550170898438,417189
1783003200,2026-07-02T14:40:00.000Z,2026-07-02T10:40:00.000,748.4500122070312,748.6300048828125,746.3499755859375,746.8800048828125,636437
1783003500,2026-07-02T14:45:00.000Z,2026-07-02T10:45:00.000,746.8900146484375,747.6799926757812,746.3200073242188,747.27001953125,489508
1783003800,2026-07-02T14:50:00.000Z,2026-07-02T10:50:00.000,747.2849731445312,747.7100219726562,746.02001953125,746.5,459111
1783004100,2026-07-02T14:55:00.000Z,2026-07-02T10:55:00.000,746.47998046875,747.6699829101562,746.4299926757812,747.6599731445312,266821
1783004400,2026-07-02T15:00:00.000Z,2026-07-02T11:00:00.000,747.6500244140625,747.8280029296875,746.0399780273438,746.0700073242188,526444
1783004700,2026-07-02T15:05:00.000Z,2026-07-02T11:05:00.000,746.0900268554688,746.3699951171875,744.2000122070312,745.3624877929688,915252
1783005000,2026-07-02T15:10:00.000Z,2026-07-02T11:10:00.000,745.3800048828125,746.530029296875,745.010009765625,746.0599975585938,405388
1783005300,2026-07-02T15:15:00.000Z,2026-07-02T11:15:00.000,746.0599975585938,746.3400268554688,744.4400024414062,744.6300048828125,523939
1783005600,2026-07-02T15:20:00.000Z,2026-07-02T11:20:00.000,744.6900024414062,745.9400024414062,744.3300170898438,745.8800048828125,448169
1783005900,2026-07-02T15:25:00.000Z,2026-07-02T11:25:00.000,745.9099731445312,746.02001953125,744.8900146484375,744.9099731445312,406656
1783006200,2026-07-02T15:30:00.000Z,2026-07-02T11:30:00.000,744.8800048828125,746.2650146484375,744.8699951171875,746.0800170898438,379207
1783006500,2026-07-02T15:35:00.000Z,2026-07-02T11:35:00.000,746.0999755859375,746.7100219726562,745.9600219726562,746.2349853515625,483631
1783006800,2026-07-02T15:40:00.000Z,2026-07-02T11:40:00.000,746.22998046875,746.5499877929688,745.2861938476562,745.2861938476562,348866
1783007100,2026-07-02T15:45:00.000Z,2026-07-02T11:45:00.000,745.2899780273438,745.718994140625,744.739990234375,744.8599853515625,166238
1783007400,2026-07-02T15:50:00.000Z,2026-07-02T11:50:00.000,744.8800048828125,744.8800048828125,744.0499877929688,744.614990234375,311294
1783007700,2026-07-02T15:55:00.000Z,2026-07-02T11:55:00.000,744.5999755859375,744.9400024414062,744.0700073242188,744.64501953125,324263
1783008000,2026-07-02T16:00:00.000Z,2026-07-02T12:00:00.000,744.6500244140625,744.8699951171875,743.6699829101562,744.3200073242188,728464
1783008300,2026-07-02T16:05:00.000Z,2026-07-02T12:05:00.000,744.3099975585938,744.594970703125,743.7999877929688,743.906005859375,193043
1783008600,2026-07-02T16:10:00.000Z,2026-07-02T12:10:00.000,743.9500122070312,744.669921875,743.8099975585938,744.5,211939
1783008900,2026-07-02T16:15:00.000Z,2026-07-02T12:15:00.000,744.5,744.614990234375,743.969970703125,744.0499877929688,219089
1783009200,2026-07-02T16:20:00.000Z,2026-07-02T12:20:00.000,744.0499877929688,744.0750122070312,743.3699951171875,743.4500122070312,333837
1783009500,2026-07-02T16:25:00.000Z,2026-07-02T12:25:00.000,743.4400024414062,744.02001953125,743.4199829101562,743.5399780273438,266933
1783009800,2026-07-02T16:30:00.000Z,2026-07-02T12:30:00.000,743.5599975585938,743.5700073242188,742.8300170898438,742.8300170898438,734008
1783010100,2026-07-02T16:35:00.000Z,2026-07-02T12:35:00.000,742.8200073242188,743.1099853515625,742.1099853515625,742.6699829101562,479644
1783010400,2026-07-02T16:40:00.000Z,2026-07-02T12:40:00.000,742.6799926757812,743.3599853515625,742.5999755859375,743.2449951171875,523397
1783010700,2026-07-02T16:45:00.000Z,2026-07-02T12:45:00.000,743.22998046875,743.27001953125,742.77001953125,742.989990234375,241683
1783011000,2026-07-02T16:50:00.000Z,2026-07-02T12:50:00.000,742.989990234375,743.3599853515625,742.5700073242188,742.9000244140625,289710
1783011300,2026-07-02T16:55:00.000Z,2026-07-02T12:55:00.000,742.9099731445312,742.9199829101562,741.8099975585938,742.1799926757812,340170
1783011600,2026-07-02T17:00:00.000Z,2026-07-02T13:00:00.000,742.2000122070312,742.280029296875,740.52001953125,740.85498046875,475859
1783011900,2026-07-02T17:05:00.000Z,2026-07-02T13:05:00.000,740.8499755859375,741.9500122070312,740.3699951171875,741.52001953125,513056
1783012200,2026-07-02T17:10:00.000Z,2026-07-02T13:10:00.000,741.510009765625,741.9400024414062,741.219970703125,741.75,340622
1783012500,2026-07-02T17:15:00.000Z,2026-07-02T13:15:00.000,741.75,742.1699829101562,741.3800048828125,741.4600219726562,1007248
1783012800,2026-07-02T17:20:00.000Z,2026-07-02T13:20:00.000,741.469970703125,741.9000244140625,741.280029296875,741.3657836914062,859947
1783013100,2026-07-02T17:25:00.000Z,2026-07-02T13:25:00.000,741.3699951171875,741.6500244140625,741.1400146484375,741.530029296875,688107
1783013400,2026-07-02T17:30:00.000Z,2026-07-02T13:30:00.000,741.5399780273438,742.0999755859375,741.4299926757812,741.4299926757812,263261
1783013700,2026-07-02T17:35:00.000Z,2026-07-02T13:35:00.000,741.4299926757812,741.5700073242188,740.6500244140625,740.75,513240
1783014000,2026-07-02T17:40:00.000Z,2026-07-02T13:40:00.000,740.7449951171875,741.2100219726562,740.4299926757812,741.1199951171875,259671
1783014300,2026-07-02T17:45:00.000Z,2026-07-02T13:45:00.000,741.0800170898438,741.1500244140625,740.22998046875,740.6400146484375,336425
1783014600,2026-07-02T17:50:00.000Z,2026-07-02T13:50:00.000,740.6300048828125,741.1099853515625,740.3499755859375,740.9409790039062,255859
1783014900,2026-07-02T17:55:00.000Z,2026-07-02T13:55:00.000,740.9400024414062,741.02001953125,740.030029296875,740.239990234375,476222
1783015200,2026-07-02T18:00:00.000Z,2026-07-02T14:00:00.000,740.260009765625,740.989990234375,740.0499877929688,740.9400024414062,462007
1783015500,2026-07-02T18:05:00.000Z,2026-07-02T14:05:00.000,740.9400024414062,742.469970703125,740.9000244140625,742.4400024414062,548620
1783015800,2026-07-02T18:10:00.000Z,2026-07-02T14:10:00.000,742.4400024414062,742.9000244140625,742.1300048828125,742.219970703125,287109
1783016100,2026-07-02T18:15:00.000Z,2026-07-02T14:15:00.000,742.25,742.3800048828125,741.4000244140625,741.6900024414062,302712
1783016400,2026-07-02T18:20:00.000Z,2026-07-02T14:20:00.000,741.6699829101562,742.2899780273438,741.6649780273438,742.155029296875,218599
1783016700,2026-07-02T18:25:00.000Z,2026-07-02T14:25:00.000,742.155029296875,742.72998046875,741.9600219726562,742.719970703125,224082
1783017000,2026-07-02T18:30:00.000Z,2026-07-02T14:30:00.000,742.7100219726562,743.3400268554688,742.6599731445312,742.9299926757812,397918
1783017300,2026-07-02T18:35:00.000Z,2026-07-02T14:35:00.000,742.9600219726562,743.280029296875,742.8499755859375,743.1599731445312,263336
1783017600,2026-07-02T18:40:00.000Z,2026-07-02T14:40:00.000,743.1649780273438,743.3300170898438,742.969970703125,743.0399780273438,239079
1783017900,2026-07-02T18:45:00.000Z,2026-07-02T14:45:00.000,743.0549926757812,743.2899780273438,742.530029296875,743.2374877929688,345624
1783018200,2026-07-02T18:50:00.000Z,2026-07-02T14:50:00.000,743.219970703125,743.510009765625,742.8599853515625,742.8599853515625,510746
1783018500,2026-07-02T18:55:00.000Z,2026-07-02T14:55:00.000,742.8699951171875,743.0999755859375,742.5800170898438,742.989501953125,223207
1783018800,2026-07-02T19:00:00.000Z,2026-07-02T15:00:00.000,742.989990234375,743.1301879882812,741.5599975585938,741.648193359375,316834
1783019100,2026-07-02T19:05:00.000Z,2026-07-02T15:05:00.000,741.6400146484375,742.0999755859375,741.27001953125,741.8599853515625,465790
1783019400,2026-07-02T19:10:00.000Z,2026-07-02T15:10:00.000,741.875,742.22998046875,741.530029296875,742.0399780273438,272595
1783019700,2026-07-02T19:15:00.000Z,2026-07-02T15:15:00.000,742.0499877929688,742.1500244140625,741.52001953125,741.7999877929688,286971
1783020000,2026-07-02T19:20:00.000Z,2026-07-02T15:20:00.000,741.8200073242188,741.8900146484375,741.52001953125,741.5999755859375,728011
1783020300,2026-07-02T19:25:00.000Z,2026-07-02T15:25:00.000,741.5900268554688,742.6400146484375,741.4600219726562,742.3099975585938,628453
1783020600,2026-07-02T19:30:00.000Z,2026-07-02T15:30:00.000,742.3400268554688,742.8900146484375,742.1699829101562,742.8400268554688,484616
1783020900,2026-07-02T19:35:00.000Z,2026-07-02T15:35:00.000,742.8499755859375,743.1500244140625,742.5800170898438,743.1099853515625,464160
1783021200,2026-07-02T19:40:00.000Z,2026-07-02T15:40:00.000,743.1099853515625,743.375,742.77001953125,743.25,614894
1783021500,2026-07-02T19:45:00.000Z,2026-07-02T15:45:00.000,743.260009765625,743.3800048828125,742.989990234375,743.27001953125,899053
1783021800,2026-07-02T19:50:00.000Z,2026-07-02T15:50:00.000,743.280029296875,744.510009765625,743.2750244140625,744.47998046875,2388157
1783022100,2026-07-02T19:55:00.000Z,2026-07-02T15:55:00.000,744.5,745.5800170898438,744.280029296875,744.8400268554688,5949984
1783344600,2026-07-06T13:30:00.000Z,2026-07-06T09:30:00.000,748.739990234375,749.4849853515625,748.1199951171875,749.1599731445312,1901032
1783344900,2026-07-06T13:35:00.000Z,2026-07-06T09:35:00.000,749.1599731445312,749.1599731445312,747.4099731445312,748.2916870117188,667148
1783345200,2026-07-06T13:40:00.000Z,2026-07-06T09:40:00.000,748.3099975585938,748.6599731445312,747.719970703125,748.6400146484375,683589
1783345500,2026-07-06T13:45:00.000Z,2026-07-06T09:45:00.000,748.6199951171875,749.0999755859375,748.2999877929688,748.9400024414062,796538
1783345800,2026-07-06T13:50:00.000Z,2026-07-06T09:50:00.000,748.9500122070312,749.5399780273438,748.25,748.875,807576
1783346100,2026-07-06T13:55:00.000Z,2026-07-06T09:55:00.000,748.8699951171875,748.9650268554688,748.3099975585938,748.5,440195
1783346400,2026-07-06T14:00:00.000Z,2026-07-06T10:00:00.000,748.5399780273438,749.010009765625,747.969970703125,748.3800048828125,369303
1783346700,2026-07-06T14:05:00.000Z,2026-07-06T10:05:00.000,748.3400268554688,749.0499877929688,748.0499877929688,748.8099975585938,335369
1783347000,2026-07-06T14:10:00.000Z,2026-07-06T10:10:00.000,748.8090209960938,749.4500122070312,748.5999755859375,749.4000244140625,432665
1783347300,2026-07-06T14:15:00.000Z,2026-07-06T10:15:00.000,749.4000244140625,749.47998046875,748.9600219726562,749.1799926757812,1553172
1783347600,2026-07-06T14:20:00.000Z,2026-07-06T10:20:00.000,749.1900024414062,749.8400268554688,749.0399780273438,749.6500244140625,813372
1783347900,2026-07-06T14:25:00.000Z,2026-07-06T10:25:00.000,749.6699829101562,749.97998046875,749.5599975585938,749.9400024414062,702714
1783348200,2026-07-06T14:30:00.000Z,2026-07-06T10:30:00.000,749.9299926757812,750.1699829101562,749.6199951171875,749.7000122070312,539237
1783348500,2026-07-06T14:35:00.000Z,2026-07-06T10:35:00.000,749.7000122070312,749.8599853515625,749.4400024414062,749.6668090820312,459219
1783348800,2026-07-06T14:40:00.000Z,2026-07-06T10:40:00.000,749.6500244140625,749.7550048828125,749.0999755859375,749.6699829101562,356776
1783349100,2026-07-06T14:45:00.000Z,2026-07-06T10:45:00.000,749.6500244140625,749.8699951171875,749.5,749.75,259281
1783349400,2026-07-06T14:50:00.000Z,2026-07-06T10:50:00.000,749.75,750.0399780273438,749.5999755859375,749.8900146484375,439754
1783349700,2026-07-06T14:55:00.000Z,2026-07-06T10:55:00.000,749.8599853515625,750.2750244140625,749.7000122070312,750.2750244140625,387027
1783350000,2026-07-06T15:00:00.000Z,2026-07-06T11:00:00.000,750.280029296875,750.4199829101562,749.9500122070312,750.1799926757812,407756
1783350300,2026-07-06T15:05:00.000Z,2026-07-06T11:05:00.000,750.1749877929688,750.2999877929688,749.9949951171875,750.25,308518
1783350600,2026-07-06T15:10:00.000Z,2026-07-06T11:10:00.000,750.260009765625,750.4000244140625,749.8200073242188,750.1099853515625,427011
1783350900,2026-07-06T15:15:00.000Z,2026-07-06T11:15:00.000,750.094970703125,750.094970703125,749.6099853515625,749.989990234375,275695
1783351200,2026-07-06T15:20:00.000Z,2026-07-06T11:20:00.000,749.989990234375,750.3699951171875,749.760009765625,750.369873046875,369123
1783351500,2026-07-06T15:25:00.000Z,2026-07-06T11:25:00.000,750.3300170898438,750.8099975585938,750.219970703125,750.760009765625,777787
1783351800,2026-07-06T15:30:00.000Z,2026-07-06T11:30:00.000,750.780029296875,750.9600219726562,750.5900268554688,750.6199951171875,388160
1783352100,2026-07-06T15:35:00.000Z,2026-07-06T11:35:00.000,750.6199951171875,750.7050170898438,750.3499755859375,750.6300048828125,324331
1783352400,2026-07-06T15:40:00.000Z,2026-07-06T11:40:00.000,750.6300048828125,750.8499755859375,750.5599975585938,750.8099975585938,309989
1783352700,2026-07-06T15:45:00.000Z,2026-07-06T11:45:00.000,750.8099975585938,750.9299926757812,750.6508178710938,750.8699951171875,318060
1783353000,2026-07-06T15:50:00.000Z,2026-07-06T11:50:00.000,750.8800048828125,750.969970703125,750.6099853515625,750.6300048828125,351942
1783353300,2026-07-06T15:55:00.000Z,2026-07-06T11:55:00.000,750.6400146484375,750.9500122070312,750.6199951171875,750.8400268554688,307064
1783353600,2026-07-06T16:00:00.000Z,2026-07-06T12:00:00.000,750.8300170898438,750.8699951171875,750.6599731445312,750.7999877929688,196362
1783353900,2026-07-06T16:05:00.000Z,2026-07-06T12:05:00.000,750.8049926757812,751.030029296875,750.72998046875,750.9400024414062,335347
1783354200,2026-07-06T16:10:00.000Z,2026-07-06T12:10:00.000,750.9249877929688,751.1099853515625,750.8800048828125,750.989990234375,410148
1783354500,2026-07-06T16:15:00.000Z,2026-07-06T12:15:00.000,750.97998046875,751.0700073242188,750.8499755859375,750.989990234375,337273
1783354800,2026-07-06T16:20:00.000Z,2026-07-06T12:20:00.000,750.989990234375,751.1199951171875,750.8200073242188,750.9000244140625,285370
1783355100,2026-07-06T16:25:00.000Z,2026-07-06T12:25:00.000,750.8699951171875,750.9199829101562,750.5499877929688,750.6500244140625,293745
1783355400,2026-07-06T16:30:00.000Z,2026-07-06T12:30:00.000,750.6500244140625,750.77001953125,750.469970703125,750.6300048828125,394515
1783355700,2026-07-06T16:35:00.000Z,2026-07-06T12:35:00.000,750.6300048828125,750.6599731445312,750.3900146484375,750.5999755859375,268717
1783356000,2026-07-06T16:40:00.000Z,2026-07-06T12:40:00.000,750.60009765625,750.760009765625,750.5800170898438,750.719970703125,181265
1783356300,2026-07-06T16:45:00.000Z,2026-07-06T12:45:00.000,750.719970703125,751.030029296875,750.5499877929688,751.010009765625,320021
1783356600,2026-07-06T16:50:00.000Z,2026-07-06T12:50:00.000,751.02001953125,751.0800170898438,750.6099853515625,750.6099853515625,233763
1783356900,2026-07-06T16:55:00.000Z,2026-07-06T12:55:00.000,750.6199951171875,750.7299194335938,750.3699951171875,750.4600219726562,451795
1783357200,2026-07-06T17:00:00.000Z,2026-07-06T13:00:00.000,750.47998046875,750.9749755859375,750.405029296875,750.8756713867188,268503
1783357500,2026-07-06T17:05:00.000Z,2026-07-06T13:05:00.000,750.8701171875,751.530029296875,750.8699951171875,751.3900146484375,455392
1783357800,2026-07-06T17:10:00.000Z,2026-07-06T13:10:00.000,751.3800048828125,751.469970703125,751.1898803710938,751.3499755859375,222312
1783358100,2026-07-06T17:15:00.000Z,2026-07-06T13:15:00.000,751.3400268554688,751.4400024414062,750.97998046875,751.0850219726562,560672
1783358400,2026-07-06T17:20:00.000Z,2026-07-06T13:20:00.000,751.0800170898438,751.1199951171875,750.8150024414062,750.969970703125,202340
1783358700,2026-07-06T17:25:00.000Z,2026-07-06T13:25:00.000,750.969970703125,751.0999755859375,750.6099853515625,750.7000122070312,447552
1783359000,2026-07-06T17:30:00.000Z,2026-07-06T13:30:00.000,750.7000122070312,750.75,750.25,750.3494873046875,315372
1783359300,2026-07-06T17:35:00.000Z,2026-07-06T13:35:00.000,750.3350219726562,750.530029296875,750.1799926757812,750.344970703125,218173
1783359600,2026-07-06T17:40:00.000Z,2026-07-06T13:40:00.000,750.3400268554688,750.3400268554688,749.6300048828125,750.0850219726562,478553
1783359900,2026-07-06T17:45:00.000Z,2026-07-06T13:45:00.000,750.0850219726562,750.4099731445312,749.8499755859375,750.296875,178229
1783360200,2026-07-06T17:50:00.000Z,2026-07-06T13:50:00.000,750.3099975585938,750.52001953125,750.0499877929688,750.0695190429688,190389
1783360500,2026-07-06T17:55:00.000Z,2026-07-06T13:55:00.000,750.0800170898438,750.14501953125,749.9299926757812,750.1298828125,164282
1783360800,2026-07-06T18:00:00.000Z,2026-07-06T14:00:00.000,750.1300048828125,750.77001953125,750.1300048828125,750.7100219726562,376150
1783361100,2026-07-06T18:05:00.000Z,2026-07-06T14:05:00.000,750.7100219726562,751.1099853515625,750.6199951171875,750.9600219726562,408703
1783361400,2026-07-06T18:10:00.000Z,2026-07-06T14:10:00.000,750.9600219726562,751.0599975585938,750.8250122070312,751.010009765625,322665
1783361700,2026-07-06T18:15:00.000Z,2026-07-06T14:15:00.000,751.0399780273438,751.52001953125,751.02001953125,751.3699951171875,357395
1783362000,2026-07-06T18:20:00.000Z,2026-07-06T14:20:00.000,751.3599853515625,751.5,751.25,751.47998046875,296442
1783362300,2026-07-06T18:25:00.000Z,2026-07-06T14:25:00.000,751.47998046875,751.6063842773438,751.280029296875,751.3300170898438,264314
1783362600,2026-07-06T18:30:00.000Z,2026-07-06T14:30:00.000,751.3300170898438,751.5180053710938,751.0900268554688,751.1300048828125,328390
1783362900,2026-07-06T18:35:00.000Z,2026-07-06T14:35:00.000,751.1199951171875,751.2899780273438,751.010009765625,751.0650024414062,622291
1783363200,2026-07-06T18:40:00.000Z,2026-07-06T14:40:00.000,751.0700073242188,751.3599853515625,751.0700073242188,751.239990234375,235840
1783363500,2026-07-06T18:45:00.000Z,2026-07-06T14:45:00.000,751.25,751.6680297851562,751.2100219726562,751.5900268554688,260397
1783363800,2026-07-06T18:50:00.000Z,2026-07-06T14:50:00.000,751.5900268554688,751.8200073242188,751.530029296875,751.8012084960938,269865
1783364100,2026-07-06T18:55:00.000Z,2026-07-06T14:55:00.000,751.8099975585938,752.0250244140625,751.6799926757812,751.9299926757812,393445
1783364400,2026-07-06T19:00:00.000Z,2026-07-06T15:00:00.000,751.9400024414062,752.1300048828125,751.6799926757812,751.8599853515625,344140
1783364700,2026-07-06T19:05:00.000Z,2026-07-06T15:05:00.000,751.8699951171875,751.97998046875,751.6900024414062,751.77001953125,831736
1783365000,2026-07-06T19:10:00.000Z,2026-07-06T15:10:00.000,751.77001953125,751.9299926757812,751.6900024414062,751.7899780273438,365360
1783365300,2026-07-06T19:15:00.000Z,2026-07-06T15:15:00.000,751.7999877929688,752.1400146484375,751.6599731445312,752.114990234375,876464
1783365600,2026-07-06T19:20:00.000Z,2026-07-06T15:20:00.000,752.1099853515625,752.4099731445312,752.0001220703125,752.2999877929688,684081
1783365900,2026-07-06T19:25:00.000Z,2026-07-06T15:25:00.000,752.3099975585938,752.359375,752.1099853515625,752.2899780273438,548469
1783366200,2026-07-06T19:30:00.000Z,2026-07-06T15:30:00.000,752.280029296875,752.2899780273438,751.9349975585938,752.0399780273438,632983
1783366500,2026-07-06T19:35:00.000Z,2026-07-06T15:35:00.000,752.0449829101562,752.1500244140625,751.739990234375,751.9600219726562,1458343
1783366800,2026-07-06T19:40:00.000Z,2026-07-06T15:40:00.000,751.9500122070312,752.0449829101562,751.780029296875,752.030029296875,444293
1783367100,2026-07-06T19:45:00.000Z,2026-07-06T15:45:00.000,752.0399780273438,752.219970703125,751.8800048828125,751.9600219726562,925725
1783367400,2026-07-06T19:50:00.000Z,2026-07-06T15:50:00.000,751.9600219726562,751.97998046875,751.2000122070312,751.2100219726562,2227157
1783367700,2026-07-06T19:55:00.000Z,2026-07-06T15:55:00.000,751.219970703125,751.4000244140625,750.77001953125,751.3099975585938,5168682
1783431000,2026-07-07T13:30:00.000Z,2026-07-07T09:30:00.000,750.219970703125,750.9600219726562,749.3800048828125,749.47998046875,2008176
1783431300,2026-07-07T13:35:00.000Z,2026-07-07T09:35:00.000,749.4600219726562,749.9199829101562,749.1599731445312,749.510009765625,633195
1783431600,2026-07-07T13:40:00.000Z,2026-07-07T09:40:00.000,749.47998046875,750.22998046875,749.1599731445312,750.1500854492188,682340
1783431900,2026-07-07T13:45:00.000Z,2026-07-07T09:45:00.000,750.1599731445312,750.2100219726562,749.5,749.6199951171875,622507
1783432200,2026-07-07T13:50:00.000Z,2026-07-07T09:50:00.000,749.5900268554688,749.9000244140625,748.739990234375,748.9400024414062,580944
1783432500,2026-07-07T13:55:00.000Z,2026-07-07T09:55:00.000,748.9400024414062,749.0499877929688,748.25,748.8499755859375,750127
1783432800,2026-07-07T14:00:00.000Z,2026-07-07T10:00:00.000,748.8504028320312,749.2000122070312,748.22998046875,748.5599975585938,448314
1783433100,2026-07-07T14:05:00.000Z,2026-07-07T10:05:00.000,748.5900268554688,748.969970703125,748.1199951171875,748.280029296875,383710
1783433400,2026-07-07T14:10:00.000Z,2026-07-07T10:10:00.000,748.27001953125,748.2899780273438,746.9600219726562,747.030029296875,777076
1783433700,2026-07-07T14:15:00.000Z,2026-07-07T10:15:00.000,747.0108032226562,747.5050048828125,746.469970703125,747.5050048828125,743850
1783434000,2026-07-07T14:20:00.000Z,2026-07-07T10:20:00.000,747.5,747.7100219726562,746.6199951171875,746.6400146484375,421552
1783434300,2026-07-07T14:25:00.000Z,2026-07-07T10:25:00.000,746.6699829101562,746.719970703125,746.0900268554688,746.7000122070312,838358
1783434600,2026-07-07T14:30:00.000Z,2026-07-07T10:30:00.000,746.6799926757812,747.010009765625,746.2899780273438,746.3800048828125,687134
1783434900,2026-07-07T14:35:00.000Z,2026-07-07T10:35:00.000,746.3699951171875,746.5499877929688,745.8699951171875,745.8800048828125,632548
1783435200,2026-07-07T14:40:00.000Z,2026-07-07T10:40:00.000,745.8800048828125,746.1400146484375,745.2100219726562,745.7899780273438,775993
1783435500,2026-07-07T14:45:00.000Z,2026-07-07T10:45:00.000,745.7949829101562,746.4849853515625,745.7000122070312,746.1799926757812,496856
1783435800,2026-07-07T14:50:00.000Z,2026-07-07T10:50:00.000,746.1900024414062,746.7650146484375,745.97998046875,746.6199951171875,490024
1783436100,2026-07-07T14:55:00.000Z,2026-07-07T10:55:00.000,746.6199951171875,746.9199829101562,746.4299926757812,746.4450073242188,408609
1783436400,2026-07-07T15:00:00.000Z,2026-07-07T11:00:00.000,746.4600219726562,746.5700073242188,745.9400024414062,746.3699951171875,482982
1783436700,2026-07-07T15:05:00.000Z,2026-07-07T11:05:00.000,746.3699951171875,746.6699829101562,746.1799926757812,746.5650024414062,335094
1783437000,2026-07-07T15:10:00.000Z,2026-07-07T11:10:00.000,746.5650024414062,746.6799926757812,746.0700073242188,746.0701293945312,364875
1783437300,2026-07-07T15:15:00.000Z,2026-07-07T11:15:00.000,746.0700073242188,746.1099853515625,745.760009765625,745.9500122070312,299834
1783437600,2026-07-07T15:20:00.000Z,2026-07-07T11:20:00.000,745.9500122070312,746.3300170898438,745.780029296875,745.8900146484375,230533
1783437900,2026-07-07T15:25:00.000Z,2026-07-07T11:25:00.000,745.9199829101562,746.3690185546875,745.77001953125,746.3690185546875,232311
1783438200,2026-07-07T15:30:00.000Z,2026-07-07T11:30:00.000,746.3599853515625,746.4400024414062,745.9299926757812,745.9299926757812,224539
1783438500,2026-07-07T15:35:00.000Z,2026-07-07T11:35:00.000,745.9400024414062,746.219970703125,745.6400146484375,745.6649780273438,245432
1783438800,2026-07-07T15:40:00.000Z,2026-07-07T11:40:00.000,745.6599731445312,746.4279174804688,745.4299926757812,746.4279174804688,259401
1783439100,2026-07-07T15:45:00.000Z,2026-07-07T11:45:00.000,746.4199829101562,747.2100219726562,746.4000244140625,746.630126953125,517932
1783439400,2026-07-07T15:50:00.000Z,2026-07-07T11:50:00.000,746.6300048828125,747.2999877929688,746.6199951171875,747.02001953125,325676
1783439700,2026-07-07T15:55:00.000Z,2026-07-07T11:55:00.000,747.010009765625,747.4500122070312,746.780029296875,747.3599853515625,262281
1783440000,2026-07-07T16:00:00.000Z,2026-07-07T12:00:00.000,747.3800048828125,747.7899780273438,747.2600708007812,747.6500244140625,332994
1783440300,2026-07-07T16:05:00.000Z,2026-07-07T12:05:00.000,747.6699829101562,748.0700073242188,747.25,747.489990234375,345258
1783440600,2026-07-07T16:10:00.000Z,2026-07-07T12:10:00.000,747.489990234375,748.1599731445312,747.489990234375,748.0399780273438,270305
1783440900,2026-07-07T16:15:00.000Z,2026-07-07T12:15:00.000,748.0499877929688,748.2000122070312,747.8400268554688,748.0399780273438,394558
1783441200,2026-07-07T16:20:00.000Z,2026-07-07T12:20:00.000,748.0399780273438,748.8400268554688,748.02001953125,748.5399169921875,533271
1783441500,2026-07-07T16:25:00.000Z,2026-07-07T12:25:00.000,748.5349731445312,748.989990234375,748.47998046875,748.77001953125,366371
1783441800,2026-07-07T16:30:00.000Z,2026-07-07T12:30:00.000,748.7650146484375,749.0198974609375,748.4299926757812,748.60498046875,424389
1783442100,2026-07-07T16:35:00.000Z,2026-07-07T12:35:00.000,748.6099853515625,748.8400268554688,748.239990234375,748.8150024414062,223593
1783442400,2026-07-07T16:40:00.000Z,2026-07-07T12:40:00.000,748.8200073242188,748.9400024414062,748.5700073242188,748.8699951171875,406224
1783442700,2026-07-07T16:45:00.000Z,2026-07-07T12:45:00.000,748.8599853515625,749.1300048828125,748.8499755859375,749.0399780273438,443469
1783443000,2026-07-07T16:50:00.000Z,2026-07-07T12:50:00.000,749.0599975585938,749.1199951171875,748.75,748.7899780273438,288795
1783443300,2026-07-07T16:55:00.000Z,2026-07-07T12:55:00.000,748.8099975585938,748.9600219726562,748.5,748.9600219726562,323810
1783443600,2026-07-07T17:00:00.000Z,2026-07-07T13:00:00.000,748.9600219726562,749.1699829101562,748.8599853515625,749.1699829101562,201021
1783443900,2026-07-07T17:05:00.000Z,2026-07-07T13:05:00.000,749.1400146484375,749.3400268554688,749.0900268554688,749.1599731445312,490250
1783444200,2026-07-07T17:10:00.000Z,2026-07-07T13:10:00.000,749.155029296875,749.1799926757812,748.740478515625,748.8099975585938,190037
1783444500,2026-07-07T17:15:00.000Z,2026-07-07T13:15:00.000,748.8300170898438,748.8599853515625,748.4199829101562,748.6099853515625,235662
1783444800,2026-07-07T17:20:00.000Z,2026-07-07T13:20:00.000,748.6300048828125,749.1502075195312,748.5499877929688,748.9990844726562,235895
1783445100,2026-07-07T17:25:00.000Z,2026-07-07T13:25:00.000,748.989990234375,749.0800170898438,748.7999877929688,748.8400268554688,228833
1783445400,2026-07-07T17:30:00.000Z,2026-07-07T13:30:00.000,748.8499755859375,749.1799926757812,748.8300170898438,749.0599975585938,221909
1783445700,2026-07-07T17:35:00.000Z,2026-07-07T13:35:00.000,749.0399780273438,749.219970703125,748.7999877929688,749.10498046875,250926
1783446000,2026-07-07T17:40:00.000Z,2026-07-07T13:40:00.000,749.1099853515625,749.27001953125,748.9400024414062,749.125,198795
1783446300,2026-07-07T17:45:00.000Z,2026-07-07T13:45:00.000,749.1300048828125,749.1400146484375,748.739990234375,748.8800048828125,311444
1783446600,2026-07-07T17:50:00.000Z,2026-07-07T13:50:00.000,748.9000244140625,749.030029296875,748.6500244140625,748.8073120117188,160103
1783446900,2026-07-07T17:55:00.000Z,2026-07-07T13:55:00.000,748.7999877929688,749.1799926757812,748.72998046875,749.1799926757812,190357
1783447200,2026-07-07T18:00:00.000Z,2026-07-07T14:00:00.000,749.1799926757812,749.27001953125,748.8900146484375,749.0900268554688,305510
1783447500,2026-07-07T18:05:00.000Z,2026-07-07T14:05:00.000,749.094970703125,749.2000122070312,748.8300170898438,748.9400024414062,178724
1783447800,2026-07-07T18:10:00.000Z,2026-07-07T14:10:00.000,748.969970703125,749.2000122070312,748.9000244140625,748.9949951171875,346659
1783448100,2026-07-07T18:15:00.000Z,2026-07-07T14:15:00.000,749.010009765625,749.1900024414062,748.8900146484375,749.0499877929688,406214
1783448400,2026-07-07T18:20:00.000Z,2026-07-07T14:20:00.000,749.0499877929688,749.2999877929688,748.9299926757812,749.1400146484375,214625
1783448700,2026-07-07T18:25:00.000Z,2026-07-07T14:25:00.000,749.1500244140625,749.260009765625,748.8699951171875,748.989990234375,189553
1783449000,2026-07-07T18:30:00.000Z,2026-07-07T14:30:00.000,749,749.0700073242188,748.5700073242188,748.7100219726562,418308
1783449300,2026-07-07T18:35:00.000Z,2026-07-07T14:35:00.000,748.6900024414062,749.0399780273438,748.5399780273438,748.9099731445312,257120
1783449600,2026-07-07T18:40:00.000Z,2026-07-07T14:40:00.000,748.9099731445312,748.9600219726562,748.4000244140625,748.7266235351562,408160
1783449900,2026-07-07T18:45:00.000Z,2026-07-07T14:45:00.000,748.72998046875,748.8400268554688,747.6599731445312,748.155029296875,446637
1783450200,2026-07-07T18:50:00.000Z,2026-07-07T14:50:00.000,748.1699829101562,748.239990234375,747.469970703125,747.7899780273438,633556
1783450500,2026-07-07T18:55:00.000Z,2026-07-07T14:55:00.000,747.780029296875,747.9000244140625,747.4199829101562,747.510009765625,505309
1783450800,2026-07-07T19:00:00.000Z,2026-07-07T15:00:00.000,747.5,747.7000122070312,746.8200073242188,747.2000122070312,878388
1783451100,2026-07-07T19:05:00.000Z,2026-07-07T15:05:00.000,747.2100219726562,747.5700073242188,746.6699829101562,746.7794799804688,701270
1783451400,2026-07-07T19:10:00.000Z,2026-07-07T15:10:00.000,746.780029296875,747.030029296875,746.5499877929688,746.8201293945312,770342
1783451700,2026-07-07T19:15:00.000Z,2026-07-07T15:15:00.000,746.7999877929688,746.8699951171875,746,746.6900024414062,943688
1783452000,2026-07-07T19:20:00.000Z,2026-07-07T15:20:00.000,746.665771484375,747.0599975585938,746.4299926757812,747.0399780273438,564601
1783452300,2026-07-07T19:25:00.000Z,2026-07-07T15:25:00.000,747.0399780273438,747.0599975585938,746.5499877929688,746.7000122070312,460710
1783452600,2026-07-07T19:30:00.000Z,2026-07-07T15:30:00.000,746.6699829101562,747.27001953125,746.6599731445312,747.1925048828125,606140
1783452900,2026-07-07T19:35:00.000Z,2026-07-07T15:35:00.000,747.2000122070312,747.2000122070312,746.6699829101562,746.77001953125,525934
1783453200,2026-07-07T19:40:00.000Z,2026-07-07T15:40:00.000,746.760009765625,746.8200073242188,746.3800048828125,746.52001953125,704955
1783453500,2026-07-07T19:45:00.000Z,2026-07-07T15:45:00.000,746.530029296875,747.0599975585938,746.5,746.989990234375,990271
1783453800,2026-07-07T19:50:00.000Z,2026-07-07T15:50:00.000,747.010009765625,747.77001953125,747.010009765625,747.7449951171875,1271051
1783454100,2026-07-07T19:55:00.000Z,2026-07-07T15:55:00.000,747.719970703125,747.969970703125,747.1400146484375,747.7000122070312,2942974
1783517400,2026-07-08T13:30:00.000Z,2026-07-08T09:30:00.000,743.1599731445312,744.0850219726562,742.6400146484375,743.6599731445312,3113957
1783517700,2026-07-08T13:35:00.000Z,2026-07-08T09:35:00.000,743.6599731445312,744.169921875,743.0399780273438,743.9749755859375,835165
1783518000,2026-07-08T13:40:00.000Z,2026-07-08T09:40:00.000,743.9500122070312,744.75,743.8099975585938,744.3400268554688,603095
1783518300,2026-07-08T13:45:00.000Z,2026-07-08T09:45:00.000,744.3099975585938,744.9249877929688,743.5,743.6400146484375,1008334
1783518600,2026-07-08T13:50:00.000Z,2026-07-08T09:50:00.000,743.6300048828125,744.4600219726562,743.3499755859375,743.6599731445312,589677
1783518900,2026-07-08T13:55:00.000Z,2026-07-08T09:55:00.000,743.6599731445312,744.6300048828125,743.22998046875,744.02001953125,703915
1783519200,2026-07-08T14:00:00.000Z,2026-07-08T10:00:00.000,744.030029296875,744.47998046875,743.5900268554688,743.8098754882812,549242
1783519500,2026-07-08T14:05:00.000Z,2026-07-08T10:05:00.000,743.7899780273438,744.7000122070312,743.77001953125,744.260009765625,556244
1783519800,2026-07-08T14:10:00.000Z,2026-07-08T10:10:00.000,744.239990234375,744.4299926757812,743.0599975585938,743.219970703125,595716
1783520100,2026-07-08T14:15:00.000Z,2026-07-08T10:15:00.000,743.2000122070312,743.5999755859375,742.6799926757812,743.2000122070312,578912
1783520400,2026-07-08T14:20:00.000Z,2026-07-08T10:20:00.000,743.1799926757812,744.5399780273438,742.9804077148438,743.7899780273438,632267
1783520700,2026-07-08T14:25:00.000Z,2026-07-08T10:25:00.000,743.780029296875,744.4299926757812,742.760009765625,743.1099853515625,468132
1783521000,2026-07-08T14:30:00.000Z,2026-07-08T10:30:00.000,743.0900268554688,743.6900024414062,742.72998046875,743.3099975585938,478327
1783521300,2026-07-08T14:35:00.000Z,2026-07-08T10:35:00.000,743.2999877929688,743.2999877929688,742.2337036132812,742.3200073242188,580585
1783521600,2026-07-08T14:40:00.000Z,2026-07-08T10:40:00.000,742.27001953125,742.72998046875,741.9500122070312,742.4400024414062,505123
1783521900,2026-07-08T14:45:00.000Z,2026-07-08T10:45:00.000,742.4299926757812,742.47998046875,741.2899780273438,741.2899780273438,582546
1783522200,2026-07-08T14:50:00.000Z,2026-07-08T10:50:00.000,741.2899780273438,742.8363037109375,740.9299926757812,742.1199951171875,812582
1783522500,2026-07-08T14:55:00.000Z,2026-07-08T10:55:00.000,742.0999755859375,742.7100219726562,741.56201171875,741.8400268554688,325792
1783522800,2026-07-08T15:00:00.000Z,2026-07-08T11:00:00.000,741.8300170898438,742.030029296875,741.4199829101562,741.5399780273438,235469
1783523100,2026-07-08T15:05:00.000Z,2026-07-08T11:05:00.000,741.5349731445312,741.9299926757812,741.3900146484375,741.5050048828125,342367
1783523400,2026-07-08T15:10:00.000Z,2026-07-08T11:10:00.000,741.5,741.8400268554688,740.9500122070312,741.1199951171875,351963
1783523700,2026-07-08T15:15:00.000Z,2026-07-08T11:15:00.000,741.0999755859375,741.5125122070312,740.3800048828125,741.3200073242188,597418
1783524000,2026-07-08T15:20:00.000Z,2026-07-08T11:20:00.000,741.2999877929688,741.5599975585938,740.0499877929688,740.1500244140625,560931
1783524300,2026-07-08T15:25:00.000Z,2026-07-08T11:25:00.000,740.1400146484375,740.3300170898438,739.5499877929688,739.9400024414062,698137
1783524600,2026-07-08T15:30:00.000Z,2026-07-08T11:30:00.000,739.9600219726562,740.7576293945312,739.510009765625,740.7399291992188,572448
1783524900,2026-07-08T15:35:00.000Z,2026-07-08T11:35:00.000,740.7100219726562,741.27001953125,740.4099731445312,740.5900268554688,396502
1783525200,2026-07-08T15:40:00.000Z,2026-07-08T11:40:00.000,740.5999755859375,741.1900024414062,740.5599975585938,740.739990234375,232555
1783525500,2026-07-08T15:45:00.000Z,2026-07-08T11:45:00.000,740.719970703125,741.010009765625,740.3200073242188,740.5,290627
1783525800,2026-07-08T15:50:00.000Z,2026-07-08T11:50:00.000,740.4949951171875,740.5900268554688,740.0198974609375,740.47998046875,476006
1783526100,2026-07-08T15:55:00.000Z,2026-07-08T11:55:00.000,740.47998046875,740.7999877929688,740.1699829101562,740.6400146484375,430967
1783526400,2026-07-08T16:00:00.000Z,2026-07-08T12:00:00.000,740.6799926757812,741.260009765625,740.6099853515625,741.25,390387
1783526700,2026-07-08T16:05:00.000Z,2026-07-08T12:05:00.000,741.239990234375,741.75,741.0900268554688,741.6599731445312,322584
1783527000,2026-07-08T16:10:00.000Z,2026-07-08T12:10:00.000,741.6599731445312,742.3499755859375,741.6400146484375,742.27001953125,348047
1783527300,2026-07-08T16:15:00.000Z,2026-07-08T12:15:00.000,742.27001953125,742.684326171875,741.97998046875,742.5800170898438,437682
1783527600,2026-07-08T16:20:00.000Z,2026-07-08T12:20:00.000,742.5800170898438,743.22998046875,742.5399780273438,742.72998046875,400624
1783527900,2026-07-08T16:25:00.000Z,2026-07-08T12:25:00.000,742.739990234375,743.469970703125,742.6699829101562,743.0999755859375,264525
1783528200,2026-07-08T16:30:00.000Z,2026-07-08T12:30:00.000,743.0900268554688,743.8270263671875,742.97998046875,743.0250244140625,328898
1783528500,2026-07-08T16:35:00.000Z,2026-07-08T12:35:00.000,743.02001953125,743.5399780273438,742.4500122070312,743.219970703125,507501
1783528800,2026-07-08T16:40:00.000Z,2026-07-08T12:40:00.000,743.1900024414062,744.2177124023438,742.8900146484375,743.9400024414062,431671
1783529100,2026-07-08T16:45:00.000Z,2026-07-08T12:45:00.000,743.9299926757812,744.280029296875,743.5800170898438,744.27001953125,417133
1783529400,2026-07-08T16:50:00.000Z,2026-07-08T12:50:00.000,744.2899780273438,744.6099853515625,744.0900268554688,744.4000244140625,366260
1783529700,2026-07-08T16:55:00.000Z,2026-07-08T12:55:00.000,744.4000244140625,744.75,744.22998046875,744.6799926757812,300279
1783530000,2026-07-08T17:00:00.000Z,2026-07-08T13:00:00.000,744.6599731445312,744.7000122070312,744.1099853515625,744.2899780273438,322369
1783530300,2026-07-08T17:05:00.000Z,2026-07-08T13:05:00.000,744.2899780273438,744.75,744.1699829101562,744.280029296875,309047
1783530600,2026-07-08T17:10:00.000Z,2026-07-08T13:10:00.000,744.2899780273438,744.6300048828125,743.9849853515625,744.280029296875,352487
1783530900,2026-07-08T17:15:00.000Z,2026-07-08T13:15:00.000,744.2899780273438,744.989990234375,744.280029296875,744.9400024414062,277739
1783531200,2026-07-08T17:20:00.000Z,2026-07-08T13:20:00.000,744.9299926757812,745.4600219726562,744.8699951171875,745.4400024414062,352432
1783531500,2026-07-08T17:25:00.000Z,2026-07-08T13:25:00.000,745.4500122070312,745.780029296875,745.22998046875,745.719970703125,256535
1783531800,2026-07-08T17:30:00.000Z,2026-07-08T13:30:00.000,745.72998046875,746.0900268554688,745.5499877929688,745.5499877929688,313575
1783532100,2026-07-08T17:35:00.000Z,2026-07-08T13:35:00.000,745.5499877929688,745.719970703125,745.2550048828125,745.260009765625,362237
1783532400,2026-07-08T17:40:00.000Z,2026-07-08T13:40:00.000,745.27001953125,745.3200073242188,744.7000122070312,744.9500122070312,349507
1783532700,2026-07-08T17:45:00.000Z,2026-07-08T13:45:00.000,744.9400024414062,744.97998046875,744.260009765625,744.3599853515625,303764
1783533000,2026-07-08T17:50:00.000Z,2026-07-08T13:50:00.000,744.3800048828125,744.8800048828125,744.2324829101562,744.4299926757812,208058
1783533300,2026-07-08T17:55:00.000Z,2026-07-08T13:55:00.000,744.4299926757812,744.469970703125,743.9500122070312,744.3900146484375,250451
1783533600,2026-07-08T18:00:00.000Z,2026-07-08T14:00:00.000,744.3800048828125,745.4500122070312,744,745.2899780273438,653580
1783533900,2026-07-08T18:05:00.000Z,2026-07-08T14:05:00.000,745.239990234375,745.3800048828125,744.8699951171875,745.27001953125,222634
1783534200,2026-07-08T18:10:00.000Z,2026-07-08T14:10:00.000,745.25,745.510009765625,744.9199829101562,745.280029296875,287744
1783534500,2026-07-08T18:15:00.000Z,2026-07-08T14:15:00.000,745.2999877929688,745.4099731445312,744.7224731445312,745.1799926757812,283448
1783534800,2026-07-08T18:20:00.000Z,2026-07-08T14:20:00.000,745.1599731445312,745.3099975585938,744.8800048828125,744.9099731445312,191908
1783535100,2026-07-08T18:25:00.000Z,2026-07-08T14:25:00.000,744.9400024414062,745.22998046875,744.6699829101562,744.6699829101562,230637
1783535400,2026-07-08T18:30:00.000Z,2026-07-08T14:30:00.000,744.6699829101562,744.7797241210938,744.260009765625,744.4400024414062,263695
1783535700,2026-07-08T18:35:00.000Z,2026-07-08T14:35:00.000,744.4600219726562,745.25,744.3300170898438,745.1799926757812,268681
1783536000,2026-07-08T18:40:00.000Z,2026-07-08T14:40:00.000,745.1699829101562,745.3099975585938,744.5698852539062,745.0399780273438,214897
1783536300,2026-07-08T18:45:00.000Z,2026-07-08T14:45:00.000,745.0800170898438,745.3300170898438,744.7999877929688,745.27001953125,189434
1783536600,2026-07-08T18:50:00.000Z,2026-07-08T14:50:00.000,745.260009765625,745.5,745.030029296875,745.1400146484375,389759
1783536900,2026-07-08T18:55:00.000Z,2026-07-08T14:55:00.000,745.1500244140625,745.3300170898438,744.780029296875,745.3300170898438,201555
1783537200,2026-07-08T19:00:00.000Z,2026-07-08T15:00:00.000,745.3400268554688,745.7249755859375,745.0499877929688,745.260009765625,362839
1783537500,2026-07-08T19:05:00.000Z,2026-07-08T15:05:00.000,745.25,745.4099731445312,744.989990234375,745.2999877929688,240649
1783537800,2026-07-08T19:10:00.000Z,2026-07-08T15:10:00.000,745.3200073242188,745.3400268554688,744.7999877929688,744.8900146484375,327549
1783538100,2026-07-08T19:15:00.000Z,2026-07-08T15:15:00.000,744.8900146484375,745.1500244140625,744.6799926757812,744.8300170898438,251633
1783538400,2026-07-08T19:20:00.000Z,2026-07-08T15:20:00.000,744.8400268554688,745.27001953125,744.8099975585938,745.030029296875,241820
1783538700,2026-07-08T19:25:00.000Z,2026-07-08T15:25:00.000,745.030029296875,745.3599853515625,744.9400024414062,745.1900024414062,251953
1783539000,2026-07-08T19:30:00.000Z,2026-07-08T15:30:00.000,745.2000122070312,745.3400268554688,744.8300170898438,744.9199829101562,277760
1783539300,2026-07-08T19:35:00.000Z,2026-07-08T15:35:00.000,744.9249877929688,745.3900146484375,744.8350219726562,745.239990234375,365064
1783539600,2026-07-08T19:40:00.000Z,2026-07-08T15:40:00.000,745.219970703125,745.3699951171875,744.8900146484375,745.3300170898438,385543
1783539900,2026-07-08T19:45:00.000Z,2026-07-08T15:45:00.000,745.3300170898438,745.3699951171875,744.4099731445312,744.7999877929688,850847
1783540200,2026-07-08T19:50:00.000Z,2026-07-08T15:50:00.000,744.780029296875,745.7000122070312,744.5999755859375,745.6599731445312,851758
1783540500,2026-07-08T19:55:00.000Z,2026-07-08T15:55:00.000,745.739990234375,746.1500244140625,745.27001953125,745.2899780273438,3054338
1783603800,2026-07-09T13:30:00.000Z,2026-07-09T09:30:00.000,747.3499755859375,747.5,745.6799926757812,747.3499755859375,2486544
1783604100,2026-07-09T13:35:00.000Z,2026-07-09T09:35:00.000,747.3599853515625,748.3579711914062,747.0999755859375,748.1199951171875,704785
1783604400,2026-07-09T13:40:00.000Z,2026-07-09T09:40:00.000,748.1500244140625,748.510009765625,747.489990234375,748.4000244140625,461671
1783604700,2026-07-09T13:45:00.000Z,2026-07-09T09:45:00.000,748.4000244140625,748.760009765625,747.739990234375,748.1099853515625,475555
1783605000,2026-07-09T13:50:00.000Z,2026-07-09T09:50:00.000,748.0999755859375,749.1099853515625,747.8150024414062,748.9500122070312,1449695
1783605300,2026-07-09T13:55:00.000Z,2026-07-09T09:55:00.000,748.97998046875,749.22998046875,748.5599975585938,748.6699829101562,457388
1783605600,2026-07-09T14:00:00.000Z,2026-07-09T10:00:00.000,748.6900024414062,749.02001953125,748.5009765625,748.6900024414062,329240
1783605900,2026-07-09T14:05:00.000Z,2026-07-09T10:05:00.000,748.6699829101562,748.8499755859375,747.969970703125,747.969970703125,423110
1783606200,2026-07-09T14:10:00.000Z,2026-07-09T10:10:00.000,747.9600219726562,748,747.27001953125,747.5499877929688,471240
1783606500,2026-07-09T14:15:00.000Z,2026-07-09T10:15:00.000,747.5599975585938,747.5599975585938,745.9299926757812,746.2586059570312,1456170
1783606800,2026-07-09T14:20:00.000Z,2026-07-09T10:20:00.000,746.260009765625,746.989990234375,745.5900268554688,746.9500122070312,703987
1783607100,2026-07-09T14:25:00.000Z,2026-07-09T10:25:00.000,746.9299926757812,748.1900024414062,746.75,747.8798828125,697765
1783607400,2026-07-09T14:30:00.000Z,2026-07-09T10:30:00.000,747.8599853515625,748.0650024414062,747.0999755859375,747.6500244140625,225965
1783607700,2026-07-09T14:35:00.000Z,2026-07-09T10:35:00.000,747.6500244140625,748.47998046875,747.5499877929688,748.4000244140625,212739
1783608000,2026-07-09T14:40:00.000Z,2026-07-09T10:40:00.000,748.4000244140625,748.47998046875,747.8099975585938,747.8800048828125,192076
1783608300,2026-07-09T14:45:00.000Z,2026-07-09T10:45:00.000,747.9099731445312,748.3800048828125,747.8400268554688,748.0499877929688,226563
1783608600,2026-07-09T14:50:00.000Z,2026-07-09T10:50:00.000,748.0599975585938,748.0599975585938,747.25,747.969970703125,411178
1783608900,2026-07-09T14:55:00.000Z,2026-07-09T10:55:00.000,747.9600219726562,748.9199829101562,747.9600219726562,748.72998046875,314693
1783609200,2026-07-09T15:00:00.000Z,2026-07-09T11:00:00.000,748.719970703125,748.9400024414062,748.5999755859375,748.860107421875,297352
1783609500,2026-07-09T15:05:00.000Z,2026-07-09T11:05:00.000,748.8800048828125,749.5599975585938,748.8400268554688,749.489990234375,369154
1783609800,2026-07-09T15:10:00.000Z,2026-07-09T11:10:00.000,749.5,749.5800170898438,749.0999755859375,749.2000122070312,293939
1783610100,2026-07-09T15:15:00.000Z,2026-07-09T11:15:00.000,749.1900024414062,749.5900268554688,748.97998046875,749.219970703125,316150
1783610400,2026-07-09T15:20:00.000Z,2026-07-09T11:20:00.000,749.239990234375,749.9600219726562,749.2100219726562,749.9000244140625,215873
1783610700,2026-07-09T15:25:00.000Z,2026-07-09T11:25:00.000,749.9080200195312,749.97998046875,749.719970703125,749.7999877929688,324864
1783611000,2026-07-09T15:30:00.000Z,2026-07-09T11:30:00.000,749.780029296875,749.7999877929688,749.4849853515625,749.5800170898438,215318
1783611300,2026-07-09T15:35:00.000Z,2026-07-09T11:35:00.000,749.5499877929688,749.8800048828125,749.52001953125,749.8699951171875,182820
1783611600,2026-07-09T15:40:00.000Z,2026-07-09T11:40:00.000,749.8699951171875,750.25,749.80078125,750.1099853515625,263604
1783611900,2026-07-09T15:45:00.000Z,2026-07-09T11:45:00.000,750.0999755859375,750.25,749.9299926757812,750.1599731445312,163099
1783612200,2026-07-09T15:50:00.000Z,2026-07-09T11:50:00.000,750.1699829101562,750.2000122070312,749.8699951171875,749.9199829101562,185723
1783612500,2026-07-09T15:55:00.000Z,2026-07-09T11:55:00.000,749.9199829101562,750.0850219726562,749.7999877929688,749.8699951171875,193083
1783612800,2026-07-09T16:00:00.000Z,2026-07-09T12:00:00.000,749.8800048828125,750.4400024414062,749.8699951171875,750.3300170898438,258866
1783613100,2026-07-09T16:05:00.000Z,2026-07-09T12:05:00.000,750.3200073242188,750.5700073242188,750.3200073242188,750.4400024414062,225574
1783613400,2026-07-09T16:10:00.000Z,2026-07-09T12:10:00.000,750.4600219726562,750.5499877929688,750.3499755859375,750.5250244140625,183901
1783613700,2026-07-09T16:15:00.000Z,2026-07-09T12:15:00.000,750.510009765625,750.6699829101562,750.3800048828125,750.5593872070312,201571
1783614000,2026-07-09T16:20:00.000Z,2026-07-09T12:20:00.000,750.5399780273438,750.8200073242188,750.4500122070312,750.7999877929688,280654
1783614300,2026-07-09T16:25:00.000Z,2026-07-09T12:25:00.000,750.7899780273438,750.8099975585938,750.573974609375,750.6400146484375,1491905
1783614600,2026-07-09T16:30:00.000Z,2026-07-09T12:30:00.000,750.6400146484375,750.89990234375,750.47998046875,750.47998046875,266054
1783614900,2026-07-09T16:35:00.000Z,2026-07-09T12:35:00.000,750.4749755859375,750.5900268554688,750.3300170898438,750.5800170898438,279523
1783615200,2026-07-09T16:40:00.000Z,2026-07-09T12:40:00.000,750.5900268554688,750.7899780273438,750.5900268554688,750.6900024414062,183015
1783615500,2026-07-09T16:45:00.000Z,2026-07-09T12:45:00.000,750.6900024414062,750.75,750.3699951171875,750.47998046875,181236
1783615800,2026-07-09T16:50:00.000Z,2026-07-09T12:50:00.000,750.47998046875,750.60498046875,750.3599853515625,750.4199829101562,200371
1783616100,2026-07-09T16:55:00.000Z,2026-07-09T12:55:00.000,750.4100952148438,750.4949951171875,750.239990234375,750.4400024414062,663809
1783616400,2026-07-09T17:00:00.000Z,2026-07-09T13:00:00.000,750.4500122070312,750.8400268554688,750.4000244140625,750.719970703125,174654
1783616700,2026-07-09T17:05:00.000Z,2026-07-09T13:05:00.000,750.7000122070312,751.2200927734375,750.6400146484375,751.125,304715
1783617000,2026-07-09T17:10:00.000Z,2026-07-09T13:10:00.000,751.1199951171875,751.3900146484375,751.0800170898438,751.22998046875,246238
1783617300,2026-07-09T17:15:00.000Z,2026-07-09T13:15:00.000,751.22998046875,751.5850219726562,751.219970703125,751.5399780273438,168952
1783617600,2026-07-09T17:20:00.000Z,2026-07-09T13:20:00.000,751.5499877929688,751.6699829101562,751.3800048828125,751.4500122070312,250581
1783617900,2026-07-09T17:25:00.000Z,2026-07-09T13:25:00.000,751.4550170898438,751.7899780273438,751.4500122070312,751.7550048828125,244090
1783618200,2026-07-09T17:30:00.000Z,2026-07-09T13:30:00.000,751.760009765625,751.8300170898438,751.4500122070312,751.6300048828125,300959
1783618500,2026-07-09T17:35:00.000Z,2026-07-09T13:35:00.000,751.6104736328125,751.9000244140625,751.5900268554688,751.7100219726562,211758
1783618800,2026-07-09T17:40:00.000Z,2026-07-09T13:40:00.000,751.719970703125,751.7999877929688,751.510009765625,751.7000122070312,182383
1783619100,2026-07-09T17:45:00.000Z,2026-07-09T13:45:00.000,751.7100219726562,751.969970703125,751.6900024414062,751.8400268554688,272284
1783619400,2026-07-09T17:50:00.000Z,2026-07-09T13:50:00.000,751.8499755859375,751.9099731445312,751.6799926757812,751.72998046875,235938
1783619700,2026-07-09T17:55:00.000Z,2026-07-09T13:55:00.000,751.719970703125,751.75,751.1799926757812,751.6300048828125,322261
1783620000,2026-07-09T18:00:00.000Z,2026-07-09T14:00:00.000,751.625,751.72998046875,751.4400024414062,751.5250244140625,292088
1783620300,2026-07-09T18:05:00.000Z,2026-07-09T14:05:00.000,751.5250244140625,751.8099975585938,751.510009765625,751.7000122070312,288164
1783620600,2026-07-09T18:10:00.000Z,2026-07-09T14:10:00.000,751.7000122070312,751.8300170898438,751.6300048828125,751.739990234375,243271
1783620900,2026-07-09T18:15:00.000Z,2026-07-09T14:15:00.000,751.739990234375,751.864990234375,751.5499877929688,751.6300048828125,219393
1783621200,2026-07-09T18:20:00.000Z,2026-07-09T14:20:00.000,751.64501953125,751.64501953125,751.3400268554688,751.344970703125,317386
1783621500,2026-07-09T18:25:00.000Z,2026-07-09T14:25:00.000,751.3499755859375,751.4505004882812,751.239990234375,751.4505004882812,309616
1783621800,2026-07-09T18:30:00.000Z,2026-07-09T14:30:00.000,751.4500122070312,751.5894775390625,751.22998046875,751.27001953125,282941
1783622100,2026-07-09T18:35:00.000Z,2026-07-09T14:35:00.000,751.260009765625,751.3499755859375,751.1027221679688,751.14501953125,293451
1783622400,2026-07-09T18:40:00.000Z,2026-07-09T14:40:00.000,751.14501953125,751.3300170898438,751.0399780273438,751.2999877929688,488916
1783622700,2026-07-09T18:45:00.000Z,2026-07-09T14:45:00.000,751.2899780273438,751.3400268554688,751.1099853515625,751.2899780273438,354478
1783623000,2026-07-09T18:50:00.000Z,2026-07-09T14:50:00.000,751.2899780273438,751.3400268554688,751.1099853515625,751.1265869140625,515492
1783623300,2026-07-09T18:55:00.000Z,2026-07-09T14:55:00.000,751.1099853515625,751.1300048828125,750.8599853515625,751.0499267578125,382493
1783623600,2026-07-09T19:00:00.000Z,2026-07-09T15:00:00.000,751.0499877929688,751.0700073242188,750.72998046875,750.8300170898438,407176
1783623900,2026-07-09T19:05:00.000Z,2026-07-09T15:05:00.000,750.8201293945312,751.010009765625,750.6600952148438,750.780029296875,307281
1783624200,2026-07-09T19:10:00.000Z,2026-07-09T15:10:00.000,750.77001953125,751.030029296875,750.6699829101562,750.9000244140625,296623
1783624500,2026-07-09T19:15:00.000Z,2026-07-09T15:15:00.000,750.9000244140625,751.469970703125,750.8400268554688,751.2999877929688,386727
1783624800,2026-07-09T19:20:00.000Z,2026-07-09T15:20:00.000,751.2999877929688,751.4299926757812,751.1400146484375,751.1799926757812,370584
1783625100,2026-07-09T19:25:00.000Z,2026-07-09T15:25:00.000,751.1900024414062,751.260009765625,751.0499877929688,751.0999755859375,305276
1783625400,2026-07-09T19:30:00.000Z,2026-07-09T15:30:00.000,751.0900268554688,751.1199951171875,750.9299926757812,751.094970703125,435133
1783625700,2026-07-09T19:35:00.000Z,2026-07-09T15:35:00.000,751.0999755859375,751.3699951171875,751.0900268554688,751.27001953125,338426
1783626000,2026-07-09T19:40:00.000Z,2026-07-09T15:40:00.000,751.280029296875,751.47998046875,751.1400146484375,751.405029296875,423006
1783626300,2026-07-09T19:45:00.000Z,2026-07-09T15:45:00.000,751.4000244140625,751.469970703125,751.25,751.25,666632
1783626600,2026-07-09T19:50:00.000Z,2026-07-09T15:50:00.000,751.25,751.25,750.8300170898438,750.8300170898438,1824225
1783626900,2026-07-09T19:55:00.000Z,2026-07-09T15:55:00.000,750.8499755859375,751.6699829101562,750.8400268554688,751.6500244140625,2520041
1783690200,2026-07-10T13:30:00.000Z,2026-07-10T09:30:00.000,752.0499877929688,752.8599853515625,752.010009765625,752.5900268554688,1607405
1783690500,2026-07-10T13:35:00.000Z,2026-07-10T09:35:00.000,752.5999755859375,753.219970703125,752.47998046875,752.6099853515625,391046
1783690800,2026-07-10T13:40:00.000Z,2026-07-10T09:40:00.000,752.5900268554688,752.6400146484375,751.7999877929688,752.219970703125,489799
1783691100,2026-07-10T13:45:00.000Z,2026-07-10T09:45:00.000,752.219970703125,753.1599731445312,752.0850219726562,753.030029296875,343826
1783691400,2026-07-10T13:50:00.000Z,2026-07-10T09:50:00.000,753.0150146484375,753.1900024414062,752.6599731445312,752.885009765625,401390
1783691700,2026-07-10T13:55:00.000Z,2026-07-10T09:55:00.000,752.8699951171875,753.2349853515625,752.6099853515625,752.9149780273438,375957
1783692000,2026-07-10T14:00:00.000Z,2026-07-10T10:00:00.000,752.9199829101562,753.3499755859375,752.780029296875,753.1199951171875,310003
1783692300,2026-07-10T14:05:00.000Z,2026-07-10T10:05:00.000,753.1199951171875,753.25,752.4909057617188,753.0700073242188,308962
1783692600,2026-07-10T14:10:00.000Z,2026-07-10T10:10:00.000,753.0900268554688,753.1400146484375,752.6201171875,752.6849975585938,286316
1783692900,2026-07-10T14:15:00.000Z,2026-07-10T10:15:00.000,752.697021484375,752.969970703125,752.3400268554688,752.6799926757812,339067
1783693200,2026-07-10T14:20:00.000Z,2026-07-10T10:20:00.000,752.6699829101562,752.8300170898438,752.1099853515625,752.5399780273438,338961
1783693500,2026-07-10T14:25:00.000Z,2026-07-10T10:25:00.000,752.530029296875,753.135009765625,752.1500244140625,752.586181640625,362496
1783693800,2026-07-10T14:30:00.000Z,2026-07-10T10:30:00.000,752.5858764648438,753.25,748.0999755859375,750.9000244140625,2744953
1783694100,2026-07-10T14:35:00.000Z,2026-07-10T10:35:00.000,750.97998046875,752.0599975585938,750.4299926757812,751.6900024414062,744224
1783694400,2026-07-10T14:40:00.000Z,2026-07-10T10:40:00.000,751.7000122070312,752.2899780273438,751.3099975585938,752.1099853515625,463649
1783694700,2026-07-10T14:45:00.000Z,2026-07-10T10:45:00.000,752.0999755859375,752.469970703125,751.614990234375,752.4099731445312,210520
1783695000,2026-07-10T14:50:00.000Z,2026-07-10T10:50:00.000,752.4099731445312,752.6199951171875,751.9199829101562,751.9500122070312,342414
1783695300,2026-07-10T14:55:00.000Z,2026-07-10T10:55:00.000,751.9299926757812,752.03857421875,751.0800170898438,751.2199096679688,342347
1783695600,2026-07-10T15:00:00.000Z,2026-07-10T11:00:00.000,751.1799926757812,751.4400024414062,750.8900146484375,750.97998046875,290927
1783695900,2026-07-10T15:05:00.000Z,2026-07-10T11:05:00.000,751,751.760009765625,750.6519775390625,751.760009765625,223687
1783696200,2026-07-10T15:10:00.000Z,2026-07-10T11:10:00.000,751.75,752.0297241210938,751.6199951171875,751.9400024414062,156974
1783696500,2026-07-10T15:15:00.000Z,2026-07-10T11:15:00.000,751.9299926757812,753.1599731445312,751.9299926757812,752.6900024414062,338334
1783696800,2026-07-10T15:20:00.000Z,2026-07-10T11:20:00.000,752.7000122070312,753.0850219726562,752.4199829101562,753.030029296875,208873
1783697100,2026-07-10T15:25:00.000Z,2026-07-10T11:25:00.000,753.0499877929688,753.4199829101562,753.030029296875,753.25,311585
1783697400,2026-07-10T15:30:00.000Z,2026-07-10T11:30:00.000,753.25,753.3900146484375,752.8800048828125,753,313342
1783697700,2026-07-10T15:35:00.000Z,2026-07-10T11:35:00.000,753.0499877929688,753.0499877929688,752.3300170898438,752.4299926757812,244694
1783698000,2026-07-10T15:40:00.000Z,2026-07-10T11:40:00.000,752.4398803710938,752.510009765625,751.3800048828125,752.030029296875,330081
1783698300,2026-07-10T15:45:00.000Z,2026-07-10T11:45:00.000,752.0399780273438,752.6799926757812,751.5936889648438,752.469970703125,518279
1783698600,2026-07-10T15:50:00.000Z,2026-07-10T11:50:00.000,752.4500122070312,752.9349975585938,752.364013671875,752.8499755859375,152020
1783698900,2026-07-10T15:55:00.000Z,2026-07-10T11:55:00.000,752.8499755859375,752.9099731445312,752.510009765625,752.8175048828125,159677
1783699200,2026-07-10T16:00:00.000Z,2026-07-10T12:00:00.000,752.8099975585938,753.3499755859375,752.8099975585938,753.1599731445312,253414
1783699500,2026-07-10T16:05:00.000Z,2026-07-10T12:05:00.000,753.1799926757812,753.2100219726562,752.8499755859375,752.9600219726562,205122
1783699800,2026-07-10T16:10:00.000Z,2026-07-10T12:10:00.000,752.969970703125,753.280029296875,752.8400268554688,753.2100219726562,184791
1783700100,2026-07-10T16:15:00.000Z,2026-07-10T12:15:00.000,753.239990234375,753.6900024414062,753.22998046875,753.5800170898438,367214
1783700400,2026-07-10T16:20:00.000Z,2026-07-10T12:20:00.000,753.5800170898438,753.6375122070312,753.1599731445312,753.3800048828125,240851
1783700700,2026-07-10T16:25:00.000Z,2026-07-10T12:25:00.000,753.3900146484375,753.4299926757812,753.1699829101562,753.2100219726562,209731
1783701000,2026-07-10T16:30:00.000Z,2026-07-10T12:30:00.000,753.2100219726562,753.590087890625,753.2100219726562,753.47998046875,313520
1783701300,2026-07-10T16:35:00.000Z,2026-07-10T12:35:00.000,753.489990234375,753.5900268554688,753.030029296875,753.2899780273438,245833
1783701600,2026-07-10T16:40:00.000Z,2026-07-10T12:40:00.000,753.2899780273438,753.6500244140625,753.25,753.6199951171875,180911
1783701900,2026-07-10T16:45:00.000Z,2026-07-10T12:45:00.000,753.6099853515625,753.9299926757812,753.5900268554688,753.8200073242188,342896
1783702200,2026-07-10T16:50:00.000Z,2026-07-10T12:50:00.000,753.8150024414062,754.0499877929688,753.780029296875,753.97998046875,448965
1783702500,2026-07-10T16:55:00.000Z,2026-07-10T12:55:00.000,753.9702758789062,754.1400146484375,753.8499755859375,754.010009765625,211146
1783702800,2026-07-10T17:00:00.000Z,2026-07-10T13:00:00.000,754.010009765625,754.030029296875,753.6099853515625,753.7100219726562,181495
1783703100,2026-07-10T17:05:00.000Z,2026-07-10T13:05:00.000,753.719970703125,753.8300170898438,753.6300048828125,753.6400146484375,134399
1783703400,2026-07-10T17:10:00.000Z,2026-07-10T13:10:00.000,753.6456298828125,753.8400268554688,753.47998046875,753.8040161132812,139771
1783703700,2026-07-10T17:15:00.000Z,2026-07-10T13:15:00.000,753.780029296875,754.0399780273438,753.760009765625,753.8599853515625,2138956
1783704000,2026-07-10T17:20:00.000Z,2026-07-10T13:20:00.000,753.8599853515625,754,753.8400268554688,753.969970703125,145929
1783704300,2026-07-10T17:25:00.000Z,2026-07-10T13:25:00.000,753.969970703125,754.0599975585938,753.8966064453125,754.010009765625,192008
1783704600,2026-07-10T17:30:00.000Z,2026-07-10T13:30:00.000,754.02001953125,754.1649780273438,753.875,754.0198974609375,222825
1783704900,2026-07-10T17:35:00.000Z,2026-07-10T13:35:00.000,754.0150146484375,754.4099731445312,753.97998046875,754.2459716796875,309887
1783705200,2026-07-10T17:40:00.000Z,2026-07-10T13:40:00.000,754.22998046875,754.3200073242188,754.0800170898438,754.114990234375,225041
1783705500,2026-07-10T17:45:00.000Z,2026-07-10T13:45:00.000,754.1199951171875,754.3300170898438,754.1099853515625,754.2899780273438,169081
1783705800,2026-07-10T17:50:00.000Z,2026-07-10T13:50:00.000,754.2999877929688,754.3800048828125,754.239990234375,754.27001953125,161166
1783706100,2026-07-10T17:55:00.000Z,2026-07-10T13:55:00.000,754.260009765625,754.2999877929688,753.9299926757812,753.989990234375,200422
1783706400,2026-07-10T18:00:00.000Z,2026-07-10T14:00:00.000,754,754.1799926757812,753.9299926757812,754.0599975585938,453796
1783706700,2026-07-10T18:05:00.000Z,2026-07-10T14:05:00.000,754.0599975585938,754.3200073242188,754.0599975585938,754.239990234375,267686
1783707000,2026-07-10T18:10:00.000Z,2026-07-10T14:10:00.000,754.25,754.5999755859375,754.2100219726562,754.2899780273438,309509
1783707300,2026-07-10T18:15:00.000Z,2026-07-10T14:15:00.000,754.280029296875,754.3400268554688,754.1199951171875,754.219970703125,219111
1783707600,2026-07-10T18:20:00.000Z,2026-07-10T14:20:00.000,754.2100219726562,754.3900146484375,754.0800170898438,754.3150024414062,245144
1783707900,2026-07-10T18:25:00.000Z,2026-07-10T14:25:00.000,754.3150024414062,754.719970703125,754.3150024414062,754.4299926757812,380133
1783708200,2026-07-10T18:30:00.000Z,2026-07-10T14:30:00.000,754.4199829101562,754.5800170898438,754.3599853515625,754.510009765625,230429
1783708500,2026-07-10T18:35:00.000Z,2026-07-10T14:35:00.000,754.52001953125,754.530029296875,754.3099975585938,754.4099731445312,196853
1783708800,2026-07-10T18:40:00.000Z,2026-07-10T14:40:00.000,754.4199829101562,754.6199951171875,754.3699951171875,754.5075073242188,246786
1783709100,2026-07-10T18:45:00.000Z,2026-07-10T14:45:00.000,754.489990234375,754.5999755859375,754.469970703125,754.510009765625,214333
1783709400,2026-07-10T18:50:00.000Z,2026-07-10T14:50:00.000,754.5158081054688,754.6199951171875,754.4500122070312,754.5700073242188,210078
1783709700,2026-07-10T18:55:00.000Z,2026-07-10T14:55:00.000,754.5499877929688,754.6599731445312,754.469970703125,754.4949951171875,284786
1783710000,2026-07-10T19:00:00.000Z,2026-07-10T15:00:00.000,754.4949951171875,755.0499877929688,754.4550170898438,754.969970703125,1099158
1783710300,2026-07-10T19:05:00.000Z,2026-07-10T15:05:00.000,754.97998046875,755.1699829101562,754.8599853515625,754.9199829101562,412594
1783710600,2026-07-10T19:10:00.000Z,2026-07-10T15:10:00.000,754.9199829101562,755.1500244140625,754.9099731445312,755.1199951171875,459634
1783710900,2026-07-10T19:15:00.000Z,2026-07-10T15:15:00.000,755.1199951171875,755.1799926757812,754.9219970703125,755.02001953125,461031
1783711200,2026-07-10T19:20:00.000Z,2026-07-10T15:20:00.000,755.02001953125,755.0599975585938,754.8800048828125,754.9450073242188,378636
1783711500,2026-07-10T19:25:00.000Z,2026-07-10T15:25:00.000,754.9299926757812,755.1099853515625,754.9299926757812,754.9600219726562,529890
1783711800,2026-07-10T19:30:00.000Z,2026-07-10T15:30:00.000,754.9600219726562,755.1699829101562,754.786376953125,754.9400024414062,1047153
1783712100,2026-07-10T19:35:00.000Z,2026-07-10T15:35:00.000,754.9500122070312,755.1400146484375,754.8599853515625,755.030029296875,578388
1783712400,2026-07-10T19:40:00.000Z,2026-07-10T15:40:00.000,755.0399780273438,755.219970703125,755.02001953125,755.030029296875,688105
1783712700,2026-07-10T19:45:00.000Z,2026-07-10T15:45:00.000,755.02001953125,755.1699829101562,754.9400024414062,755.0999755859375,1494252
1783713000,2026-07-10T19:50:00.000Z,2026-07-10T15:50:00.000,755.1099853515625,755.4199829101562,755.02001953125,755.0999755859375,1727368
1783713300,2026-07-10T19:55:00.000Z,2026-07-10T15:55:00.000,755.0800170898438,755.1900024414062,754.5700073242188,754.9000244140625,2320555
1783949400,2026-07-13T13:30:00.000Z,2026-07-13T09:30:00.000,752.469970703125,753.9099731445312,752.4000244140625,753.4249877929688,1766189
1783949700,2026-07-13T13:35:00.000Z,2026-07-13T09:35:00.000,753.4299926757812,753.780029296875,753.0399780273438,753.219970703125,739583
1783950000,2026-07-13T13:40:00.000Z,2026-07-13T09:40:00.000,753.219970703125,753.219970703125,752.5399780273438,752.989990234375,670022
1783950300,2026-07-13T13:45:00.000Z,2026-07-13T09:45:00.000,753.010009765625,753.1300048828125,752.280029296875,752.8699951171875,459487
1783950600,2026-07-13T13:50:00.000Z,2026-07-13T09:50:00.000,752.9000244140625,752.9600219726562,751.9199829101562,752.6099853515625,627458
1783950900,2026-07-13T13:55:00.000Z,2026-07-13T09:55:00.000,752.5900268554688,753.739990234375,752.4199829101562,753.6199951171875,402162
1783951200,2026-07-13T14:00:00.000Z,2026-07-13T10:00:00.000,753.6300048828125,753.9105224609375,752.6599731445312,752.7899780273438,610120
1783951500,2026-07-13T14:05:00.000Z,2026-07-13T10:05:00.000,752.77001953125,752.969970703125,752.27001953125,752.8200073242188,377173
1783951800,2026-07-13T14:10:00.000Z,2026-07-13T10:10:00.000,752.8099975585938,753.3300170898438,752.6699829101562,753.27001953125,302173
1783952100,2026-07-13T14:15:00.000Z,2026-07-13T10:15:00.000,753.27001953125,753.3699951171875,750.2999877929688,751.9299926757812,1718968
1783952400,2026-07-13T14:20:00.000Z,2026-07-13T10:20:00.000,751.9199829101562,752.9099731445312,751.4600219726562,752.780029296875,513811
1783952700,2026-07-13T14:25:00.000Z,2026-07-13T10:25:00.000,752.7449951171875,753.1900024414062,752.530029296875,753.0900268554688,418865
1783953000,2026-07-13T14:30:00.000Z,2026-07-13T10:30:00.000,753.0900268554688,753.2999877929688,752.5700073242188,752.6400146484375,371113
1783953300,2026-07-13T14:35:00.000Z,2026-07-13T10:35:00.000,752.6500244140625,752.6849975585938,751.969970703125,752.1900024414062,298941
1783953600,2026-07-13T14:40:00.000Z,2026-07-13T10:40:00.000,752.2000122070312,752.2100219726562,751.25,751.5,300779
1783953900,2026-07-13T14:45:00.000Z,2026-07-13T10:45:00.000,751.510009765625,752.4550170898438,751,752.3800048828125,470823
1783954200,2026-07-13T14:50:00.000Z,2026-07-13T10:50:00.000,752.380126953125,752.469970703125,751.530029296875,751.72998046875,560864
1783954500,2026-07-13T14:55:00.000Z,2026-07-13T10:55:00.000,751.72998046875,752.7899780273438,751.56201171875,752.7401123046875,254720
1783954800,2026-07-13T15:00:00.000Z,2026-07-13T11:00:00.000,752.739990234375,753.0549926757812,752.3078002929688,752.3319702148438,288482
1783955100,2026-07-13T15:05:00.000Z,2026-07-13T11:05:00.000,752.3400268554688,752.5900268554688,752.1599731445312,752.25,140544
1783955400,2026-07-13T15:10:00.000Z,2026-07-13T11:10:00.000,752.2550048828125,752.5549926757812,751.9199829101562,752.0850219726562,210377
1783955700,2026-07-13T15:15:00.000Z,2026-07-13T11:15:00.000,752.0800170898438,752.3250122070312,751.8812255859375,752.25,129290
1783956000,2026-07-13T15:20:00.000Z,2026-07-13T11:20:00.000,752.25,752.5679931640625,752.1099853515625,752.447509765625,152214
1783956300,2026-07-13T15:25:00.000Z,2026-07-13T11:25:00.000,752.4400024414062,752.489990234375,751.9650268554688,752.3800048828125,185614
1783956600,2026-07-13T15:30:00.000Z,2026-07-13T11:30:00.000,752.3900146484375,752.5250244140625,752,752.1500244140625,183639
1783956900,2026-07-13T15:35:00.000Z,2026-07-13T11:35:00.000,752.1599731445312,752.2899780273438,751.8499755859375,752.1300048828125,194743
1783957200,2026-07-13T15:40:00.000Z,2026-07-13T11:40:00.000,752.1099853515625,752.1699829101562,751.6900024414062,751.72998046875,183891
1783957500,2026-07-13T15:45:00.000Z,2026-07-13T11:45:00.000,751.719970703125,751.7880249023438,751.489990234375,751.7150268554688,332289
1783957800,2026-07-13T15:50:00.000Z,2026-07-13T11:50:00.000,751.7150268554688,751.760009765625,751.155029296875,751.5499877929688,311812
1783958100,2026-07-13T15:55:00.000Z,2026-07-13T11:55:00.000,751.5599975585938,751.5700073242188,751.094482421875,751.2349853515625,198778
1783958400,2026-07-13T16:00:00.000Z,2026-07-13T12:00:00.000,751.22998046875,751.469970703125,750.9500122070312,751.169921875,218598
1783958700,2026-07-13T16:05:00.000Z,2026-07-13T12:05:00.000,751.1300048828125,751.5499877929688,751.0599975585938,751.47998046875,217999
1783959000,2026-07-13T16:10:00.000Z,2026-07-13T12:10:00.000,751.47998046875,751.8099975585938,751.2537231445312,751.4299926757812,241111
1783959300,2026-07-13T16:15:00.000Z,2026-07-13T12:15:00.000,751.4199829101562,751.4400024414062,750.6699829101562,750.85498046875,406017
1783959600,2026-07-13T16:20:00.000Z,2026-07-13T12:20:00.000,750.8599853515625,750.8800048828125,750.5900268554688,750.6400146484375,358544
1783959900,2026-07-13T16:25:00.000Z,2026-07-13T12:25:00.000,750.6300048828125,750.6799926757812,749.9299926757812,750.2899780273438,419345
1783960200,2026-07-13T16:30:00.000Z,2026-07-13T12:30:00.000,750.27001953125,750.280029296875,749.5900268554688,749.6199951171875,468099
1783960500,2026-07-13T16:35:00.000Z,2026-07-13T12:35:00.000,749.6300048828125,750.260009765625,748.9299926757812,749.993408203125,728131
1783960800,2026-07-13T16:40:00.000Z,2026-07-13T12:40:00.000,749.969970703125,750.52001953125,749.5750122070312,750.3599853515625,357078
1783961100,2026-07-13T16:45:00.000Z,2026-07-13T12:45:00.000,750.3900146484375,750.6599731445312,749.9600219726562,749.97998046875,393010
1783961400,2026-07-13T16:50:00.000Z,2026-07-13T12:50:00.000,749.9600219726562,750.0399780273438,749.1799926757812,749.4500122070312,379829
1783961700,2026-07-13T16:55:00.000Z,2026-07-13T12:55:00.000,749.4400024414062,750.1199951171875,749.2838745117188,749.8699951171875,318317
1783962000,2026-07-13T17:00:00.000Z,2026-07-13T13:00:00.000,749.9000244140625,750.2899780273438,749.75,749.8400268554688,236198
1783962300,2026-07-13T17:05:00.000Z,2026-07-13T13:05:00.000,749.8400268554688,750.5,749.7849731445312,750.4199829101562,186998
1783962600,2026-07-13T17:10:00.000Z,2026-07-13T13:10:00.000,750.4199829101562,750.6400146484375,749.9301147460938,750.0599975585938,379093
1783962900,2026-07-13T17:15:00.000Z,2026-07-13T13:15:00.000,750.0499877929688,750.2899780273438,749.6400146484375,750.1599731445312,245888
1783963200,2026-07-13T17:20:00.000Z,2026-07-13T13:20:00.000,750.1400146484375,750.3499755859375,749.7000122070312,749.7100219726562,297597
1783963500,2026-07-13T17:25:00.000Z,2026-07-13T13:25:00.000,749.719970703125,749.969970703125,749.530029296875,749.8099975585938,305821
1783963800,2026-07-13T17:30:00.000Z,2026-07-13T13:30:00.000,749.8099975585938,750.1199951171875,749.6599731445312,749.9500122070312,211126
1783964100,2026-07-13T17:35:00.000Z,2026-07-13T13:35:00.000,749.9199829101562,749.9199829101562,749.4609985351562,749.7083740234375,184001
1783964400,2026-07-13T17:40:00.000Z,2026-07-13T13:40:00.000,749.7000122070312,750.1300048828125,749.489990234375,749.9849853515625,268269
1783964700,2026-07-13T17:45:00.000Z,2026-07-13T13:45:00.000,750,750.260009765625,749.5999755859375,749.6300048828125,223742
1783965000,2026-07-13T17:50:00.000Z,2026-07-13T13:50:00.000,749.6400146484375,749.7100219726562,749.219970703125,749.4600219726562,287485
1783965300,2026-07-13T17:55:00.000Z,2026-07-13T13:55:00.000,749.4650268554688,749.5499877929688,749.2100219726562,749.2349853515625,229884
1783965600,2026-07-13T18:00:00.000Z,2026-07-13T14:00:00.000,749.260009765625,749.8699951171875,749.1900024414062,749.6699829101562,296300
1783965900,2026-07-13T18:05:00.000Z,2026-07-13T14:05:00.000,749.6599731445312,750.2100219726562,749.5919799804688,749.6400146484375,317834
1783966200,2026-07-13T18:10:00.000Z,2026-07-13T14:10:00.000,749.6500244140625,749.8099975585938,749.1300048828125,749.760009765625,318911
1783966500,2026-07-13T18:15:00.000Z,2026-07-13T14:15:00.000,749.75,749.8200073242188,749.0399780273438,749.2100219726562,523341
1783966800,2026-07-13T18:20:00.000Z,2026-07-13T14:20:00.000,749.219970703125,749.5399780273438,749.0499877929688,749.5,299846
1783967100,2026-07-13T18:25:00.000Z,2026-07-13T14:25:00.000,749.5,749.5599975585938,749.1599731445312,749.239990234375,441428
1783967400,2026-07-13T18:30:00.000Z,2026-07-13T14:30:00.000,749.239990234375,749.530029296875,748.97021484375,749.219970703125,427713
1783967700,2026-07-13T18:35:00.000Z,2026-07-13T14:35:00.000,749.219970703125,749.75,749.1900024414062,749.6799926757812,433754
1783968000,2026-07-13T18:40:00.000Z,2026-07-13T14:40:00.000,749.6699829101562,750.0399780273438,749.5599975585938,749.8499755859375,1249524
1783968300,2026-07-13T18:45:00.000Z,2026-07-13T14:45:00.000,749.8499755859375,749.9199829101562,749.510009765625,749.760009765625,716289
1783968600,2026-07-13T18:50:00.000Z,2026-07-13T14:50:00.000,749.75,750.0700073242188,749.5250244140625,749.7899780273438,277476
1783968900,2026-07-13T18:55:00.000Z,2026-07-13T14:55:00.000,749.780029296875,749.9099731445312,749.4600219726562,749.5599975585938,362792
1783969200,2026-07-13T19:00:00.000Z,2026-07-13T15:00:00.000,749.5800170898438,749.9000244140625,749.1799926757812,749.8499755859375,325046
1783969500,2026-07-13T19:05:00.000Z,2026-07-13T15:05:00.000,749.8599853515625,749.969970703125,749.5,749.510009765625,269781
1783969800,2026-07-13T19:10:00.000Z,2026-07-13T15:10:00.000,749.5,749.530029296875,749.0999755859375,749.2899780273438,431612
1783970100,2026-07-13T19:15:00.000Z,2026-07-13T15:15:00.000,749.2899780273438,749.4400024414062,749.1300048828125,749.2550048828125,857684
1783970400,2026-07-13T19:20:00.000Z,2026-07-13T15:20:00.000,749.260009765625,749.2999877929688,748.7000122070312,748.9149780273438,590732
1783970700,2026-07-13T19:25:00.000Z,2026-07-13T15:25:00.000,748.9099731445312,748.9600219726562,748.1699829101562,748.3800048828125,772061
1783971000,2026-07-13T19:30:00.000Z,2026-07-13T15:30:00.000,748.3900146484375,748.9000244140625,748.3099975585938,748.655029296875,809967
1783971300,2026-07-13T19:35:00.000Z,2026-07-13T15:35:00.000,748.6500244140625,748.6500244140625,748,748.260009765625,643633
1783971600,2026-07-13T19:40:00.000Z,2026-07-13T15:40:00.000,748.27001953125,749,748.1749877929688,748.9400024414062,799858
1783971900,2026-07-13T19:45:00.000Z,2026-07-13T15:45:00.000,748.9400024414062,749.0499877929688,748.5700073242188,748.8800048828125,1496325
1783972200,2026-07-13T19:50:00.000Z,2026-07-13T15:50:00.000,748.8900146484375,749.4500122070312,748.8699951171875,749.030029296875,2128159
1783972500,2026-07-13T19:55:00.000Z,2026-07-13T15:55:00.000,749.0599975585938,749.6099853515625,748.9299926757812,749.0999755859375,3520350
1784035800,2026-07-14T13:30:00.000Z,2026-07-14T09:30:00.000,750.9099731445312,751.0399780273438,749.5443115234375,749.6400146484375,3082389
1784036100,2026-07-14T13:35:00.000Z,2026-07-14T09:35:00.000,749.6799926757812,751.3599853515625,749.4400024414062,751.1699829101562,746974
1784036400,2026-07-14T13:40:00.000Z,2026-07-14T09:40:00.000,751.1799926757812,751.52001953125,750.5700073242188,751.3099975585938,446418
1784036700,2026-07-14T13:45:00.000Z,2026-07-14T09:45:00.000,751.3049926757812,751.7899780273438,750.5800170898438,750.989990234375,519379
1784037000,2026-07-14T13:50:00.000Z,2026-07-14T09:50:00.000,750.969970703125,751.5999755859375,750.6300048828125,751.0900268554688,506535
1784037300,2026-07-14T13:55:00.000Z,2026-07-14T09:55:00.000,751.1099853515625,751.5700073242188,750.719970703125,751.3099975585938,382569
1784037600,2026-07-14T14:00:00.000Z,2026-07-14T10:00:00.000,751.3200073242188,751.47998046875,750.2100219726562,750.4400024414062,444625
1784037900,2026-07-14T14:05:00.000Z,2026-07-14T10:05:00.000,750.4400024414062,750.6900024414062,749.8800048828125,750.239501953125,382671
1784038200,2026-07-14T14:10:00.000Z,2026-07-14T10:10:00.000,750.219970703125,750.489990234375,749.7799072265625,750.4299926757812,400013
1784038500,2026-07-14T14:15:00.000Z,2026-07-14T10:15:00.000,750.4199829101562,750.4199829101562,748.6599731445312,749.85498046875,554982
1784038800,2026-07-14T14:20:00.000Z,2026-07-14T10:20:00.000,749.8483276367188,750.8800048828125,749.780029296875,750.1300048828125,391420
1784039100,2026-07-14T14:25:00.000Z,2026-07-14T10:25:00.000,750.1099853515625,751.2999877929688,749.9600219726562,750.7100219726562,376221
1784039400,2026-07-14T14:30:00.000Z,2026-07-14T10:30:00.000,750.7100219726562,753.3099975585938,750.47998046875,752.02001953125,1053181
1784039700,2026-07-14T14:35:00.000Z,2026-07-14T10:35:00.000,752.0399780273438,752.1500244140625,751.5399780273438,751.9299926757812,503256
1784040000,2026-07-14T14:40:00.000Z,2026-07-14T10:40:00.000,751.9099731445312,752.2849731445312,750.9600219726562,751.094970703125,301720
1784040300,2026-07-14T14:45:00.000Z,2026-07-14T10:45:00.000,751.1099243164062,751.4600219726562,750.77001953125,750.8900146484375,285252
1784040600,2026-07-14T14:50:00.000Z,2026-07-14T10:50:00.000,750.8599853515625,751.594970703125,750.469970703125,751.5900268554688,231046
1784040900,2026-07-14T14:55:00.000Z,2026-07-14T10:55:00.000,751.6099853515625,751.9600219726562,751.510009765625,751.7100219726562,272376
1784041200,2026-07-14T15:00:00.000Z,2026-07-14T11:00:00.000,751.7100219726562,753.0700073242188,751.280029296875,752.3200073242188,656361
1784041500,2026-07-14T15:05:00.000Z,2026-07-14T11:05:00.000,752.3300170898438,753.0499877929688,752.1400146484375,752.77001953125,573488
1784041800,2026-07-14T15:10:00.000Z,2026-07-14T11:10:00.000,752.7999877929688,753,752.3599853515625,752.5499877929688,263606
1784042100,2026-07-14T15:15:00.000Z,2026-07-14T11:15:00.000,752.5900268554688,752.64501953125,751.72998046875,751.9500122070312,289094
1784042400,2026-07-14T15:20:00.000Z,2026-07-14T11:20:00.000,751.9400024414062,752.530029296875,751.6500244140625,752.52001953125,206966
1784042700,2026-07-14T15:25:00.000Z,2026-07-14T11:25:00.000,752.52001953125,752.7100219726562,752.2999877929688,752.6599731445312,219382
1784043000,2026-07-14T15:30:00.000Z,2026-07-14T11:30:00.000,752.6400146484375,752.9000244140625,751.8499755859375,751.97998046875,427144
1784043300,2026-07-14T15:35:00.000Z,2026-07-14T11:35:00.000,751.969970703125,752.0449829101562,751.530029296875,751.8599853515625,213412
1784043600,2026-07-14T15:40:00.000Z,2026-07-14T11:40:00.000,751.8499755859375,751.8499755859375,750.760009765625,751.5599975585938,839263
1784043900,2026-07-14T15:45:00.000Z,2026-07-14T11:45:00.000,751.5599975585938,751.9500122070312,751.530029296875,751.6300048828125,195864
1784044200,2026-07-14T15:50:00.000Z,2026-07-14T11:50:00.000,751.5900268554688,751.6699829101562,750.9099731445312,751,227158
1784044500,2026-07-14T15:55:00.000Z,2026-07-14T11:55:00.000,751.010009765625,751.1699829101562,750.6199951171875,750.97998046875,201199
1784044800,2026-07-14T16:00:00.000Z,2026-07-14T12:00:00.000,750.989990234375,751.0499877929688,750,750.3200073242188,324296
1784045100,2026-07-14T16:05:00.000Z,2026-07-14T12:05:00.000,750.3400268554688,750.7000122070312,750.02001953125,750.4500122070312,271227
1784045400,2026-07-14T16:10:00.000Z,2026-07-14T12:10:00.000,750.4600219726562,750.72998046875,750.02001953125,750.5399780273438,363862
1784045700,2026-07-14T16:15:00.000Z,2026-07-14T12:15:00.000,750.530029296875,750.7100219726562,750.02001953125,750.4299926757812,187051
1784046000,2026-07-14T16:20:00.000Z,2026-07-14T12:20:00.000,750.4299926757812,750.5612182617188,750,750.3300170898438,248993
1784046300,2026-07-14T16:25:00.000Z,2026-07-14T12:25:00.000,750.3499755859375,750.9099731445312,750.239990234375,750.780029296875,327748
1784046600,2026-07-14T16:30:00.000Z,2026-07-14T12:30:00.000,750.780029296875,751.1099853515625,750.6199951171875,751.0599975585938,215746
1784046900,2026-07-14T16:35:00.000Z,2026-07-14T12:35:00.000,751.0499877929688,751.3300170898438,750.9506225585938,751.2349853515625,246418
1784047200,2026-07-14T16:40:00.000Z,2026-07-14T12:40:00.000,751.2138061523438,751.739990234375,751.0700073242188,751.4650268554688,273026
1784047500,2026-07-14T16:45:00.000Z,2026-07-14T12:45:00.000,751.4600219726562,751.739990234375,750.9600219726562,751.4000244140625,192444
1784047800,2026-07-14T16:50:00.000Z,2026-07-14T12:50:00.000,751.3900146484375,751.6599731445312,751.280029296875,751.4758911132812,123836
1784048100,2026-07-14T16:55:00.000Z,2026-07-14T12:55:00.000,751.47998046875,751.8499755859375,751.4400024414062,751.8499755859375,136622
1784048400,2026-07-14T17:00:00.000Z,2026-07-14T13:00:00.000,751.8699951171875,752.0499877929688,751.6500244140625,751.7150268554688,241857
1784048700,2026-07-14T17:05:00.000Z,2026-07-14T13:05:00.000,751.719970703125,752.2000122070312,751.5599975585938,752.119873046875,141361
1784049000,2026-07-14T17:10:00.000Z,2026-07-14T13:10:00.000,752.0999755859375,752.2100219726562,751.8099975585938,751.8099975585938,260806
1784049300,2026-07-14T17:15:00.000Z,2026-07-14T13:15:00.000,751.8099975585938,752.1300048828125,751.5,752.0700073242188,223187
1784049600,2026-07-14T17:20:00.000Z,2026-07-14T13:20:00.000,752.0850219726562,752.6099853515625,752.0850219726562,752.4299926757812,205631
1784049900,2026-07-14T17:25:00.000Z,2026-07-14T13:25:00.000,752.4400024414062,752.5599975585938,752.239990234375,752.2999877929688,143521
1784050200,2026-07-14T17:30:00.000Z,2026-07-14T13:30:00.000,752.3200073242188,752.489990234375,752,752.010009765625,137820
1784050500,2026-07-14T17:35:00.000Z,2026-07-14T13:35:00.000,752.0050048828125,752.1300048828125,751.7999877929688,752.1201171875,164530
1784050800,2026-07-14T17:40:00.000Z,2026-07-14T13:40:00.000,752.135009765625,752.1900024414062,751.9000244140625,752.0399780273438,137379
1784051100,2026-07-14T17:45:00.000Z,2026-07-14T13:45:00.000,752.0599975585938,752.25,751.760009765625,752.0800170898438,138101
1784051400,2026-07-14T17:50:00.000Z,2026-07-14T13:50:00.000,752.0800170898438,752.3099975585938,752.0700073242188,752.2260131835938,123216
1784051700,2026-07-14T17:55:00.000Z,2026-07-14T13:55:00.000,752.219970703125,752.3099975585938,752.1300048828125,752.2750244140625,143473
1784052000,2026-07-14T18:00:00.000Z,2026-07-14T14:00:00.000,752.280029296875,752.47998046875,751.9299926757812,752.4400024414062,229483
1784052300,2026-07-14T18:05:00.000Z,2026-07-14T14:05:00.000,752.4500122070312,752.5,752.260009765625,752.4000244140625,143498
1784052600,2026-07-14T18:10:00.000Z,2026-07-14T14:10:00.000,752.4000244140625,752.6300048828125,752.3400268554688,752.5999755859375,149750
1784052900,2026-07-14T18:15:00.000Z,2026-07-14T14:15:00.000,752.5994873046875,752.77001953125,752.4500122070312,752.6199951171875,197275
1784053200,2026-07-14T18:20:00.000Z,2026-07-14T14:20:00.000,752.60498046875,752.760009765625,752.4099731445312,752.4400024414062,174450
1784053500,2026-07-14T18:25:00.000Z,2026-07-14T14:25:00.000,752.4598999023438,752.6099853515625,752.2999877929688,752.5,261376
1784053800,2026-07-14T18:30:00.000Z,2026-07-14T14:30:00.000,752.4849853515625,752.5595092773438,752.3300170898438,752.4600219726562,196639
1784054100,2026-07-14T18:35:00.000Z,2026-07-14T14:35:00.000,752.469970703125,752.5999755859375,752,752.3499755859375,311116
1784054400,2026-07-14T18:40:00.000Z,2026-07-14T14:40:00.000,752.3400268554688,752.3400268554688,751.6599731445312,752.010009765625,409466
1784054700,2026-07-14T18:45:00.000Z,2026-07-14T14:45:00.000,752.010009765625,752.239990234375,751.9000244140625,751.9500122070312,236819
1784055000,2026-07-14T18:50:00.000Z,2026-07-14T14:50:00.000,751.969970703125,752.3200073242188,751.8599853515625,752.239990234375,1189488
1784055300,2026-07-14T18:55:00.000Z,2026-07-14T14:55:00.000,752.2100219726562,752.27001953125,752.0800170898438,752.1704711914062,211229
1784055600,2026-07-14T19:00:00.000Z,2026-07-14T15:00:00.000,752.1900024414062,752.27001953125,751.8699951171875,751.969970703125,388032
1784055900,2026-07-14T19:05:00.000Z,2026-07-14T15:05:00.000,751.9500122070312,752.1099853515625,751.8400268554688,751.9025268554688,342304
1784056200,2026-07-14T19:10:00.000Z,2026-07-14T15:10:00.000,751.8900146484375,752.1400146484375,751.77001953125,752.0599975585938,312246
1784056500,2026-07-14T19:15:00.000Z,2026-07-14T15:15:00.000,752.0800170898438,752.25,751.7999877929688,752.0900268554688,802910
1784056800,2026-07-14T19:20:00.000Z,2026-07-14T15:20:00.000,752.1099853515625,752.4400024414062,752.0588989257812,752.4149780273438,245238
1784057100,2026-07-14T19:25:00.000Z,2026-07-14T15:25:00.000,752.4000244140625,752.4500122070312,752.1199951171875,752.1500244140625,263064
1784057400,2026-07-14T19:30:00.000Z,2026-07-14T15:30:00.000,752.1599731445312,752.1699829101562,751.7100219726562,752.02001953125,538087
1784057700,2026-07-14T19:35:00.000Z,2026-07-14T15:35:00.000,752.02001953125,752.3200073242188,751.8800048828125,751.9600219726562,423156
1784058000,2026-07-14T19:40:00.000Z,2026-07-14T15:40:00.000,751.9600219726562,752.4000244140625,751.9099731445312,752.2899780273438,365949
1784058300,2026-07-14T19:45:00.000Z,2026-07-14T15:45:00.000,752.280029296875,752.52001953125,752.25,752.4749755859375,576226
1784058600,2026-07-14T19:50:00.000Z,2026-07-14T15:50:00.000,752.47998046875,752.52001953125,752.0900268554688,752.094970703125,1178683
1784058900,2026-07-14T19:55:00.000Z,2026-07-14T15:55:00.000,752.0999755859375,752.489990234375,751.7899780273438,751.8699951171875,2436651
1784122200,2026-07-15T13:30:00.000Z,2026-07-15T09:30:00.000,754.239990234375,755.260009765625,754.2000122070312,755.1900024414062,1860971
1784122500,2026-07-15T13:35:00.000Z,2026-07-15T09:35:00.000,755.2000122070312,755.5800170898438,754.510009765625,754.8400268554688,635841
1784122800,2026-07-15T13:40:00.000Z,2026-07-15T09:40:00.000,754.8599853515625,754.8599853515625,754.280029296875,754.3599853515625,488224
1784123100,2026-07-15T13:45:00.000Z,2026-07-15T09:45:00.000,754.3599853515625,754.47998046875,753.3499755859375,753.5599975585938,605047
1784123400,2026-07-15T13:50:00.000Z,2026-07-15T09:50:00.000,753.5800170898438,754.0800170898438,753.1799926757812,754.0800170898438,833149
1784123700,2026-07-15T13:55:00.000Z,2026-07-15T09:55:00.000,754.0599975585938,754.6099853515625,753.9199829101562,754.4500122070312,462875
1784124000,2026-07-15T14:00:00.000Z,2026-07-15T10:00:00.000,754.52001953125,755.1799926757812,754.5,754.77001953125,660710
1784124300,2026-07-15T14:05:00.000Z,2026-07-15T10:05:00.000,754.8099975585938,755.3200073242188,754.6400146484375,755.0499877929688,516448
1784124600,2026-07-15T14:10:00.000Z,2026-07-15T10:10:00.000,755.0599975585938,755.2150268554688,754.6400146484375,754.739990234375,345983
1784124900,2026-07-15T14:15:00.000Z,2026-07-15T10:15:00.000,754.760009765625,755.5599975585938,754.7100219726562,755.3200073242188,351336
1784125200,2026-07-15T14:20:00.000Z,2026-07-15T10:20:00.000,755.3300170898438,755.3699951171875,753.3499755859375,753.8049926757812,925807
1784125500,2026-07-15T14:25:00.000Z,2026-07-15T10:25:00.000,753.7999877929688,754.7225952148438,753.3800048828125,754.6199951171875,714426
1784125800,2026-07-15T14:30:00.000Z,2026-07-15T10:30:00.000,754.6400146484375,754.8699951171875,753.9500122070312,754.5999755859375,490534
1784126100,2026-07-15T14:35:00.000Z,2026-07-15T10:35:00.000,754.6300048828125,754.7899780273438,753.5150146484375,753.669921875,420871
1784126400,2026-07-15T14:40:00.000Z,2026-07-15T10:40:00.000,753.6699829101562,753.97998046875,752.8200073242188,753.5299072265625,471107
1784126700,2026-07-15T14:45:00.000Z,2026-07-15T10:45:00.000,753.5050048828125,753.8300170898438,752.9099731445312,753.7899780273438,461978
1784127000,2026-07-15T14:50:00.000Z,2026-07-15T10:50:00.000,753.7999877929688,753.8250122070312,752.7410278320312,753.0499877929688,412255
1784127300,2026-07-15T14:55:00.000Z,2026-07-15T10:55:00.000,753.0800170898438,753.530029296875,752.8400268554688,753.460693359375,287590
1784127600,2026-07-15T15:00:00.000Z,2026-07-15T11:00:00.000,753.47998046875,753.6799926757812,753.0599975585938,753.2100219726562,246355
1784127900,2026-07-15T15:05:00.000Z,2026-07-15T11:05:00.000,753.2100219726562,754.1500244140625,752.989990234375,754.0349731445312,272481
1784128200,2026-07-15T15:10:00.000Z,2026-07-15T11:10:00.000,754.030029296875,754.1599731445312,753.0800170898438,753.1400146484375,346951
1784128500,2026-07-15T15:15:00.000Z,2026-07-15T11:15:00.000,753.135009765625,753.364990234375,752.2000122070312,753.280029296875,491451
1784128800,2026-07-15T15:20:00.000Z,2026-07-15T11:20:00.000,753.27001953125,753.27001953125,752.469970703125,752.9199829101562,289074
1784129100,2026-07-15T15:25:00.000Z,2026-07-15T11:25:00.000,752.9199829101562,753.6199951171875,752.780029296875,753.60498046875,389621
1784129400,2026-07-15T15:30:00.000Z,2026-07-15T11:30:00.000,753.5999755859375,753.8400268554688,753.1500244140625,753.5700073242188,333737
1784129700,2026-07-15T15:35:00.000Z,2026-07-15T11:35:00.000,753.530029296875,753.780029296875,753.030029296875,753.6799926757812,268186
1784130000,2026-07-15T15:40:00.000Z,2026-07-15T11:40:00.000,753.6900024414062,753.760009765625,753.0399780273438,753.1500244140625,192917
1784130300,2026-07-15T15:45:00.000Z,2026-07-15T11:45:00.000,753.1500244140625,753.239990234375,752.780029296875,752.8200073242188,296635
1784130600,2026-07-15T15:50:00.000Z,2026-07-15T11:50:00.000,752.8099975585938,752.8300170898438,752.3300170898438,752.7100219726562,352785
1784130900,2026-07-15T15:55:00.000Z,2026-07-15T11:55:00.000,752.6900024414062,752.780029296875,752.280029296875,752.6694946289062,188506
1784131200,2026-07-15T16:00:00.000Z,2026-07-15T12:00:00.000,752.6400146484375,752.8280029296875,751.760009765625,752.0800170898438,442535
1784131500,2026-07-15T16:05:00.000Z,2026-07-15T12:05:00.000,752.0900268554688,752.1099853515625,751.3900146484375,751.9500122070312,418461
1784131800,2026-07-15T16:10:00.000Z,2026-07-15T12:10:00.000,751.9500122070312,752.0700073242188,751.1400146484375,751.219970703125,302078
1784132100,2026-07-15T16:15:00.000Z,2026-07-15T12:15:00.000,751.2000122070312,751.3800048828125,750.9099731445312,751.0399780273438,408972
1784132400,2026-07-15T16:20:00.000Z,2026-07-15T12:20:00.000,751.030029296875,751.1699829101562,750.4400024414062,750.5399780273438,474285
1784132700,2026-07-15T16:25:00.000Z,2026-07-15T12:25:00.000,750.530029296875,750.8997192382812,750.4400024414062,750.8300170898438,351428
1784133000,2026-07-15T16:30:00.000Z,2026-07-15T12:30:00.000,750.8099975585938,751.1900024414062,750.4500122070312,750.5499877929688,330946
1784133300,2026-07-15T16:35:00.000Z,2026-07-15T12:35:00.000,750.5700073242188,750.6199951171875,750.219970703125,750.4400024414062,312851
1784133600,2026-07-15T16:40:00.000Z,2026-07-15T12:40:00.000,750.4400024414062,750.9400024414062,750.2000122070312,750.9099731445312,329120
1784133900,2026-07-15T16:45:00.000Z,2026-07-15T12:45:00.000,750.9199829101562,752.3200073242188,750.72998046875,751.3300170898438,769995
1784134200,2026-07-15T16:50:00.000Z,2026-07-15T12:50:00.000,751.3300170898438,751.8400268554688,751.2899780273438,751.4299926757812,325864
1784134500,2026-07-15T16:55:00.000Z,2026-07-15T12:55:00.000,751.4199829101562,751.6799926757812,750.9603271484375,751.6699829101562,310052
1784134800,2026-07-15T17:00:00.000Z,2026-07-15T13:00:00.000,751.6799926757812,752.0700073242188,751.5800170898438,751.9199829101562,331458
1784135100,2026-07-15T17:05:00.000Z,2026-07-15T13:05:00.000,751.9249877929688,752.4025268554688,751.8400268554688,752.0999755859375,671669
1784135400,2026-07-15T17:10:00.000Z,2026-07-15T13:10:00.000,752.10498046875,752.260009765625,751.780029296875,751.7999877929688,281877
1784135700,2026-07-15T17:15:00.000Z,2026-07-15T13:15:00.000,751.8099975585938,752.530029296875,751.760009765625,752.4000244140625,301258
1784136000,2026-07-15T17:20:00.000Z,2026-07-15T13:20:00.000,752.405029296875,752.5900268554688,752.22998046875,752.4500122070312,137027
1784136300,2026-07-15T17:25:00.000Z,2026-07-15T13:25:00.000,752.4500122070312,752.8499755859375,752.3499755859375,752.8099975585938,291833
1784136600,2026-07-15T17:30:00.000Z,2026-07-15T13:30:00.000,752.8099975585938,753.2100219726562,752.8099975585938,753.0900268554688,412691
1784136900,2026-07-15T17:35:00.000Z,2026-07-15T13:35:00.000,753.1090087890625,753.4500122070312,753.010009765625,753.3900146484375,300636
1784137200,2026-07-15T17:40:00.000Z,2026-07-15T13:40:00.000,753.4000244140625,753.4400024414062,753.2000122070312,753.3300170898438,222664
1784137500,2026-07-15T17:45:00.000Z,2026-07-15T13:45:00.000,753.3300170898438,754.0750122070312,753.25,754.0399780273438,310038
1784137800,2026-07-15T17:50:00.000Z,2026-07-15T13:50:00.000,754.0349731445312,754.5499877929688,753.8499755859375,754.469970703125,386878
1784138100,2026-07-15T17:55:00.000Z,2026-07-15T13:55:00.000,754.4600219726562,754.4600219726562,754.010009765625,754.1901245117188,458575
1784138400,2026-07-15T18:00:00.000Z,2026-07-15T14:00:00.000,754.2000122070312,754.5499877929688,754.1400146484375,754.3400268554688,285025
1784138700,2026-07-15T18:05:00.000Z,2026-07-15T14:05:00.000,754.3400268554688,754.6500244140625,754.280029296875,754.5499877929688,288219
1784139000,2026-07-15T18:10:00.000Z,2026-07-15T14:10:00.000,754.5650024414062,754.75,754.5349731445312,754.5499877929688,391860
1784139300,2026-07-15T18:15:00.000Z,2026-07-15T14:15:00.000,754.5549926757812,754.5599975585938,754.219970703125,754.3250122070312,528603
1784139600,2026-07-15T18:20:00.000Z,2026-07-15T14:20:00.000,754.3250122070312,754.8400268554688,754.3150024414062,754.7000122070312,315746
1784139900,2026-07-15T18:25:00.000Z,2026-07-15T14:25:00.000,754.7000122070312,754.7999877929688,754.5800170898438,754.635009765625,460728
1784140200,2026-07-15T18:30:00.000Z,2026-07-15T14:30:00.000,754.635009765625,754.9199829101562,754.530029296875,754.8200073242188,462961
1784140500,2026-07-15T18:35:00.000Z,2026-07-15T14:35:00.000,754.8099975585938,754.8200073242188,754.4400024414062,754.489990234375,264606
1784140800,2026-07-15T18:40:00.000Z,2026-07-15T14:40:00.000,754.489990234375,754.5800170898438,754,754.02001953125,284690
1784141100,2026-07-15T18:45:00.000Z,2026-07-15T14:45:00.000,754.030029296875,754.0399780273438,753.3800048828125,753.6300048828125,461585
1784141400,2026-07-15T18:50:00.000Z,2026-07-15T14:50:00.000,753.6500244140625,753.7349853515625,753.1599731445312,753.3699951171875,495806
1784141700,2026-07-15T18:55:00.000Z,2026-07-15T14:55:00.000,753.3400268554688,753.530029296875,753.0999755859375,753.1900024414062,281419
1784142000,2026-07-15T19:00:00.000Z,2026-07-15T15:00:00.000,753.1900024414062,753.72998046875,753.0499877929688,753.6599731445312,352061
1784142300,2026-07-15T19:05:00.000Z,2026-07-15T15:05:00.000,753.6699829101562,753.8300170898438,753.489990234375,753.5700073242188,329593
1784142600,2026-07-15T19:10:00.000Z,2026-07-15T15:10:00.000,753.5399780273438,753.9299926757812,753.469970703125,753.780029296875,371501
1784142900,2026-07-15T19:15:00.000Z,2026-07-15T15:15:00.000,753.780029296875,753.8400268554688,753.52001953125,753.530029296875,250645
1784143200,2026-07-15T19:20:00.000Z,2026-07-15T15:20:00.000,753.530029296875,753.5599975585938,753.1699829101562,753.3400268554688,395568
1784143500,2026-07-15T19:25:00.000Z,2026-07-15T15:25:00.000,753.3300170898438,753.77001953125,753.1699829101562,753.6300048828125,383228
1784143800,2026-07-15T19:30:00.000Z,2026-07-15T15:30:00.000,753.6300048828125,753.9299926757812,753.0900268554688,753.260009765625,924330
1784144100,2026-07-15T19:35:00.000Z,2026-07-15T15:35:00.000,753.280029296875,753.9000244140625,753.1300048828125,753.8499755859375,598236
1784144400,2026-07-15T19:40:00.000Z,2026-07-15T15:40:00.000,753.8400268554688,754.2100219726562,753.77001953125,754.094970703125,642535
1784144700,2026-07-15T19:45:00.000Z,2026-07-15T15:45:00.000,754.0800170898438,754.1500244140625,753.5,753.6300048828125,779156
1784145000,2026-07-15T19:50:00.000Z,2026-07-15T15:50:00.000,753.6300048828125,754.1799926757812,753.6300048828125,754.1599731445312,1454644
1784145300,2026-07-15T19:55:00.000Z,2026-07-15T15:55:00.000,754.1599731445312,754.7999877929688,754.1599731445312,754.72998046875,2213854
1784208600,2026-07-16T13:30:00.000Z,2026-07-16T09:30:00.000,752.760009765625,753.52001953125,752.0900268554688,752.2000122070312,2043117
1784208900,2026-07-16T13:35:00.000Z,2026-07-16T09:35:00.000,752.2000122070312,752.52001953125,751.6400146484375,751.7100219726562,556064
1784209200,2026-07-16T13:40:00.000Z,2026-07-16T09:40:00.000,751.719970703125,752.2899780273438,751.0900268554688,751.260009765625,660254
1784209500,2026-07-16T13:45:00.000Z,2026-07-16T09:45:00.000,751.2999877929688,751.7000122070312,750.6699829101562,751.0499877929688,704345
1784209800,2026-07-16T13:50:00.000Z,2026-07-16T09:50:00.000,751.0449829101562,752.260009765625,750.989990234375,751.47998046875,569436
1784210100,2026-07-16T13:55:00.000Z,2026-07-16T09:55:00.000,751.47998046875,752.1199951171875,751,751.905029296875,356333
1784210400,2026-07-16T14:00:00.000Z,2026-07-16T10:00:00.000,751.9000244140625,752.8201904296875,751.6400146484375,752.719970703125,660715
1784210700,2026-07-16T14:05:00.000Z,2026-07-16T10:05:00.000,752.739990234375,753.5499877929688,752.5900268554688,753.3905029296875,524923
1784211000,2026-07-16T14:10:00.000Z,2026-07-16T10:10:00.000,753.3900146484375,753.6099853515625,753.2000122070312,753.3599853515625,399437
1784211300,2026-07-16T14:15:00.000Z,2026-07-16T10:15:00.000,753.3599853515625,753.9299926757812,753.2050170898438,753.8599853515625,316165
1784211600,2026-07-16T14:20:00.000Z,2026-07-16T10:20:00.000,753.8599853515625,753.9299926757812,753.0700073242188,753.6699829101562,516302
1784211900,2026-07-16T14:25:00.000Z,2026-07-16T10:25:00.000,753.6400146484375,754.3880004882812,753.2899780273438,754.3499755859375,507544
1784212200,2026-07-16T14:30:00.000Z,2026-07-16T10:30:00.000,754.3400268554688,754.4400024414062,753.9849853515625,754.189208984375,373892
1784212500,2026-07-16T14:35:00.000Z,2026-07-16T10:35:00.000,754.1699829101562,754.52001953125,753.8200073242188,753.9400024414062,294450
1784212800,2026-07-16T14:40:00.000Z,2026-07-16T10:40:00.000,753.9299926757812,754.4298706054688,753.75,754.3699951171875,342619
1784213100,2026-07-16T14:45:00.000Z,2026-07-16T10:45:00.000,754.3699951171875,754.5700073242188,754.1500244140625,754.1900024414062,368465
1784213400,2026-07-16T14:50:00.000Z,2026-07-16T10:50:00.000,754.1699829101562,754.260009765625,753.530029296875,753.6790771484375,362500
1784213700,2026-07-16T14:55:00.000Z,2026-07-16T10:55:00.000,753.6500244140625,754.2000122070312,753.3400268554688,754.1699829101562,452264
1784214000,2026-07-16T15:00:00.000Z,2026-07-16T11:00:00.000,754.2000122070312,754.3800048828125,753.6099853515625,753.6599731445312,234055
1784214300,2026-07-16T15:05:00.000Z,2026-07-16T11:05:00.000,753.6300048828125,753.7999877929688,753.0800170898438,753.530029296875,390780
1784214600,2026-07-16T15:10:00.000Z,2026-07-16T11:10:00.000,753.52001953125,753.780029296875,753.0800170898438,753.3250122070312,224791
1784214900,2026-07-16T15:15:00.000Z,2026-07-16T11:15:00.000,753.3300170898438,753.6397705078125,752.97998046875,753.6300048828125,336034
1784215200,2026-07-16T15:20:00.000Z,2026-07-16T11:20:00.000,753.6199951171875,753.6500244140625,753.030029296875,753.6199951171875,309732
1784215500,2026-07-16T15:25:00.000Z,2026-07-16T11:25:00.000,753.6199951171875,754.4400024414062,753.5599975585938,753.8001098632812,302836
1784215800,2026-07-16T15:30:00.000Z,2026-07-16T11:30:00.000,753.8200073242188,754.22998046875,753.27001953125,754.2000122070312,294692
1784216100,2026-07-16T15:35:00.000Z,2026-07-16T11:35:00.000,754.1900024414062,754.4000244140625,753.8300170898438,754.3200073242188,195474
1784216400,2026-07-16T15:40:00.000Z,2026-07-16T11:40:00.000,754.3098754882812,754.405029296875,753.52001953125,753.6599731445312,225776
1784216700,2026-07-16T15:45:00.000Z,2026-07-16T11:45:00.000,753.6599731445312,753.6599731445312,753.030029296875,753.5399780273438,240122
1784217000,2026-07-16T15:50:00.000Z,2026-07-16T11:50:00.000,753.510009765625,754.0999755859375,753.510009765625,753.7899780273438,362195
1784217300,2026-07-16T15:55:00.000Z,2026-07-16T11:55:00.000,753.780029296875,753.7899780273438,753.3099975585938,753.5700073242188,203375
1784217600,2026-07-16T16:00:00.000Z,2026-07-16T12:00:00.000,753.5999755859375,753.5999755859375,752.72998046875,752.75,158344
1784217900,2026-07-16T16:05:00.000Z,2026-07-16T12:05:00.000,752.7449951171875,753.0499877929688,752.3599853515625,752.8900146484375,643228
1784218200,2026-07-16T16:10:00.000Z,2026-07-16T12:10:00.000,752.8900146484375,752.9000244140625,751.9600219726562,752.0399780273438,494795
1784218500,2026-07-16T16:15:00.000Z,2026-07-16T12:15:00.000,752.030029296875,752.544921875,751.8900146484375,752.219970703125,319281
1784218800,2026-07-16T16:20:00.000Z,2026-07-16T12:20:00.000,752.219970703125,752.219970703125,751.5399780273438,751.6599731445312,441782
1784219100,2026-07-16T16:25:00.000Z,2026-07-16T12:25:00.000,751.6300048828125,752.1198120117188,751.4500122070312,751.9299926757812,199395
1784219400,2026-07-16T16:30:00.000Z,2026-07-16T12:30:00.000,751.9400024414062,752.5399780273438,751.9099731445312,752.1900024414062,222424
1784219700,2026-07-16T16:35:00.000Z,2026-07-16T12:35:00.000,752.1900024414062,752.3599853515625,751.8599853515625,751.9000244140625,171786
1784220000,2026-07-16T16:40:00.000Z,2026-07-16T12:40:00.000,751.9000244140625,752.219970703125,751.780029296875,751.969970703125,251292
1784220300,2026-07-16T16:45:00.000Z,2026-07-16T12:45:00.000,751.969970703125,752.2064819335938,751.5900268554688,752.010009765625,283777
1784220600,2026-07-16T16:50:00.000Z,2026-07-16T12:50:00.000,752.010009765625,752.6699829101562,751.8699951171875,752.6099853515625,226146
1784220900,2026-07-16T16:55:00.000Z,2026-07-16T12:55:00.000,752.5999755859375,752.969970703125,752.5999755859375,752.8599853515625,513213
1784221200,2026-07-16T17:00:00.000Z,2026-07-16T13:00:00.000,752.8800048828125,752.9099731445312,752.2000122070312,752.5999755859375,260222
1784221500,2026-07-16T17:05:00.000Z,2026-07-16T13:05:00.000,752.5800170898438,752.8200073242188,752.2000122070312,752.7000122070312,198029
1784221800,2026-07-16T17:10:00.000Z,2026-07-16T13:10:00.000,752.6699829101562,752.780029296875,752.1300048828125,752.1900024414062,197377
1784222100,2026-07-16T17:15:00.000Z,2026-07-16T13:15:00.000,752.1900024414062,752.530029296875,752.1099853515625,752.4199829101562,146370
1784222400,2026-07-16T17:20:00.000Z,2026-07-16T13:20:00.000,752.4000244140625,752.52001953125,752.0399780273438,752.0399780273438,903887
1784222700,2026-07-16T17:25:00.000Z,2026-07-16T13:25:00.000,752.0499877929688,752.8499755859375,752.030029296875,752.7050170898438,179454
1784223000,2026-07-16T17:30:00.000Z,2026-07-16T13:30:00.000,752.7100219726562,752.8099975585938,752.0399169921875,752.1099853515625,147944
1784223300,2026-07-16T17:35:00.000Z,2026-07-16T13:35:00.000,752.1199951171875,752.2001953125,751.5399780273438,751.6500244140625,377853
1784223600,2026-07-16T17:40:00.000Z,2026-07-16T13:40:00.000,751.6400146484375,751.6400146484375,751.0999755859375,751.4199829101562,664324
1784223900,2026-07-16T17:45:00.000Z,2026-07-16T13:45:00.000,751.4299926757812,751.8900146484375,751.0800170898438,751.6799926757812,345693
1784224200,2026-07-16T17:50:00.000Z,2026-07-16T13:50:00.000,751.6950073242188,751.8900146484375,751.3699951171875,751.5800170898438,154170
1784224500,2026-07-16T17:55:00.000Z,2026-07-16T13:55:00.000,751.5700073242188,751.5800170898438,751.0850219726562,751.3099975585938,197753
1784224800,2026-07-16T18:00:00.000Z,2026-07-16T14:00:00.000,751.3300170898438,751.47998046875,750.8900146484375,750.8900146484375,298249
1784225100,2026-07-16T18:05:00.000Z,2026-07-16T14:05:00.000,750.9000244140625,750.9450073242188,750.4600219726562,750.739990234375,549605
1784225400,2026-07-16T18:10:00.000Z,2026-07-16T14:10:00.000,750.739990234375,751.4500122070312,750.7100219726562,750.72998046875,426432
1784225700,2026-07-16T18:15:00.000Z,2026-07-16T14:15:00.000,750.7000122070312,751.3400268554688,750.4600219726562,751.2000122070312,427658
1784226000,2026-07-16T18:20:00.000Z,2026-07-16T14:20:00.000,751.1900024414062,751.7100219726562,751.1400146484375,751.3400268554688,337512
1784226300,2026-07-16T18:25:00.000Z,2026-07-16T14:25:00.000,751.3599853515625,751.5,750.8699951171875,750.9099731445312,389898
1784226600,2026-07-16T18:30:00.000Z,2026-07-16T14:30:00.000,750.9199829101562,750.9299926757812,750.5499877929688,750.719970703125,208525
1784226900,2026-07-16T18:35:00.000Z,2026-07-16T14:35:00.000,750.6799926757812,750.6799926757812,750.3499755859375,750.3599853515625,262718
1784227200,2026-07-16T18:40:00.000Z,2026-07-16T14:40:00.000,750.3599853515625,750.7000122070312,749.9199829101562,750.52001953125,515040
1784227500,2026-07-16T18:45:00.000Z,2026-07-16T14:45:00.000,750.5,750.9000244140625,750.2999877929688,750.77001953125,286190
1784227800,2026-07-16T18:50:00.000Z,2026-07-16T14:50:00.000,750.760009765625,750.9299926757812,750.219970703125,750.219970703125,264072
1784228100,2026-07-16T18:55:00.000Z,2026-07-16T14:55:00.000,750.219970703125,750.47998046875,750.1099853515625,750.22998046875,597119
1784228400,2026-07-16T19:00:00.000Z,2026-07-16T15:00:00.000,750.219970703125,750.7000122070312,750.0900268554688,750.530029296875,297832
1784228700,2026-07-16T19:05:00.000Z,2026-07-16T15:05:00.000,750.510009765625,750.6799926757812,749.760009765625,749.77001953125,393706
1784229000,2026-07-16T19:10:00.000Z,2026-07-16T15:10:00.000,749.75,749.8499755859375,749.5800170898438,749.760009765625,355767
1784229300,2026-07-16T19:15:00.000Z,2026-07-16T15:15:00.000,749.739990234375,749.8800048828125,749.4000854492188,749.760009765625,701998
1784229600,2026-07-16T19:20:00.000Z,2026-07-16T15:20:00.000,749.760009765625,750.010009765625,749.5,749.510009765625,913161
1784229900,2026-07-16T19:25:00.000Z,2026-07-16T15:25:00.000,749.5150146484375,749.6300048828125,748.8599853515625,749.0999755859375,632627
1784230200,2026-07-16T19:30:00.000Z,2026-07-16T15:30:00.000,749.0800170898438,749.1599731445312,748.4299926757812,748.6900024414062,751215
1784230500,2026-07-16T19:35:00.000Z,2026-07-16T15:35:00.000,748.6799926757812,749.1500244140625,748.4000244140625,749.030029296875,626528
1784230800,2026-07-16T19:40:00.000Z,2026-07-16T15:40:00.000,749.02001953125,749.1599731445312,748.47998046875,748.52001953125,1807922
1784231100,2026-07-16T19:45:00.000Z,2026-07-16T15:45:00.000,748.510009765625,748.6300048828125,747.8800048828125,748.2100219726562,1519249
1784231400,2026-07-16T19:50:00.000Z,2026-07-16T15:50:00.000,748.2100219726562,750.0499877929688,748.1900024414062,749.97998046875,2764428
1784231700,2026-07-16T19:55:00.000Z,2026-07-16T15:55:00.000,749.989990234375,751.0399780273438,749.989990234375,750.760009765625,3634040
1784295000,2026-07-17T13:30:00.000Z,2026-07-17T09:30:00.000,742.0800170898438,742.6199951171875,741.010009765625,741.032470703125,3646013
1784295300,2026-07-17T13:35:00.000Z,2026-07-17T09:35:00.000,741.0399780273438,741.6599731445312,740.7999877929688,741.52001953125,2254283
1784295600,2026-07-17T13:40:00.000Z,2026-07-17T09:40:00.000,741.5,742.6699829101562,740.840087890625,741.0349731445312,1285131
1784295900,2026-07-17T13:45:00.000Z,2026-07-17T09:45:00.000,741.0499877929688,743.1400146484375,740.9500122070312,743.030029296875,1050322
1784296200,2026-07-17T13:50:00.000Z,2026-07-17T09:50:00.000,743.010009765625,744.2000122070312,743,743.88671875,640475
1784296500,2026-07-17T13:55:00.000Z,2026-07-17T09:55:00.000,743.8800048828125,744.8300170898438,743.5999755859375,744.8101196289062,707927
1784296800,2026-07-17T14:00:00.000Z,2026-07-17T10:00:00.000,744.8099975585938,745.7725219726562,744.6701049804688,745.3400268554688,799754
1784297100,2026-07-17T14:05:00.000Z,2026-07-17T10:05:00.000,745.3200073242188,746.4600219726562,745.2999877929688,746.3200073242188,712291
1784297400,2026-07-17T14:10:00.000Z,2026-07-17T10:10:00.000,746.3200073242188,746.7999877929688,745.9099731445312,746.280029296875,788566
1784297700,2026-07-17T14:15:00.000Z,2026-07-17T10:15:00.000,746.2661743164062,747.2899780273438,746.1699829101562,746.5700073242188,721960
1784298000,2026-07-17T14:20:00.000Z,2026-07-17T10:20:00.000,746.564208984375,747.0599975585938,746.2100219726562,746.8699951171875,564846
1784298300,2026-07-17T14:25:00.000Z,2026-07-17T10:25:00.000,746.8699951171875,747.2100219726562,746.1699829101562,746.3350219726562,2399160
1784298600,2026-07-17T14:30:00.000Z,2026-07-17T10:30:00.000,746.3400268554688,746.5999755859375,745.5999755859375,745.989990234375,576136
1784298900,2026-07-17T14:35:00.000Z,2026-07-17T10:35:00.000,745.9949951171875,746.7899780273438,745.7337036132812,746.72998046875,478420
1784299200,2026-07-17T14:40:00.000Z,2026-07-17T10:40:00.000,746.719970703125,746.7750244140625,745.75,745.8800048828125,510674
1784299500,2026-07-17T14:45:00.000Z,2026-07-17T10:45:00.000,745.8599853515625,746.5900268554688,745.260009765625,745.6849975585938,744414
1784299800,2026-07-17T14:50:00.000Z,2026-07-17T10:50:00.000,745.6900024414062,745.8300170898438,745.2000122070312,745.4199829101562,314683
1784300100,2026-07-17T14:55:00.000Z,2026-07-17T10:55:00.000,745.3900146484375,746.1900024414062,744.8499755859375,745.0499877929688,416999
1784300400,2026-07-17T15:00:00.000Z,2026-07-17T11:00:00.000,745.0499877929688,745.2235107421875,744.1400146484375,744.22998046875,832834
1784300700,2026-07-17T15:05:00.000Z,2026-07-17T11:05:00.000,744.22998046875,745.010009765625,744.1484985351562,744.8699951171875,393491
1784301000,2026-07-17T15:10:00.000Z,2026-07-17T11:10:00.000,744.8800048828125,745.2100219726562,744.1099853515625,744.3200073242188,394536
1784301300,2026-07-17T15:15:00.000Z,2026-07-17T11:15:00.000,744.3599853515625,744.8499755859375,743.97998046875,744.5399780273438,447458
1784301600,2026-07-17T15:20:00.000Z,2026-07-17T11:20:00.000,744.5499877929688,744.9000244140625,743.9600219726562,744.2908935546875,496269
1784301900,2026-07-17T15:25:00.000Z,2026-07-17T11:25:00.000,744.3099975585938,745.5700073242188,744.280029296875,745.4450073242188,332841
1784302200,2026-07-17T15:30:00.000Z,2026-07-17T11:30:00.000,745.4400024414062,745.9000244140625,744.8599853515625,745.0399780273438,811194
1784302500,2026-07-17T15:35:00.000Z,2026-07-17T11:35:00.000,745.010009765625,745.77001953125,744.4401245117188,745.6599731445312,345546
1784302800,2026-07-17T15:40:00.000Z,2026-07-17T11:40:00.000,745.6400146484375,745.9000244140625,744.97998046875,745.5,314654
1784303100,2026-07-17T15:45:00.000Z,2026-07-17T11:45:00.000,745.489990234375,745.6099853515625,744.8099975585938,745.5709838867188,505214
1784303400,2026-07-17T15:50:00.000Z,2026-07-17T11:50:00.000,745.5800170898438,746.0908813476562,745.1699829101562,746.0908813476562,245141
1784303700,2026-07-17T15:55:00.000Z,2026-07-17T11:55:00.000,746.0900268554688,747.0599975585938,746.0018920898438,746.8699951171875,436523
1784304000,2026-07-17T16:00:00.000Z,2026-07-17T12:00:00.000,746.8800048828125,747.0999755859375,745.1799926757812,745.5499877929688,845719
1784304300,2026-07-17T16:05:00.000Z,2026-07-17T12:05:00.000,745.5499877929688,745.9600219726562,744.8300170898438,745.9500122070312,2514622
1784304600,2026-07-17T16:10:00.000Z,2026-07-17T12:10:00.000,745.9450073242188,746.3699951171875,745.7000122070312,746.27001953125,308586
1784304900,2026-07-17T16:15:00.000Z,2026-07-17T12:15:00.000,746.2899780273438,746.5700073242188,746.010009765625,746.364990234375,295906
1784305200,2026-07-17T16:20:00.000Z,2026-07-17T12:20:00.000,746.3599853515625,746.52001953125,745.2100219726562,745.239990234375,405591
1784305500,2026-07-17T16:25:00.000Z,2026-07-17T12:25:00.000,745.27001953125,746.5,745.1420288085938,745.9400024414062,333302
1784305800,2026-07-17T16:30:00.000Z,2026-07-17T12:30:00.000,745.9500122070312,746.1760864257812,745.5399780273438,745.5599975585938,328325
1784306100,2026-07-17T16:35:00.000Z,2026-07-17T12:35:00.000,745.60498046875,746.0499877929688,745.5599975585938,745.9099731445312,197300
1784306400,2026-07-17T16:40:00.000Z,2026-07-17T12:40:00.000,745.9000244140625,746.4500122070312,745.5999755859375,746.4099731445312,227125
1784306700,2026-07-17T16:45:00.000Z,2026-07-17T12:45:00.000,746.4299926757812,747.010009765625,746.22998046875,746.8685302734375,299535
1784307000,2026-07-17T16:50:00.000Z,2026-07-17T12:50:00.000,746.8599853515625,747.27001953125,746.5800170898438,746.8510131835938,445804
1784307300,2026-07-17T16:55:00.000Z,2026-07-17T12:55:00.000,746.8599853515625,746.9500122070312,746.1300048828125,746.3200073242188,259543
1784307600,2026-07-17T17:00:00.000Z,2026-07-17T13:00:00.000,746.3699951171875,747.1699829101562,746.219970703125,746.6900024414062,346995
1784307900,2026-07-17T17:05:00.000Z,2026-07-17T13:05:00.000,746.6599731445312,747,746.4500122070312,746.9600219726562,228704
1784308200,2026-07-17T17:10:00.000Z,2026-07-17T13:10:00.000,746.969970703125,747.1199951171875,746.3900146484375,746.4199829101562,265228
1784308500,2026-07-17T17:15:00.000Z,2026-07-17T13:15:00.000,746.4000244140625,746.97998046875,746.2338256835938,746.280029296875,297175
1784308800,2026-07-17T17:20:00.000Z,2026-07-17T13:20:00.000,746.27001953125,746.4400024414062,745.969970703125,746.2899780273438,434477
1784309100,2026-07-17T17:25:00.000Z,2026-07-17T13:25:00.000,746.2999877929688,747.02001953125,746.27001953125,746.8699951171875,1326653
1784309400,2026-07-17T17:30:00.000Z,2026-07-17T13:30:00.000,746.8800048828125,746.989990234375,746.5399780273438,746.6099853515625,259241
1784309700,2026-07-17T17:35:00.000Z,2026-07-17T13:35:00.000,746.6199951171875,746.6799926757812,745.9099731445312,746.02001953125,578118
1784310000,2026-07-17T17:40:00.000Z,2026-07-17T13:40:00.000,746.010009765625,746.0599975585938,745.510009765625,745.5999755859375,307718
1784310300,2026-07-17T17:45:00.000Z,2026-07-17T13:45:00.000,745.5999755859375,745.8909301757812,745.4000244140625,745.5700073242188,285280
1784310600,2026-07-17T17:50:00.000Z,2026-07-17T13:50:00.000,745.5700073242188,745.6400146484375,744.760009765625,744.9000244140625,294086
1784310900,2026-07-17T17:55:00.000Z,2026-07-17T13:55:00.000,744.8905029296875,744.9995727539062,744.3800048828125,744.5800170898438,353606
1784311200,2026-07-17T18:00:00.000Z,2026-07-17T14:00:00.000,744.5800170898438,745.1400146484375,744.3800048828125,744.6475219726562,516377
1784311500,2026-07-17T18:05:00.000Z,2026-07-17T14:05:00.000,744.6400146484375,744.6400146484375,744.1599731445312,744.3300170898438,416314
1784311800,2026-07-17T18:10:00.000Z,2026-07-17T14:10:00.000,744.3099975585938,744.489990234375,744.0900268554688,744.1099853515625,301115
1784312100,2026-07-17T18:15:00.000Z,2026-07-17T14:15:00.000,744.1199951171875,744.2030029296875,743.5859985351562,743.8300170898438,355599
1784312400,2026-07-17T18:20:00.000Z,2026-07-17T14:20:00.000,743.8499755859375,744.1699829101562,743.5499877929688,743.739990234375,954726
1784312700,2026-07-17T18:25:00.000Z,2026-07-17T14:25:00.000,743.72998046875,743.75,743.239990234375,743.7100219726562,469769
1784313000,2026-07-17T18:30:00.000Z,2026-07-17T14:30:00.000,743.6900024414062,744.3400268554688,743.4199829101562,743.6611938476562,395985
1784313300,2026-07-17T18:35:00.000Z,2026-07-17T14:35:00.000,743.6699829101562,743.9500122070312,743.510009765625,743.72998046875,199582
1784313600,2026-07-17T18:40:00.000Z,2026-07-17T14:40:00.000,743.75,743.7999877929688,743.0999755859375,743.260009765625,316384
1784313900,2026-07-17T18:45:00.000Z,2026-07-17T14:45:00.000,743.239990234375,744.25,743.094970703125,743.8905029296875,795556
1784314200,2026-07-17T18:50:00.000Z,2026-07-17T14:50:00.000,743.8995971679688,744.5798950195312,743.6799926757812,744.5599975585938,397373
1784314500,2026-07-17T18:55:00.000Z,2026-07-17T14:55:00.000,744.5650024414062,744.6599731445312,744.1599731445312,744.3699951171875,336557
1784314800,2026-07-17T19:00:00.000Z,2026-07-17T15:00:00.000,744.3900146484375,744.469970703125,743.739990234375,743.8599853515625,408602
1784315100,2026-07-17T19:05:00.000Z,2026-07-17T15:05:00.000,743.8699951171875,743.989990234375,743.3800048828125,743.4099731445312,238804
1784315400,2026-07-17T19:10:00.000Z,2026-07-17T15:10:00.000,743.4099731445312,743.47998046875,742.719970703125,742.760009765625,768193
1784315700,2026-07-17T19:15:00.000Z,2026-07-17T15:15:00.000,742.739990234375,742.97998046875,742.5700073242188,742.9199829101562,477727
1784316000,2026-07-17T19:20:00.000Z,2026-07-17T15:20:00.000,742.9000244140625,742.9000244140625,742.3400268554688,742.3599853515625,447454
1784316300,2026-07-17T19:25:00.000Z,2026-07-17T15:25:00.000,742.330078125,743.280029296875,742.1300048828125,743.1599731445312,746844
1784316600,2026-07-17T19:30:00.000Z,2026-07-17T15:30:00.000,743.1699829101562,743.6199951171875,742.77001953125,743.030029296875,1127405
1784316900,2026-07-17T19:35:00.000Z,2026-07-17T15:35:00.000,743.030029296875,743.530029296875,742.72998046875,742.8300170898438,844183
1784317200,2026-07-17T19:40:00.000Z,2026-07-17T15:40:00.000,742.8300170898438,743.6199951171875,742.5999755859375,743.47998046875,736663
1784317500,2026-07-17T19:45:00.000Z,2026-07-17T15:45:00.000,743.47998046875,744.0399780273438,743.3699951171875,744.0399780273438,1120911
1784317800,2026-07-17T19:50:00.000Z,2026-07-17T15:50:00.000,744.030029296875,744.2899780273438,743.47998046875,743.969970703125,1759257
1784318100,2026-07-17T19:55:00.000Z,2026-07-17T15:55:00.000,744,744.4000244140625,742.9199829101562,743.155029296875,3182293
1784554200,2026-07-20T13:30:00.000Z,2026-07-20T09:30:00.000,747.0599975585938,748.0499877929688,746.7999877929688,748.0499877929688,1851776
1784554500,2026-07-20T13:35:00.000Z,2026-07-20T09:35:00.000,748.030029296875,748.7100219726562,747.72998046875,748.1699829101562,833394
1784554800,2026-07-20T13:40:00.000Z,2026-07-20T09:40:00.000,748.1699829101562,748.5900268554688,748.0599975585938,748.5599975585938,511709
1784555100,2026-07-20T13:45:00.000Z,2026-07-20T09:45:00.000,748.5700073242188,748.72998046875,747.530029296875,747.5800170898438,805592
1784555400,2026-07-20T13:50:00.000Z,2026-07-20T09:50:00.000,747.5800170898438,747.8400268554688,746.25,746.4550170898438,874876
1784555700,2026-07-20T13:55:00.000Z,2026-07-20T09:55:00.000,746.4500122070312,746.489990234375,745.52001953125,745.6900024414062,671795
1784556000,2026-07-20T14:00:00.000Z,2026-07-20T10:00:00.000,745.6799926757812,746.3599853515625,745.3900146484375,745.885009765625,524174
1784556300,2026-07-20T14:05:00.000Z,2026-07-20T10:05:00.000,745.9000244140625,746.1199951171875,745.27001953125,745.4000244140625,475704
1784556600,2026-07-20T14:10:00.000Z,2026-07-20T10:10:00.000,745.3400268554688,745.3800048828125,744.7650146484375,744.989990234375,414066
1784556900,2026-07-20T14:15:00.000Z,2026-07-20T10:15:00.000,745.02001953125,745.47998046875,744.6300048828125,744.9000244140625,420432
1784557200,2026-07-20T14:20:00.000Z,2026-07-20T10:20:00.000,744.8499755859375,745.2100219726562,744.260009765625,744.969970703125,561519
1784557500,2026-07-20T14:25:00.000Z,2026-07-20T10:25:00.000,744.969970703125,745.739990234375,744.9099731445312,745.6799926757812,355120
1784557800,2026-07-20T14:30:00.000Z,2026-07-20T10:30:00.000,745.6900024414062,745.9600219726562,745.0399780273438,745.260009765625,475390
1784558100,2026-07-20T14:35:00.000Z,2026-07-20T10:35:00.000,745.260009765625,745.530029296875,744.9598999023438,745.3300170898438,453223
1784558400,2026-07-20T14:40:00.000Z,2026-07-20T10:40:00.000,745.3499755859375,745.7899780273438,744.7520141601562,744.8900146484375,258874
1784558700,2026-07-20T14:45:00.000Z,2026-07-20T10:45:00.000,744.8800048828125,745.739990234375,744.4901123046875,744.6400146484375,323848
1784559000,2026-07-20T14:50:00.000Z,2026-07-20T10:50:00.000,744.6199951171875,744.9400024414062,744.1500244140625,744.3250122070312,539597
1784559300,2026-07-20T14:55:00.000Z,2026-07-20T10:55:00.000,744.3200073242188,744.489990234375,743.6900024414062,744.1099853515625,429824
1784559600,2026-07-20T15:00:00.000Z,2026-07-20T11:00:00.000,744.1400146484375,744.8800048828125,743.8049926757812,744.5800170898438,297794
1784559900,2026-07-20T15:05:00.000Z,2026-07-20T11:05:00.000,744.5599975585938,745.4849853515625,743.8499755859375,745.4099731445312,502571
1784560200,2026-07-20T15:10:00.000Z,2026-07-20T11:10:00.000,745.4000244140625,745.4600219726562,744.6699829101562,744.7999877929688,226403
1784560500,2026-07-20T15:15:00.000Z,2026-07-20T11:15:00.000,744.7999877929688,745.530029296875,744.6099853515625,745.27001953125,295430
1784560800,2026-07-20T15:20:00.000Z,2026-07-20T11:20:00.000,745.260009765625,745.969970703125,745.0700073242188,745.75,316075
1784561100,2026-07-20T15:25:00.000Z,2026-07-20T11:25:00.000,745.719970703125,745.969970703125,745.219970703125,745.8699951171875,503848
1784561400,2026-07-20T15:30:00.000Z,2026-07-20T11:30:00.000,745.8900146484375,746.02001953125,745.77001953125,745.8800048828125,192342
1784561700,2026-07-20T15:35:00.000Z,2026-07-20T11:35:00.000,745.9000244140625,745.9299926757812,745.3900146484375,745.4600219726562,214063
1784562000,2026-07-20T15:40:00.000Z,2026-07-20T11:40:00.000,745.469970703125,745.969970703125,745.280029296875,745.969970703125,214146
1784562300,2026-07-20T15:45:00.000Z,2026-07-20T11:45:00.000,745.97998046875,745.989990234375,745.0999755859375,745.2999877929688,254897
1784562600,2026-07-20T15:50:00.000Z,2026-07-20T11:50:00.000,745.2899780273438,746.3599853515625,745.1300048828125,746.219970703125,400298
1784562900,2026-07-20T15:55:00.000Z,2026-07-20T11:55:00.000,746.22998046875,746.4400024414062,745.9400024414062,745.989990234375,310885
1784563200,2026-07-20T16:00:00.000Z,2026-07-20T12:00:00.000,746,746.25,745.5800170898438,746.1599731445312,407969
1784563500,2026-07-20T16:05:00.000Z,2026-07-20T12:05:00.000,746.1599731445312,746.8350219726562,746.1599731445312,746.7999877929688,588741
1784563800,2026-07-20T16:10:00.000Z,2026-07-20T12:10:00.000,746.780029296875,747.0050048828125,746.6400146484375,746.7899780273438,297597
1784564100,2026-07-20T16:15:00.000Z,2026-07-20T12:15:00.000,746.8300170898438,746.844970703125,746.3099975585938,746.6799926757812,314922
1784564400,2026-07-20T16:20:00.000Z,2026-07-20T12:20:00.000,746.7000122070312,746.8800048828125,746.6199951171875,746.780029296875,227319
1784564700,2026-07-20T16:25:00.000Z,2026-07-20T12:25:00.000,746.780029296875,746.8300170898438,746.1699829101562,746.5,323898
1784565000,2026-07-20T16:30:00.000Z,2026-07-20T12:30:00.000,746.489990234375,746.780029296875,745.7999877929688,745.8300170898438,328389
1784565300,2026-07-20T16:35:00.000Z,2026-07-20T12:35:00.000,745.8200073242188,746.3699951171875,745.8099975585938,746.3499755859375,240742
1784565600,2026-07-20T16:40:00.000Z,2026-07-20T12:40:00.000,746.3300170898438,746.52001953125,744.5,745.4299926757812,1044388
1784565900,2026-07-20T16:45:00.000Z,2026-07-20T12:45:00.000,745.4099731445312,746.1799926757812,745.2100219726562,746.1300048828125,420926
1784566200,2026-07-20T16:50:00.000Z,2026-07-20T12:50:00.000,746.1199951171875,746.155029296875,744.9099731445312,744.969970703125,316124
1784566500,2026-07-20T16:55:00.000Z,2026-07-20T12:55:00.000,744.969970703125,745.1900024414062,744.72998046875,745,481423
1784566800,2026-07-20T17:00:00.000Z,2026-07-20T13:00:00.000,745.010009765625,745.2100219726562,744.5499877929688,744.552490234375,307945
1784567100,2026-07-20T17:05:00.000Z,2026-07-20T13:05:00.000,744.5399780273438,744.6500244140625,744.1300048828125,744.5900268554688,288703
1784567400,2026-07-20T17:10:00.000Z,2026-07-20T13:10:00.000,744.5900268554688,744.6400146484375,743.8400268554688,743.9000244140625,294244
1784567700,2026-07-20T17:15:00.000Z,2026-07-20T13:15:00.000,743.8900146484375,744.260009765625,743.5599975585938,744.1199951171875,383022
1784568000,2026-07-20T17:20:00.000Z,2026-07-20T13:20:00.000,744.114990234375,744.489990234375,743.969970703125,744.1099853515625,228512
1784568300,2026-07-20T17:25:00.000Z,2026-07-20T13:25:00.000,744.0999755859375,744.3699951171875,743.8900146484375,744.1199951171875,258856
1784568600,2026-07-20T17:30:00.000Z,2026-07-20T13:30:00.000,744.1300048828125,744.4201049804688,743.9500122070312,744.3250122070312,243517
1784568900,2026-07-20T17:35:00.000Z,2026-07-20T13:35:00.000,744.2999877929688,744.5399780273438,743.989990234375,744.010009765625,267253
1784569200,2026-07-20T17:40:00.000Z,2026-07-20T13:40:00.000,744.030029296875,744.0499877929688,743.5900268554688,743.760009765625,344669
1784569500,2026-07-20T17:45:00.000Z,2026-07-20T13:45:00.000,743.77001953125,744.3499755859375,743.6300048828125,744.25,281957
1784569800,2026-07-20T17:50:00.000Z,2026-07-20T13:50:00.000,744.219970703125,744.9199829101562,744.2100219726562,744.6500244140625,290349
1784570100,2026-07-20T17:55:00.000Z,2026-07-20T13:55:00.000,744.6500244140625,744.6900024414062,744.2100830078125,744.5499877929688,261761
1784570400,2026-07-20T18:00:00.000Z,2026-07-20T14:00:00.000,744.5499877929688,745.1699829101562,744.5499877929688,744.8499755859375,363635
1784570700,2026-07-20T18:05:00.000Z,2026-07-20T14:05:00.000,744.8400268554688,744.9400024414062,744.530029296875,744.875,239896
1784571000,2026-07-20T18:10:00.000Z,2026-07-20T14:10:00.000,744.9000244140625,745.219970703125,744.7100219726562,745.030029296875,219433
1784571300,2026-07-20T18:15:00.000Z,2026-07-20T14:15:00.000,745.02001953125,745.3800048828125,744.8800048828125,745.239990234375,387343
1784571600,2026-07-20T18:20:00.000Z,2026-07-20T14:20:00.000,745.219970703125,745.2899780273438,744.25,744.280029296875,618991
1784571900,2026-07-20T18:25:00.000Z,2026-07-20T14:25:00.000,744.2899780273438,744.7999877929688,744.1300048828125,744.469970703125,343916
1784572200,2026-07-20T18:30:00.000Z,2026-07-20T14:30:00.000,744.469970703125,744.489990234375,743.47998046875,743.6649780273438,473873
1784572500,2026-07-20T18:35:00.000Z,2026-07-20T14:35:00.000,743.6599731445312,744.2949829101562,743.4400024414062,743.5750122070312,340647
1784572800,2026-07-20T18:40:00.000Z,2026-07-20T14:40:00.000,743.5750122070312,743.6199951171875,742.530029296875,742.5449829101562,546380
1784573100,2026-07-20T18:45:00.000Z,2026-07-20T14:45:00.000,742.5499877929688,743.0499877929688,742.4299926757812,742.7000122070312,685176
1784573400,2026-07-20T18:50:00.000Z,2026-07-20T14:50:00.000,742.7100219726562,743.22998046875,742.5599975585938,743.0999755859375,302428
1784573700,2026-07-20T18:55:00.000Z,2026-07-20T14:55:00.000,743.094970703125,743.1400146484375,742.47998046875,742.719970703125,308207
1784574000,2026-07-20T19:00:00.000Z,2026-07-20T15:00:00.000,742.760009765625,743.1900024414062,742.4199829101562,742.5900268554688,616940
1784574300,2026-07-20T19:05:00.000Z,2026-07-20T15:05:00.000,742.5900268554688,742.8209838867188,742.25,742.6950073242188,525097
1784574600,2026-07-20T19:10:00.000Z,2026-07-20T15:10:00.000,742.6994018554688,743.0999755859375,741.7000122070312,741.7000122070312,591743
1784574900,2026-07-20T19:15:00.000Z,2026-07-20T15:15:00.000,741.7100219726562,742.2100219726562,741.5103149414062,741.9199829101562,970049
1784575200,2026-07-20T19:20:00.000Z,2026-07-20T15:20:00.000,741.9299926757812,742.4299926757812,741.7899780273438,742.2999877929688,614806
1784575500,2026-07-20T19:25:00.000Z,2026-07-20T15:25:00.000,742.3200073242188,742.9199829101562,741.8599853515625,742.72998046875,683468
1784575800,2026-07-20T19:30:00.000Z,2026-07-20T15:30:00.000,742.739990234375,743.2000122070312,742.3400268554688,742.97998046875,709918
1784576100,2026-07-20T19:35:00.000Z,2026-07-20T15:35:00.000,742.9600219726562,743.1300048828125,742.510009765625,742.97998046875,647393
1784576400,2026-07-20T19:40:00.000Z,2026-07-20T15:40:00.000,742.969970703125,743.3400268554688,742.7999877929688,742.989990234375,568417
1784576700,2026-07-20T19:45:00.000Z,2026-07-20T15:45:00.000,743,743.25,742.7000122070312,743.0800170898438,993664
1784577000,2026-07-20T19:50:00.000Z,2026-07-20T15:50:00.000,743.0700073242188,743.0700073242188,741.760009765625,742.2000122070312,1894670
1784577300,2026-07-20T19:55:00.000Z,2026-07-20T15:55:00.000,742.1799926757812,742.239990234375,741.6099853515625,742.1400146484375,4361321
1784640600,2026-07-21T13:30:00.000Z,2026-07-21T09:30:00.000,746.2899780273438,746.6799926757812,745.1199951171875,745.5999755859375,1901011
1784640900,2026-07-21T13:35:00.000Z,2026-07-21T09:35:00.000,745.6099853515625,746.231689453125,745.27001953125,745.280029296875,824912
1784641200,2026-07-21T13:40:00.000Z,2026-07-21T09:40:00.000,745.260009765625,745.3099975585938,744.2708740234375,744.510009765625,600352
1784641500,2026-07-21T13:45:00.000Z,2026-07-21T09:45:00.000,744.52001953125,745,744.1799926757812,744.9500122070312,420126
1784641800,2026-07-21T13:50:00.000Z,2026-07-21T09:50:00.000,744.969970703125,745.3499755859375,744.260009765625,745.0700073242188,386215
1784642100,2026-07-21T13:55:00.000Z,2026-07-21T09:55:00.000,745.0499877929688,745.364990234375,744.6099853515625,745.3599853515625,344126
1784642400,2026-07-21T14:00:00.000Z,2026-07-21T10:00:00.000,745.3699951171875,745.869873046875,744.9600219726562,745.4199829101562,348723
1784642700,2026-07-21T14:05:00.000Z,2026-07-21T10:05:00.000,745.4199829101562,745.77001953125,745.02001953125,745.1950073242188,212358
1784643000,2026-07-21T14:10:00.000Z,2026-07-21T10:10:00.000,745.1900024414062,745.8599853515625,744.9500122070312,745.7449951171875,284660
1784643300,2026-07-21T14:15:00.000Z,2026-07-21T10:15:00.000,745.719970703125,746.1699829101562,744.7899780273438,746.02001953125,302137
1784643600,2026-07-21T14:20:00.000Z,2026-07-21T10:20:00.000,746.0150146484375,746.1900024414062,745.4550170898438,745.97998046875,224452
1784643900,2026-07-21T14:25:00.000Z,2026-07-21T10:25:00.000,745.9600219726562,746.989990234375,745.9299926757812,746.8699951171875,450689
1784644200,2026-07-21T14:30:00.000Z,2026-07-21T10:30:00.000,746.8499755859375,747.25,746.5800170898438,746.7999877929688,340012
1784644500,2026-07-21T14:35:00.000Z,2026-07-21T10:35:00.000,746.7949829101562,747.02001953125,746.0900268554688,746.2999877929688,301549
1784644800,2026-07-21T14:40:00.000Z,2026-07-21T10:40:00.000,746.2999877929688,746.635009765625,745.77001953125,746.5999755859375,298164
1784645100,2026-07-21T14:45:00.000Z,2026-07-21T10:45:00.000,746.6099853515625,747.260009765625,746.4500122070312,746.9099731445312,401228
1784645400,2026-07-21T14:50:00.000Z,2026-07-21T10:50:00.000,746.9099731445312,746.9600219726562,746.5,746.6900024414062,166050
1784645700,2026-07-21T14:55:00.000Z,2026-07-21T10:55:00.000,746.6799926757812,746.7899780273438,746.260009765625,746.739990234375,202701
1784646000,2026-07-21T15:00:00.000Z,2026-07-21T11:00:00.000,746.77001953125,746.8900146484375,745.8300170898438,746.0009765625,310493
1784646300,2026-07-21T15:05:00.000Z,2026-07-21T11:05:00.000,746,747.0700073242188,745.8499755859375,746.97998046875,292853
1784646600,2026-07-21T15:10:00.000Z,2026-07-21T11:10:00.000,746.97998046875,747.52001953125,746.9400024414062,747.2097778320312,337144
1784646900,2026-07-21T15:15:00.000Z,2026-07-21T11:15:00.000,747.2100219726562,747.5499877929688,747.1588134765625,747.4099731445312,202955
1784647200,2026-07-21T15:20:00.000Z,2026-07-21T11:20:00.000,747.4099731445312,747.97998046875,747.3200073242188,747.656005859375,426494
1784647500,2026-07-21T15:25:00.000Z,2026-07-21T11:25:00.000,747.6544189453125,748.010009765625,747.6099853515625,748,191435
1784647800,2026-07-21T15:30:00.000Z,2026-07-21T11:30:00.000,747.97998046875,748,747.4099731445312,747.7750244140625,364371
1784648100,2026-07-21T15:35:00.000Z,2026-07-21T11:35:00.000,747.7899780273438,747.9299926757812,747.4299926757812,747.5800170898438,267226
1784648400,2026-07-21T15:40:00.000Z,2026-07-21T11:40:00.000,747.5599975585938,747.8588256835938,747.5198974609375,747.594970703125,235112
1784648700,2026-07-21T15:45:00.000Z,2026-07-21T11:45:00.000,747.580322265625,747.9199829101562,747.530029296875,747.8115234375,165894
1784649000,2026-07-21T15:50:00.000Z,2026-07-21T11:50:00.000,747.8200073242188,747.97998046875,747.7000122070312,747.719970703125,270841
1784649300,2026-07-21T15:55:00.000Z,2026-07-21T11:55:00.000,747.77001953125,747.9000244140625,747.469970703125,747.52001953125,178981
1784649600,2026-07-21T16:00:00.000Z,2026-07-21T12:00:00.000,747.52001953125,748.22998046875,747.489990234375,748.219970703125,235413
1784649900,2026-07-21T16:05:00.000Z,2026-07-21T12:05:00.000,748.2255249023438,748.3099975585938,748.0700073242188,748.1500244140625,157808
1784650200,2026-07-21T16:10:00.000Z,2026-07-21T12:10:00.000,748.1497802734375,748.27001953125,748.0399780273438,748.22998046875,163585
1784650500,2026-07-21T16:15:00.000Z,2026-07-21T12:15:00.000,748.239990234375,748.530029296875,748.219970703125,748.469970703125,456214
1784650800,2026-07-21T16:20:00.000Z,2026-07-21T12:20:00.000,748.47998046875,748.75,748.4099731445312,748.5800170898438,202970
1784651100,2026-07-21T16:25:00.000Z,2026-07-21T12:25:00.000,748.5800170898438,748.7000122070312,748.4400024414062,748.6599731445312,119457
1784651400,2026-07-21T16:30:00.000Z,2026-07-21T12:30:00.000,748.6400146484375,748.780029296875,748.4801025390625,748.6849975585938,186951
1784651700,2026-07-21T16:35:00.000Z,2026-07-21T12:35:00.000,748.680908203125,748.719970703125,748.489990234375,748.6699829101562,101468
1784652000,2026-07-21T16:40:00.000Z,2026-07-21T12:40:00.000,748.6699829101562,748.739990234375,748.5,748.6099853515625,120496
1784652300,2026-07-21T16:45:00.000Z,2026-07-21T12:45:00.000,748.6300048828125,748.6500244140625,748.4000244140625,748.489990234375,125200
1784652600,2026-07-21T16:50:00.000Z,2026-07-21T12:50:00.000,748.489990234375,748.9949951171875,748.4500122070312,748.9598999023438,215362
1784652900,2026-07-21T16:55:00.000Z,2026-07-21T12:55:00.000,748.9600219726562,749.0399780273438,748.6799926757812,748.6900024414062,620830
1784653200,2026-07-21T17:00:00.000Z,2026-07-21T13:00:00.000,748.6884155273438,748.8300170898438,748.5805053710938,748.6199951171875,170343
1784653500,2026-07-21T17:05:00.000Z,2026-07-21T13:05:00.000,748.6199951171875,748.85498046875,748.5800170898438,748.7100219726562,356355
1784653800,2026-07-21T17:10:00.000Z,2026-07-21T13:10:00.000,748.719970703125,748.739990234375,748.530029296875,748.5999755859375,478893
1784654100,2026-07-21T17:15:00.000Z,2026-07-21T13:15:00.000,748.6099853515625,748.6599731445312,748.3300170898438,748.35498046875,335585
1784654400,2026-07-21T17:20:00.000Z,2026-07-21T13:20:00.000,748.3499755859375,748.47998046875,748.25,748.4000244140625,192939
1784654700,2026-07-21T17:25:00.000Z,2026-07-21T13:25:00.000,748.4199829101562,748.47998046875,748.239990234375,748.3599853515625,175614
1784655000,2026-07-21T17:30:00.000Z,2026-07-21T13:30:00.000,748.3599853515625,748.5700073242188,748.2150268554688,748.3599853515625,225080
1784655300,2026-07-21T17:35:00.000Z,2026-07-21T13:35:00.000,748.3499755859375,748.7999877929688,748.3400268554688,748.7000122070312,247679
1784655600,2026-07-21T17:40:00.000Z,2026-07-21T13:40:00.000,748.7000122070312,748.72998046875,748.510009765625,748.669921875,142384
1784655900,2026-07-21T17:45:00.000Z,2026-07-21T13:45:00.000,748.6599731445312,748.8599853515625,748.5499877929688,748.8200073242188,161776
1784656200,2026-07-21T17:50:00.000Z,2026-07-21T13:50:00.000,748.8400268554688,748.9299926757812,748.6599731445312,748.6799926757812,306097
1784656500,2026-07-21T17:55:00.000Z,2026-07-21T13:55:00.000,748.6749877929688,748.719970703125,748.4400024414062,748.5900268554688,232952
1784656800,2026-07-21T18:00:00.000Z,2026-07-21T14:00:00.000,748.5900268554688,748.77001953125,748.260009765625,748.3200073242188,295577
1784657100,2026-07-21T18:05:00.000Z,2026-07-21T14:05:00.000,748.2999877929688,748.5499877929688,748.27001953125,748.4550170898438,163057
1784657400,2026-07-21T18:10:00.000Z,2026-07-21T14:10:00.000,748.4400024414062,748.5490112304688,748.1199951171875,748.1599731445312,245581
1784657700,2026-07-21T18:15:00.000Z,2026-07-21T14:15:00.000,748.1699829101562,748.27001953125,748.0900268554688,748.2100219726562,219304
1784658000,2026-07-21T18:20:00.000Z,2026-07-21T14:20:00.000,748.1900024414062,748.4000244140625,748.1099853515625,748.2999877929688,200541
1784658300,2026-07-21T18:25:00.000Z,2026-07-21T14:25:00.000,748.2899780273438,748.2999877929688,748.0650024414062,748.2100219726562,316580
1784658600,2026-07-21T18:30:00.000Z,2026-07-21T14:30:00.000,748.219970703125,748.260009765625,747.9400024414062,747.969970703125,218286
1784658900,2026-07-21T18:35:00.000Z,2026-07-21T14:35:00.000,747.969970703125,748.27001953125,747.9600219726562,748.1500244140625,227217
1784659200,2026-07-21T18:40:00.000Z,2026-07-21T14:40:00.000,748.1500244140625,748.6099853515625,748.02001953125,748.5399780273438,215354
1784659500,2026-07-21T18:45:00.000Z,2026-07-21T14:45:00.000,748.530029296875,748.6400146484375,748.3800048828125,748.4500122070312,161869
1784659800,2026-07-21T18:50:00.000Z,2026-07-21T14:50:00.000,748.469970703125,748.510009765625,748.25,748.25927734375,185937
1784660100,2026-07-21T18:55:00.000Z,2026-07-21T14:55:00.000,748.25,748.5700073242188,748.22998046875,748.3699951171875,314496
1784660400,2026-07-21T19:00:00.000Z,2026-07-21T15:00:00.000,748.3800048828125,748.469970703125,748.1500244140625,748.27001953125,225750
1784660700,2026-07-21T19:05:00.000Z,2026-07-21T15:05:00.000,748.25,748.4199829101562,748.1199951171875,748.135009765625,277072
1784661000,2026-07-21T19:10:00.000Z,2026-07-21T15:10:00.000,748.1400146484375,748.4299926757812,748.0900268554688,748.239990234375,308319
1784661300,2026-07-21T19:15:00.000Z,2026-07-21T15:15:00.000,748.25,748.4600219726562,748.1900024414062,748.3099975585938,190314
1784661600,2026-07-21T19:20:00.000Z,2026-07-21T15:20:00.000,748.3099975585938,748.3900146484375,748.1900024414062,748.3099975585938,183500
1784661900,2026-07-21T19:25:00.000Z,2026-07-21T15:25:00.000,748.2899780273438,748.4600219726562,748.219970703125,748.260009765625,375104
1784662200,2026-07-21T19:30:00.000Z,2026-07-21T15:30:00.000,748.25,748.3900146484375,748.1500244140625,748.1799926757812,361485
1784662500,2026-07-21T19:35:00.000Z,2026-07-21T15:35:00.000,748.1699829101562,748.5700073242188,748.1199951171875,748.4099731445312,332389
1784662800,2026-07-21T19:40:00.000Z,2026-07-21T15:40:00.000,748.4005126953125,748.5880126953125,748.239990234375,748.530029296875,742764
1784663100,2026-07-21T19:45:00.000Z,2026-07-21T15:45:00.000,748.530029296875,748.6400146484375,748.2449951171875,748.60498046875,605051
1784663400,2026-07-21T19:50:00.000Z,2026-07-21T15:50:00.000,748.5900268554688,748.7000122070312,748.2899780273438,748.3800048828125,1277177
1784663700,2026-07-21T19:55:00.000Z,2026-07-21T15:55:00.000,748.3800048828125,748.5800170898438,748.0900268554688,748.3300170898438,1743645
1784727000,2026-07-22T13:30:00.000Z,2026-07-22T09:30:00.000,746.6199951171875,747.5700073242188,746.3699951171875,747.3150024414062,1723196
1784727300,2026-07-22T13:35:00.000Z,2026-07-22T09:35:00.000,747.3099975585938,747.489990234375,747.02001953125,747.4000244140625,398272
1784727600,2026-07-22T13:40:00.000Z,2026-07-22T09:40:00.000,747.4099731445312,747.7000122070312,747.0900268554688,747.5700073242188,386033
1784727900,2026-07-22T13:45:00.000Z,2026-07-22T09:45:00.000,747.5999755859375,748.0599975585938,747.5700073242188,747.760009765625,387195
1784728200,2026-07-22T13:50:00.000Z,2026-07-22T09:50:00.000,747.739990234375,748.1799926757812,747.39501953125,748.1500244140625,499544
1784728500,2026-07-22T13:55:00.000Z,2026-07-22T09:55:00.000,748.1300048828125,748.7849731445312,748.02001953125,748.780029296875,496342
1784728800,2026-07-22T14:00:00.000Z,2026-07-22T10:00:00.000,748.77001953125,748.969970703125,748.52001953125,748.969970703125,393130
1784729100,2026-07-22T14:05:00.000Z,2026-07-22T10:05:00.000,748.969970703125,749.3800048828125,748.510009765625,748.5401000976562,386190
1784729400,2026-07-22T14:10:00.000Z,2026-07-22T10:10:00.000,748.5399780273438,748.7750244140625,748.110107421875,748.239990234375,289947
1784729700,2026-07-22T14:15:00.000Z,2026-07-22T10:15:00.000,748.260009765625,748.3200073242188,747.77001953125,748.1300048828125,251758
1784730000,2026-07-22T14:20:00.000Z,2026-07-22T10:20:00.000,748.1400146484375,748.4299926757812,747.3800048828125,747.5999755859375,390741
1784730300,2026-07-22T14:25:00.000Z,2026-07-22T10:25:00.000,747.6300048828125,747.8099975585938,747.0900268554688,747.2999877929688,311511
1784730600,2026-07-22T14:30:00.000Z,2026-07-22T10:30:00.000,747.2899780273438,747.7899780273438,747.1699829101562,747.239990234375,405856
1784730900,2026-07-22T14:35:00.000Z,2026-07-22T10:35:00.000,747.260009765625,747.4500122070312,747.05078125,747.3099975585938,396475
1784731200,2026-07-22T14:40:00.000Z,2026-07-22T10:40:00.000,747.2999877929688,747.4500122070312,746.760009765625,746.780029296875,250611
1784731500,2026-07-22T14:45:00.000Z,2026-07-22T10:45:00.000,746.7899780273438,747.469970703125,746.6799926757812,747.3699951171875,297686
1784731800,2026-07-22T14:50:00.000Z,2026-07-22T10:50:00.000,747.3800048828125,747.6500244140625,747.0900268554688,747.4199829101562,348917
1784732100,2026-07-22T14:55:00.000Z,2026-07-22T10:55:00.000,747.3900146484375,747.9769897460938,747.1500244140625,747.9349975585938,280430
1784732400,2026-07-22T15:00:00.000Z,2026-07-22T11:00:00.000,747.9299926757812,748.4400024414062,747.8900146484375,748.3049926757812,277938
1784732700,2026-07-22T15:05:00.000Z,2026-07-22T11:05:00.000,748.2999877929688,748.75,748.2000122070312,748.6099853515625,333941
1784733000,2026-07-22T15:10:00.000Z,2026-07-22T11:10:00.000,748.6099853515625,749.039306640625,748.5900268554688,748.875,275844
1784733300,2026-07-22T15:15:00.000Z,2026-07-22T11:15:00.000,748.8800048828125,748.9849853515625,748.52001953125,748.8599853515625,382048
1784733600,2026-07-22T15:20:00.000Z,2026-07-22T11:20:00.000,748.8699951171875,749.4000244140625,748.8300170898438,749.3099975585938,177372
1784733900,2026-07-22T15:25:00.000Z,2026-07-22T11:25:00.000,749.3200073242188,749.6799926757812,749.2606811523438,749.4099731445312,274008
1784734200,2026-07-22T15:30:00.000Z,2026-07-22T11:30:00.000,749.4199829101562,749.510009765625,748.9199829101562,748.9600219726562,258364
1784734500,2026-07-22T15:35:00.000Z,2026-07-22T11:35:00.000,748.9849853515625,749.1400146484375,748.7506713867188,748.9149780273438,184888
1784734800,2026-07-22T15:40:00.000Z,2026-07-22T11:40:00.000,748.9149780273438,749.2100219726562,748.8499755859375,749,123396
1784735100,2026-07-22T15:45:00.000Z,2026-07-22T11:45:00.000,749.02001953125,749.3800048828125,749.02001953125,749.3800048828125,251782
1784735400,2026-07-22T15:50:00.000Z,2026-07-22T11:50:00.000,749.3800048828125,749.5900268554688,749.22998046875,749.280029296875,154286
1784735700,2026-07-22T15:55:00.000Z,2026-07-22T11:55:00.000,749.260009765625,749.7899780273438,749.1799926757812,749.760009765625,157530
1784736000,2026-07-22T16:00:00.000Z,2026-07-22T12:00:00.000,749.760009765625,749.8200073242188,749.489990234375,749.6849975585938,191780
1784736300,2026-07-22T16:05:00.000Z,2026-07-22T12:05:00.000,749.6900024414062,749.9099731445312,749.5399780273438,749.7449951171875,230076
1784736600,2026-07-22T16:10:00.000Z,2026-07-22T12:10:00.000,749.739990234375,749.7899780273438,749.5999755859375,749.7100219726562,200353
1784736900,2026-07-22T16:15:00.000Z,2026-07-22T12:15:00.000,749.7100219726562,750.02001953125,749.6799926757812,749.9749755859375,195351
1784737200,2026-07-22T16:20:00.000Z,2026-07-22T12:20:00.000,749.969970703125,749.969970703125,749.780029296875,749.8699951171875,234835
1784737500,2026-07-22T16:25:00.000Z,2026-07-22T12:25:00.000,749.8699951171875,749.9400024414062,749.6799926757812,749.8499755859375,242635
1784737800,2026-07-22T16:30:00.000Z,2026-07-22T12:30:00.000,749.8599853515625,750.0048217773438,749.75,749.9299926757812,178756
1784738100,2026-07-22T16:35:00.000Z,2026-07-22T12:35:00.000,749.9199829101562,749.9600219726562,749.7899780273438,749.8699951171875,313848
1784738400,2026-07-22T16:40:00.000Z,2026-07-22T12:40:00.000,749.8900146484375,749.8900146484375,749.6400146484375,749.7550048828125,179533
1784738700,2026-07-22T16:45:00.000Z,2026-07-22T12:45:00.000,749.760009765625,749.9000244140625,749.52001953125,749.60498046875,179344
1784739000,2026-07-22T16:50:00.000Z,2026-07-22T12:50:00.000,749.6099853515625,749.6799926757812,749.47998046875,749.52001953125,132286
1784739300,2026-07-22T16:55:00.000Z,2026-07-22T12:55:00.000,749.510009765625,749.9500122070312,749.5,749.8300170898438,146439
1784739600,2026-07-22T17:00:00.000Z,2026-07-22T13:00:00.000,749.8350219726562,749.9600219726562,749.3699951171875,749.5,233695
1784739900,2026-07-22T17:05:00.000Z,2026-07-22T13:05:00.000,749.5,749.75,749.47998046875,749.6099853515625,580307
1784740200,2026-07-22T17:10:00.000Z,2026-07-22T13:10:00.000,749.5999755859375,749.6199951171875,749.25,749.3200073242188,361788
1784740500,2026-07-22T17:15:00.000Z,2026-07-22T13:15:00.000,749.3099975585938,749.4299926757812,749.1900024414062,749.25,502612
1784740800,2026-07-22T17:20:00.000Z,2026-07-22T13:20:00.000,749.239990234375,749.260009765625,748.9500122070312,749.1749877929688,195943
1784741100,2026-07-22T17:25:00.000Z,2026-07-22T13:25:00.000,749.1699829101562,749.3900146484375,749,749.0444946289062,196990
1784741400,2026-07-22T17:30:00.000Z,2026-07-22T13:30:00.000,749.0499877929688,749.2899780273438,748.8599853515625,748.8800048828125,244761
1784741700,2026-07-22T17:35:00.000Z,2026-07-22T13:35:00.000,748.8800048828125,749.4099731445312,748.8499755859375,749.3599853515625,210400
1784742000,2026-07-22T17:40:00.000Z,2026-07-22T13:40:00.000,749.3599853515625,749.3699951171875,749.0499877929688,749.1199951171875,175551
1784742300,2026-07-22T17:45:00.000Z,2026-07-22T13:45:00.000,749.1300048828125,749.22998046875,749.0150146484375,749.0499877929688,126164
1784742600,2026-07-22T17:50:00.000Z,2026-07-22T13:50:00.000,749.0399780273438,749.1500244140625,748.6920166015625,748.7100219726562,166578
1784742900,2026-07-22T17:55:00.000Z,2026-07-22T13:55:00.000,748.7000122070312,748.7000122070312,748.3900146484375,748.52001953125,645620
1784743200,2026-07-22T18:00:00.000Z,2026-07-22T14:00:00.000,748.5150146484375,748.7100219726562,748.2000122070312,748.3800048828125,297919
1784743500,2026-07-22T18:05:00.000Z,2026-07-22T14:05:00.000,748.3800048828125,748.6900024414062,748.27001953125,748.3289794921875,295069
1784743800,2026-07-22T18:10:00.000Z,2026-07-22T14:10:00.000,748.2999877929688,748.4000244140625,748.010009765625,748.0399780273438,232207
1784744100,2026-07-22T18:15:00.000Z,2026-07-22T14:15:00.000,748.030029296875,748.3900146484375,748.0250244140625,748.22998046875,203582
1784744400,2026-07-22T18:20:00.000Z,2026-07-22T14:20:00.000,748.25,748.5900268554688,748.1599731445312,748.2225952148438,238646
1784744700,2026-07-22T18:25:00.000Z,2026-07-22T14:25:00.000,748.22998046875,748.5499877929688,748.2100219726562,748.489990234375,188785
1784745000,2026-07-22T18:30:00.000Z,2026-07-22T14:30:00.000,748.489990234375,748.489990234375,748.0499877929688,748.2000122070312,276360
1784745300,2026-07-22T18:35:00.000Z,2026-07-22T14:35:00.000,748.1900024414062,748.469970703125,748.1599731445312,748.4099731445312,188524
1784745600,2026-07-22T18:40:00.000Z,2026-07-22T14:40:00.000,748.4299926757812,748.469970703125,748.22998046875,748.2901000976562,288221
1784745900,2026-07-22T18:45:00.000Z,2026-07-22T14:45:00.000,748.2899780273438,748.5999755859375,748.2048950195312,748.2224731445312,216078
1784746200,2026-07-22T18:50:00.000Z,2026-07-22T14:50:00.000,748.219970703125,748.5798950195312,748.1099853515625,748.52001953125,245576
1784746500,2026-07-22T18:55:00.000Z,2026-07-22T14:55:00.000,748.5,748.5900268554688,748.37890625,748.4099731445312,183536
1784746800,2026-07-22T19:00:00.000Z,2026-07-22T15:00:00.000,748.4400024414062,748.4600219726562,748.1500244140625,748.239990234375,208281
1784747100,2026-07-22T19:05:00.000Z,2026-07-22T15:05:00.000,748.2449951171875,748.3499755859375,748.1500244140625,748.1900024414062,162600
1784747400,2026-07-22T19:10:00.000Z,2026-07-22T15:10:00.000,748.2000122070312,748.239990234375,747.8300170898438,747.8900146484375,248523
1784747700,2026-07-22T19:15:00.000Z,2026-07-22T15:15:00.000,747.9000244140625,748.1900024414062,747.8300170898438,748.1099853515625,189199
1784748000,2026-07-22T19:20:00.000Z,2026-07-22T15:20:00.000,748.1099853515625,748.1199951171875,747.7999877929688,747.8499755859375,205636
1784748300,2026-07-22T19:25:00.000Z,2026-07-22T15:25:00.000,747.8499755859375,748.0999755859375,747.6500244140625,748,415094
1784748600,2026-07-22T19:30:00.000Z,2026-07-22T15:30:00.000,748,748,747.6699829101562,747.7100219726562,616066
1784748900,2026-07-22T19:35:00.000Z,2026-07-22T15:35:00.000,747.7100219726562,747.7999877929688,747.3599853515625,747.4099731445312,522654
1784749200,2026-07-22T19:40:00.000Z,2026-07-22T15:40:00.000,747.4215087890625,747.9199829101562,747.4199829101562,747.7899780273438,556526
1784749500,2026-07-22T19:45:00.000Z,2026-07-22T15:45:00.000,747.7949829101562,748.0700073242188,747.7550048828125,747.97998046875,742707
1784749800,2026-07-22T19:50:00.000Z,2026-07-22T15:50:00.000,747.989990234375,748.2999877929688,747.6900024414062,747.8099975585938,870972
1784750100,2026-07-22T19:55:00.000Z,2026-07-22T15:55:00.000,747.8200073242188,748.239990234375,747.2949829101562,747.3300170898438,3100017
1784813400,2026-07-23T13:30:00.000Z,2026-07-23T09:30:00.000,739.3699951171875,741.3699951171875,738.469970703125,741.3200073242188,4201871
1784813700,2026-07-23T13:35:00.000Z,2026-07-23T09:35:00.000,741.2999877929688,741.8699951171875,740.8499755859375,741.4450073242188,793095
1784814000,2026-07-23T13:40:00.000Z,2026-07-23T09:40:00.000,741.4199829101562,742.5599975585938,741.4199829101562,741.8200073242188,612613
1784814300,2026-07-23T13:45:00.000Z,2026-07-23T09:45:00.000,741.8499755859375,741.9949951171875,740.1699829101562,740.4000244140625,807521
1784814600,2026-07-23T13:50:00.000Z,2026-07-23T09:50:00.000,740.3699951171875,740.9450073242188,739.719970703125,740.9299926757812,1031948
1784814900,2026-07-23T13:55:00.000Z,2026-07-23T09:55:00.000,740.9500122070312,741.280029296875,739.2999877929688,739.5750122070312,676870
1784815200,2026-07-23T14:00:00.000Z,2026-07-23T10:00:00.000,739.5800170898438,740.6300048828125,739.5800170898438,740.344970703125,531714
1784815500,2026-07-23T14:05:00.000Z,2026-07-23T10:05:00.000,740.3599853515625,740.9299926757812,738.8699951171875,739.3599853515625,443580
1784815800,2026-07-23T14:10:00.000Z,2026-07-23T10:10:00.000,739.344970703125,740.5399780273438,739.2100219726562,739.6900024414062,445606
1784816100,2026-07-23T14:15:00.000Z,2026-07-23T10:15:00.000,739.6599731445312,740.3599853515625,739.4099731445312,739.510009765625,449562
1784816400,2026-07-23T14:20:00.000Z,2026-07-23T10:20:00.000,739.52001953125,740.4349975585938,739.1699829101562,739.4400024414062,577693
1784816700,2026-07-23T14:25:00.000Z,2026-07-23T10:25:00.000,739.4000244140625,739.9099731445312,738.989990234375,739.7999877929688,545442
1784817000,2026-07-23T14:30:00.000Z,2026-07-23T10:30:00.000,739.739990234375,740.0399780273438,738.6599731445312,738.969970703125,449770
1784817300,2026-07-23T14:35:00.000Z,2026-07-23T10:35:00.000,738.97998046875,740.510009765625,738.5900268554688,740.3800048828125,780782
1784817600,2026-07-23T14:40:00.000Z,2026-07-23T10:40:00.000,740.3800048828125,740.6400146484375,738.6699829101562,738.8699951171875,432500
1784817900,2026-07-23T14:45:00.000Z,2026-07-23T10:45:00.000,738.8599853515625,739.469970703125,738.6699829101562,738.8300170898438,422993
1784818200,2026-07-23T14:50:00.000Z,2026-07-23T10:50:00.000,738.8400268554688,739.0700073242188,738.010009765625,738.1400146484375,527804
1784818500,2026-07-23T14:55:00.000Z,2026-07-23T10:55:00.000,738.155029296875,738.5800170898438,738.0700073242188,738.3099975585938,354913
1784818800,2026-07-23T15:00:00.000Z,2026-07-23T11:00:00.000,738.3200073242188,738.47998046875,737.5,737.6599731445312,456987
1784819100,2026-07-23T15:05:00.000Z,2026-07-23T11:05:00.000,737.6699829101562,737.7000122070312,736.9400024414062,737.155029296875,831070
1784819400,2026-07-23T15:10:00.000Z,2026-07-23T11:10:00.000,737.1599731445312,737.4099731445312,736.4500122070312,736.6500244140625,985434
1784819700,2026-07-23T15:15:00.000Z,2026-07-23T11:15:00.000,736.6199951171875,737.2750244140625,736.5800170898438,737.1799926757812,637201
1784820000,2026-07-23T15:20:00.000Z,2026-07-23T11:20:00.000,737.2000122070312,737.6900024414062,735.97998046875,736.669921875,1020234
1784820300,2026-07-23T15:25:00.000Z,2026-07-23T11:25:00.000,736.6699829101562,736.7203979492188,735.8099975585938,735.9298706054688,857021
1784820600,2026-07-23T15:30:00.000Z,2026-07-23T11:30:00.000,735.9099731445312,736.4199829101562,735.2100219726562,736.4099731445312,810901
1784820900,2026-07-23T15:35:00.000Z,2026-07-23T11:35:00.000,736.4099731445312,737.4400024414062,736.3800048828125,737.3480224609375,696790
1784821200,2026-07-23T15:40:00.000Z,2026-07-23T11:40:00.000,737.3400268554688,737.6599731445312,736.6400146484375,736.6400146484375,544099
1784821500,2026-07-23T15:45:00.000Z,2026-07-23T11:45:00.000,736.6400146484375,736.969970703125,736.3599853515625,736.8961791992188,352859
1784821800,2026-07-23T15:50:00.000Z,2026-07-23T11:50:00.000,736.8900146484375,737.3300170898438,736.5900268554688,737.3200073242188,320277
1784822100,2026-07-23T15:55:00.000Z,2026-07-23T11:55:00.000,737.3300170898438,737.9000244140625,737.1199951171875,737.844970703125,333004
1784822400,2026-07-23T16:00:00.000Z,2026-07-23T12:00:00.000,737.844970703125,738.3099975585938,737.530029296875,738.0349731445312,421746
1784822700,2026-07-23T16:05:00.000Z,2026-07-23T12:05:00.000,738.0399780273438,738.469970703125,737.5499877929688,738.469970703125,343277
1784823000,2026-07-23T16:10:00.000Z,2026-07-23T12:10:00.000,738.469970703125,738.8350219726562,738.4199829101562,738.6199951171875,409071
1784823300,2026-07-23T16:15:00.000Z,2026-07-23T12:15:00.000,738.6199951171875,738.8300170898438,738.219970703125,738.5700073242188,1292232
1784823600,2026-07-23T16:20:00.000Z,2026-07-23T12:20:00.000,738.5828247070312,739.6599731445312,738.5700073242188,739.4600219726562,484093
1784823900,2026-07-23T16:25:00.000Z,2026-07-23T12:25:00.000,739.4500122070312,739.6199951171875,739.1500244140625,739.4500122070312,378385
1784824200,2026-07-23T16:30:00.000Z,2026-07-23T12:30:00.000,739.4500122070312,739.489990234375,739.0599975585938,739.1199951171875,328174
1784824500,2026-07-23T16:35:00.000Z,2026-07-23T12:35:00.000,739.0999755859375,739.719970703125,738.9400024414062,739.6998901367188,333622
1784824800,2026-07-23T16:40:00.000Z,2026-07-23T12:40:00.000,739.7000122070312,739.7100219726562,738.969970703125,738.969970703125,222903
1784825100,2026-07-23T16:45:00.000Z,2026-07-23T12:45:00.000,738.9600219726562,738.9600219726562,738.010009765625,738.0250244140625,351531
1784825400,2026-07-23T16:50:00.000Z,2026-07-23T12:50:00.000,738.02001953125,738.3400268554688,737.75,737.97998046875,299219
1784825700,2026-07-23T16:55:00.000Z,2026-07-23T12:55:00.000,737.97998046875,738.7100219726562,737.97998046875,738.6599731445312,271435
1784826000,2026-07-23T17:00:00.000Z,2026-07-23T13:00:00.000,738.6699829101562,738.9400024414062,738.2000122070312,738.2100219726562,175458
1784826300,2026-07-23T17:05:00.000Z,2026-07-23T13:05:00.000,738.219970703125,738.489990234375,737.7899780273438,738.489990234375,423821
1784826600,2026-07-23T17:10:00.000Z,2026-07-23T13:10:00.000,738.4600219726562,738.8400268554688,738.4299926757812,738.6099853515625,405299
1784826900,2026-07-23T17:15:00.000Z,2026-07-23T13:15:00.000,738.5599975585938,738.9000244140625,738.1599731445312,738.5250244140625,519411
1784827200,2026-07-23T17:20:00.000Z,2026-07-23T13:20:00.000,738.5650024414062,739.030029296875,738.4000244140625,738.989990234375,1506693
1784827500,2026-07-23T17:25:00.000Z,2026-07-23T13:25:00.000,738.97998046875,739.2000122070312,738.739990234375,738.75,374258
1784827800,2026-07-23T17:30:00.000Z,2026-07-23T13:30:00.000,738.739990234375,738.7999877929688,738.0499877929688,738.0900268554688,647896
1784828100,2026-07-23T17:35:00.000Z,2026-07-23T13:35:00.000,738.0549926757812,738.1199951171875,737.4650268554688,737.6199951171875,154118
1784828400,2026-07-23T17:40:00.000Z,2026-07-23T13:40:00.000,737.6199951171875,737.8599853515625,737.27001953125,737.7100219726562,189087
1784828700,2026-07-23T17:45:00.000Z,2026-07-23T13:45:00.000,737.7000122070312,738.2899780273438,737.5,738.1599731445312,179442
1784829000,2026-07-23T17:50:00.000Z,2026-07-23T13:50:00.000,738.1699829101562,738.2399291992188,737.7000122070312,737.7100219726562,140875
1784829300,2026-07-23T17:55:00.000Z,2026-07-23T13:55:00.000,737.6500244140625,737.7098999023438,737.1300048828125,737.1900024414062,149773
1784829600,2026-07-23T18:00:00.000Z,2026-07-23T14:00:00.000,737.1599731445312,737.3099975585938,736.9000244140625,736.97998046875,212506
1784829900,2026-07-23T18:05:00.000Z,2026-07-23T14:05:00.000,736.969970703125,737.1599731445312,736.8001098632812,736.8619995117188,209211
1784830200,2026-07-23T18:10:00.000Z,2026-07-23T14:10:00.000,736.8900146484375,737.3699951171875,736.8699951171875,737.02978515625,593695
1784830500,2026-07-23T18:15:00.000Z,2026-07-23T14:15:00.000,736.9719848632812,737.3599853515625,736.8200073242188,737,281077
1784830800,2026-07-23T18:20:00.000Z,2026-07-23T14:20:00.000,737.02001953125,737.4400024414062,736.9400024414062,737.4099731445312,183660
1784831100,2026-07-23T18:25:00.000Z,2026-07-23T14:25:00.000,737.4199829101562,737.489990234375,737.0349731445312,737.4199829101562,218263
1784831400,2026-07-23T18:30:00.000Z,2026-07-23T14:30:00.000,737.4149780273438,737.6599731445312,737.3200073242188,737.5999755859375,279276
1784831700,2026-07-23T18:35:00.000Z,2026-07-23T14:35:00.000,737.5800170898438,737.6900024414062,736.8300170898438,736.9299926757812,327191
1784832000,2026-07-23T18:40:00.000Z,2026-07-23T14:40:00.000,736.9299926757812,737.02001953125,736.6099853515625,736.8400268554688,415699
1784832300,2026-07-23T18:45:00.000Z,2026-07-23T14:45:00.000,736.8300170898438,737.4500122070312,736.8300170898438,737.2999877929688,583968
1784832600,2026-07-23T18:50:00.000Z,2026-07-23T14:50:00.000,737.2999877929688,737.3699951171875,736.6868286132812,736.719970703125,295039
1784832900,2026-07-23T18:55:00.000Z,2026-07-23T14:55:00.000,736.7100219726562,737.0599975585938,736.6300048828125,737.0499877929688,491634
1784833200,2026-07-23T19:00:00.000Z,2026-07-23T15:00:00.000,737.0800170898438,737.3900146484375,736.780029296875,736.7999877929688,340647
1784833500,2026-07-23T19:05:00.000Z,2026-07-23T15:05:00.000,736.7999877929688,736.9600219726562,736.7000122070312,736.72998046875,257690
1784833800,2026-07-23T19:10:00.000Z,2026-07-23T15:10:00.000,736.719970703125,736.875,736.469970703125,736.5999755859375,201871
1784834100,2026-07-23T19:15:00.000Z,2026-07-23T15:15:00.000,736.5999755859375,737.1599731445312,736.5900268554688,736.9500122070312,339486
1784834400,2026-07-23T19:20:00.000Z,2026-07-23T15:20:00.000,736.969970703125,737.6300048828125,736.9500122070312,737.6199951171875,451009
1784834700,2026-07-23T19:25:00.000Z,2026-07-23T15:25:00.000,737.6199951171875,737.9000244140625,737.3200073242188,737.47998046875,493815
1784835000,2026-07-23T19:30:00.000Z,2026-07-23T15:30:00.000,737.489990234375,737.739990234375,736.6799926757812,737.1500244140625,580631
1784835300,2026-07-23T19:35:00.000Z,2026-07-23T15:35:00.000,737.14501953125,737.219970703125,736.8300170898438,736.8900146484375,702327
1784835600,2026-07-23T19:40:00.000Z,2026-07-23T15:40:00.000,736.8699951171875,736.97998046875,736.25,736.25,1754270
1784835900,2026-07-23T19:45:00.000Z,2026-07-23T15:45:00.000,736.260009765625,736.4000244140625,735.719970703125,735.9249877929688,988958
1784836200,2026-07-23T19:50:00.000Z,2026-07-23T15:50:00.000,735.9299926757812,736.97998046875,735.9299926757812,736.7100219726562,2437408
1784836500,2026-07-23T19:55:00.000Z,2026-07-23T15:55:00.000,736.72998046875,738.6400146484375,736.72998046875,738.1699829101562,5113800
1784899800,2026-07-24T13:30:00.000Z,2026-07-24T09:30:00.000,738.510009765625,739.5,738.4199829101562,739.277099609375,1467113
1784900100,2026-07-24T13:35:00.000Z,2026-07-24T09:35:00.000,739.2899780273438,739.6599731445312,738.8800048828125,739.1099853515625,415105
1784900400,2026-07-24T13:40:00.000Z,2026-07-24T09:40:00.000,739.0999755859375,739.1400756835938,738.6599731445312,738.8101196289062,406628
1784900700,2026-07-24T13:45:00.000Z,2026-07-24T09:45:00.000,738.8099975585938,739.8800048828125,738.5700073242188,739.8200073242188,482528
1784901000,2026-07-24T13:50:00.000Z,2026-07-24T09:50:00.000,739.8099975585938,739.8099975585938,737.6900024414062,737.8400268554688,758616
1784901300,2026-07-24T13:55:00.000Z,2026-07-24T09:55:00.000,737.8300170898438,738.2000122070312,737.4299926757812,737.530029296875,480275
1784901600,2026-07-24T14:00:00.000Z,2026-07-24T10:00:00.000,737.5,738.6701049804688,737.3330078125,737.7440185546875,777067
1784901900,2026-07-24T14:05:00.000Z,2026-07-24T10:05:00.000,737.7899780273438,739.489990234375,737.5700073242188,739.2999877929688,489734
1784902200,2026-07-24T14:10:00.000Z,2026-07-24T10:10:00.000,739.2650146484375,739.905029296875,738.8250122070312,739.5394897460938,932941
1784902500,2026-07-24T14:15:00.000Z,2026-07-24T10:15:00.000,739.5399780273438,739.7100219726562,738,738.5349731445312,993924
1784902800,2026-07-24T14:20:00.000Z,2026-07-24T10:20:00.000,738.530029296875,739.9500122070312,738.1599731445312,739.5399780273438,401286
1784903100,2026-07-24T14:25:00.000Z,2026-07-24T10:25:00.000,739.5599975585938,739.719970703125,738.969970703125,739.1799926757812,390349
1784903400,2026-07-24T14:30:00.000Z,2026-07-24T10:30:00.000,739.1900024414062,739.22998046875,738.3300170898438,738.3400268554688,412680
1784903700,2026-07-24T14:35:00.000Z,2026-07-24T10:35:00.000,738.3350219726562,738.8200073242188,737.9099731445312,738.0599975585938,331563
1784904000,2026-07-24T14:40:00.000Z,2026-07-24T10:40:00.000,738.030029296875,738.3499755859375,737.8400268554688,737.905029296875,667881
1784904300,2026-07-24T14:45:00.000Z,2026-07-24T10:45:00.000,737.8900146484375,738.5499877929688,737.4299926757812,738.530029296875,341313
1784904600,2026-07-24T14:50:00.000Z,2026-07-24T10:50:00.000,738.5349731445312,739.3200073242188,738.530029296875,739.010009765625,368611
1784904900,2026-07-24T14:55:00.000Z,2026-07-24T10:55:00.000,739.010009765625,740.7000122070312,739.010009765625,740.5900268554688,457825
1784905200,2026-07-24T15:00:00.000Z,2026-07-24T11:00:00.000,740.5900268554688,740.9600219726562,740.2100219726562,740.239990234375,1066983
1784905500,2026-07-24T15:05:00.000Z,2026-07-24T11:05:00.000,740.22998046875,740.6400146484375,739.6599731445312,739.6998901367188,310429
1784905800,2026-07-24T15:10:00.000Z,2026-07-24T11:10:00.000,739.6900024414062,742.1699829101562,739.5800170898438,741.8800048828125,772738
1784906100,2026-07-24T15:15:00.000Z,2026-07-24T11:15:00.000,741.8599853515625,743,741.3400268554688,741.4774780273438,736171
1784906400,2026-07-24T15:20:00.000Z,2026-07-24T11:20:00.000,741.4949951171875,742.6500244140625,741.4099731445312,742.3699951171875,453802
1784906700,2026-07-24T15:25:00.000Z,2026-07-24T11:25:00.000,742.39501953125,743.1300048828125,742.3300170898438,742.6099853515625,413289
1784907000,2026-07-24T15:30:00.000Z,2026-07-24T11:30:00.000,742.5999755859375,742.9000244140625,742.0499877929688,742.0800170898438,242596
1784907300,2026-07-24T15:35:00.000Z,2026-07-24T11:35:00.000,742.0449829101562,743.1580200195312,742.030029296875,743.0700073242188,318123
1784907600,2026-07-24T15:40:00.000Z,2026-07-24T11:40:00.000,743.0599975585938,743.25,742.0289916992188,742.2899780273438,273038
1784907900,2026-07-24T15:45:00.000Z,2026-07-24T11:45:00.000,742.2899780273438,742.6500244140625,742,742.1300048828125,215877
1784908200,2026-07-24T15:50:00.000Z,2026-07-24T11:50:00.000,742.135009765625,742.7899780273438,742.1300048828125,742.5599975585938,351940
1784908500,2026-07-24T15:55:00.000Z,2026-07-24T11:55:00.000,742.5599975585938,743.1099853515625,742.52001953125,743.0150146484375,310650
1784908800,2026-07-24T16:00:00.000Z,2026-07-24T12:00:00.000,743.0399780273438,743.239990234375,742.6400146484375,743.2100219726562,667546
1784909100,2026-07-24T16:05:00.000Z,2026-07-24T12:05:00.000,743.2000122070312,743.5499877929688,742.9400024414062,743.280029296875,454257
1784909400,2026-07-24T16:10:00.000Z,2026-07-24T12:10:00.000,743.2999877929688,743.719970703125,742.8499755859375,742.969970703125,340403
1784909700,2026-07-24T16:15:00.000Z,2026-07-24T12:15:00.000,743,743.3200073242188,742.8099975585938,743.1347045898438,255553
1784910000,2026-07-24T16:20:00.000Z,2026-07-24T12:20:00.000,743.1448974609375,743.5,743.0999755859375,743.3599243164062,200917
1784910300,2026-07-24T16:25:00.000Z,2026-07-24T12:25:00.000,743.3599853515625,743.5700073242188,743.1799926757812,743.1900024414062,178237
1784910600,2026-07-24T16:30:00.000Z,2026-07-24T12:30:00.000,743.1699829101562,743.1900024414062,742.3599853515625,742.5,390307
1784910900,2026-07-24T16:35:00.000Z,2026-07-24T12:35:00.000,742.5150146484375,742.739990234375,742.22998046875,742.27001953125,210497
1784911200,2026-07-24T16:40:00.000Z,2026-07-24T12:40:00.000,742.260009765625,742.260009765625,741.6400146484375,741.6500244140625,236074
1784911500,2026-07-24T16:45:00.000Z,2026-07-24T12:45:00.000,741.6400146484375,741.8099975585938,740.9500122070312,741.1898803710938,405413
1784911800,2026-07-24T16:50:00.000Z,2026-07-24T12:50:00.000,741.1900024414062,741.27001953125,740.739990234375,741.0700073242188,279526
1784912100,2026-07-24T16:55:00.000Z,2026-07-24T12:55:00.000,741.0490112304688,741.760009765625,740.8699951171875,741.4500122070312,199361
1784912400,2026-07-24T17:00:00.000Z,2026-07-24T13:00:00.000,741.469970703125,741.5999755859375,741.010009765625,741.1749877929688,182715
1784912700,2026-07-24T17:05:00.000Z,2026-07-24T13:05:00.000,741.1699829101562,741.3300170898438,740.3800048828125,740.4182739257812,386540
1784913000,2026-07-24T17:10:00.000Z,2026-07-24T13:10:00.000,740.4000244140625,741.0599975585938,740.2301025390625,740.9299926757812,255564
1784913300,2026-07-24T17:15:00.000Z,2026-07-24T13:15:00.000,740.9500122070312,741.469970703125,740.6599731445312,741.4099731445312,184125
1784913600,2026-07-24T17:20:00.000Z,2026-07-24T13:20:00.000,741.41650390625,741.489990234375,740.9072265625,741.2999877929688,327532
1784913900,2026-07-24T17:25:00.000Z,2026-07-24T13:25:00.000,741.2899780273438,741.8400268554688,740.989990234375,741.7100219726562,196903
1784914200,2026-07-24T17:30:00.000Z,2026-07-24T13:30:00.000,741.75,742.169189453125,741.530029296875,742.11181640625,156146
1784914500,2026-07-24T17:35:00.000Z,2026-07-24T13:35:00.000,742.1099853515625,742.1199951171875,741.4299926757812,741.510009765625,162452
1784914800,2026-07-24T17:40:00.000Z,2026-07-24T13:40:00.000,741.52001953125,741.5399780273438,741.0700073242188,741.0800170898438,184684
1784915100,2026-07-24T17:45:00.000Z,2026-07-24T13:45:00.000,741.0700073242188,741.3900146484375,740.9199829101562,741.3099975585938,162181
1784915400,2026-07-24T17:50:00.000Z,2026-07-24T13:50:00.000,741.3099975585938,741.5349731445312,740.969970703125,741.27001953125,270661
1784915700,2026-07-24T17:55:00.000Z,2026-07-24T13:55:00.000,741.2899780273438,741.3900146484375,740.969970703125,740.97998046875,244499
1784916000,2026-07-24T18:00:00.000Z,2026-07-24T14:00:00.000,740.989990234375,741.2899780273438,740.77001953125,740.8900146484375,188906
1784916300,2026-07-24T18:05:00.000Z,2026-07-24T14:05:00.000,740.8800048828125,741.27001953125,740.75,740.969970703125,338674
1784916600,2026-07-24T18:10:00.000Z,2026-07-24T14:10:00.000,741.02001953125,741.0750122070312,740.47998046875,740.5900268554688,257613
1784916900,2026-07-24T18:15:00.000Z,2026-07-24T14:15:00.000,740.594970703125,740.6500244140625,740.1400146484375,740.22998046875,387838
1784917200,2026-07-24T18:20:00.000Z,2026-07-24T14:20:00.000,740.1900024414062,740.2000122070312,739.719970703125,739.8099975585938,433579
1784917500,2026-07-24T18:25:00.000Z,2026-07-24T14:25:00.000,739.7999877929688,739.8800048828125,739,739.0349731445312,473174
1784917800,2026-07-24T18:30:00.000Z,2026-07-24T14:30:00.000,739.0499877929688,739.1599731445312,738.0700073242188,738.173828125,593684
1784918100,2026-07-24T18:35:00.000Z,2026-07-24T14:35:00.000,738.1900024414062,738.6300048828125,737.8300170898438,738.27001953125,879485
1784918400,2026-07-24T18:40:00.000Z,2026-07-24T14:40:00.000,738.27001953125,738.27001953125,737.6400146484375,737.8499755859375,439073
1784918700,2026-07-24T18:45:00.000Z,2026-07-24T14:45:00.000,737.8699951171875,738.7000122070312,737.7899780273438,738.3099975585938,392359
1784919000,2026-07-24T18:50:00.000Z,2026-07-24T14:50:00.000,738.2899780273438,738.5,738.030029296875,738.2050170898438,417134
1784919300,2026-07-24T18:55:00.000Z,2026-07-24T14:55:00.000,738.1900024414062,738.7100219726562,738.1400146484375,738.3800048828125,302475
1784919600,2026-07-24T19:00:00.000Z,2026-07-24T15:00:00.000,738.3900146484375,738.89501953125,738.2100219726562,738.280029296875,895698
1784919900,2026-07-24T19:05:00.000Z,2026-07-24T15:05:00.000,738.25,738.6500244140625,737.5599975585938,737.60498046875,779209
1784920200,2026-07-24T19:10:00.000Z,2026-07-24T15:10:00.000,737.6099853515625,738.22998046875,737.469970703125,737.5999755859375,705769
1784920500,2026-07-24T19:15:00.000Z,2026-07-24T15:15:00.000,737.5999755859375,737.8300170898438,737.4099731445312,737.7999877929688,1036183
1784920800,2026-07-24T19:20:00.000Z,2026-07-24T15:20:00.000,737.8200073242188,738.02001953125,737.2899780273438,737.4299926757812,521023
1784921100,2026-07-24T19:25:00.000Z,2026-07-24T15:25:00.000,737.4400024414062,737.8699951171875,737.2999877929688,737.6500244140625,459031
1784921400,2026-07-24T19:30:00.000Z,2026-07-24T15:30:00.000,737.719970703125,738.3800048828125,737.6599731445312,738.0900268554688,822160
1784921700,2026-07-24T19:35:00.000Z,2026-07-24T15:35:00.000,738.0800170898438,738.6599731445312,737.989990234375,738.1099853515625,1074359
1784922000,2026-07-24T19:40:00.000Z,2026-07-24T15:40:00.000,738.1099853515625,738.3400268554688,737.7899780273438,738.280029296875,800742
1784922300,2026-07-24T19:45:00.000Z,2026-07-24T15:45:00.000,738.2999877929688,738.4400024414062,737.75,738.3399047851562,1069183
1784922600,2026-07-24T19:50:00.000Z,2026-07-24T15:50:00.000,738.3400268554688,738.5800170898438,737.6400146484375,738.469970703125,1055109
1784922900,2026-07-24T19:55:00.000Z,2026-07-24T15:55:00.000,738.489990234375,739.0999755859375,738.0499877929688,738.8599853515625,3826336
1785159000,2026-07-27T13:30:00.000Z,2026-07-27T09:30:00.000,744.9099731445312,745.1699829101562,743.9425048828125,744.655029296875,1905497
1785159300,2026-07-27T13:35:00.000Z,2026-07-27T09:35:00.000,744.6599731445312,745.530029296875,744.5700073242188,744.969970703125,673895
1785159600,2026-07-27T13:40:00.000Z,2026-07-27T09:40:00.000,744.969970703125,745.0650024414062,743.4400024414062,743.4500122070312,563061
1785159900,2026-07-27T13:45:00.000Z,2026-07-27T09:45:00.000,743.47998046875,744.1500244140625,743.2000122070312,743.7999877929688,584594
1785160200,2026-07-27T13:50:00.000Z,2026-07-27T09:50:00.000,743.8499755859375,744.1699829101562,743.3699951171875,743.4500122070312,404221
1785160500,2026-07-27T13:55:00.000Z,2026-07-27T09:55:00.000,743.4299926757812,743.4600219726562,741.5999755859375,741.5999755859375,587019
1785160800,2026-07-27T14:00:00.000Z,2026-07-27T10:00:00.000,741.5999755859375,742.1300048828125,741.219970703125,741.6599731445312,1099633
1785161100,2026-07-27T14:05:00.000Z,2026-07-27T10:05:00.000,741.6500244140625,742.0399780273438,741.22998046875,741.75,612508
1785161400,2026-07-27T14:10:00.000Z,2026-07-27T10:10:00.000,741.75,741.77001953125,740.4600219726562,740.9650268554688,653122
1785161700,2026-07-27T14:15:00.000Z,2026-07-27T10:15:00.000,740.969970703125,741.5650024414062,740.52001953125,740.989990234375,610851
1785162000,2026-07-27T14:20:00.000Z,2026-07-27T10:20:00.000,740.9450073242188,740.9450073242188,739.6300048828125,739.8250122070312,539015
1785162300,2026-07-27T14:25:00.000Z,2026-07-27T10:25:00.000,739.8250122070312,740,738.2000122070312,738.3150024414062,1004967
1785162600,2026-07-27T14:30:00.000Z,2026-07-27T10:30:00.000,738.3300170898438,738.5549926757812,737.72998046875,737.969970703125,902868
1785162900,2026-07-27T14:35:00.000Z,2026-07-27T10:35:00.000,737.9450073242188,738.2999877929688,737.1400146484375,738.0800170898438,720749
1785163200,2026-07-27T14:40:00.000Z,2026-07-27T10:40:00.000,738.0750122070312,738.27001953125,736.5399780273438,736.7899780273438,636446
1785163500,2026-07-27T14:45:00.000Z,2026-07-27T10:45:00.000,736.7899780273438,738.1599731445312,736.7899780273438,738,542379
1785163800,2026-07-27T14:50:00.000Z,2026-07-27T10:50:00.000,737.989990234375,738.8250122070312,737.9299926757812,738.5900268554688,597315
1785164100,2026-07-27T14:55:00.000Z,2026-07-27T10:55:00.000,738.5900268554688,739.8800048828125,738.3699951171875,739.6901245117188,566206
1785164400,2026-07-27T15:00:00.000Z,2026-07-27T11:00:00.000,739.719970703125,739.969970703125,739.3400268554688,739.760009765625,442765
1785164700,2026-07-27T15:05:00.000Z,2026-07-27T11:05:00.000,739.739990234375,740.3099975585938,739.1901245117188,739.219970703125,910063
1785165000,2026-07-27T15:10:00.000Z,2026-07-27T11:10:00.000,739.27001953125,739.9349975585938,739.0999755859375,739.3900146484375,360377
1785165300,2026-07-27T15:15:00.000Z,2026-07-27T11:15:00.000,739.3599853515625,739.52001953125,737.9400024414062,738.8049926757812,363940
1785165600,2026-07-27T15:20:00.000Z,2026-07-27T11:20:00.000,738.8099975585938,739.2999877929688,738.02001953125,738.1799926757812,265057
1785165900,2026-07-27T15:25:00.000Z,2026-07-27T11:25:00.000,738.1649780273438,738.5399780273438,737.8800048828125,738.2899780273438,433314
1785166200,2026-07-27T15:30:00.000Z,2026-07-27T11:30:00.000,738.27001953125,738.27001953125,737.2999877929688,737.4099731445312,264012
1785166500,2026-07-27T15:35:00.000Z,2026-07-27T11:35:00.000,737.4199829101562,737.5,736.3350219726562,736.9400024414062,409638
1785166800,2026-07-27T15:40:00.000Z,2026-07-27T11:40:00.000,736.9299926757812,737.469970703125,736.5911865234375,737.4400024414062,334033
1785167100,2026-07-27T15:45:00.000Z,2026-07-27T11:45:00.000,737.4299926757812,737.5499877929688,736.6900024414062,736.8900146484375,243039
1785167400,2026-07-27T15:50:00.000Z,2026-07-27T11:50:00.000,736.9199829101562,737.3599853515625,736.7100219726562,737.0599975585938,183387
1785167700,2026-07-27T15:55:00.000Z,2026-07-27T11:55:00.000,737.0599975585938,737.6500244140625,736.9600219726562,737.4849853515625,217265
1785168000,2026-07-27T16:00:00.000Z,2026-07-27T12:00:00.000,737.4924926757812,738.1599731445312,737.3900146484375,738.1500244140625,221283
1785168300,2026-07-27T16:05:00.000Z,2026-07-27T12:05:00.000,738.1500244140625,738.3699951171875,737.718017578125,738.2999877929688,196164
1785168600,2026-07-27T16:10:00.000Z,2026-07-27T12:10:00.000,738.3099975585938,738.6900024414062,737.3856811523438,737.4500122070312,226422
1785168900,2026-07-27T16:15:00.000Z,2026-07-27T12:15:00.000,737.4400024414062,737.47998046875,736.8599853515625,737.2999877929688,543560
1785169200,2026-07-27T16:20:00.000Z,2026-07-27T12:20:00.000,737.3099975585938,737.8300170898438,737.0700073242188,737.77001953125,156681
1785169500,2026-07-27T16:25:00.000Z,2026-07-27T12:25:00.000,737.77001953125,739.6799926757812,737.7100219726562,738.719970703125,763317
1785169800,2026-07-27T16:30:00.000Z,2026-07-27T12:30:00.000,738.719970703125,739.3099975585938,738.4000244140625,738.909912109375,183224
1785170100,2026-07-27T16:35:00.000Z,2026-07-27T12:35:00.000,738.8900146484375,739.3499755859375,738.4500122070312,738.969970703125,218445
1785170400,2026-07-27T16:40:00.000Z,2026-07-27T12:40:00.000,738.97998046875,739.102294921875,738.0800170898438,738.3400268554688,162992
1785170700,2026-07-27T16:45:00.000Z,2026-07-27T12:45:00.000,738.3499755859375,738.7999877929688,738.0999755859375,738.0999755859375,138429
1785171000,2026-07-27T16:50:00.000Z,2026-07-27T12:50:00.000,738.0800170898438,738.0800170898438,737,737.1500244140625,209793
1785171300,2026-07-27T16:55:00.000Z,2026-07-27T12:55:00.000,737.1500244140625,737.1599731445312,736.6400146484375,737.0570068359375,188221
1785171600,2026-07-27T17:00:00.000Z,2026-07-27T13:00:00.000,737.0700073242188,737.0999755859375,736.0999755859375,736.1810302734375,289830
1785171900,2026-07-27T17:05:00.000Z,2026-07-27T13:05:00.000,736.1799926757812,736.5800170898438,736.0700073242188,736.3800048828125,201760
1785172200,2026-07-27T17:10:00.000Z,2026-07-27T13:10:00.000,736.3699951171875,736.77001953125,736.1799926757812,736.6500244140625,343362
1785172500,2026-07-27T17:15:00.000Z,2026-07-27T13:15:00.000,736.6400146484375,736.760009765625,735.8699951171875,736.2150268554688,231599
1785172800,2026-07-27T17:20:00.000Z,2026-07-27T13:20:00.000,736.219970703125,736.760009765625,736.0999755859375,736.385009765625,266710
1785173100,2026-07-27T17:25:00.000Z,2026-07-27T13:25:00.000,736.39501953125,736.6500244140625,736.1900024414062,736.2000122070312,195724
1785173400,2026-07-27T17:30:00.000Z,2026-07-27T13:30:00.000,736.219970703125,737.2000122070312,736.1799926757812,737.1599731445312,231267
1785173700,2026-07-27T17:35:00.000Z,2026-07-27T13:35:00.000,737.14501953125,737.280029296875,736.5599975585938,736.7100219726562,171705
1785174000,2026-07-27T17:40:00.000Z,2026-07-27T13:40:00.000,736.6900024414062,736.9099731445312,736.5,736.7999877929688,114163
1785174300,2026-07-27T17:45:00.000Z,2026-07-27T13:45:00.000,736.8200073242188,737.135009765625,736.5700073242188,736.760009765625,125647
1785174600,2026-07-27T17:50:00.000Z,2026-07-27T13:50:00.000,736.72998046875,737.5499877929688,736.6799926757812,737.4982299804688,141067
1785174900,2026-07-27T17:55:00.000Z,2026-07-27T13:55:00.000,737.5399780273438,737.8499755859375,737.280029296875,737.7999877929688,184185
1785175200,2026-07-27T18:00:00.000Z,2026-07-27T14:00:00.000,737.8400268554688,737.9600219726562,737.5399780273438,737.6099853515625,212283
1785175500,2026-07-27T18:05:00.000Z,2026-07-27T14:05:00.000,737.5999755859375,737.969970703125,737.47998046875,737.6799926757812,299969
1785175800,2026-07-27T18:10:00.000Z,2026-07-27T14:10:00.000,737.6699829101562,737.9299926757812,737.6199951171875,737.75,216631
1785176100,2026-07-27T18:15:00.000Z,2026-07-27T14:15:00.000,737.75,737.8300170898438,737.030029296875,737.25,250125
1785176400,2026-07-27T18:20:00.000Z,2026-07-27T14:20:00.000,737.219970703125,737.6900024414062,737.0800170898438,737.5501098632812,163252
1785176700,2026-07-27T18:25:00.000Z,2026-07-27T14:25:00.000,737.5499877929688,737.7999877929688,737.4199829101562,737.6199951171875,244690
1785177000,2026-07-27T18:30:00.000Z,2026-07-27T14:30:00.000,737.6400146484375,737.6500244140625,736.8599853515625,736.905029296875,198582
1785177300,2026-07-27T18:35:00.000Z,2026-07-27T14:35:00.000,736.8599853515625,737.0800170898438,736.7000122070312,736.7899780273438,226540
1785177600,2026-07-27T18:40:00.000Z,2026-07-27T14:40:00.000,736.7899780273438,737.5900268554688,736.6199951171875,737.469970703125,682693
1785177900,2026-07-27T18:45:00.000Z,2026-07-27T14:45:00.000,737.4849853515625,737.75,737.3599853515625,737.3699951171875,236413
1785178200,2026-07-27T18:50:00.000Z,2026-07-27T14:50:00.000,737.3800048828125,738.6500244140625,737.3699951171875,738.5499877929688,328213
1785178500,2026-07-27T18:55:00.000Z,2026-07-27T14:55:00.000,738.5599975585938,739.25,738.510009765625,739.0599975585938,485661
1785178800,2026-07-27T19:00:00.000Z,2026-07-27T15:00:00.000,739.0599975585938,739.1699829101562,738.552001953125,738.5750122070312,417093
1785179100,2026-07-27T19:05:00.000Z,2026-07-27T15:05:00.000,738.5700073242188,739.4000244140625,738.489990234375,739.3200073242188,422423
1785179400,2026-07-27T19:10:00.000Z,2026-07-27T15:10:00.000,739.2999877929688,739.5800170898438,738.9500122070312,739.0900268554688,283609
1785179700,2026-07-27T19:15:00.000Z,2026-07-27T15:15:00.000,739.0999755859375,739.5,739.0900268554688,739.4949951171875,257850
1785180000,2026-07-27T19:20:00.000Z,2026-07-27T15:20:00.000,739.52001953125,739.77001953125,739.3499755859375,739.614990234375,409953
1785180300,2026-07-27T19:25:00.000Z,2026-07-27T15:25:00.000,739.6199951171875,739.719970703125,739.3400268554688,739.6500244140625,268266
1785180600,2026-07-27T19:30:00.000Z,2026-07-27T15:30:00.000,739.6500244140625,739.8499755859375,739.469970703125,739.5700073242188,448729
1785180900,2026-07-27T19:35:00.000Z,2026-07-27T15:35:00.000,739.5499877929688,739.6900024414062,738.9199829101562,738.989990234375,650122
1785181200,2026-07-27T19:40:00.000Z,2026-07-27T15:40:00.000,738.989990234375,739.2199096679688,738.8200073242188,738.969970703125,627623
1785181500,2026-07-27T19:45:00.000Z,2026-07-27T15:45:00.000,738.9600219726562,739.0700073242188,738.6199951171875,739.0399780273438,1084314
1785181800,2026-07-27T19:50:00.000Z,2026-07-27T15:50:00.000,739.0499877929688,739.22998046875,738.5823974609375,738.77001953125,1543745
1785182100,2026-07-27T19:55:00.000Z,2026-07-27T15:55:00.000,738.77001953125,739.1099853515625,738.5,739.02001953125,4015323
1785245400,2026-07-28T13:30:00.000Z,2026-07-28T09:30:00.000,739.1900024414062,739.47998046875,738.030029296875,738.155029296875,2837977
1785245700,2026-07-28T13:35:00.000Z,2026-07-28T09:35:00.000,738.1599731445312,739.0650024414062,737.760009765625,737.7899780273438,824055
1785246000,2026-07-28T13:40:00.000Z,2026-07-28T09:40:00.000,737.7899780273438,738.3400268554688,736.5599975585938,737.0499877929688,1041103
1785246300,2026-07-28T13:45:00.000Z,2026-07-28T09:45:00.000,737.0499877929688,737.6099853515625,735.97998046875,737.530029296875,893500
1785246600,2026-07-28T13:50:00.000Z,2026-07-28T09:50:00.000,737.530029296875,738.1749877929688,736.72998046875,737.0598754882812,748968
1785246900,2026-07-28T13:55:00.000Z,2026-07-28T09:55:00.000,737.0399780273438,737.25,736.1599731445312,736.5,520934
1785247200,2026-07-28T14:00:00.000Z,2026-07-28T10:00:00.000,736.489990234375,737.7100219726562,736.4500122070312,737.260009765625,402300
1785247500,2026-07-28T14:05:00.000Z,2026-07-28T10:05:00.000,737.239990234375,738.2150268554688,736.8800048828125,737.0900268554688,500278
1785247800,2026-07-28T14:10:00.000Z,2026-07-28T10:10:00.000,737.0399780273438,737.8099975585938,736.27001953125,736.5900268554688,454557
1785248100,2026-07-28T14:15:00.000Z,2026-07-28T10:15:00.000,736.6099853515625,737.1599731445312,736.4400024414062,736.6099853515625,789147
1785248400,2026-07-28T14:20:00.000Z,2026-07-28T10:20:00.000,736.6300048828125,737.8779907226562,736.3699951171875,737.3049926757812,483313
1785248700,2026-07-28T14:25:00.000Z,2026-07-28T10:25:00.000,737.3099975585938,737.75,737.1500244140625,737.7000122070312,463346
1785249000,2026-07-28T14:30:00.000Z,2026-07-28T10:30:00.000,737.719970703125,738,737.2100219726562,737.2449951171875,548219
1785249300,2026-07-28T14:35:00.000Z,2026-07-28T10:35:00.000,737.239990234375,738.6199951171875,737.1500244140625,737.530029296875,535883
1785249600,2026-07-28T14:40:00.000Z,2026-07-28T10:40:00.000,737.5399780273438,738.6099853515625,737.4000244140625,738.27001953125,676154
1785249900,2026-07-28T14:45:00.000Z,2026-07-28T10:45:00.000,738.25,739.4099731445312,737.8599853515625,739.3099975585938,660577
1785250200,2026-07-28T14:50:00.000Z,2026-07-28T10:50:00.000,739.2999877929688,739.7849731445312,739.1500244140625,739.4199829101562,626397
1785250500,2026-07-28T14:55:00.000Z,2026-07-28T10:55:00.000,739.4299926757812,739.8200073242188,738.5800170898438,738.6400146484375,364229
1785250800,2026-07-28T15:00:00.000Z,2026-07-28T11:00:00.000,738.7000122070312,739.1799926757812,738.1400146484375,738.1500244140625,677367
1785251100,2026-07-28T15:05:00.000Z,2026-07-28T11:05:00.000,738.1599731445312,738.8400268554688,738.010009765625,738.7999877929688,254071
1785251400,2026-07-28T15:10:00.000Z,2026-07-28T11:10:00.000,738.77001953125,739.7100219726562,738.4600219726562,739.3400268554688,420180
1785251700,2026-07-28T15:15:00.000Z,2026-07-28T11:15:00.000,739.3800048828125,740.5700073242188,739.1901245117188,740.5700073242188,658227
1785252000,2026-07-28T15:20:00.000Z,2026-07-28T11:20:00.000,740.5700073242188,741.3800048828125,740.5449829101562,741.3800048828125,702554
1785252300,2026-07-28T15:25:00.000Z,2026-07-28T11:25:00.000,741.3599853515625,741.9000244140625,741.0399780273438,741.2000122070312,664777
1785252600,2026-07-28T15:30:00.000Z,2026-07-28T11:30:00.000,741.1699829101562,741.47998046875,740.9910278320312,741.25,233448
1785252900,2026-07-28T15:35:00.000Z,2026-07-28T11:35:00.000,741.3099975585938,741.9000244140625,741.239990234375,741.6199951171875,249016
1785253200,2026-07-28T15:40:00.000Z,2026-07-28T11:40:00.000,741.5999755859375,742.0900268554688,741.4199829101562,742.0700073242188,288552
1785253500,2026-07-28T15:45:00.000Z,2026-07-28T11:45:00.000,742.0700073242188,742.4500122070312,741.9600219726562,742.3200073242188,347047
1785253800,2026-07-28T15:50:00.000Z,2026-07-28T11:50:00.000,742.3200073242188,742.4099731445312,741.7899780273438,742.0599975585938,326561
1785254100,2026-07-28T15:55:00.000Z,2026-07-28T11:55:00.000,742.0700073242188,742.3900146484375,741.7999877929688,742.2150268554688,198277
1785254400,2026-07-28T16:00:00.000Z,2026-07-28T12:00:00.000,742.2050170898438,742.3499755859375,741.9400024414062,742.02001953125,433367
1785254700,2026-07-28T16:05:00.000Z,2026-07-28T12:05:00.000,742.02001953125,742.2000122070312,741.5599975585938,741.5700073242188,298787
1785255000,2026-07-28T16:10:00.000Z,2026-07-28T12:10:00.000,741.5700073242188,741.8400268554688,741.47998046875,741.6199951171875,270948
1785255300,2026-07-28T16:15:00.000Z,2026-07-28T12:15:00.000,741.6099853515625,741.9199829101562,741.3200073242188,741.9000244140625,244630
1785255600,2026-07-28T16:20:00.000Z,2026-07-28T12:20:00.000,741.9080200195312,742.0900268554688,741.3099975585938,741.489990234375,209637
1785255900,2026-07-28T16:25:00.000Z,2026-07-28T12:25:00.000,741.47998046875,741.5999755859375,741.2100219726562,741.2100219726562,176750
1785256200,2026-07-28T16:30:00.000Z,2026-07-28T12:30:00.000,741.22998046875,741.3900146484375,740.9199829101562,741.1099853515625,180477
1785256500,2026-07-28T16:35:00.000Z,2026-07-28T12:35:00.000,741.1199951171875,741.7999877929688,741.0800170898438,741.7799072265625,173601
1785256800,2026-07-28T16:40:00.000Z,2026-07-28T12:40:00.000,741.780029296875,742.1500244140625,741.7100219726562,741.9400024414062,353730
1785257100,2026-07-28T16:45:00.000Z,2026-07-28T12:45:00.000,741.9400024414062,742.0800170898438,741.3900146484375,741.7899780273438,309539
1785257400,2026-07-28T16:50:00.000Z,2026-07-28T12:50:00.000,741.7899780273438,742.6599731445312,741.760009765625,742.6099853515625,383824
1785257700,2026-07-28T16:55:00.000Z,2026-07-28T12:55:00.000,742.6199951171875,742.7901000976562,742.47998046875,742.6099853515625,167506
1785258000,2026-07-28T17:00:00.000Z,2026-07-28T13:00:00.000,742.6099853515625,742.780029296875,742.0850219726562,742.1400146484375,297007
1785258300,2026-07-28T17:05:00.000Z,2026-07-28T13:05:00.000,742.1500244140625,742.3200073242188,741.4500122070312,741.5299072265625,228247
1785258600,2026-07-28T17:10:00.000Z,2026-07-28T13:10:00.000,741.5,741.8200073242188,741.1799926757812,741.3400268554688,343721
1785258900,2026-07-28T17:15:00.000Z,2026-07-28T13:15:00.000,741.3350219726562,741.530029296875,741.0800170898438,741.3099975585938,175637
1785259200,2026-07-28T17:20:00.000Z,2026-07-28T13:20:00.000,741.3200073242188,742.1900024414062,741.2100219726562,741.3499755859375,357005
1785259500,2026-07-28T17:25:00.000Z,2026-07-28T13:25:00.000,741.3350219726562,741.719970703125,741.1300048828125,741.3099975585938,124272
1785259800,2026-07-28T17:30:00.000Z,2026-07-28T13:30:00.000,741.2999877929688,741.8300170898438,741.1099853515625,741.7000122070312,189957
1785260100,2026-07-28T17:35:00.000Z,2026-07-28T13:35:00.000,741.719970703125,741.9199829101562,741.3400268554688,741.4000244140625,125230
1785260400,2026-07-28T17:40:00.000Z,2026-07-28T13:40:00.000,741.3800048828125,741.6599731445312,740.6500244140625,740.7999877929688,323917
1785260700,2026-07-28T17:45:00.000Z,2026-07-28T13:45:00.000,740.7949829101562,741.3900146484375,740.6400146484375,741.2999877929688,273765
1785261000,2026-07-28T17:50:00.000Z,2026-07-28T13:50:00.000,741.2849731445312,741.2849731445312,740.6799926757812,740.7609252929688,136456
1785261300,2026-07-28T17:55:00.000Z,2026-07-28T13:55:00.000,740.739990234375,741.219970703125,740.510009765625,741.1900024414062,222469
1785261600,2026-07-28T18:00:00.000Z,2026-07-28T14:00:00.000,741.2000122070312,741.52001953125,741.010009765625,741.22998046875,273418
1785261900,2026-07-28T18:05:00.000Z,2026-07-28T14:05:00.000,741.2000122070312,741.2899780273438,740.739990234375,740.8499755859375,233917
1785262200,2026-07-28T18:10:00.000Z,2026-07-28T14:10:00.000,740.8499755859375,740.9318237304688,740.4199829101562,740.4550170898438,380289
1785262500,2026-07-28T18:15:00.000Z,2026-07-28T14:15:00.000,740.4600219726562,740.844970703125,740.4299926757812,740.760009765625,292465
1785262800,2026-07-28T18:20:00.000Z,2026-07-28T14:20:00.000,740.75,740.9600219726562,740.510009765625,740.5401000976562,165059
1785263100,2026-07-28T18:25:00.000Z,2026-07-28T14:25:00.000,740.5499877929688,740.6900024414062,740.4299926757812,740.5900268554688,250657
1785263400,2026-07-28T18:30:00.000Z,2026-07-28T14:30:00.000,740.5900268554688,741.0499877929688,740.5,740.9349975585938,265820
1785263700,2026-07-28T18:35:00.000Z,2026-07-28T14:35:00.000,740.9049072265625,741.1199951171875,740.739990234375,740.8200073242188,170009
1785264000,2026-07-28T18:40:00.000Z,2026-07-28T14:40:00.000,740.8400268554688,740.8800048828125,740.5499877929688,740.77001953125,255894
1785264300,2026-07-28T18:45:00.000Z,2026-07-28T14:45:00.000,740.7899780273438,741.4099731445312,740.6900024414062,741.25,338437
1785264600,2026-07-28T18:50:00.000Z,2026-07-28T14:50:00.000,741.25,741.52001953125,741.1500244140625,741.25,229256
1785264900,2026-07-28T18:55:00.000Z,2026-07-28T14:55:00.000,741.25,741.614990234375,741.0700073242188,741.4500122070312,237145
1785265200,2026-07-28T19:00:00.000Z,2026-07-28T15:00:00.000,741.4500122070312,741.9600219726562,741.4299926757812,741.9099731445312,375364
1785265500,2026-07-28T19:05:00.000Z,2026-07-28T15:05:00.000,741.8800048828125,741.9550170898438,741.3900146484375,741.4199829101562,1364659
1785265800,2026-07-28T19:10:00.000Z,2026-07-28T15:10:00.000,741.4299926757812,741.6500244140625,741.3300170898438,741.469970703125,221720
1785266100,2026-07-28T19:15:00.000Z,2026-07-28T15:15:00.000,741.4600219726562,741.719970703125,741.3099975585938,741.64990234375,345562
1785266400,2026-07-28T19:20:00.000Z,2026-07-28T15:20:00.000,741.6199951171875,741.8400268554688,741.530029296875,741.8099975585938,1094845
1785266700,2026-07-28T19:25:00.000Z,2026-07-28T15:25:00.000,741.8200073242188,741.8499755859375,741.3499755859375,741.7000122070312,398036
1785267000,2026-07-28T19:30:00.000Z,2026-07-28T15:30:00.000,741.7100219726562,741.72998046875,741.4600219726562,741.532470703125,690086
1785267300,2026-07-28T19:35:00.000Z,2026-07-28T15:35:00.000,741.530029296875,741.5549926757812,740.9299926757812,741.010009765625,391016
1785267600,2026-07-28T19:40:00.000Z,2026-07-28T15:40:00.000,741.010009765625,741.3099975585938,740.989990234375,741.2999877929688,476767
1785267900,2026-07-28T19:45:00.000Z,2026-07-28T15:45:00.000,741.2999877929688,741.3400268554688,740.8900146484375,741.1099853515625,919399
1785268200,2026-07-28T19:50:00.000Z,2026-07-28T15:50:00.000,741.0999755859375,741.6699829101562,740.8499755859375,741.6400146484375,1198938
1785268500,2026-07-28T19:55:00.000Z,2026-07-28T15:55:00.000,741.6300048828125,741.6300048828125,740.4299926757812,740.760009765625,5045104
1785331800,2026-07-29T13:30:00.000Z,2026-07-29T09:30:00.000,739.969970703125,740.3900146484375,738.719970703125,740.030029296875,2005035
1785332100,2026-07-29T13:35:00.000Z,2026-07-29T09:35:00.000,740.02001953125,740.239990234375,739.1749877929688,739.9000244140625,395710
1785332400,2026-07-29T13:40:00.000Z,2026-07-29T09:40:00.000,739.8900146484375,740.0399780273438,739.3200073242188,739.6799926757812,838844
1785332700,2026-07-29T13:45:00.000Z,2026-07-29T09:45:00.000,739.6599731445312,740.219970703125,738.8800048828125,739.155029296875,525174
1785333000,2026-07-29T13:50:00.000Z,2026-07-29T09:50:00.000,739.1599731445312,739.2100219726562,737.4299926757812,737.8099975585938,613806
1785333300,2026-07-29T13:55:00.000Z,2026-07-29T09:55:00.000,737.780029296875,737.780029296875,736.6099853515625,737.3599853515625,627156
1785333600,2026-07-29T14:00:00.000Z,2026-07-29T10:00:00.000,737.4299926757812,738.0900268554688,737.3499755859375,737.7999877929688,917628
1785333900,2026-07-29T14:05:00.000Z,2026-07-29T10:05:00.000,737.7849731445312,738.3300170898438,736.7100219726562,736.8099975585938,415704
1785334200,2026-07-29T14:10:00.000Z,2026-07-29T10:10:00.000,736.780029296875,737.0399780273438,735.0401000976562,735.4099731445312,727128
1785334500,2026-07-29T14:15:00.000Z,2026-07-29T10:15:00.000,735.4099731445312,736.27001953125,735.3599853515625,735.8900146484375,540169
1785334800,2026-07-29T14:20:00.000Z,2026-07-29T10:20:00.000,735.8900146484375,736.469970703125,735.3099975585938,735.489990234375,520529
1785335100,2026-07-29T14:25:00.000Z,2026-07-29T10:25:00.000,735.469970703125,735.52001953125,734.260009765625,734.9199829101562,838779
1785335400,2026-07-29T14:30:00.000Z,2026-07-29T10:30:00.000,734.9099731445312,735.8400268554688,734.8099975585938,735.3200073242188,86016
1785335700,2026-07-29T14:35:00.000Z,2026-07-29T10:35:00.000,735.3200073242188,735.4600219726562,734.6599731445312,734.8099975585938,657612
1785336000,2026-07-29T14:40:00.000Z,2026-07-29T10:40:00.000,734.780029296875,734.7999877929688,733.7899780273438,734.219970703125,577499
1785336300,2026-07-29T14:45:00.000Z,2026-07-29T10:45:00.000,734.2100219726562,734.7899780273438,733.8900146484375,734.4299926757812,442505
1785336600,2026-07-29T14:50:00.000Z,2026-07-29T10:50:00.000,734.4249877929688,735.3400268554688,734.260009765625,735.030029296875,479301
1785336900,2026-07-29T14:55:00.000Z,2026-07-29T10:55:00.000,735.02001953125,735.0900268554688,734.27001953125,734.8200073242188,281205
1785337200,2026-07-29T15:00:00.000Z,2026-07-29T11:00:00.000,734.8200073242188,735.54931640625,734.4299926757812,735.3200073242188,373832
1785337500,2026-07-29T15:05:00.000Z,2026-07-29T11:05:00.000,735.3200073242188,735.6190795898438,734.6699829101562,735.5900268554688,345938
1785337800,2026-07-29T15:10:00.000Z,2026-07-29T11:10:00.000,735.6300048828125,735.6599731445312,734.530029296875,734.6400146484375,354996
1785338100,2026-07-29T15:15:00.000Z,2026-07-29T11:15:00.000,734.6500244140625,735.489990234375,734.530029296875,734.5599975585938,303515
1785338400,2026-07-29T15:20:00.000Z,2026-07-29T11:20:00.000,734.5700073242188,735.0499877929688,734.3699951171875,735.02001953125,284631
1785338700,2026-07-29T15:25:00.000Z,2026-07-29T11:25:00.000,735.010009765625,735.2150268554688,734.3499755859375,734.4403076171875,209233
1785339000,2026-07-29T15:30:00.000Z,2026-07-29T11:30:00.000,734.4199829101562,734.989990234375,734.280029296875,734.5700073242188,204830
1785339300,2026-07-29T15:35:00.000Z,2026-07-29T11:35:00.000,734.5800170898438,734.9699096679688,734.030029296875,734.030029296875,232836
1785339600,2026-07-29T15:40:00.000Z,2026-07-29T11:40:00.000,734.02001953125,734.4199829101562,733.719970703125,733.989990234375,263869
1785339900,2026-07-29T15:45:00.000Z,2026-07-29T11:45:00.000,733.97998046875,734.469970703125,733.7899780273438,734.4400024414062,217372
1785340200,2026-07-29T15:50:00.000Z,2026-07-29T11:50:00.000,734.4299926757812,734.5399780273438,733.469970703125,733.47998046875,235884
1785340500,2026-07-29T15:55:00.000Z,2026-07-29T11:55:00.000,733.510009765625,733.8800048828125,733.02001953125,733.72998046875,406160
1785340800,2026-07-29T16:00:00.000Z,2026-07-29T12:00:00.000,733.760009765625,734.030029296875,732.739990234375,732.8099975585938,327099
1785341100,2026-07-29T16:05:00.000Z,2026-07-29T12:05:00.000,732.8400268554688,732.8400268554688,732.219970703125,732.7100219726562,472886
1785341400,2026-07-29T16:10:00.000Z,2026-07-29T12:10:00.000,732.7000122070312,732.760009765625,732.02001953125,732.02001953125,325022
1785341700,2026-07-29T16:15:00.000Z,2026-07-29T12:15:00.000,732.02001953125,732.3599853515625,731.72998046875,732.22998046875,660736
1785342000,2026-07-29T16:20:00.000Z,2026-07-29T12:20:00.000,732.239990234375,733.5999755859375,732.1099853515625,733.3499755859375,399286
1785342300,2026-07-29T16:25:00.000Z,2026-07-29T12:25:00.000,733.3499755859375,733.9199829101562,733.280029296875,733.8499755859375,356148
1785342600,2026-07-29T16:30:00.000Z,2026-07-29T12:30:00.000,733.8400268554688,734.3200073242188,733.394775390625,733.394775390625,393943
1785342900,2026-07-29T16:35:00.000Z,2026-07-29T12:35:00.000,733.4000244140625,733.6799926757812,732.97998046875,733.5700073242188,663020
1785343200,2026-07-29T16:40:00.000Z,2026-07-29T12:40:00.000,733.5499877929688,733.7100219726562,732.8800048828125,733.2299194335938,303600
1785343500,2026-07-29T16:45:00.000Z,2026-07-29T12:45:00.000,733.219970703125,733.9600219726562,733.030029296875,733.9299926757812,274572
1785343800,2026-07-29T16:50:00.000Z,2026-07-29T12:50:00.000,733.9500122070312,734.5,733.7100219726562,734.2899780273438,254201
1785344100,2026-07-29T16:55:00.000Z,2026-07-29T12:55:00.000,734.260009765625,734.8699951171875,734.1400756835938,734.8699951171875,220409
1785344400,2026-07-29T17:00:00.000Z,2026-07-29T13:00:00.000,734.8800048828125,735.989990234375,734.739990234375,735.8599853515625,362702
1785344700,2026-07-29T17:05:00.000Z,2026-07-29T13:05:00.000,735.89501953125,735.9299926757812,735.3400268554688,735.39501953125,353415
1785345000,2026-07-29T17:10:00.000Z,2026-07-29T13:10:00.000,735.4000244140625,736.6199951171875,735.3300170898438,736.5999755859375,429716
1785345300,2026-07-29T17:15:00.000Z,2026-07-29T13:15:00.000,736.6099853515625,736.864990234375,736.2949829101562,736.72998046875,384861
1785345600,2026-07-29T17:20:00.000Z,2026-07-29T13:20:00.000,736.72998046875,737.239990234375,736.2899780273438,736.3400268554688,368551
1785345900,2026-07-29T17:25:00.000Z,2026-07-29T13:25:00.000,736.3300170898438,736.4600219726562,735.72998046875,735.739990234375,388325
1785346200,2026-07-29T17:30:00.000Z,2026-07-29T13:30:00.000,735.75,736.3499755859375,735.27001953125,735.8400268554688,374541
1785346500,2026-07-29T17:35:00.000Z,2026-07-29T13:35:00.000,735.8099975585938,735.969970703125,735.3499755859375,735.6400146484375,222045
1785346800,2026-07-29T17:40:00.000Z,2026-07-29T13:40:00.000,735.6400146484375,735.9199829101562,735.3900146484375,735.75,231375
1785347100,2026-07-29T17:45:00.000Z,2026-07-29T13:45:00.000,735.760009765625,736.030029296875,735.3900146484375,735.97802734375,217402
1785347400,2026-07-29T17:50:00.000Z,2026-07-29T13:50:00.000,735.97998046875,736.4000244140625,735.9500122070312,736.1900024414062,369375
1785347700,2026-07-29T17:55:00.000Z,2026-07-29T13:55:00.000,736.1900024414062,736.4199829101562,735.6099853515625,736.407470703125,330588
1785348000,2026-07-29T18:00:00.000Z,2026-07-29T14:00:00.000,736.3699951171875,739.5499877929688,736.3699951171875,738.1400146484375,1893154
1785348300,2026-07-29T18:05:00.000Z,2026-07-29T14:05:00.000,738.1099853515625,739.0399780273438,737.6799926757812,738.0900268554688,665191
1785348600,2026-07-29T18:10:00.000Z,2026-07-29T14:10:00.000,738.0599975585938,738.3800048828125,736.9600219726562,737.3900146484375,613643
1785348900,2026-07-29T18:15:00.000Z,2026-07-29T14:15:00.000,737.4199829101562,738.260009765625,736.8200073242188,737.02001953125,481252
1785349200,2026-07-29T18:20:00.000Z,2026-07-29T14:20:00.000,737.010009765625,737.1099853515625,736.3182983398438,736.6599731445312,396281
1785349500,2026-07-29T18:25:00.000Z,2026-07-29T14:25:00.000,736.6900024414062,737.3599853515625,736.4600219726562,737.3099975585938,490315
1785349800,2026-07-29T18:30:00.000Z,2026-07-29T14:30:00.000,737.3599853515625,738.0800170898438,735.9500122070312,736.9099731445312,834015
1785350100,2026-07-29T18:35:00.000Z,2026-07-29T14:35:00.000,736.9299926757812,739.2899780273438,736.3400268554688,738.9400024414062,532500
1785350400,2026-07-29T18:40:00.000Z,2026-07-29T14:40:00.000,738.9345703125,741.02001953125,738.8499755859375,740.719970703125,906270
1785350700,2026-07-29T18:45:00.000Z,2026-07-29T14:45:00.000,740.719970703125,742.1199951171875,740.469970703125,741.9299926757812,1062438
1785351000,2026-07-29T18:50:00.000Z,2026-07-29T14:50:00.000,741.9199829101562,742.64501953125,741.27001953125,742.5900268554688,924783
1785351300,2026-07-29T18:55:00.000Z,2026-07-29T14:55:00.000,742.6099853515625,742.6799926757812,741.5499877929688,741.9500122070312,608207
1785351600,2026-07-29T19:00:00.000Z,2026-07-29T15:00:00.000,741.9450073242188,742.5900268554688,740.0999755859375,740.5399780273438,862845
1785351900,2026-07-29T19:05:00.000Z,2026-07-29T15:05:00.000,740.52001953125,740.5599975585938,738.4199829101562,738.4299926757812,878279
1785352200,2026-07-29T19:10:00.000Z,2026-07-29T15:10:00.000,738.4099731445312,739.25,737.9500122070312,738.91259765625,711858
1785352500,2026-07-29T19:15:00.000Z,2026-07-29T15:15:00.000,738.89501953125,739.77001953125,737.3800048828125,737.5899047851562,868891
1785352800,2026-07-29T19:20:00.000Z,2026-07-29T15:20:00.000,737.5900268554688,737.6699829101562,735.3300170898438,735.3699951171875,1214289
1785353100,2026-07-29T19:25:00.000Z,2026-07-29T15:25:00.000,735.3699951171875,735.7100219726562,734.2805786132812,735.1500244140625,1201050
1785353400,2026-07-29T19:30:00.000Z,2026-07-29T15:30:00.000,735.2100219726562,735.739990234375,732.6950073242188,733.5899047851562,2836755
1785353700,2026-07-29T19:35:00.000Z,2026-07-29T15:35:00.000,733.5800170898438,734.02001953125,731.52001953125,731.60498046875,1571024
1785354000,2026-07-29T19:40:00.000Z,2026-07-29T15:40:00.000,731.594970703125,732.27001953125,730.9000244140625,731.2999877929688,1726730
1785354300,2026-07-29T19:45:00.000Z,2026-07-29T15:45:00.000,731.2999877929688,732.0900268554688,730.4099731445312,731.909912109375,2456951
1785354600,2026-07-29T19:50:00.000Z,2026-07-29T15:50:00.000,731.8900146484375,731.8900146484375,730.1699829101562,730.8300170898438,2247582
1785354900,2026-07-29T19:55:00.000Z,2026-07-29T15:55:00.000,730.8200073242188,730.8200073242188,729.0999755859375,729.5399780273438,8906932
1785418200,2026-07-30T13:30:00.000Z,2026-07-30T09:30:00.000,736.0499877929688,736.27001953125,734.969970703125,735.4451293945312,3476633
1785418500,2026-07-30T13:35:00.000Z,2026-07-30T09:35:00.000,735.4400024414062,736.0499877929688,734.97998046875,735.3400268554688,1026329
1785418800,2026-07-30T13:40:00.000Z,2026-07-30T09:40:00.000,735.3099975585938,736.7899780273438,734.6300048828125,736.39501953125,1100592
1785419100,2026-07-30T13:45:00.000Z,2026-07-30T09:45:00.000,736.3900146484375,737.4299926757812,736.3499755859375,737.4000244140625,1294931
1785419400,2026-07-30T13:50:00.000Z,2026-07-30T09:50:00.000,737.3900146484375,738.3640747070312,737.0700073242188,737.8699951171875,1047074
1785419700,2026-07-30T13:55:00.000Z,2026-07-30T09:55:00.000,737.864990234375,738.6599731445312,737.5900268554688,738.625,963366
1785420000,2026-07-30T14:00:00.000Z,2026-07-30T10:00:00.000,738.625,738.989990234375,738.0800170898438,738.5800170898438,1379841
1785420300,2026-07-30T14:05:00.000Z,2026-07-30T10:05:00.000,738.5800170898438,738.905029296875,737.5499877929688,737.7672119140625,792218
1785420600,2026-07-30T14:10:00.000Z,2026-07-30T10:10:00.000,737.760009765625,738.155029296875,737.4400024414062,737.97998046875,670183
1785420900,2026-07-30T14:15:00.000Z,2026-07-30T10:15:00.000,737.97998046875,738.47998046875,737.3800048828125,737.7899780273438,539046
1785421200,2026-07-30T14:20:00.000Z,2026-07-30T10:20:00.000,737.7899780273438,738.5700073242188,737.6199951171875,737.969970703125,489609
1785421500,2026-07-30T14:25:00.000Z,2026-07-30T10:25:00.000,737.969970703125,739.2999877929688,737.72998046875,738.5797729492188,683208
1785421800,2026-07-30T14:30:00.000Z,2026-07-30T10:30:00.000,738.6400146484375,738.8800048828125,738.0549926757812,738.3599853515625,817739
1785422100,2026-07-30T14:35:00.000Z,2026-07-30T10:35:00.000,738.3209838867188,738.9398803710938,738.0371704101562,738.6849975585938,301325
1785422400,2026-07-30T14:40:00.000Z,2026-07-30T10:40:00.000,738.6900024414062,739.1099853515625,737.6799926757812,737.8400268554688,454847
1785422700,2026-07-30T14:45:00.000Z,2026-07-30T10:45:00.000,737.8499145507812,738.1500244140625,736.8300170898438,737.219970703125,592163
1785423000,2026-07-30T14:50:00.000Z,2026-07-30T10:50:00.000,737.219970703125,737.35498046875,736.0850219726562,736.2100219726562,1178122
1785423300,2026-07-30T14:55:00.000Z,2026-07-30T10:55:00.000,736.2000122070312,736.5700073242188,735.6099243164062,736.22998046875,956670
1785423600,2026-07-30T15:00:00.000Z,2026-07-30T11:00:00.000,736.22998046875,736.5900268554688,735.260009765625,736.2650146484375,712620
1785423900,2026-07-30T15:05:00.000Z,2026-07-30T11:05:00.000,736.219970703125,736.8200073242188,735.3900146484375,736.75,702778
1785424200,2026-07-30T15:10:00.000Z,2026-07-30T11:10:00.000,736.7401123046875,736.77001953125,734.8300170898438,734.8900146484375,633889
1785424500,2026-07-30T15:15:00.000Z,2026-07-30T11:15:00.000,734.8699951171875,735.72998046875,734.5900268554688,735.469970703125,615652
1785424800,2026-07-30T15:20:00.000Z,2026-07-30T11:20:00.000,735.47998046875,736.1649780273438,735.2100219726562,735.4299926757812,514103
1785425100,2026-07-30T15:25:00.000Z,2026-07-30T11:25:00.000,735.4249877929688,735.8200073242188,734.6300048828125,734.7999877929688,560256
1785425400,2026-07-30T15:30:00.000Z,2026-07-30T11:30:00.000,734.8400268554688,736.0800170898438,734.6799926757812,736.0800170898438,392420
1785425700,2026-07-30T15:35:00.000Z,2026-07-30T11:35:00.000,736.0900268554688,736.4600219726562,735.4500122070312,735.9299926757812,333094
1785426000,2026-07-30T15:40:00.000Z,2026-07-30T11:40:00.000,735.9199829101562,736.969970703125,735.780029296875,736.6229858398438,399337
1785426300,2026-07-30T15:45:00.000Z,2026-07-30T11:45:00.000,736.6500244140625,737.3200073242188,736.6500244140625,737.0750122070312,815781
1785426600,2026-07-30T15:50:00.000Z,2026-07-30T11:50:00.000,737.0800170898438,737.25,736.3800048828125,737.22998046875,524660
1785426900,2026-07-30T15:55:00.000Z,2026-07-30T11:55:00.000,737.22998046875,737.6699829101562,737.0601196289062,737.1300048828125,590600
1785427200,2026-07-30T16:00:00.000Z,2026-07-30T12:00:00.000,737.1500244140625,738.345703125,736.8699951171875,738.280029296875,768816
1785427500,2026-07-30T16:05:00.000Z,2026-07-30T12:05:00.000,738.27001953125,738.4299926757812,737.8800048828125,738.1900024414062,385370
1785427800,2026-07-30T16:10:00.000Z,2026-07-30T12:10:00.000,738.1799926757812,738.97998046875,738.1300048828125,738.864990234375,745890
1785428100,2026-07-30T16:15:00.000Z,2026-07-30T12:15:00.000,738.8699951171875,739.219970703125,738.8200073242188,738.9500122070312,285061
1785428400,2026-07-30T16:20:00.000Z,2026-07-30T12:20:00.000,738.9500122070312,739.1300048828125,738.5800170898438,738.6649780273438,409762
1785428700,2026-07-30T16:25:00.000Z,2026-07-30T12:25:00.000,738.6500244140625,738.969970703125,738.5402221679688,738.760009765625,208936
1785429000,2026-07-30T16:30:00.000Z,2026-07-30T12:30:00.000,738.77001953125,738.8900146484375,738.3599853515625,738.739990234375,308487
1785429300,2026-07-30T16:35:00.000Z,2026-07-30T12:35:00.000,738.7650146484375,739.0499877929688,738.4807739257812,738.510009765625,232896
1785429600,2026-07-30T16:40:00.000Z,2026-07-30T12:40:00.000,738.510009765625,738.5449829101562,737.7550048828125,738.030029296875,409450
1785429900,2026-07-30T16:45:00.000Z,2026-07-30T12:45:00.000,738.0399780273438,738.75,738,738.5599975585938,291951
1785430200,2026-07-30T16:50:00.000Z,2026-07-30T12:50:00.000,738.5900268554688,739.1699829101562,738.27001953125,738.969970703125,254477
1785430500,2026-07-30T16:55:00.000Z,2026-07-30T12:55:00.000,738.969970703125,739.1699829101562,738.7800903320312,738.9849853515625,203497
1785430800,2026-07-30T17:00:00.000Z,2026-07-30T13:00:00.000,738.97998046875,740.0499877929688,738.9799194335938,739.9500122070312,534185
1785431100,2026-07-30T17:05:00.000Z,2026-07-30T13:05:00.000,739.9600219726562,740.1300048828125,739.6195068359375,739.780029296875,327734
1785431400,2026-07-30T17:10:00.000Z,2026-07-30T13:10:00.000,739.7899780273438,739.989990234375,739.530029296875,739.7000122070312,579955
1785431700,2026-07-30T17:15:00.000Z,2026-07-30T13:15:00.000,739.7000122070312,740.239990234375,739.6400146484375,740.1799926757812,240039
1785432000,2026-07-30T17:20:00.000Z,2026-07-30T13:20:00.000,740.1699829101562,740.1799926757812,739.76123046875,739.97998046875,232907
1785432300,2026-07-30T17:25:00.000Z,2026-07-30T13:25:00.000,739.9600219726562,739.989990234375,739.6500244140625,739.760009765625,463383
1785432600,2026-07-30T17:30:00.000Z,2026-07-30T13:30:00.000,739.7650146484375,740.010009765625,739.3800048828125,739.530029296875,320664
1785432900,2026-07-30T17:35:00.000Z,2026-07-30T13:35:00.000,739.5399780273438,739.9299926757812,739.1900024414062,739.2999877929688,482773
1785433200,2026-07-30T17:40:00.000Z,2026-07-30T13:40:00.000,739.3499755859375,740.1599731445312,739.3499755859375,739.9099731445312,439077
1785433500,2026-07-30T17:45:00.000Z,2026-07-30T13:45:00.000,739.9099731445312,740.1599731445312,739.8599853515625,739.8703002929688,460648
1785433800,2026-07-30T17:50:00.000Z,2026-07-30T13:50:00.000,739.8699951171875,740.3800048828125,739.8200073242188,739.8699951171875,264502
1785434100,2026-07-30T17:55:00.000Z,2026-07-30T13:55:00.000,739.8599853515625,739.989990234375,739.6511840820312,739.780029296875,174042
1785434400,2026-07-30T18:00:00.000Z,2026-07-30T14:00:00.000,739.7849731445312,740.2999877929688,739.719970703125,739.760009765625,587491
1785434700,2026-07-30T18:05:00.000Z,2026-07-30T14:05:00.000,739.739990234375,740.219970703125,739.7050170898438,740.0850219726562,350183
1785435000,2026-07-30T18:10:00.000Z,2026-07-30T14:10:00.000,740.1199951171875,740.2999877929688,739.97998046875,740.2000122070312,379776
1785435300,2026-07-30T18:15:00.000Z,2026-07-30T14:15:00.000,740.219970703125,740.3599853515625,740.0599975585938,740.1699829101562,258804
1785435600,2026-07-30T18:20:00.000Z,2026-07-30T14:20:00.000,740.1500244140625,740.4400024414062,740.0599975585938,740.3099975585938,271499
1785435900,2026-07-30T18:25:00.000Z,2026-07-30T14:25:00.000,740.2999877929688,740.4099731445312,740.1199951171875,740.3800048828125,220586
1785436200,2026-07-30T18:30:00.000Z,2026-07-30T14:30:00.000,740.4000244140625,740.5900268554688,740.2000122070312,740.3200073242188,461007
1785436500,2026-07-30T18:35:00.000Z,2026-07-30T14:35:00.000,740.3099975585938,740.3800048828125,740.030029296875,740.1199951171875,362920
1785436800,2026-07-30T18:40:00.000Z,2026-07-30T14:40:00.000,740.1099853515625,740.3900146484375,740.072509765625,740.3300170898438,447102
1785437100,2026-07-30T18:45:00.000Z,2026-07-30T14:45:00.000,740.3400268554688,740.5800170898438,740.3099975585938,740.510009765625,286530
1785437400,2026-07-30T18:50:00.000Z,2026-07-30T14:50:00.000,740.5,740.6900024414062,740.3900146484375,740.5,396608
1785437700,2026-07-30T18:55:00.000Z,2026-07-30T14:55:00.000,740.489990234375,740.8300170898438,740.3900146484375,740.77001953125,300577
1785438000,2026-07-30T19:00:00.000Z,2026-07-30T15:00:00.000,740.75,741.35498046875,740.739990234375,741.2150268554688,486213
1785438300,2026-07-30T19:05:00.000Z,2026-07-30T15:05:00.000,741.22998046875,741.8099975585938,741.1400146484375,741.7750244140625,587863
1785438600,2026-07-30T19:10:00.000Z,2026-07-30T15:10:00.000,741.780029296875,742.2999877929688,741.760009765625,742.0700073242188,562828
1785438900,2026-07-30T19:15:00.000Z,2026-07-30T15:15:00.000,742.0599975585938,742.4500122070312,741.8099975585938,742.2899780273438,459565
1785439200,2026-07-30T19:20:00.000Z,2026-07-30T15:20:00.000,742.3095703125,742.3099975585938,741.9600219726562,742.0399780273438,853964
1785439500,2026-07-30T19:25:00.000Z,2026-07-30T15:25:00.000,742.030029296875,742.2100219726562,741.739990234375,741.780029296875,539449
1785439800,2026-07-30T19:30:00.000Z,2026-07-30T15:30:00.000,741.77001953125,741.989990234375,741.6500244140625,741.7650146484375,573565
1785440100,2026-07-30T19:35:00.000Z,2026-07-30T15:35:00.000,741.77001953125,741.9000244140625,741.4299926757812,741.72998046875,1137061
1785440400,2026-07-30T19:40:00.000Z,2026-07-30T15:40:00.000,741.72998046875,741.9099731445312,741.52001953125,741.7899780273438,840977
1785440700,2026-07-30T19:45:00.000Z,2026-07-30T15:45:00.000,741.7999877929688,741.8800048828125,741.3099975585938,741.6099853515625,2424614
1785441000,2026-07-30T19:50:00.000Z,2026-07-30T15:50:00.000,741.5900268554688,741.6500244140625,741.1400146484375,741.3900146484375,2223414
1785441300,2026-07-30T19:55:00.000Z,2026-07-30T15:55:00.000,741.4099731445312,742.0999755859375,741,741.72998046875,5384123
1785504600,2026-07-31T13:30:00.000Z,2026-07-31T09:30:00.000,744.6799926757812,746.301025390625,744.5800170898438,746,2361327
1785504900,2026-07-31T13:35:00.000Z,2026-07-31T09:35:00.000,745.97998046875,746.260009765625,744.1099853515625,744.1220092773438,1141953
1785505200,2026-07-31T13:40:00.000Z,2026-07-31T09:40:00.000,744.1300048828125,744.2100219726562,742.8400268554688,743.0999755859375,1343432
1785505500,2026-07-31T13:45:00.000Z,2026-07-31T09:45:00.000,743.0999755859375,743.5999755859375,741.989990234375,742.2750244140625,1072726
1785505800,2026-07-31T13:50:00.000Z,2026-07-31T09:50:00.000,742.2849731445312,742.6799926757812,741.5499877929688,742,928049
1785506100,2026-07-31T13:55:00.000Z,2026-07-31T09:55:00.000,742.010009765625,742.8300170898438,741.6900024414062,741.9400024414062,719610
1785506400,2026-07-31T14:00:00.000Z,2026-07-31T10:00:00.000,741.9400024414062,742.364990234375,740.2899780273438,740.322509765625,846677
1785506700,2026-07-31T14:05:00.000Z,2026-07-31T10:05:00.000,740.2949829101562,740.75,738.4299926757812,739.1400146484375,1217952
1785507000,2026-07-31T14:10:00.000Z,2026-07-31T10:10:00.000,739.1500244140625,739.3900146484375,737.969970703125,738.47802734375,1280307
1785507300,2026-07-31T14:15:00.000Z,2026-07-31T10:15:00.000,738.469970703125,739.5,737.6799926757812,738.6300048828125,1235745
1785507600,2026-07-31T14:20:00.000Z,2026-07-31T10:20:00.000,738.6099853515625,740.1199951171875,738.3800048828125,739.510009765625,945580
1785507900,2026-07-31T14:25:00.000Z,2026-07-31T10:25:00.000,739.510009765625,740.5700073242188,739.280029296875,740.489990234375,755236
1785508200,2026-07-31T14:30:00.000Z,2026-07-31T10:30:00.000,740.47998046875,741.1799926757812,740.1300048828125,740.489990234375,679280
1785508500,2026-07-31T14:35:00.000Z,2026-07-31T10:35:00.000,740.47998046875,741.4099731445312,740.4500122070312,741.2249755859375,539441
1785508800,2026-07-31T14:40:00.000Z,2026-07-31T10:40:00.000,741.2100219726562,741.6599731445312,740.5800170898438,741.625,505040
1785509100,2026-07-31T14:45:00.000Z,2026-07-31T10:45:00.000,741.5999755859375,742.4970092773438,741.4400024414062,742.4229125976562,562833
1785509400,2026-07-31T14:50:00.000Z,2026-07-31T10:50:00.000,742.4199829101562,742.9500122070312,742.0488891601562,742.1900024414062,528639
1785509700,2026-07-31T14:55:00.000Z,2026-07-31T10:55:00.000,742.1900024414062,742.6900024414062,741.510009765625,742.5,410682
1785510000,2026-07-31T15:00:00.000Z,2026-07-31T11:00:00.000,742.530029296875,742.7050170898438,741.760009765625,742.5050048828125,325179
1785510300,2026-07-31T15:05:00.000Z,2026-07-31T11:05:00.000,742.5200805664062,742.8200073242188,741.4600219726562,741.8300170898438,379746
1785510600,2026-07-31T15:10:00.000Z,2026-07-31T11:10:00.000,741.8400268554688,742.489990234375,741.1237182617188,742.1500244140625,315476
1785510900,2026-07-31T15:15:00.000Z,2026-07-31T11:15:00.000,742.1400146484375,743.0999755859375,741.510009765625,741.9500122070312,388881
1785511200,2026-07-31T15:20:00.000Z,2026-07-31T11:20:00.000,741.9199829101562,742.1699829101562,741,741.0800170898438,387515
1785511500,2026-07-31T15:25:00.000Z,2026-07-31T11:25:00.000,741.02001953125,741.211181640625,740.0900268554688,740.2999877929688,606756
1785511800,2026-07-31T15:30:00.000Z,2026-07-31T11:30:00.000,740.2899780273438,741,739.8099975585938,740.739990234375,471108
1785512100,2026-07-31T15:35:00.000Z,2026-07-31T11:35:00.000,740.75,742.3350219726562,740.6799926757812,742.0650024414062,665735
1785512400,2026-07-31T15:40:00.000Z,2026-07-31T11:40:00.000,742.0599975585938,742.3400268554688,740.9700927734375,741.8200073242188,268217
1785512700,2026-07-31T15:45:00.000Z,2026-07-31T11:45:00.000,741.8300170898438,741.97998046875,741.10498046875,741.4299926757812,257942
1785513000,2026-07-31T15:50:00.000Z,2026-07-31T11:50:00.000,741.4199829101562,742.9400024414062,741.2899780273438,742.8049926757812,322510
1785513300,2026-07-31T15:55:00.000Z,2026-07-31T11:55:00.000,742.780029296875,743.3300170898438,742.5499877929688,743.0908203125,412576
1785513600,2026-07-31T16:00:00.000Z,2026-07-31T12:00:00.000,743.0900268554688,743.5599975585938,742.9199829101562,743.25,378058
1785513900,2026-07-31T16:05:00.000Z,2026-07-31T12:05:00.000,743.239990234375,743.3900146484375,742.4600219726562,743.0399780273438,495945
1785514200,2026-07-31T16:10:00.000Z,2026-07-31T12:10:00.000,743.0449829101562,743.6599731445312,743,743.5499877929688,393988
1785514500,2026-07-31T16:15:00.000Z,2026-07-31T12:15:00.000,743.52001953125,743.5999755859375,742.780029296875,743.3049926757812,277585
1785514800,2026-07-31T16:20:00.000Z,2026-07-31T12:20:00.000,743.2899780273438,744.4299926757812,743.25,744.285888671875,397448
1785515100,2026-07-31T16:25:00.000Z,2026-07-31T12:25:00.000,744.2899780273438,744.4199829101562,743.7999877929688,744.4199829101562,244371
1785515400,2026-07-31T16:30:00.000Z,2026-07-31T12:30:00.000,744.4299926757812,744.8298950195312,744.280029296875,744.780029296875,373165
1785515700,2026-07-31T16:35:00.000Z,2026-07-31T12:35:00.000,744.780029296875,745.030029296875,744.3499755859375,744.5499877929688,308507
1785516000,2026-07-31T16:40:00.000Z,2026-07-31T12:40:00.000,744.530029296875,744.77001953125,744.0900268554688,744.1699829101562,269195
1785516300,2026-07-31T16:45:00.000Z,2026-07-31T12:45:00.000,744.1599731445312,744.5999755859375,743.989990234375,744.530029296875,238591
1785516600,2026-07-31T16:50:00.000Z,2026-07-31T12:50:00.000,744.5700073242188,745.02001953125,744.4299926757812,744.592529296875,216358
1785516900,2026-07-31T16:55:00.000Z,2026-07-31T12:55:00.000,744.5800170898438,744.8599853515625,744.5250244140625,744.6199951171875,193880
1785517200,2026-07-31T17:00:00.000Z,2026-07-31T13:00:00.000,744.6199951171875,745.3060302734375,744.5,745.0599975585938,387170
1785517500,2026-07-31T17:05:00.000Z,2026-07-31T13:05:00.000,745.030029296875,745.260009765625,744.5499877929688,744.8099975585938,268677
1785517800,2026-07-31T17:10:00.000Z,2026-07-31T13:10:00.000,744.7899780273438,745.2899780273438,744.6300048828125,745.2249755859375,478960
1785518100,2026-07-31T17:15:00.000Z,2026-07-31T13:15:00.000,745.219970703125,745.510009765625,745.0999755859375,745.4500122070312,259359
1785518400,2026-07-31T17:20:00.000Z,2026-07-31T13:20:00.000,745.4400024414062,746.0999755859375,745.2000122070312,746.0399780273438,354634
1785518700,2026-07-31T17:25:00.000Z,2026-07-31T13:25:00.000,746.0399780273438,746.4000244140625,745.9099731445312,746.2899780273438,724209
1785519000,2026-07-31T17:30:00.000Z,2026-07-31T13:30:00.000,746.2999877929688,746.4400024414062,746.0599975585938,746.364990234375,349311
1785519300,2026-07-31T17:35:00.000Z,2026-07-31T13:35:00.000,746.3499755859375,746.5,745.75,745.7899169921875,541313
1785519600,2026-07-31T17:40:00.000Z,2026-07-31T13:40:00.000,745.77001953125,746.030029296875,745.6099853515625,745.842529296875,340151
1785519900,2026-07-31T17:45:00.000Z,2026-07-31T13:45:00.000,745.8599853515625,746.1099853515625,745.22998046875,745.2899780273438,772408
1785520200,2026-07-31T17:50:00.000Z,2026-07-31T13:50:00.000,745.27001953125,745.8599853515625,745.1900024414062,745.5900268554688,350266
1785520500,2026-07-31T17:55:00.000Z,2026-07-31T13:55:00.000,745.5850219726562,745.77001953125,745.4099731445312,745.4400024414062,278582
1785520800,2026-07-31T18:00:00.000Z,2026-07-31T14:00:00.000,745.4400024414062,746.0198974609375,745.2949829101562,745.6400146484375,421654
1785521100,2026-07-31T18:05:00.000Z,2026-07-31T14:05:00.000,745.6400146484375,746.0399780273438,745.469970703125,745.8900146484375,275172
1785521400,2026-07-31T18:10:00.000Z,2026-07-31T14:10:00.000,745.8900146484375,746.030029296875,745.52001953125,745.719970703125,241354
1785521700,2026-07-31T18:15:00.000Z,2026-07-31T14:15:00.000,745.6900024414062,746.260009765625,745.6300048828125,746.0850219726562,322018
1785522000,2026-07-31T18:20:00.000Z,2026-07-31T14:20:00.000,746.0800170898438,746.4299926757812,746.010009765625,746.3300170898438,391030
1785522300,2026-07-31T18:25:00.000Z,2026-07-31T14:25:00.000,746.3400268554688,746.3599853515625,745.9099731445312,746.010009765625,1032930
1785522600,2026-07-31T18:30:00.000Z,2026-07-31T14:30:00.000,746.0399780273438,746.2750244140625,746.030029296875,746.0900268554688,295203
1785522900,2026-07-31T18:35:00.000Z,2026-07-31T14:35:00.000,746.0700073242188,746.0999755859375,745.75,745.8200073242188,588344
1785523200,2026-07-31T18:40:00.000Z,2026-07-31T14:40:00.000,745.8099975585938,746.1799926757812,745.6699829101562,746.0650024414062,397597
1785523500,2026-07-31T18:45:00.000Z,2026-07-31T14:45:00.000,746.0800170898438,746.3699951171875,745.9199829101562,746.3400268554688,442739
1785523800,2026-07-31T18:50:00.000Z,2026-07-31T14:50:00.000,746.3300170898438,746.5399780273438,746.1900024414062,746.239990234375,498599
1785524100,2026-07-31T18:55:00.000Z,2026-07-31T14:55:00.000,746.239990234375,746.3699951171875,745.9000244140625,746.155029296875,435798
1785524400,2026-07-31T19:00:00.000Z,2026-07-31T15:00:00.000,746.1400146484375,746.5700073242188,745.8800048828125,745.8800048828125,384081
1785524700,2026-07-31T19:05:00.000Z,2026-07-31T15:05:00.000,745.9199829101562,746.239990234375,745.7899780273438,746.1599731445312,540213
1785525000,2026-07-31T19:10:00.000Z,2026-07-31T15:10:00.000,746.1599731445312,746.530029296875,746.1199951171875,746.3300170898438,628266
1785525300,2026-07-31T19:15:00.000Z,2026-07-31T15:15:00.000,746.3250122070312,747.5549926757812,746.260009765625,747.52001953125,1294128
1785525600,2026-07-31T19:20:00.000Z,2026-07-31T15:20:00.000,747.52001953125,747.9199829101562,747.4099731445312,747.4949951171875,1001378
1785525900,2026-07-31T19:25:00.000Z,2026-07-31T15:25:00.000,747.489990234375,747.6699829101562,747.3300170898438,747.489990234375,1336398
1785526200,2026-07-31T19:30:00.000Z,2026-07-31T15:30:00.000,747.489990234375,747.510009765625,746.8699951171875,747.1699829101562,952697
1785526500,2026-07-31T19:35:00.000Z,2026-07-31T15:35:00.000,747.1799926757812,747.64501953125,747.1500244140625,747.5599975585938,974739
1785526800,2026-07-31T19:40:00.000Z,2026-07-31T15:40:00.000,747.5399780273438,748.1099853515625,747.2999877929688,748.094970703125,1014375
1785527100,2026-07-31T19:45:00.000Z,2026-07-31T15:45:00.000,748.0999755859375,748.510009765625,748.0700073242188,748.5,1566180
1785527400,2026-07-31T19:50:00.000Z,2026-07-31T15:50:00.000,748.489990234375,748.89501953125,747.8400268554688,748.594970703125,1539906
1785527700,2026-07-31T19:55:00.000Z,2026-07-31T15:55:00.000,748.5800170898438,748.6900024414062,746.3400268554688,746.8099975585938,4267686
1785763800,2026-08-03T13:30:00.000Z,2026-08-03T09:30:00.000,749.4400024414062,751.3200073242188,749.0999755859375,750.780029296875,2814090
1785764100,2026-08-03T13:35:00.000Z,2026-08-03T09:35:00.000,750.760009765625,751.9400024414062,750.739990234375,751.719970703125,1182383
1785764400,2026-08-03T13:40:00.000Z,2026-08-03T09:40:00.000,751.7000122070312,751.8300170898438,750.969970703125,751.5800170898438,779930
1785764700,2026-08-03T13:45:00.000Z,2026-08-03T09:45:00.000,751.5900268554688,752.3300170898438,751.3699951171875,751.9099731445312,989041
1785765000,2026-08-03T13:50:00.000Z,2026-08-03T09:50:00.000,751.9199829101562,752.9500122070312,751.5999755859375,752.760009765625,1051955
1785765300,2026-08-03T13:55:00.000Z,2026-08-03T09:55:00.000,752.7650146484375,753.638671875,752.6500854492188,753.5999755859375,865548
1785765600,2026-08-03T14:00:00.000Z,2026-08-03T10:00:00.000,753.6199951171875,753.9500122070312,753,753.4099731445312,687378
1785765900,2026-08-03T14:05:00.000Z,2026-08-03T10:05:00.000,753.4099731445312,753.6400146484375,753.1699829101562,753.5800170898438,569103
1785766200,2026-08-03T14:10:00.000Z,2026-08-03T10:10:00.000,753.5701293945312,754.0499877929688,753.5499877929688,753.9000244140625,756162
1785766500,2026-08-03T14:15:00.000Z,2026-08-03T10:15:00.000,753.8900146484375,754.5399780273438,753.8300170898438,754.1826782226562,705702
1785766800,2026-08-03T14:20:00.000Z,2026-08-03T10:20:00.000,754.1900024414062,754.780029296875,754.1599731445312,754.619873046875,855195
1785767100,2026-08-03T14:25:00.000Z,2026-08-03T10:25:00.000,754.6199951171875,754.77001953125,754.3619995117188,754.5,917643
1785767400,2026-08-03T14:30:00.000Z,2026-08-03T10:30:00.000,754.5,754.6400146484375,754.3099975585938,754.510009765625,856562
1785767700,2026-08-03T14:35:00.000Z,2026-08-03T10:35:00.000,754.52001953125,754.9349975585938,754.4301147460938,754.7949829101562,622383
1785768000,2026-08-03T14:40:00.000Z,2026-08-03T10:40:00.000,754.7899780273438,755.1649780273438,754.75,754.9000244140625,728742
1785768300,2026-08-03T14:45:00.000Z,2026-08-03T10:45:00.000,754.9099731445312,754.9600219726562,754.7050170898438,754.8699951171875,546306
1785768600,2026-08-03T14:50:00.000Z,2026-08-03T10:50:00.000,754.8699951171875,755.1400146484375,754.8150024414062,754.9199829101562,714168
1785768900,2026-08-03T14:55:00.000Z,2026-08-03T10:55:00.000,754.9149780273438,755.405517578125,754.9149780273438,755.3701171875,552651
1785769200,2026-08-03T15:00:00.000Z,2026-08-03T11:00:00.000,755.3800048828125,755.4299926757812,755.094970703125,755.239990234375,761862
1785769500,2026-08-03T15:05:00.000Z,2026-08-03T11:05:00.000,755.239990234375,755.25,754.7899780273438,754.9500122070312,416538
1785769800,2026-08-03T15:10:00.000Z,2026-08-03T11:10:00.000,754.9400024414062,755.1300048828125,754.7999877929688,755.0549926757812,536919
1785770100,2026-08-03T15:15:00.000Z,2026-08-03T11:15:00.000,755.0549926757812,755.4000244140625,755.0499877929688,755.3900146484375,574404
1785770400,2026-08-03T15:20:00.000Z,2026-08-03T11:20:00.000,755.4000244140625,755.6900024414062,755.3800048828125,755.5800170898438,525449
1785770700,2026-08-03T15:25:00.000Z,2026-08-03T11:25:00.000,755.5750122070312,755.7000122070312,755.02001953125,755.1099853515625,700928
1785771000,2026-08-03T15:30:00.000Z,2026-08-03T11:30:00.000,755.1199951171875,755.469970703125,755.0750122070312,755.2999877929688,546004
1785771300,2026-08-03T15:35:00.000Z,2026-08-03T11:35:00.000,755.2899780273438,755.6199951171875,755.2000122070312,755.5599975585938,1677014
1785771600,2026-08-03T15:40:00.000Z,2026-08-03T11:40:00.000,755.5449829101562,755.8300170898438,755.530029296875,755.6400756835938,425499
1785771900,2026-08-03T15:45:00.000Z,2026-08-03T11:45:00.000,755.6500244140625,756.0700073242188,755.6500244140625,756.02001953125,683205
1785772200,2026-08-03T15:50:00.000Z,2026-08-03T11:50:00.000,756.030029296875,756.2100219726562,755.969970703125,756.1799926757812,315176
1785772500,2026-08-03T15:55:00.000Z,2026-08-03T11:55:00.000,756.1699829101562,756.1900024414062,755.8214111328125,755.9550170898438,392424
1785772800,2026-08-03T16:00:00.000Z,2026-08-03T12:00:00.000,755.9600219726562,756.1699829101562,755.9301147460938,756,297262
1785773100,2026-08-03T16:05:00.000Z,2026-08-03T12:05:00.000,756.0025024414062,756.0900268554688,755.864990234375,756.0291137695312,536475
1785773400,2026-08-03T16:10:00.000Z,2026-08-03T12:10:00.000,756.0499267578125,756.0499877929688,755.760009765625,755.989990234375,388291
1785773700,2026-08-03T16:15:00.000Z,2026-08-03T12:15:00.000,755.989990234375,756.27001953125,755.9600219726562,756.2349853515625,587120
1785774000,2026-08-03T16:20:00.000Z,2026-08-03T12:20:00.000,756.2349853515625,756.2899780273438,756.0750122070312,756.260009765625,268717
1785774300,2026-08-03T16:25:00.000Z,2026-08-03T12:25:00.000,756.260009765625,756.5999755859375,756.1799926757812,756.5700073242188,433356
1785774600,2026-08-03T16:30:00.000Z,2026-08-03T12:30:00.000,756.5700073242188,756.6199951171875,756.3217163085938,756.4349975585938,704767
1785774900,2026-08-03T16:35:00.000Z,2026-08-03T12:35:00.000,756.4299926757812,756.4299926757812,756.2100219726562,756.2899780273438,399778
1785775200,2026-08-03T16:40:00.000Z,2026-08-03T12:40:00.000,756.2899780273438,756.5050048828125,756.22998046875,756.469970703125,360899
1785775500,2026-08-03T16:45:00.000Z,2026-08-03T12:45:00.000,756.47998046875,756.5,756.2999877929688,756.3099975585938,370115
1785775800,2026-08-03T16:50:00.000Z,2026-08-03T12:50:00.000,756.3200073242188,756.3800048828125,756.030029296875,756.0499877929688,431609
1785776100,2026-08-03T16:55:00.000Z,2026-08-03T12:55:00.000,756.0499877929688,756.3499755859375,756.0150146484375,756.219970703125,282492
1785776400,2026-08-03T17:00:00.000Z,2026-08-03T13:00:00.000,756.219970703125,756.2999877929688,756.030029296875,756.2100219726562,416913
1785776700,2026-08-03T17:05:00.000Z,2026-08-03T13:05:00.000,756.2100219726562,756.2999877929688,755.97998046875,756.2150268554688,492900
1785777000,2026-08-03T17:10:00.000Z,2026-08-03T13:10:00.000,756.2100219726562,756.6099853515625,756.2100219726562,756.510009765625,303766
1785777300,2026-08-03T17:15:00.000Z,2026-08-03T13:15:00.000,756.51171875,756.7899780273438,756.4949951171875,756.77001953125,375228
1785777600,2026-08-03T17:20:00.000Z,2026-08-03T13:20:00.000,756.77001953125,757.0150146484375,756.6699829101562,756.9650268554688,380249
1785777900,2026-08-03T17:25:00.000Z,2026-08-03T13:25:00.000,756.9650268554688,757.155029296875,756.8400268554688,757.0850219726562,412070
1785778200,2026-08-03T17:30:00.000Z,2026-08-03T13:30:00.000,757.083984375,757.3599853515625,757.010009765625,757.35498046875,386141
1785778500,2026-08-03T17:35:00.000Z,2026-08-03T13:35:00.000,757.3499755859375,757.469970703125,757.1199951171875,757.2100219726562,462426
1785778800,2026-08-03T17:40:00.000Z,2026-08-03T13:40:00.000,757.22998046875,757.3400268554688,757.1599731445312,757.3300170898438,187564
1785779100,2026-08-03T17:45:00.000Z,2026-08-03T13:45:00.000,757.3200073242188,757.52001953125,757.3200073242188,757.4400024414062,568490
1785779400,2026-08-03T17:50:00.000Z,2026-08-03T13:50:00.000,757.4500122070312,757.6199951171875,757.4099731445312,757.5999755859375,1919089
1785779700,2026-08-03T17:55:00.000Z,2026-08-03T13:55:00.000,757.5999755859375,757.780029296875,757.5599975585938,757.6450805664062,506377
1785780000,2026-08-03T18:00:00.000Z,2026-08-03T14:00:00.000,757.64501953125,758.1400146484375,757.6400146484375,758.1400146484375,585793
1785780300,2026-08-03T18:05:00.000Z,2026-08-03T14:05:00.000,758.135009765625,758.3200073242188,758.0800170898438,758.3049926757812,589387
1785780600,2026-08-03T18:10:00.000Z,2026-08-03T14:10:00.000,758.3099975585938,758.3300170898438,757.8635864257812,758.010009765625,498353
1785780900,2026-08-03T18:15:00.000Z,2026-08-03T14:15:00.000,758.0150146484375,758.3099975585938,757.9000244140625,757.9600219726562,469204
1785781200,2026-08-03T18:20:00.000Z,2026-08-03T14:20:00.000,757.969970703125,758.1699829101562,757.7999877929688,757.9500122070312,331124
1785781500,2026-08-03T18:25:00.000Z,2026-08-03T14:25:00.000,757.9400024414062,758.0499877929688,757.47998046875,757.5700073242188,399077
1785781800,2026-08-03T18:30:00.000Z,2026-08-03T14:30:00.000,757.5800170898438,757.8200073242188,757.3400268554688,757.510009765625,611117
1785782100,2026-08-03T18:35:00.000Z,2026-08-03T14:35:00.000,757.52001953125,757.8099975585938,757.47998046875,757.6699829101562,565082
1785782400,2026-08-03T18:40:00.000Z,2026-08-03T14:40:00.000,757.6799926757812,758.1099853515625,757.5800170898438,758.0850219726562,395689
1785782700,2026-08-03T18:45:00.000Z,2026-08-03T14:45:00.000,758.0900268554688,758.1900024414062,757.760009765625,758.10498046875,559451
1785783000,2026-08-03T18:50:00.000Z,2026-08-03T14:50:00.000,758.10498046875,758.2899780273438,757.9199829101562,758.0800170898438,385601
1785783300,2026-08-03T18:55:00.000Z,2026-08-03T14:55:00.000,758.0800170898438,758.22998046875,757.9199829101562,757.9349975585938,344276
1785783600,2026-08-03T19:00:00.000Z,2026-08-03T15:00:00.000,757.9400024414062,758.5800170898438,757.9400024414062,758.5,433642
1785783900,2026-08-03T19:05:00.000Z,2026-08-03T15:05:00.000,758.5004272460938,758.5399780273438,758.0700073242188,758.1900024414062,388446
1785784200,2026-08-03T19:10:00.000Z,2026-08-03T15:10:00.000,758.1950073242188,758.4099731445312,758.0850219726562,758.1799926757812,373906
1785784500,2026-08-03T19:15:00.000Z,2026-08-03T15:15:00.000,758.1810302734375,758.4400024414062,758.1799926757812,758.3400268554688,451729
1785784800,2026-08-03T19:20:00.000Z,2026-08-03T15:20:00.000,758.3499755859375,758.4500122070312,758.219970703125,758.4149780273438,419583
1785785100,2026-08-03T19:25:00.000Z,2026-08-03T15:25:00.000,758.4149780273438,758.5499877929688,758.260009765625,758.3400268554688,495251
1785785400,2026-08-03T19:30:00.000Z,2026-08-03T15:30:00.000,758.3499755859375,758.510009765625,758.2000122070312,758.3406982421875,719106
1785785700,2026-08-03T19:35:00.000Z,2026-08-03T15:35:00.000,758.3599853515625,758.4600219726562,757.9600219726562,758,821114
1785786000,2026-08-03T19:40:00.000Z,2026-08-03T15:40:00.000,758.010009765625,758.1649780273438,757.8599853515625,758.0700073242188,1008223
1785786300,2026-08-03T19:45:00.000Z,2026-08-03T15:45:00.000,758.0700073242188,758.25,757.9299926757812,758.1400146484375,1089275
1785786600,2026-08-03T19:50:00.000Z,2026-08-03T15:50:00.000,758.1500244140625,758.4099731445312,757.6400146484375,757.780029296875,1585858
1785786900,2026-08-03T19:55:00.000Z,2026-08-03T15:55:00.000,757.77001953125,757.9849853515625,757.4400024414062,757.6699829101562,3196714
1785850200,2026-08-04T13:30:00.000Z,2026-08-04T09:30:00.000,760.6300048828125,761.8800048828125,760.52001953125,761.8499755859375,2403799
1785850500,2026-08-04T13:35:00.000Z,2026-08-04T09:35:00.000,761.8300170898438,762.1900024414062,761.5399780273438,761.9500122070312,853271
1785850800,2026-08-04T13:40:00.000Z,2026-08-04T09:40:00.000,761.9600219726562,762.2100219726562,761.6199951171875,761.8524780273438,645544
1785851100,2026-08-04T13:45:00.000Z,2026-08-04T09:45:00.000,761.8599853515625,762.5349731445312,761.8599853515625,762.530029296875,868173
1785851400,2026-08-04T13:50:00.000Z,2026-08-04T09:50:00.000,762.5399780273438,763.47998046875,762.4000244140625,763.4199829101562,838596
1785851700,2026-08-04T13:55:00.000Z,2026-08-04T09:55:00.000,763.4400024414062,763.4400024414062,762.6651000976562,763.3900146484375,792816
1785852000,2026-08-04T14:00:00.000Z,2026-08-04T10:00:00.000,763.3699951171875,764.1300048828125,763.0900268554688,763.8699951171875,1027586
1785852300,2026-08-04T14:05:00.000Z,2026-08-04T10:05:00.000,763.8800048828125,764.5499877929688,763.7999877929688,764.3400268554688,757078
1785852600,2026-08-04T14:10:00.000Z,2026-08-04T10:10:00.000,764.3400268554688,764.8599853515625,764.3099975585938,764.85498046875,522181
1785852900,2026-08-04T14:15:00.000Z,2026-08-04T10:15:00.000,764.8499755859375,765.3828125,764.77001953125,765.2449951171875,671630
1785853200,2026-08-04T14:20:00.000Z,2026-08-04T10:20:00.000,765.25,765.280029296875,764.1699829101562,764.3300170898438,916082
1785853500,2026-08-04T14:25:00.000Z,2026-08-04T10:25:00.000,764.3300170898438,764.8499755859375,764.3198852539062,764.489990234375,596876
1785853800,2026-08-04T14:30:00.000Z,2026-08-04T10:30:00.000,764.489990234375,765.02001953125,764.0999755859375,764.9349975585938,643452
1785854100,2026-08-04T14:35:00.000Z,2026-08-04T10:35:00.000,764.9299926757812,765.719970703125,764.760009765625,765.1599731445312,734396
1785854400,2026-08-04T14:40:00.000Z,2026-08-04T10:40:00.000,765.1672973632812,765.8599853515625,765.094970703125,765.7899780273438,737613
1785854700,2026-08-04T14:45:00.000Z,2026-08-04T10:45:00.000,765.780029296875,765.9600219726562,765.5900268554688,765.9199829101562,632872
1785855000,2026-08-04T14:50:00.000Z,2026-08-04T10:50:00.000,765.9199829101562,766.030029296875,765.6400146484375,765.9000244140625,491238
1785855300,2026-08-04T14:55:00.000Z,2026-08-04T10:55:00.000,765.9000244140625,766.4199829101562,765.8099975585938,766.2999877929688,905205
1785855600,2026-08-04T15:00:00.000Z,2026-08-04T11:00:00.000,766.3300170898438,766.8900146484375,766.1699829101562,766.8499755859375,540916
1785855900,2026-08-04T15:05:00.000Z,2026-08-04T11:05:00.000,766.8599853515625,766.8699951171875,766.3900146484375,766.8499755859375,698891
1785856200,2026-08-04T15:10:00.000Z,2026-08-04T11:10:00.000,766.85498046875,767.1599731445312,766.719970703125,766.9099731445312,418177
1785856500,2026-08-04T15:15:00.000Z,2026-08-04T11:15:00.000,766.9199829101562,767.3499755859375,766.8900146484375,767.3250122070312,639315
1785856800,2026-08-04T15:20:00.000Z,2026-08-04T11:20:00.000,767.3300170898438,767.7514038085938,767.2050170898438,767.739990234375,576418
1785857100,2026-08-04T15:25:00.000Z,2026-08-04T11:25:00.000,767.75,767.8699951171875,767.280029296875,767.3499755859375,734509
1785857400,2026-08-04T15:30:00.000Z,2026-08-04T11:30:00.000,767.3400268554688,767.5700073242188,767.1599731445312,767.260009765625,459242
1785857700,2026-08-04T15:35:00.000Z,2026-08-04T11:35:00.000,767.27001953125,768.0899047851562,767.2249755859375,767.7999877929688,620918
1785858000,2026-08-04T15:40:00.000Z,2026-08-04T11:40:00.000,767.780029296875,768.3400268554688,767.7349853515625,768.280029296875,1316760
1785858300,2026-08-04T15:45:00.000Z,2026-08-04T11:45:00.000,768.280029296875,768.7000122070312,768.260009765625,768.64990234375,599127
1785858600,2026-08-04T15:50:00.000Z,2026-08-04T11:50:00.000,768.6400146484375,768.9000244140625,768.1799926757812,768.27001953125,639140
1785858900,2026-08-04T15:55:00.000Z,2026-08-04T11:55:00.000,768.260009765625,768.6400146484375,768.1900024414062,768.4400024414062,359098
1785859200,2026-08-04T16:00:00.000Z,2026-08-04T12:00:00.000,768.4450073242188,768.8599853515625,768.4149780273438,768.7249755859375,508135
1785859500,2026-08-04T16:05:00.000Z,2026-08-04T12:05:00.000,768.7249755859375,768.9400024414062,768.3400268554688,768.3800048828125,485229
1785859800,2026-08-04T16:10:00.000Z,2026-08-04T12:10:00.000,768.3995971679688,768.52001953125,768.1400146484375,768.2550048828125,936859
1785860100,2026-08-04T16:15:00.000Z,2026-08-04T12:15:00.000,768.2650146484375,768.7899780273438,768.239990234375,768.75,697184
1785860400,2026-08-04T16:20:00.000Z,2026-08-04T12:20:00.000,768.760009765625,769.280029296875,768.719970703125,769.219970703125,385414
1785860700,2026-08-04T16:25:00.000Z,2026-08-04T12:25:00.000,769.2150268554688,769.3400268554688,769.02001953125,769.239990234375,520302
1785861000,2026-08-04T16:30:00.000Z,2026-08-04T12:30:00.000,769.219970703125,769.5999755859375,769,769.4749755859375,597144
1785861300,2026-08-04T16:35:00.000Z,2026-08-04T12:35:00.000,769.47998046875,769.6799926757812,769.239990234375,769.4849853515625,828303
1785861600,2026-08-04T16:40:00.000Z,2026-08-04T12:40:00.000,769.4849853515625,770.010009765625,769.3900146484375,769.97998046875,634595
1785861900,2026-08-04T16:45:00.000Z,2026-08-04T12:45:00.000,769.989990234375,770.2249755859375,769.97998046875,770.1950073242188,437651
1785862200,2026-08-04T16:50:00.000Z,2026-08-04T12:50:00.000,770.1898803710938,770.3200073242188,770.0549926757812,770.1900024414062,360572
1785862500,2026-08-04T16:55:00.000Z,2026-08-04T12:55:00.000,770.1900024414062,770.27001953125,770.0499877929688,770.2650146484375,313627
1785862800,2026-08-04T17:00:00.000Z,2026-08-04T13:00:00.000,770.27001953125,771.030029296875,770.1649780273438,771.0089721679688,777474
1785863100,2026-08-04T17:05:00.000Z,2026-08-04T13:05:00.000,771.010009765625,771.2849731445312,770.72998046875,771.0499877929688,822525
1785863400,2026-08-04T17:10:00.000Z,2026-08-04T13:10:00.000,771.0399780273438,771.22998046875,770.9199829101562,771.219970703125,542050
1785863700,2026-08-04T17:15:00.000Z,2026-08-04T13:15:00.000,771.22998046875,771.60498046875,771.219970703125,771.3699951171875,696042
1785864000,2026-08-04T17:20:00.000Z,2026-08-04T13:20:00.000,771.375,771.4099731445312,770.9500122070312,771.2050170898438,394203
1785864300,2026-08-04T17:25:00.000Z,2026-08-04T13:25:00.000,771.2050170898438,771.47998046875,771.1300048828125,771.280029296875,388198
1785864600,2026-08-04T17:30:00.000Z,2026-08-04T13:30:00.000,771.2899780273438,771.4000244140625,770.9650268554688,771.3800048828125,443758
1785864900,2026-08-04T17:35:00.000Z,2026-08-04T13:35:00.000,771.3599853515625,771.905029296875,771.3400268554688,771.8599853515625,412817
1785865200,2026-08-04T17:40:00.000Z,2026-08-04T13:40:00.000,771.8599853515625,772.344970703125,771.8599853515625,772.3300170898438,732752
1785865500,2026-08-04T17:45:00.000Z,2026-08-04T13:45:00.000,772.3250122070312,773.0850219726562,772.3250122070312,772.72998046875,857661
1785865800,2026-08-04T17:50:00.000Z,2026-08-04T13:50:00.000,772.7150268554688,772.7150268554688,771.64501953125,771.8699951171875,975625
1785866100,2026-08-04T17:55:00.000Z,2026-08-04T13:55:00.000,771.8800048828125,772.1500244140625,771.5700073242188,771.5700073242188,599267
1785866400,2026-08-04T18:00:00.000Z,2026-08-04T14:00:00.000,771.5700073242188,771.989990234375,771.0800170898438,771.330078125,742742
1785866700,2026-08-04T18:05:00.000Z,2026-08-04T14:05:00.000,771.3400268554688,771.989990234375,771.27001953125,771.8499755859375,509851
1785867000,2026-08-04T18:10:00.000Z,2026-08-04T14:10:00.000,771.844970703125,772.239990234375,771.7100219726562,772.1799926757812,541494
1785867300,2026-08-04T18:15:00.000Z,2026-08-04T14:15:00.000,772.1981201171875,772.3699951171875,771.97998046875,772.1099853515625,330958
1785867600,2026-08-04T18:20:00.000Z,2026-08-04T14:20:00.000,772.1099853515625,772.4500122070312,772.0499877929688,772.1300048828125,585209
1785867900,2026-08-04T18:25:00.000Z,2026-08-04T14:25:00.000,772.1199951171875,772.3800048828125,772.010009765625,772.3699951171875,326080
1785868200,2026-08-04T18:30:00.000Z,2026-08-04T14:30:00.000,772.3798828125,772.4797973632812,772.125,772.1699829101562,563294
1785868500,2026-08-04T18:35:00.000Z,2026-08-04T14:35:00.000,772.1649780273438,772.3200073242188,771.7899780273438,771.8900146484375,729539
1785868800,2026-08-04T18:40:00.000Z,2026-08-04T14:40:00.000,771.8800048828125,771.9000244140625,771.4099731445312,771.719970703125,450817
1785869100,2026-08-04T18:45:00.000Z,2026-08-04T14:45:00.000,771.72998046875,772.280029296875,771.719970703125,772.0700073242188,806972
1785869400,2026-08-04T18:50:00.000Z,2026-08-04T14:50:00.000,772.0499877929688,772.2899780273438,771.9210205078125,771.989990234375,422817
1785869700,2026-08-04T18:55:00.000Z,2026-08-04T14:55:00.000,771.9949951171875,772.1300048828125,771.9299926757812,772.0700073242188,364367
1785870000,2026-08-04T19:00:00.000Z,2026-08-04T15:00:00.000,772.0850219726562,772.9600219726562,772.0499877929688,772.780029296875,745681
1785870300,2026-08-04T19:05:00.000Z,2026-08-04T15:05:00.000,772.77001953125,773.02001953125,772.5499877929688,773.0198974609375,1289457
1785870600,2026-08-04T19:10:00.000Z,2026-08-04T15:10:00.000,773,773.0391235351562,772.719970703125,772.8800048828125,513920
1785870900,2026-08-04T19:15:00.000Z,2026-08-04T15:15:00.000,772.8800048828125,773.0800170898438,772.7520141601562,773,552704
1785871200,2026-08-04T19:20:00.000Z,2026-08-04T15:20:00.000,773,773.1199951171875,772.7000122070312,772.8250122070312,540114
1785871500,2026-08-04T19:25:00.000Z,2026-08-04T15:25:00.000,772.8300170898438,772.9199829101562,772.1199951171875,772.3200073242188,625520
1785871800,2026-08-04T19:30:00.000Z,2026-08-04T15:30:00.000,772.3099975585938,772.6300048828125,772.1199951171875,772.5900268554688,853642
1785872100,2026-08-04T19:35:00.000Z,2026-08-04T15:35:00.000,772.5900268554688,772.9099731445312,772.3200073242188,772.780029296875,704223
1785872400,2026-08-04T19:40:00.000Z,2026-08-04T15:40:00.000,772.780029296875,773.3300170898438,772.760009765625,773.25,703836
1785872700,2026-08-04T19:45:00.000Z,2026-08-04T15:45:00.000,773.2550048828125,773.4099731445312,772.739990234375,772.9099731445312,1200912
1785873000,2026-08-04T19:50:00.000Z,2026-08-04T15:50:00.000,772.9099731445312,773.030029296875,771.7418212890625,771.7418212890625,2794903
1785873300,2026-08-04T19:55:00.000Z,2026-08-04T15:55:00.000,771.75,772.3099975585938,770.9600219726562,771.280029296875,4757221
1785936600,2026-08-05T13:30:00.000Z,2026-08-05T09:30:00.000,775.8499755859375,776.7899780273438,775.260009765625,776.1998901367188,2356246
1785936900,2026-08-05T13:35:00.000Z,2026-08-05T09:35:00.000,776.1900024414062,776.8499755859375,775.3040161132812,776.510009765625,2059541
1785937200,2026-08-05T13:40:00.000Z,2026-08-05T09:40:00.000,776.530029296875,776.8099975585938,775.8599853515625,776.47998046875,566173
1785937500,2026-08-05T13:45:00.000Z,2026-08-05T09:45:00.000,776.5399780273438,776.6599731445312,775.3400268554688,775.3900146484375,716822
1785937800,2026-08-05T13:50:00.000Z,2026-08-05T09:50:00.000,775.39501953125,775.889892578125,774.3900146484375,775.889892578125,921681
1785938100,2026-08-05T13:55:00.000Z,2026-08-05T09:55:00.000,775.8800048828125,776.70361328125,775.364990234375,776.70361328125,646807
1785938400,2026-08-05T14:00:00.000Z,2026-08-05T10:00:00.000,776.6699829101562,776.7000122070312,774.9500122070312,775.7899780273438,704641
1785938700,2026-08-05T14:05:00.000Z,2026-08-05T10:05:00.000,775.8099975585938,776.5499267578125,775.6199951171875,776.0599975585938,580664
1785939000,2026-08-05T14:10:00.000Z,2026-08-05T10:10:00.000,776.0700073242188,776.510009765625,775.7999877929688,776.1599731445312,344032
1785939300,2026-08-05T14:15:00.000Z,2026-08-05T10:15:00.000,776.1799926757812,776.4600219726562,775.6599731445312,775.6699829101562,268012
1785939600,2026-08-05T14:20:00.000Z,2026-08-05T10:20:00.000,775.6799926757812,775.8200073242188,774.77001953125,775.7550048828125,429630
1785939900,2026-08-05T14:25:00.000Z,2026-08-05T10:25:00.000,775.760009765625,776.1799926757812,774.75,774.7808837890625,494368
1785940200,2026-08-05T14:30:00.000Z,2026-08-05T10:30:00.000,774.780029296875,775.0200805664062,774.22998046875,774.5999755859375,617880
1785940500,2026-08-05T14:35:00.000Z,2026-08-05T10:35:00.000,774.5700073242188,774.8300170898438,773.8400268554688,773.9199829101562,774546
1785940800,2026-08-05T14:40:00.000Z,2026-08-05T10:40:00.000,773.9199829101562,774.4299926757812,773.6199951171875,774.0349731445312,595251
1785941100,2026-08-05T14:45:00.000Z,2026-08-05T10:45:00.000,774.030029296875,774.719970703125,773.844970703125,774.5750122070312,435589
1785941400,2026-08-05T14:50:00.000Z,2026-08-05T10:50:00.000,774.6046752929688,774.8400268554688,772.5700073242188,773.1300048828125,720034
1785941700,2026-08-05T14:55:00.000Z,2026-08-05T10:55:00.000,773.1599731445312,773.7598876953125,772.72998046875,773.469970703125,518821
1785942000,2026-08-05T15:00:00.000Z,2026-08-05T11:00:00.000,773.4600219726562,773.9500122070312,773.3499755859375,773.6300048828125,378838
1785942300,2026-08-05T15:05:00.000Z,2026-08-05T11:05:00.000,773.6300048828125,773.864990234375,773.1649780273438,773.6300048828125,413264
1785942600,2026-08-05T15:10:00.000Z,2026-08-05T11:10:00.000,773.6300048828125,773.9149780273438,773.010009765625,773.0599975585938,298736
1785942900,2026-08-05T15:15:00.000Z,2026-08-05T11:15:00.000,773.0700073242188,773.1599731445312,771,772.4199829101562,1022215
1785943200,2026-08-05T15:20:00.000Z,2026-08-05T11:20:00.000,772.409912109375,772.6699829101562,772.0800170898438,772.2691040039062,339239
1785943500,2026-08-05T15:25:00.000Z,2026-08-05T11:25:00.000,772.1500854492188,772.25,771.52001953125,771.7100219726562,530737
1785943800,2026-08-05T15:30:00.000Z,2026-08-05T11:30:00.000,771.7000122070312,772.52001953125,771.6799926757812,771.875,300651
1785944100,2026-08-05T15:35:00.000Z,2026-08-05T11:35:00.000,771.8800048828125,772.2999877929688,771.8099975585938,772.14501953125,317439
1785944400,2026-08-05T15:40:00.000Z,2026-08-05T11:40:00.000,772.1500244140625,772.260009765625,771.6749877929688,772.010009765625,279873
1785944700,2026-08-05T15:45:00.000Z,2026-08-05T11:45:00.000,772.02001953125,772.030029296875,771.25,771.340576171875,299266
1785945000,2026-08-05T15:50:00.000Z,2026-08-05T11:50:00.000,771.3375244140625,771.5750122070312,771.1300048828125,771.25,350842
1785945300,2026-08-05T15:55:00.000Z,2026-08-05T11:55:00.000,771.25,771.25,770.3300170898438,770.64501953125,644598
1785945600,2026-08-05T16:00:00.000Z,2026-08-05T12:00:00.000,770.6300048828125,771.02001953125,770.0800170898438,770.8400268554688,677692
1785945900,2026-08-05T16:05:00.000Z,2026-08-05T12:05:00.000,770.8400268554688,770.8699951171875,769.9099731445312,770.239990234375,536649
1785946200,2026-08-05T16:10:00.000Z,2026-08-05T12:10:00.000,770.239990234375,770.469970703125,769.9298095703125,770.4400024414062,392332
1785946500,2026-08-05T16:15:00.000Z,2026-08-05T12:15:00.000,770.4500122070312,771.1199951171875,770.22998046875,770.6099853515625,499198
1785946800,2026-08-05T16:20:00.000Z,2026-08-05T12:20:00.000,770.614990234375,771.760009765625,770.5599975585938,771.0800170898438,564366
1785947100,2026-08-05T16:25:00.000Z,2026-08-05T12:25:00.000,771.0750122070312,772.1199951171875,771.0599975585938,772.0999755859375,567115
1785947400,2026-08-05T16:30:00.000Z,2026-08-05T12:30:00.000,772.0900268554688,772.219970703125,771.2000122070312,771.6900024414062,427057
1785947700,2026-08-05T16:35:00.000Z,2026-08-05T12:35:00.000,771.6900024414062,771.8394775390625,771.3400268554688,771.5599975585938,247331
1785948000,2026-08-05T16:40:00.000Z,2026-08-05T12:40:00.000,771.5499877929688,772,771.3770751953125,771.5900268554688,324240
1785948300,2026-08-05T16:45:00.000Z,2026-08-05T12:45:00.000,771.5800170898438,771.75,771.2899780273438,771.4249877929688,195315
1785948600,2026-08-05T16:50:00.000Z,2026-08-05T12:50:00.000,771.4000244140625,772.0800170898438,771.385009765625,772.010009765625,449350
1785948900,2026-08-05T16:55:00.000Z,2026-08-05T12:55:00.000,772.010009765625,772.1699829101562,771.7050170898438,771.8524780273438,304185
1785949200,2026-08-05T17:00:00.000Z,2026-08-05T13:00:00.000,771.8900146484375,772.1599731445312,771.2999877929688,771.405029296875,237862
1785949500,2026-08-05T17:05:00.000Z,2026-08-05T13:05:00.000,771.405029296875,771.5999755859375,771.0700073242188,771.3200073242188,245234
1785949800,2026-08-05T17:10:00.000Z,2026-08-05T13:10:00.000,771.3300170898438,771.75,771.0399780273438,771.5,687575
1785950100,2026-08-05T17:15:00.000Z,2026-08-05T13:15:00.000,771.4801025390625,771.8049926757812,771.22998046875,771.3800048828125,245593
1785950400,2026-08-05T17:20:00.000Z,2026-08-05T13:20:00.000,771.4099731445312,771.4600219726562,771.010009765625,771.4249877929688,175531
1785950700,2026-08-05T17:25:00.000Z,2026-08-05T13:25:00.000,771.4298706054688,771.802490234375,771.260009765625,771.3400268554688,154836
1785951000,2026-08-05T17:30:00.000Z,2026-08-05T13:30:00.000,771.3300170898438,771.7296752929688,771.0700073242188,771.5900268554688,171307
1785951300,2026-08-05T17:35:00.000Z,2026-08-05T13:35:00.000,771.5900268554688,771.780029296875,771.4605102539062,771.6599731445312,182867
1785951600,2026-08-05T17:40:00.000Z,2026-08-05T13:40:00.000,771.6599731445312,772.010009765625,771.6599731445312,771.7017822265625,187951
1785951900,2026-08-05T17:45:00.000Z,2026-08-05T13:45:00.000,771.7000122070312,771.9249877929688,771.3300170898438,771.8300170898438,134714
1785952200,2026-08-05T17:50:00.000Z,2026-08-05T13:50:00.000,771.8300170898438,771.9600219726562,771.5900268554688,771.6400146484375,269325
1785952500,2026-08-05T17:55:00.000Z,2026-08-05T13:55:00.000,771.6300048828125,771.8400268554688,771.4600219726562,771.5549926757812,170417
1785952800,2026-08-05T18:00:00.000Z,2026-08-05T14:00:00.000,771.5599975585938,772.1699829101562,771.5399780273438,772.1201171875,511807
1785953100,2026-08-05T18:05:00.000Z,2026-08-05T14:05:00.000,772.1199951171875,772.25,771.6799926757812,771.9099731445312,319230
1785953400,2026-08-05T18:10:00.000Z,2026-08-05T14:10:00.000,771.9600219726562,772.10498046875,771.760986328125,771.7899780273438,441258
1785953700,2026-08-05T18:15:00.000Z,2026-08-05T14:15:00.000,771.7999877929688,772.0999755859375,771.6699829101562,772.0399780273438,235339
1785954000,2026-08-05T18:20:00.000Z,2026-08-05T14:20:00.000,772.0399780273438,772.0549926757812,771.7401123046875,771.8599853515625,229902
1785954300,2026-08-05T18:25:00.000Z,2026-08-05T14:25:00.000,771.8499755859375,772.1199951171875,771.8099975585938,771.9400024414062,341463
1785954600,2026-08-05T18:30:00.000Z,2026-08-05T14:30:00.000,771.9299926757812,771.9400024414062,771.2000122070312,771.3599853515625,400700
1785954900,2026-08-05T18:35:00.000Z,2026-08-05T14:35:00.000,771.3599853515625,771.7098999023438,771.3400268554688,771.4600219726562,359926
1785955200,2026-08-05T18:40:00.000Z,2026-08-05T14:40:00.000,771.469970703125,771.6699829101562,771.3972778320312,771.5800170898438,293527
1785955500,2026-08-05T18:45:00.000Z,2026-08-05T14:45:00.000,771.5700073242188,771.9500122070312,771.5150146484375,771.8099975585938,280759
1785955800,2026-08-05T18:50:00.000Z,2026-08-05T14:50:00.000,771.8099975585938,771.9600219726562,771.6300048828125,771.72998046875,254521
1785956100,2026-08-05T18:55:00.000Z,2026-08-05T14:55:00.000,771.72998046875,771.7750244140625,771.3400268554688,771.3909912109375,433572
1785956400,2026-08-05T19:00:00.000Z,2026-08-05T15:00:00.000,771.4000244140625,771.6300048828125,771.239990234375,771.6298828125,346157
1785956700,2026-08-05T19:05:00.000Z,2026-08-05T15:05:00.000,771.6099853515625,771.8499755859375,771.52001953125,771.6904907226562,269928
1785957000,2026-08-05T19:10:00.000Z,2026-08-05T15:10:00.000,771.7000122070312,771.780029296875,771.5399780273438,771.72998046875,350175
1785957300,2026-08-05T19:15:00.000Z,2026-08-05T15:15:00.000,771.739990234375,771.9190063476562,771.6599731445312,771.8200073242188,304657
1785957600,2026-08-05T19:20:00.000Z,2026-08-05T15:20:00.000,771.8300170898438,771.989013671875,771.6500244140625,771.869873046875,532595
1785957900,2026-08-05T19:25:00.000Z,2026-08-05T15:25:00.000,771.8599853515625,771.969970703125,771.760009765625,771.7999267578125,495459
1785958200,2026-08-05T19:30:00.000Z,2026-08-05T15:30:00.000,771.780029296875,771.8900146484375,771.364990234375,771.5399780273438,453945
1785958500,2026-08-05T19:35:00.000Z,2026-08-05T15:35:00.000,771.5399780273438,771.5399780273438,771.2537841796875,771.3051147460938,584306
1785958800,2026-08-05T19:40:00.000Z,2026-08-05T15:40:00.000,771.2999877929688,771.6298828125,771.27001953125,771.4949951171875,482574
1785959100,2026-08-05T19:45:00.000Z,2026-08-05T15:45:00.000,771.47998046875,771.6500244140625,771.2000122070312,771.489990234375,719357
1785959400,2026-08-05T19:50:00.000Z,2026-08-05T15:50:00.000,771.489990234375,771.7000122070312,771.3599853515625,771.5,711237
1785959700,2026-08-05T19:55:00.000Z,2026-08-05T15:55:00.000,771.510009765625,771.5900268554688,769.510009765625,769.739990234375,3030101
1786023000,2026-08-06T13:30:00.000Z,2026-08-06T09:30:00.000,770.2100219726562,770.7899780273438,769.0576171875,769.9199829101562,1913009
1786023300,2026-08-06T13:35:00.000Z,2026-08-06T09:35:00.000,769.9000244140625,770.8699951171875,769.5999755859375,769.719970703125,578769
1786023600,2026-08-06T13:40:00.000Z,2026-08-06T09:40:00.000,769.7050170898438,770.9000244140625,769.5050048828125,770.5,314301
1786023900,2026-08-06T13:45:00.000Z,2026-08-06T09:45:00.000,770.47998046875,771.52001953125,770.47998046875,771.3099975585938,344237
1786024200,2026-08-06T13:50:00.000Z,2026-08-06T09:50:00.000,771.3099975585938,771.5250244140625,770.780029296875,770.9199829101562,360772
1786024500,2026-08-06T13:55:00.000Z,2026-08-06T09:55:00.000,770.9249877929688,771.260009765625,770.5399780273438,770.9199829101562,312956
1786024800,2026-08-06T14:00:00.000Z,2026-08-06T10:00:00.000,770.9500122070312,771.3499755859375,770.614990234375,771.1300048828125,270466
1786025100,2026-08-06T14:05:00.000Z,2026-08-06T10:05:00.000,771.1500244140625,771.510009765625,770.8900146484375,771.4299926757812,250838
1786025400,2026-08-06T14:10:00.000Z,2026-08-06T10:10:00.000,771.4349975585938,771.77001953125,771.380126953125,771.5499877929688,399828
1786025700,2026-08-06T14:15:00.000Z,2026-08-06T10:15:00.000,771.530029296875,771.8099975585938,771.1199951171875,771.7050170898438,230239
1786026000,2026-08-06T14:20:00.000Z,2026-08-06T10:20:00.000,771.7239990234375,771.8200073242188,771.1699829101562,771.22998046875,279760
1786026300,2026-08-06T14:25:00.000Z,2026-08-06T10:25:00.000,771.22998046875,771.27001953125,770.0700073242188,770.4500122070312,384013
1786026600,2026-08-06T14:30:00.000Z,2026-08-06T10:30:00.000,770.4500122070312,770.8800048828125,770.1649780273438,770.7949829101562,476066
1786026900,2026-08-06T14:35:00.000Z,2026-08-06T10:35:00.000,770.7949829101562,770.9600219726562,769.760009765625,769.760009765625,485367
1786027200,2026-08-06T14:40:00.000Z,2026-08-06T10:40:00.000,769.75,770.72998046875,769.6400146484375,770.14501953125,283552
1786027500,2026-08-06T14:45:00.000Z,2026-08-06T10:45:00.000,770.135009765625,770.2150268554688,769.6500244140625,769.6699829101562,351513
1786027800,2026-08-06T14:50:00.000Z,2026-08-06T10:50:00.000,769.6599731445312,770.47998046875,769.530029296875,770.4500122070312,387204
1786028100,2026-08-06T14:55:00.000Z,2026-08-06T10:55:00.000,770.47998046875,771.0599975585938,770.2899780273438,770.9849853515625,256400
1786028400,2026-08-06T15:00:00.000Z,2026-08-06T11:00:00.000,771,771.2100219726562,770.1099853515625,770.2899780273438,908147
1786028700,2026-08-06T15:05:00.000Z,2026-08-06T11:05:00.000,770.280029296875,770.8099975585938,770.27001953125,770.5700073242188,225382
1786029000,2026-08-06T15:10:00.000Z,2026-08-06T11:10:00.000,770.5700073242188,770.739990234375,769.9099731445312,769.9600219726562,210453
1786029300,2026-08-06T15:15:00.000Z,2026-08-06T11:15:00.000,769.9600219726562,770.1199951171875,768.9600219726562,768.9600219726562,612056
1786029600,2026-08-06T15:20:00.000Z,2026-08-06T11:20:00.000,768.9749755859375,769.239990234375,768.6199951171875,768.9299926757812,381693
1786029900,2026-08-06T15:25:00.000Z,2026-08-06T11:25:00.000,768.9299926757812,769.2999877929688,768.6500244140625,769.239990234375,289608
1786030200,2026-08-06T15:30:00.000Z,2026-08-06T11:30:00.000,769.239990234375,769.4400024414062,768.530029296875,768.530029296875,287297
1786030500,2026-08-06T15:35:00.000Z,2026-08-06T11:35:00.000,768.530029296875,768.9000244140625,768.3300170898438,768.7000122070312,364377
1786030800,2026-08-06T15:40:00.000Z,2026-08-06T11:40:00.000,768.6900024414062,768.969970703125,768.3300170898438,768.3300170898438,458842
1786031100,2026-08-06T15:45:00.000Z,2026-08-06T11:45:00.000,768.3300170898438,769.5800170898438,768.3200073242188,769.2000732421875,363673
1786031400,2026-08-06T15:50:00.000Z,2026-08-06T11:50:00.000,769.2100219726562,769.780029296875,768.0800170898438,768.1300048828125,517615
1786031700,2026-08-06T15:55:00.000Z,2026-08-06T11:55:00.000,768.125,768.5599975585938,767.9500122070312,768.125,457255
1786032000,2026-08-06T16:00:00.000Z,2026-08-06T12:00:00.000,768.1599731445312,768.3200073242188,767.75,768.0549926757812,433878
1786032300,2026-08-06T16:05:00.000Z,2026-08-06T12:05:00.000,768.0482177734375,768.510009765625,767.9099731445312,768.3400268554688,317306
1786032600,2026-08-06T16:10:00.000Z,2026-08-06T12:10:00.000,768.3200073242188,768.5399780273438,767.8200073242188,767.97998046875,269314
1786032900,2026-08-06T16:15:00.000Z,2026-08-06T12:15:00.000,767.97998046875,768.5,767.4600219726562,768.2150268554688,447162
1786033200,2026-08-06T16:20:00.000Z,2026-08-06T12:20:00.000,768.219970703125,768.35498046875,767.8800048828125,768.27001953125,1189073
1786033500,2026-08-06T16:25:00.000Z,2026-08-06T12:25:00.000,768.280029296875,768.489990234375,768,768.260009765625,488835
1786033800,2026-08-06T16:30:00.000Z,2026-08-06T12:30:00.000,768.27001953125,768.8200073242188,768.1300048828125,768.3099975585938,265709
1786034100,2026-08-06T16:35:00.000Z,2026-08-06T12:35:00.000,768.3300170898438,768.8699951171875,768.2100219726562,768.8699951171875,259145
1786034400,2026-08-06T16:40:00.000Z,2026-08-06T12:40:00.000,768.8800048828125,768.9000244140625,768.0700073242188,768.0800170898438,288107
1786034700,2026-08-06T16:45:00.000Z,2026-08-06T12:45:00.000,768.0700073242188,768.4163208007812,767.9080810546875,768.4149780273438,205713
1786035000,2026-08-06T16:50:00.000Z,2026-08-06T12:50:00.000,768.4199829101562,768.6599731445312,768.22998046875,768.3499755859375,207398
1786035300,2026-08-06T16:55:00.000Z,2026-08-06T12:55:00.000,768.3499755859375,769.0399780273438,768.3400268554688,768.9600219726562,150600
1786035600,2026-08-06T17:00:00.000Z,2026-08-06T13:00:00.000,768.989990234375,769.1799926757812,768.6900024414062,768.77001953125,286134
1786035900,2026-08-06T17:05:00.000Z,2026-08-06T13:05:00.000,768.760009765625,769.1400146484375,768.1900024414062,768.3400268554688,363159
1786036200,2026-08-06T17:10:00.000Z,2026-08-06T13:10:00.000,768.3300170898438,768.5800170898438,768.0900268554688,768.1699829101562,162088
1786036500,2026-08-06T17:15:00.000Z,2026-08-06T13:15:00.000,768.1400146484375,768.4600219726562,768.030029296875,768.3400268554688,199311
1786036800,2026-08-06T17:20:00.000Z,2026-08-06T13:20:00.000,768.3400268554688,768.4099731445312,767.9005126953125,767.969970703125,227981
1786037100,2026-08-06T17:25:00.000Z,2026-08-06T13:25:00.000,767.969970703125,768.27001953125,767.8099975585938,767.8300170898438,254712
1786037400,2026-08-06T17:30:00.000Z,2026-08-06T13:30:00.000,767.8300170898438,768.2100219726562,767.719970703125,768.0999755859375,197360
1786037700,2026-08-06T17:35:00.000Z,2026-08-06T13:35:00.000,768.1099853515625,768.280029296875,767.969970703125,768.02001953125,178647
1786038000,2026-08-06T17:40:00.000Z,2026-08-06T13:40:00.000,768.0399780273438,768.1400146484375,767.8250122070312,768.1400146484375,363757
1786038300,2026-08-06T17:45:00.000Z,2026-08-06T13:45:00.000,768.1500244140625,768.375,767.9835815429688,767.9835815429688,206530
1786038600,2026-08-06T17:50:00.000Z,2026-08-06T13:50:00.000,767.989990234375,768.510009765625,767.9600219726562,768.432861328125,315523
1786038900,2026-08-06T17:55:00.000Z,2026-08-06T13:55:00.000,768.4600219726562,768.6400146484375,768.2750854492188,768.6303100585938,368849
1786039200,2026-08-06T18:00:00.000Z,2026-08-06T14:00:00.000,768.6500244140625,768.9000244140625,768.5,768.8947143554688,380717
1786039500,2026-08-06T18:05:00.000Z,2026-08-06T14:05:00.000,768.8900146484375,768.97998046875,768.6599731445312,768.8599853515625,311812
1786039800,2026-08-06T18:10:00.000Z,2026-08-06T14:10:00.000,768.8699951171875,769.239990234375,768.7000122070312,769.1799926757812,254657
1786040100,2026-08-06T18:15:00.000Z,2026-08-06T14:15:00.000,769.19140625,769.72998046875,768.4500122070312,769.3300170898438,591778
1786040400,2026-08-06T18:20:00.000Z,2026-08-06T14:20:00.000,769.3250122070312,769.6199951171875,769.2999877929688,769.5599975585938,319553
1786040700,2026-08-06T18:25:00.000Z,2026-08-06T14:25:00.000,769.5549926757812,769.614990234375,769.1900024414062,769.4299926757812,298281
1786041000,2026-08-06T18:30:00.000Z,2026-08-06T14:30:00.000,769.4299926757812,769.469970703125,769.0700073242188,769.114990234375,232178
1786041300,2026-08-06T18:35:00.000Z,2026-08-06T14:35:00.000,769.1099853515625,769.2899780273438,768.7999877929688,768.8300170898438,260758
1786041600,2026-08-06T18:40:00.000Z,2026-08-06T14:40:00.000,768.844970703125,768.9349975585938,768.5150146484375,768.780029296875,222400
1786041900,2026-08-06T18:45:00.000Z,2026-08-06T14:45:00.000,768.7849731445312,769.1699829101562,768.719970703125,768.8800048828125,344433
1786042200,2026-08-06T18:50:00.000Z,2026-08-06T14:50:00.000,768.875,769.010009765625,768.739990234375,768.885009765625,218040
1786042500,2026-08-06T18:55:00.000Z,2026-08-06T14:55:00.000,768.8699951171875,769.0800170898438,768.8099975585938,768.9600219726562,245763
1786042800,2026-08-06T19:00:00.000Z,2026-08-06T15:00:00.000,768.969970703125,769.5789794921875,768.9500122070312,769.5789794921875,477380
1786043100,2026-08-06T19:05:00.000Z,2026-08-06T15:05:00.000,769.5599975585938,769.7100219726562,769.2636108398438,769.7000122070312,248781
1786043400,2026-08-06T19:10:00.000Z,2026-08-06T15:10:00.000,769.7100219726562,769.7899780273438,769.2800903320312,769.3300170898438,269217
1786043700,2026-08-06T19:15:00.000Z,2026-08-06T15:15:00.000,769.3250122070312,769.3499145507812,769.051025390625,769.1599731445312,360889
1786044000,2026-08-06T19:20:00.000Z,2026-08-06T15:20:00.000,769.1699829101562,769.489990234375,768.8200073242188,768.8200073242188,441472
1786044300,2026-08-06T19:25:00.000Z,2026-08-06T15:25:00.000,768.8300170898438,768.989990234375,768.5700073242188,768.6599731445312,549048
1786044600,2026-08-06T19:30:00.000Z,2026-08-06T15:30:00.000,768.655029296875,769,768.4099731445312,768.9600219726562,472779
1786044900,2026-08-06T19:35:00.000Z,2026-08-06T15:35:00.000,768.9600219726562,768.989990234375,768.530029296875,768.530029296875,474387
1786045200,2026-08-06T19:40:00.000Z,2026-08-06T15:40:00.000,768.5369262695312,768.6099853515625,768.0999755859375,768.3099975585938,423734
1786045500,2026-08-06T19:45:00.000Z,2026-08-06T15:45:00.000,768.3099975585938,768.52001953125,767.9600219726562,768.4400024414062,830017
1786045800,2026-08-06T19:50:00.000Z,2026-08-06T15:50:00.000,768.4299926757812,768.7730102539062,767.7000122070312,768.6400146484375,1720823
1786046100,2026-08-06T19:55:00.000Z,2026-08-06T15:55:00.000,768.6199951171875,768.8900146484375,768.1300048828125,768.530029296875,2485588
1786109400,2026-08-07T13:30:00.000Z,2026-08-07T09:30:00.000,771.02001953125,771.6199951171875,770.6199951171875,771.47998046875,2853922
1786109700,2026-08-07T13:35:00.000Z,2026-08-07T09:35:00.000,771.5,771.5474853515625,770.6799926757812,771.13037109375,529092
1786110000,2026-08-07T13:40:00.000Z,2026-08-07T09:40:00.000,771.125,772.0900268554688,770.8804931640625,771.989990234375,498047
1786110300,2026-08-07T13:45:00.000Z,2026-08-07T09:45:00.000,771.989990234375,772.3699951171875,771.1348876953125,771.7301025390625,485208
1786110600,2026-08-07T13:50:00.000Z,2026-08-07T09:50:00.000,771.72998046875,772.2349853515625,771.5999755859375,771.97998046875,367189
1786110900,2026-08-07T13:55:00.000Z,2026-08-07T09:55:00.000,771.97998046875,772.1300048828125,770.4600219726562,771.040283203125,524553
1786111200,2026-08-07T14:00:00.000Z,2026-08-07T10:00:00.000,771.0700073242188,771.6099853515625,770.4000244140625,770.4349975585938,375913
1786111500,2026-08-07T14:05:00.000Z,2026-08-07T10:05:00.000,770.400390625,771.0700073242188,770.3699951171875,770.4949951171875,335775
1786111800,2026-08-07T14:10:00.000Z,2026-08-07T10:10:00.000,770.47998046875,770.7899780273438,769.6199951171875,769.844970703125,650116
1786112100,2026-08-07T14:15:00.000Z,2026-08-07T10:15:00.000,769.8699951171875,771.8289184570312,769.6799926757812,771.8200073242188,675465
1786112400,2026-08-07T14:20:00.000Z,2026-08-07T10:20:00.000,771.8300170898438,772.280029296875,771.530029296875,772.0399780273438,446551
1786112700,2026-08-07T14:25:00.000Z,2026-08-07T10:25:00.000,772.0449829101562,773.2899780273438,772.0449829101562,773.1900024414062,430651
1786113000,2026-08-07T14:30:00.000Z,2026-08-07T10:30:00.000,773.1599731445312,773.3499755859375,772.3930053710938,772.6099853515625,473336
1786113300,2026-08-07T14:35:00.000Z,2026-08-07T10:35:00.000,772.6099853515625,772.7999877929688,771.719970703125,771.9000244140625,360704
1786113600,2026-08-07T14:40:00.000Z,2026-08-07T10:40:00.000,771.8900146484375,772.4400024414062,771.7100219726562,771.97998046875,373525
1786113900,2026-08-07T14:45:00.000Z,2026-08-07T10:45:00.000,771.9500122070312,772.7050170898438,771.9500122070312,772.3900146484375,314230
1786114200,2026-08-07T14:50:00.000Z,2026-08-07T10:50:00.000,772.3900146484375,772.510009765625,771.8699951171875,772.2100219726562,237498
1786114500,2026-08-07T14:55:00.000Z,2026-08-07T10:55:00.000,772.2100219726562,773,772.1599731445312,772.8800048828125,285701
1786114800,2026-08-07T15:00:00.000Z,2026-08-07T11:00:00.000,772.8800048828125,772.89990234375,772.3699951171875,772.760009765625,255311
1786115100,2026-08-07T15:05:00.000Z,2026-08-07T11:05:00.000,772.780029296875,773.030029296875,772.7100219726562,772.9600219726562,985747
1786115400,2026-08-07T15:10:00.000Z,2026-08-07T11:10:00.000,772.96630859375,773.3975219726562,772.6500244140625,773.0900268554688,440029
1786115700,2026-08-07T15:15:00.000Z,2026-08-07T11:15:00.000,773.0900268554688,773.1599731445312,772.7849731445312,772.8800048828125,252251
1786116000,2026-08-07T15:20:00.000Z,2026-08-07T11:20:00.000,772.8699951171875,773.6099853515625,772.8400268554688,773.5349731445312,330541
1786116300,2026-08-07T15:25:00.000Z,2026-08-07T11:25:00.000,773.530029296875,773.8900146484375,773.47998046875,773.6500244140625,428634
1786116600,2026-08-07T15:30:00.000Z,2026-08-07T11:30:00.000,773.6599731445312,773.9149780273438,773.4000244140625,773.4199829101562,703196
1786116900,2026-08-07T15:35:00.000Z,2026-08-07T11:35:00.000,773.4550170898438,773.5499877929688,773.2100219726562,773.3900146484375,320907
1786117200,2026-08-07T15:40:00.000Z,2026-08-07T11:40:00.000,773.4000244140625,773.6300048828125,772.892822265625,773.1649780273438,252931
1786117500,2026-08-07T15:45:00.000Z,2026-08-07T11:45:00.000,773.1799926757812,773.5900268554688,773.0399780273438,773.5750122070312,208770
1786117800,2026-08-07T15:50:00.000Z,2026-08-07T11:50:00.000,773.5499877929688,773.6400146484375,773.0499877929688,773.2999877929688,236401
1786118100,2026-08-07T15:55:00.000Z,2026-08-07T11:55:00.000,773.3099975585938,773.3300170898438,772.8300170898438,773.030029296875,251081
1786118400,2026-08-07T16:00:00.000Z,2026-08-07T12:00:00.000,773.0399780273438,773.1599731445312,772.7449951171875,773.155029296875,401586
1786118700,2026-08-07T16:05:00.000Z,2026-08-07T12:05:00.000,773.1599731445312,773.3800048828125,773.030029296875,773.1649780273438,208248
1786119000,2026-08-07T16:10:00.000Z,2026-08-07T12:10:00.000,773.1699829101562,773.35498046875,772.9949951171875,773.010009765625,271262
1786119300,2026-08-07T16:15:00.000Z,2026-08-07T12:15:00.000,772.989990234375,773.219970703125,772.8699951171875,772.969970703125,301270
1786119600,2026-08-07T16:20:00.000Z,2026-08-07T12:20:00.000,772.97998046875,773.3300170898438,772.239990234375,772.25,304859
1786119900,2026-08-07T16:25:00.000Z,2026-08-07T12:25:00.000,772.260009765625,772.3300170898438,771.333984375,771.7249755859375,436150
1786120200,2026-08-07T16:30:00.000Z,2026-08-07T12:30:00.000,771.7349853515625,771.969970703125,771.0615234375,771.9301147460938,1275956
1786120500,2026-08-07T16:35:00.000Z,2026-08-07T12:35:00.000,771.9400024414062,772.3300170898438,771.7100219726562,772.2949829101562,408761
1786120800,2026-08-07T16:40:00.000Z,2026-08-07T12:40:00.000,772.281494140625,772.6300048828125,772.239990234375,772.5900268554688,198371
1786121100,2026-08-07T16:45:00.000Z,2026-08-07T12:45:00.000,772.5999755859375,772.75,772.4199829101562,772.6400146484375,285979
1786121400,2026-08-07T16:50:00.000Z,2026-08-07T12:50:00.000,772.6300048828125,772.8599853515625,772.0850219726562,772.1950073242188,189549
1786121700,2026-08-07T16:55:00.000Z,2026-08-07T12:55:00.000,772.2100219726562,772.3900146484375,771.9500122070312,771.9650268554688,609854
1786122000,2026-08-07T17:00:00.000Z,2026-08-07T13:00:00.000,771.9600830078125,772.2999267578125,771.77001953125,772.0399780273438,223605
1786122300,2026-08-07T17:05:00.000Z,2026-08-07T13:05:00.000,772.0349731445312,772.2999877929688,772.030029296875,772.260009765625,168889
1786122600,2026-08-07T17:10:00.000Z,2026-08-07T13:10:00.000,772.260009765625,772.3699951171875,771.989990234375,772.0549926757812,142993
1786122900,2026-08-07T17:15:00.000Z,2026-08-07T13:15:00.000,772.0549926757812,772.3800048828125,771.989990234375,772.3049926757812,164223
1786123200,2026-08-07T17:20:00.000Z,2026-08-07T13:20:00.000,772.2899780273438,772.4099731445312,771.9000244140625,771.9000244140625,204177
1786123500,2026-08-07T17:25:00.000Z,2026-08-07T13:25:00.000,771.8900146484375,772.22998046875,771.739990234375,772.0900268554688,163027
1786123800,2026-08-07T17:30:00.000Z,2026-08-07T13:30:00.000,772.1099853515625,772.22998046875,771.72998046875,771.9299926757812,231652
1786124100,2026-08-07T17:35:00.000Z,2026-08-07T13:35:00.000,771.9299926757812,772.3900146484375,771.8800048828125,772.3699951171875,144880
1786124400,2026-08-07T17:40:00.000Z,2026-08-07T13:40:00.000,772.3900146484375,772.4199829101562,772.1300048828125,772.1699829101562,137361
1786124700,2026-08-07T17:45:00.000Z,2026-08-07T13:45:00.000,772.1799926757812,772.4400024414062,772.0900268554688,772.2899780273438,178812
1786125000,2026-08-07T17:50:00.000Z,2026-08-07T13:50:00.000,772.2775268554688,772.4600219726562,771.989990234375,772.2999877929688,156607
1786125300,2026-08-07T17:55:00.000Z,2026-08-07T13:55:00.000,772.3099975585938,772.4000244140625,772.1699829101562,772.1699829101562,128891
1786125600,2026-08-07T18:00:00.000Z,2026-08-07T14:00:00.000,772.1649780273438,772.2849731445312,772.0800170898438,772.1400146484375,283862
1786125900,2026-08-07T18:05:00.000Z,2026-08-07T14:05:00.000,772.1500244140625,772.1799926757812,771.8300170898438,772.0399169921875,334083
1786126200,2026-08-07T18:10:00.000Z,2026-08-07T14:10:00.000,772.0499877929688,772.1199951171875,771.4500122070312,771.5750122070312,562177
1786126500,2026-08-07T18:15:00.000Z,2026-08-07T14:15:00.000,771.5805053710938,771.8099975585938,771.469970703125,771.72998046875,326722
1786126800,2026-08-07T18:20:00.000Z,2026-08-07T14:20:00.000,771.719970703125,771.7999877929688,771.5399780273438,771.6599731445312,169024
1786127100,2026-08-07T18:25:00.000Z,2026-08-07T14:25:00.000,771.6599731445312,771.760009765625,771.4500122070312,771.47998046875,195297
1786127400,2026-08-07T18:30:00.000Z,2026-08-07T14:30:00.000,771.4749755859375,771.6400146484375,771.3350219726562,771.3900146484375,263426
1786127700,2026-08-07T18:35:00.000Z,2026-08-07T14:35:00.000,771.3900146484375,771.510009765625,771.1900024414062,771.2999877929688,420610
1786128000,2026-08-07T18:40:00.000Z,2026-08-07T14:40:00.000,771.2999877929688,771.3800048828125,770.8900146484375,770.9600219726562,284861
1786128300,2026-08-07T18:45:00.000Z,2026-08-07T14:45:00.000,770.969970703125,771.280029296875,770.9099731445312,771.25,190814
1786128600,2026-08-07T18:50:00.000Z,2026-08-07T14:50:00.000,771.25,771.489990234375,771.219970703125,771.3200073242188,444613
1786128900,2026-08-07T18:55:00.000Z,2026-08-07T14:55:00.000,771.3300170898438,771.8099975585938,771.2100219726562,771.7100219726562,316460
1786129200,2026-08-07T19:00:00.000Z,2026-08-07T15:00:00.000,771.6799926757812,772.469970703125,771.6599731445312,772.0499877929688,572579
1786129500,2026-08-07T19:05:00.000Z,2026-08-07T15:05:00.000,772.0499877929688,772.6799926757812,772.0349731445312,772.6500244140625,528850
1786129800,2026-08-07T19:10:00.000Z,2026-08-07T15:10:00.000,772.6649780273438,773.0599975585938,772.6649780273438,772.9000244140625,494134
1786130100,2026-08-07T19:15:00.000Z,2026-08-07T15:15:00.000,772.9099731445312,773.4500122070312,772.7999877929688,772.8400268554688,598593
1786130400,2026-08-07T19:20:00.000Z,2026-08-07T15:20:00.000,772.8599853515625,773.219970703125,772.8400268554688,772.9000244140625,320971
1786130700,2026-08-07T19:25:00.000Z,2026-08-07T15:25:00.000,772.9099731445312,773.1199951171875,772.8599853515625,773.0750122070312,475399
1786131000,2026-08-07T19:30:00.000Z,2026-08-07T15:30:00.000,773.0800170898438,773.0900268554688,772.6599731445312,772.719970703125,544858
1786131300,2026-08-07T19:35:00.000Z,2026-08-07T15:35:00.000,772.739990234375,773.0999755859375,772.60498046875,772.9099731445312,581500
1786131600,2026-08-07T19:40:00.000Z,2026-08-07T15:40:00.000,772.9199829101562,772.9598999023438,772.52001953125,772.5700073242188,569447
1786131900,2026-08-07T19:45:00.000Z,2026-08-07T15:45:00.000,772.5700073242188,772.97998046875,772.5499877929688,772.8699951171875,658932
1786132200,2026-08-07T19:50:00.000Z,2026-08-07T15:50:00.000,772.8499755859375,773.0549926757812,772.6500244140625,772.8499755859375,1143195
1786132500,2026-08-07T19:55:00.000Z,2026-08-07T15:55:00.000,772.8599853515625,773.8300170898438,772.8200073242188,773.1199951171875,2978910
1786368600,2026-08-10T13:30:00.000Z,2026-08-10T09:30:00.000,772.5999755859375,773.6300048828125,772.5499877929688,772.6400146484375,1394672
1786368900,2026-08-10T13:35:00.000Z,2026-08-10T09:35:00.000,772.6300048828125,773.1199951171875,772.5,772.7999877929688,580217
1786369200,2026-08-10T13:40:00.000Z,2026-08-10T09:40:00.000,772.7899780273438,773.1099853515625,772.52001953125,772.6599731445312,512584
1786369500,2026-08-10T13:45:00.000Z,2026-08-10T09:45:00.000,772.6500244140625,773.260009765625,772.6199951171875,773.1300048828125,570720
1786369800,2026-08-10T13:50:00.000Z,2026-08-10T09:50:00.000,773.1300048828125,773.4099731445312,772.5,773.1300048828125,604359
1786370100,2026-08-10T13:55:00.000Z,2026-08-10T09:55:00.000,773.125,773.52001953125,773.010009765625,773.468994140625,365858
1786370400,2026-08-10T14:00:00.000Z,2026-08-10T10:00:00.000,773.4199829101562,773.8499755859375,773.3900146484375,773.719970703125,1022823
1786370700,2026-08-10T14:05:00.000Z,2026-08-10T10:05:00.000,773.6799926757812,774.030029296875,773.5700073242188,774.0250244140625,411551
1786371000,2026-08-10T14:10:00.000Z,2026-08-10T10:10:00.000,774.0250244140625,774.260009765625,773.8900146484375,774.2150268554688,536935
1786371300,2026-08-10T14:15:00.000Z,2026-08-10T10:15:00.000,774.219970703125,774.3499755859375,773.969970703125,774.2899780273438,352830
1786371600,2026-08-10T14:20:00.000Z,2026-08-10T10:20:00.000,774.2899780273438,774.375,773.8300170898438,773.969970703125,624972
1786371900,2026-08-10T14:25:00.000Z,2026-08-10T10:25:00.000,773.9650268554688,774.4600219726562,773.7650146484375,774.35498046875,407563
1786372200,2026-08-10T14:30:00.000Z,2026-08-10T10:30:00.000,774.35498046875,774.6900024414062,774.27001953125,774.3599853515625,616342
1786372500,2026-08-10T14:35:00.000Z,2026-08-10T10:35:00.000,774.35498046875,774.6199951171875,774.1746826171875,774.3400268554688,384364
1786372800,2026-08-10T14:40:00.000Z,2026-08-10T10:40:00.000,774.3400268554688,774.6400146484375,774.3049926757812,774.5999755859375,378768
1786373100,2026-08-10T14:45:00.000Z,2026-08-10T10:45:00.000,774.60498046875,775.0499877929688,774.5999755859375,774.9199829101562,830372
1786373400,2026-08-10T14:50:00.000Z,2026-08-10T10:50:00.000,774.9299926757812,774.9500122070312,773.7999877929688,773.8800048828125,618461
1786373700,2026-08-10T14:55:00.000Z,2026-08-10T10:55:00.000,773.8499755859375,774.1099853515625,773.5,773.5150146484375,473579
1786374000,2026-08-10T15:00:00.000Z,2026-08-10T11:00:00.000,773.510009765625,773.9500122070312,773.3099975585938,773.7100219726562,435586
1786374300,2026-08-10T15:05:00.000Z,2026-08-10T11:05:00.000,773.7100219726562,774.030029296875,773.5800170898438,773.5800170898438,341452
1786374600,2026-08-10T15:10:00.000Z,2026-08-10T11:10:00.000,773.5499877929688,773.9199829101562,773.4500122070312,773.8200073242188,302087
1786374900,2026-08-10T15:15:00.000Z,2026-08-10T11:15:00.000,773.8200073242188,774.1900024414062,773.760009765625,773.9199829101562,283525
1786375200,2026-08-10T15:20:00.000Z,2026-08-10T11:20:00.000,773.9199829101562,774.0999755859375,773.7999877929688,773.9199829101562,267595
1786375500,2026-08-10T15:25:00.000Z,2026-08-10T11:25:00.000,773.9199829101562,773.989990234375,773.4199829101562,773.739990234375,197255
1786375800,2026-08-10T15:30:00.000Z,2026-08-10T11:30:00.000,773.760009765625,773.8699951171875,773.3599853515625,773.3900146484375,216002
1786376100,2026-08-10T15:35:00.000Z,2026-08-10T11:35:00.000,773.405029296875,773.5999755859375,773.22998046875,773.280029296875,354915
1786376400,2026-08-10T15:40:00.000Z,2026-08-10T11:40:00.000,773.27001953125,773.8049926757812,773.1599731445312,773.7899780273438,189257
1786376700,2026-08-10T15:45:00.000Z,2026-08-10T11:45:00.000,773.8099975585938,773.8800048828125,773.5100708007812,773.5499877929688,172417
1786377000,2026-08-10T15:50:00.000Z,2026-08-10T11:50:00.000,773.5650024414062,774.3400268554688,773.4949951171875,774.2100219726562,248757
1786377300,2026-08-10T15:55:00.000Z,2026-08-10T11:55:00.000,774.1900024414062,774.4099731445312,774.030029296875,774.3099975585938,335269
1786377600,2026-08-10T16:00:00.000Z,2026-08-10T12:00:00.000,774.3400268554688,774.4349975585938,774.0399780273438,774.1649780273438,242067
1786377900,2026-08-10T16:05:00.000Z,2026-08-10T12:05:00.000,774.1699829101562,774.2000122070312,773.875,773.989990234375,219466
1786378200,2026-08-10T16:10:00.000Z,2026-08-10T12:10:00.000,774,774.1400146484375,773.780029296875,773.780029296875,282665
1786378500,2026-08-10T16:15:00.000Z,2026-08-10T12:15:00.000,773.780029296875,773.7899780273438,773.4500122070312,773.6900024414062,240699
1786378800,2026-08-10T16:20:00.000Z,2026-08-10T12:20:00.000,773.6699829101562,773.8599853515625,773.47998046875,773.7650146484375,183608
1786379100,2026-08-10T16:25:00.000Z,2026-08-10T12:25:00.000,773.7550048828125,773.9199829101562,773.3499755859375,773.3699951171875,233503
1786379400,2026-08-10T16:30:00.000Z,2026-08-10T12:30:00.000,773.3699951171875,773.4879760742188,771.6199951171875,772.6799926757812,936642
1786379700,2026-08-10T16:35:00.000Z,2026-08-10T12:35:00.000,772.739990234375,773.0700073242188,772.52001953125,772.5700073242188,396668
1786380000,2026-08-10T16:40:00.000Z,2026-08-10T12:40:00.000,772.5700073242188,772.6400146484375,771.9749755859375,772.159912109375,399488
1786380300,2026-08-10T16:45:00.000Z,2026-08-10T12:45:00.000,772.1599731445312,772.6300048828125,771.9299926757812,772.6099853515625,343625
1786380600,2026-08-10T16:50:00.000Z,2026-08-10T12:50:00.000,772.6300048828125,772.6400146484375,772.260009765625,772.530029296875,163277
1786380900,2026-08-10T16:55:00.000Z,2026-08-10T12:55:00.000,772.530029296875,772.9600219726562,772.52001953125,772.9500122070312,217374
1786381200,2026-08-10T17:00:00.000Z,2026-08-10T13:00:00.000,772.9400024414062,773.0499877929688,772.5,772.6799926757812,313484
1786381500,2026-08-10T17:05:00.000Z,2026-08-10T13:05:00.000,772.6799926757812,773.0900268554688,772.5800170898438,773.0900268554688,194299
1786381800,2026-08-10T17:10:00.000Z,2026-08-10T13:10:00.000,773.0700073242188,773.25,772.9000244140625,773.1099853515625,222041
1786382100,2026-08-10T17:15:00.000Z,2026-08-10T13:15:00.000,773.114990234375,773.280029296875,772.9852294921875,773.1400146484375,199345
1786382400,2026-08-10T17:20:00.000Z,2026-08-10T13:20:00.000,773.147705078125,773.2100219726562,772.989990234375,773.1500244140625,196008
1786382700,2026-08-10T17:25:00.000Z,2026-08-10T13:25:00.000,773.1400146484375,773.1799926757812,772.8599853515625,773.1094970703125,156557
1786383000,2026-08-10T17:30:00.000Z,2026-08-10T13:30:00.000,773.1099853515625,773.260009765625,773.0599975585938,773.1300048828125,176726
1786383300,2026-08-10T17:35:00.000Z,2026-08-10T13:35:00.000,773.1199951171875,773.1599731445312,772.7000122070312,772.844970703125,176600
1786383600,2026-08-10T17:40:00.000Z,2026-08-10T13:40:00.000,772.8400268554688,772.969970703125,772.6099853515625,772.6500244140625,159893
1786383900,2026-08-10T17:45:00.000Z,2026-08-10T13:45:00.000,772.6599731445312,772.760009765625,772.5499877929688,772.6799926757812,154297
1786384200,2026-08-10T17:50:00.000Z,2026-08-10T13:50:00.000,772.6799926757812,772.75,772.489990234375,772.6199951171875,209840
1786384500,2026-08-10T17:55:00.000Z,2026-08-10T13:55:00.000,772.6099853515625,772.8200073242188,772.510009765625,772.739013671875,240959
1786384800,2026-08-10T18:00:00.000Z,2026-08-10T14:00:00.000,772.72998046875,772.8800048828125,772.6599731445312,772.739990234375,232718
1786385100,2026-08-10T18:05:00.000Z,2026-08-10T14:05:00.000,772.739990234375,773.02001953125,772.6500244140625,772.9400024414062,265829
1786385400,2026-08-10T18:10:00.000Z,2026-08-10T14:10:00.000,772.9349975585938,773.0599975585938,772.6400146484375,772.6799926757812,249045
1786385700,2026-08-10T18:15:00.000Z,2026-08-10T14:15:00.000,772.6699829101562,772.75,772.530029296875,772.5599975585938,567494
1786386000,2026-08-10T18:20:00.000Z,2026-08-10T14:20:00.000,772.5800170898438,772.75,772.5,772.5499877929688,223977
1786386300,2026-08-10T18:25:00.000Z,2026-08-10T14:25:00.000,772.5499877929688,772.7100219726562,772.510009765625,772.530029296875,280755
1786386600,2026-08-10T18:30:00.000Z,2026-08-10T14:30:00.000,772.52001953125,772.6699829101562,772.3599853515625,772.5449829101562,520433
1786386900,2026-08-10T18:35:00.000Z,2026-08-10T14:35:00.000,772.5399780273438,772.7100219726562,772.3200073242188,772.5599975585938,314908
1786387200,2026-08-10T18:40:00.000Z,2026-08-10T14:40:00.000,772.5599975585938,772.9299926757812,772.5499877929688,772.885009765625,723242
1786387500,2026-08-10T18:45:00.000Z,2026-08-10T14:45:00.000,772.8800048828125,772.9299926757812,772.739990234375,772.8499755859375,357552
1786387800,2026-08-10T18:50:00.000Z,2026-08-10T14:50:00.000,772.8400268554688,773.1500244140625,772.8400268554688,773.1099853515625,214897
1786388100,2026-08-10T18:55:00.000Z,2026-08-10T14:55:00.000,773.114990234375,773.3300170898438,773,773.1900024414062,330679
1786388400,2026-08-10T19:00:00.000Z,2026-08-10T15:00:00.000,773.2000122070312,773.3200073242188,773.0499877929688,773.1900024414062,380984
1786388700,2026-08-10T19:05:00.000Z,2026-08-10T15:05:00.000,773.1849975585938,773.4000244140625,773.1099853515625,773.3900146484375,229464
1786389000,2026-08-10T19:10:00.000Z,2026-08-10T15:10:00.000,773.3900146484375,773.3900146484375,773.219970703125,773.2999877929688,315994
1786389300,2026-08-10T19:15:00.000Z,2026-08-10T15:15:00.000,773.2999877929688,773.4400024414062,773.2100219726562,773.2999877929688,265632
1786389600,2026-08-10T19:20:00.000Z,2026-08-10T15:20:00.000,773.3099975585938,773.4000244140625,773.1817016601562,773.3701171875,338157
1786389900,2026-08-10T19:25:00.000Z,2026-08-10T15:25:00.000,773.3900146484375,773.3900146484375,772.8800048828125,772.9299926757812,285647
1786390200,2026-08-10T19:30:00.000Z,2026-08-10T15:30:00.000,772.9450073242188,773.0007934570312,772.72998046875,772.8900146484375,337947
1786390500,2026-08-10T19:35:00.000Z,2026-08-10T15:35:00.000,772.8800048828125,773.2899780273438,772.780029296875,773.1701049804688,381510
1786390800,2026-08-10T19:40:00.000Z,2026-08-10T15:40:00.000,773.1900024414062,773.2000122070312,772.9400024414062,773.0850219726562,319656
1786391100,2026-08-10T19:45:00.000Z,2026-08-10T15:45:00.000,773.0800170898438,773.219970703125,772.89501953125,773.1699829101562,951188
1786391400,2026-08-10T19:50:00.000Z,2026-08-10T15:50:00.000,773.1599731445312,773.1599731445312,772.35498046875,772.3800048828125,1210259
1786391700,2026-08-10T19:55:00.000Z,2026-08-10T15:55:00.000,772.4000244140625,773.1599731445312,772.3150024414062,773.0700073242188,2364437
1786455000,2026-08-11T13:30:00.000Z,2026-08-11T09:30:00.000,774.530029296875,774.5399780273438,773.22998046875,773.469970703125,1428648
1786455300,2026-08-11T13:35:00.000Z,2026-08-11T09:35:00.000,773.4600219726562,773.5399780273438,772.864990234375,773.1099853515625,424993
1786455600,2026-08-11T13:40:00.000Z,2026-08-11T09:40:00.000,773.1198120117188,773.7100219726562,773.0999755859375,773.2999877929688,324717
1786455900,2026-08-11T13:45:00.000Z,2026-08-11T09:45:00.000,773.2999877929688,773.4849853515625,772.5800170898438,772.8400268554688,532137
1786456200,2026-08-11T13:50:00.000Z,2026-08-11T09:50:00.000,772.8350219726562,773.1400146484375,772.5900268554688,772.9199829101562,298670
1786456500,2026-08-11T13:55:00.000Z,2026-08-11T09:55:00.000,772.8800048828125,773.6400146484375,772.7999877929688,773.614990234375,380944
1786456800,2026-08-11T14:00:00.000Z,2026-08-11T10:00:00.000,773.614990234375,774.0800170898438,773.489990234375,773.8699951171875,453452
1786457100,2026-08-11T14:05:00.000Z,2026-08-11T10:05:00.000,773.85498046875,773.969970703125,773.5499877929688,773.7899780273438,329331
1786457400,2026-08-11T14:10:00.000Z,2026-08-11T10:10:00.000,773.8018188476562,773.9761962890625,773.5900268554688,773.780029296875,251067
1786457700,2026-08-11T14:15:00.000Z,2026-08-11T10:15:00.000,773.7999877929688,773.9500122070312,773.3800048828125,773.6300048828125,160206
1786458000,2026-08-11T14:20:00.000Z,2026-08-11T10:20:00.000,773.6400146484375,773.8699951171875,773.3800048828125,773.405029296875,291938
1786458300,2026-08-11T14:25:00.000Z,2026-08-11T10:25:00.000,773.3900146484375,773.9498901367188,773.3300170898438,773.8699951171875,406585
1786458600,2026-08-11T14:30:00.000Z,2026-08-11T10:30:00.000,773.8800048828125,773.9299926757812,773.4600219726562,773.6699829101562,243033
1786458900,2026-08-11T14:35:00.000Z,2026-08-11T10:35:00.000,773.6699829101562,773.7750244140625,773.2100219726562,773.344970703125,383084
1786459200,2026-08-11T14:40:00.000Z,2026-08-11T10:40:00.000,773.3699951171875,773.6199951171875,773.280029296875,773.369873046875,201888
1786459500,2026-08-11T14:45:00.000Z,2026-08-11T10:45:00.000,773.3599853515625,773.9299926757812,773.3499755859375,773.9000244140625,542338
1786459800,2026-08-11T14:50:00.000Z,2026-08-11T10:50:00.000,773.8800048828125,774.0349731445312,773.4600219726562,773.8900146484375,260399
1786460100,2026-08-11T14:55:00.000Z,2026-08-11T10:55:00.000,773.8900146484375,774.030029296875,773.5449829101562,773.6199951171875,271133
1786460400,2026-08-11T15:00:00.000Z,2026-08-11T11:00:00.000,773.6300048828125,773.8099975585938,773.375,773.5,207831
1786460700,2026-08-11T15:05:00.000Z,2026-08-11T11:05:00.000,773.5050048828125,773.5098876953125,772.719970703125,772.8049926757812,460078
1786461000,2026-08-11T15:10:00.000Z,2026-08-11T11:10:00.000,772.7899780273438,772.9450073242188,772.5499877929688,772.6599731445312,361674
1786461300,2026-08-11T15:15:00.000Z,2026-08-11T11:15:00.000,772.6599731445312,772.6799926757812,772.2000122070312,772.4500122070312,401588
1786461600,2026-08-11T15:20:00.000Z,2026-08-11T11:20:00.000,772.4500122070312,772.8400268554688,772.4000244140625,772.510009765625,296732
1786461900,2026-08-11T15:25:00.000Z,2026-08-11T11:25:00.000,772.52001953125,772.7000122070312,772.4000244140625,772.4010009765625,200505
1786462200,2026-08-11T15:30:00.000Z,2026-08-11T11:30:00.000,772.4099731445312,772.5599975585938,771.8049926757812,771.9450073242188,336602
1786462500,2026-08-11T15:35:00.000Z,2026-08-11T11:35:00.000,771.9500122070312,772.1300048828125,771.75,771.8599853515625,395830
1786462800,2026-08-11T15:40:00.000Z,2026-08-11T11:40:00.000,771.85498046875,772.2100219726562,771.780029296875,772.1799926757812,295888
1786463100,2026-08-11T15:45:00.000Z,2026-08-11T11:45:00.000,772.1699829101562,772.1763916015625,771.8905029296875,771.9949951171875,214007
1786463400,2026-08-11T15:50:00.000Z,2026-08-11T11:50:00.000,772,772.2479858398438,771.77001953125,771.8399047851562,246644
1786463700,2026-08-11T15:55:00.000Z,2026-08-11T11:55:00.000,771.8400268554688,772.1400146484375,771.7899780273438,772,315282
1786464000,2026-08-11T16:00:00.000Z,2026-08-11T12:00:00.000,772.030029296875,772.3099975585938,772.010009765625,772.0399780273438,212708
1786464300,2026-08-11T16:05:00.000Z,2026-08-11T12:05:00.000,772.030029296875,772.3900146484375,771.969970703125,772.3099975585938,592824
1786464600,2026-08-11T16:10:00.000Z,2026-08-11T12:10:00.000,772.318115234375,772.3300170898438,771.9299926757812,771.9550170898438,306205
1786464900,2026-08-11T16:15:00.000Z,2026-08-11T12:15:00.000,771.969970703125,772.4500122070312,771.9661865234375,772.0800170898438,986294
1786465200,2026-08-11T16:20:00.000Z,2026-08-11T12:20:00.000,772.0800170898438,772.2000122070312,771.6300048828125,771.7050170898438,296802
1786465500,2026-08-11T16:25:00.000Z,2026-08-11T12:25:00.000,771.7000122070312,771.8900146484375,771.3800048828125,771.8189697265625,681860
1786465800,2026-08-11T16:30:00.000Z,2026-08-11T12:30:00.000,771.8175048828125,771.9199829101562,771.4600219726562,771.5599975585938,295572
1786466100,2026-08-11T16:35:00.000Z,2026-08-11T12:35:00.000,771.5549926757812,772.010009765625,771.52001953125,771.8699951171875,216327
1786466400,2026-08-11T16:40:00.000Z,2026-08-11T12:40:00.000,771.8599853515625,771.8599853515625,771.5499877929688,771.5800170898438,290232
1786466700,2026-08-11T16:45:00.000Z,2026-08-11T12:45:00.000,771.5800170898438,771.5999755859375,771.280029296875,771.4299926757812,599549
1786467000,2026-08-11T16:50:00.000Z,2026-08-11T12:50:00.000,771.4400024414062,771.5599975585938,771.3001098632812,771.3800048828125,178651
1786467300,2026-08-11T16:55:00.000Z,2026-08-11T12:55:00.000,771.3800048828125,771.4099731445312,771.0399780273438,771.1400146484375,464586
1786467600,2026-08-11T17:00:00.000Z,2026-08-11T13:00:00.000,771.1500244140625,771.260009765625,770.780029296875,770.7849731445312,268966
1786467900,2026-08-11T17:05:00.000Z,2026-08-11T13:05:00.000,770.780029296875,771.0999755859375,770.760009765625,770.8800048828125,198827
1786468200,2026-08-11T17:10:00.000Z,2026-08-11T13:10:00.000,770.8800048828125,770.8800048828125,770.2999877929688,770.3265991210938,245008
1786468500,2026-08-11T17:15:00.000Z,2026-08-11T13:15:00.000,770.3099975585938,770.8399047851562,770.260009765625,770.7550048828125,285392
1786468800,2026-08-11T17:20:00.000Z,2026-08-11T13:20:00.000,770.760009765625,771,770.5999755859375,770.9000244140625,191635
1786469100,2026-08-11T17:25:00.000Z,2026-08-11T13:25:00.000,770.8900146484375,771.010009765625,770.6599731445312,770.8499755859375,158315
1786469400,2026-08-11T17:30:00.000Z,2026-08-11T13:30:00.000,770.8499755859375,770.9500122070312,770.72998046875,770.9400024414062,156705
1786469700,2026-08-11T17:35:00.000Z,2026-08-11T13:35:00.000,770.9450073242188,771.1300048828125,770.77001953125,770.875,235620
1786470000,2026-08-11T17:40:00.000Z,2026-08-11T13:40:00.000,770.8900146484375,771.3099975585938,770.7899780273438,771.27001953125,230686
1786470300,2026-08-11T17:45:00.000Z,2026-08-11T13:45:00.000,771.260009765625,771.35498046875,771.1199951171875,771.1702880859375,140117
1786470600,2026-08-11T17:50:00.000Z,2026-08-11T13:50:00.000,771.1950073242188,771.3300170898438,771.1500244140625,771.2949829101562,150583
1786470900,2026-08-11T17:55:00.000Z,2026-08-11T13:55:00.000,771.3099975585938,771.3099975585938,771.1099853515625,771.2399291992188,168385
1786471200,2026-08-11T18:00:00.000Z,2026-08-11T14:00:00.000,771.219970703125,771.239501953125,770.9000244140625,771.0650024414062,288249
1786471500,2026-08-11T18:05:00.000Z,2026-08-11T14:05:00.000,771.0700073242188,771.1599731445312,770.6699829101562,770.6900024414062,192607
1786471800,2026-08-11T18:10:00.000Z,2026-08-11T14:10:00.000,770.7000122070312,770.9099731445312,770.6500244140625,770.8350219726562,284970
1786472100,2026-08-11T18:15:00.000Z,2026-08-11T14:15:00.000,770.8400268554688,770.9400024414062,770.6400146484375,770.75,189412
1786472400,2026-08-11T18:20:00.000Z,2026-08-11T14:20:00.000,770.739990234375,770.75,770.280029296875,770.489990234375,275517
1786472700,2026-08-11T18:25:00.000Z,2026-08-11T14:25:00.000,770.5,770.5599975585938,769.2000122070312,769.5,469509
1786473000,2026-08-11T18:30:00.000Z,2026-08-11T14:30:00.000,769.52001953125,770.0499877929688,769.5150146484375,770,831651
1786473300,2026-08-11T18:35:00.000Z,2026-08-11T14:35:00.000,770.0050048828125,770.219970703125,769.9299926757812,770.010009765625,308649
1786473600,2026-08-11T18:40:00.000Z,2026-08-11T14:40:00.000,770,770,769.6599731445312,769.7899780273438,386285
1786473900,2026-08-11T18:45:00.000Z,2026-08-11T14:45:00.000,769.780029296875,770.3499755859375,769.780029296875,770.3400268554688,239434
1786474200,2026-08-11T18:50:00.000Z,2026-08-11T14:50:00.000,770.3250122070312,770.4650268554688,770.1400146484375,770.3699951171875,287103
1786474500,2026-08-11T18:55:00.000Z,2026-08-11T14:55:00.000,770.35498046875,770.3800048828125,770.0599975585938,770.0750122070312,163546
1786474800,2026-08-11T19:00:00.000Z,2026-08-11T15:00:00.000,770.0900268554688,770.2100219726562,769.8900146484375,770.094970703125,208970
1786475100,2026-08-11T19:05:00.000Z,2026-08-11T15:05:00.000,770.094970703125,770.1699829101562,769.8499755859375,770.0800170898438,301661
1786475400,2026-08-11T19:10:00.000Z,2026-08-11T15:10:00.000,770.0900268554688,770.3800048828125,770.02001953125,770.239990234375,215690
1786475700,2026-08-11T19:15:00.000Z,2026-08-11T15:15:00.000,770.27001953125,770.4901123046875,770.1699829101562,770.4400024414062,319523
1786476000,2026-08-11T19:20:00.000Z,2026-08-11T15:20:00.000,770.4400024414062,770.6699829101562,770.3699951171875,770.6400146484375,276727
1786476300,2026-08-11T19:25:00.000Z,2026-08-11T15:25:00.000,770.6389770507812,770.6900024414062,770.4500122070312,770.6300048828125,434929
1786476600,2026-08-11T19:30:00.000Z,2026-08-11T15:30:00.000,770.6300048828125,770.8400268554688,770.5499877929688,770.7999877929688,500789
1786476900,2026-08-11T19:35:00.000Z,2026-08-11T15:35:00.000,770.7899780273438,771.094970703125,770.7000122070312,771.0499877929688,320188
1786477200,2026-08-11T19:40:00.000Z,2026-08-11T15:40:00.000,771.0700073242188,771.0700073242188,770.6799926757812,770.7150268554688,377306
1786477500,2026-08-11T19:45:00.000Z,2026-08-11T15:45:00.000,770.719970703125,770.719970703125,770.2899780273438,770.3800048828125,798025
1786477800,2026-08-11T19:50:00.000Z,2026-08-11T15:50:00.000,770.3900146484375,770.469970703125,769.7899780273438,770.4000244140625,610583
1786478100,2026-08-11T19:55:00.000Z,2026-08-11T15:55:00.000,770.4099731445312,770.5499877929688,769.8400268554688,770.47998046875,2662022
1786541400,2026-08-12T13:30:00.000Z,2026-08-12T09:30:00.000,774.7100219726562,774.9000244140625,772.719970703125,773.0650024414062,2473063
1786541700,2026-08-12T13:35:00.000Z,2026-08-12T09:35:00.000,773.0499877929688,773.5150146484375,772.8049926757812,772.8800048828125,545687
1786542000,2026-08-12T13:40:00.000Z,2026-08-12T09:40:00.000,772.8900146484375,773.1199951171875,772.4550170898438,772.8095092773438,541526
1786542300,2026-08-12T13:45:00.000Z,2026-08-12T09:45:00.000,772.8200073242188,773.6500244140625,772.3619995117188,773.5399780273438,681812
1786542600,2026-08-12T13:50:00.000Z,2026-08-12T09:50:00.000,773.5399780273438,773.5399780273438,772.5650024414062,772.614990234375,475100
1786542900,2026-08-12T13:55:00.000Z,2026-08-12T09:55:00.000,772.614990234375,772.780029296875,772.0900268554688,772.5900268554688,420109
1786543200,2026-08-12T14:00:00.000Z,2026-08-12T10:00:00.000,772.594970703125,772.8200073242188,771.9299926757812,771.9400024414062,502816
1786543500,2026-08-12T14:05:00.000Z,2026-08-12T10:05:00.000,771.9400024414062,772.510009765625,771.8800048828125,772.4000244140625,468985
1786543800,2026-08-12T14:10:00.000Z,2026-08-12T10:10:00.000,772.4199829101562,772.719970703125,772.1599731445312,772.3800048828125,329490
1786544100,2026-08-12T14:15:00.000Z,2026-08-12T10:15:00.000,772.3599853515625,773.02001953125,772.22998046875,772.5,397238
1786544400,2026-08-12T14:20:00.000Z,2026-08-12T10:20:00.000,772.5,773.030029296875,772.1799926757812,772.9650268554688,308692
1786544700,2026-08-12T14:25:00.000Z,2026-08-12T10:25:00.000,772.9400024414062,773.3049926757812,772.5900268554688,772.7949829101562,350688
1786545000,2026-08-12T14:30:00.000Z,2026-08-12T10:30:00.000,772.7899780273438,772.9807739257812,771.2899780273438,772.0700073242188,941071
1786545300,2026-08-12T14:35:00.000Z,2026-08-12T10:35:00.000,772.0599975585938,772.7899780273438,771.9199829101562,772.7899780273438,327442
1786545600,2026-08-12T14:40:00.000Z,2026-08-12T10:40:00.000,772.7799072265625,773.0900268554688,772.6799926757812,773.0599975585938,357018
1786545900,2026-08-12T14:45:00.000Z,2026-08-12T10:45:00.000,773.0599975585938,773.2000122070312,772.4199829101562,772.6799926757812,247235
1786546200,2026-08-12T14:50:00.000Z,2026-08-12T10:50:00.000,772.6799926757812,772.7100219726562,771.989990234375,772.0599975585938,270283
1786546500,2026-08-12T14:55:00.000Z,2026-08-12T10:55:00.000,772.0399780273438,772.3400268554688,771.8200073242188,772.219970703125,311084
1786546800,2026-08-12T15:00:00.000Z,2026-08-12T11:00:00.000,772.2208862304688,772.2899780273438,771.760009765625,771.8699951171875,217138
1786547100,2026-08-12T15:05:00.000Z,2026-08-12T11:05:00.000,771.864990234375,772.2100219726562,771.7100219726562,772.0900268554688,281952
1786547400,2026-08-12T15:10:00.000Z,2026-08-12T11:10:00.000,772.1199951171875,772.4099731445312,771.77001953125,772.1699829101562,234332
1786547700,2026-08-12T15:15:00.000Z,2026-08-12T11:15:00.000,772.1300048828125,772.3198852539062,771.9400024414062,772.0999755859375,143342
1786548000,2026-08-12T15:20:00.000Z,2026-08-12T11:20:00.000,772.1220092773438,772.1900024414062,771.719970703125,771.9089965820312,539655
1786548300,2026-08-12T15:25:00.000Z,2026-08-12T11:25:00.000,771.8900146484375,772.3699951171875,771.844970703125,772.3699951171875,116530
1786548600,2026-08-12T15:30:00.000Z,2026-08-12T11:30:00.000,772.4000244140625,772.469970703125,771.6649780273438,771.9000244140625,235675
1786548900,2026-08-12T15:35:00.000Z,2026-08-12T11:35:00.000,771.8900146484375,772.1900024414062,771.6649780273438,771.6849975585938,186942
1786549200,2026-08-12T15:40:00.000Z,2026-08-12T11:40:00.000,771.6699829101562,771.969970703125,771.5599975585938,771.7999877929688,555093
1786549500,2026-08-12T15:45:00.000Z,2026-08-12T11:45:00.000,771.7999877929688,772.1699829101562,771.7698974609375,772.1699829101562,131275
1786549800,2026-08-12T15:50:00.000Z,2026-08-12T11:50:00.000,772.1900024414062,772.1900024414062,771.8400268554688,771.97998046875,155260
1786550100,2026-08-12T15:55:00.000Z,2026-08-12T11:55:00.000,771.9400024414062,772.0800170898438,771.8699951171875,772.030029296875,160609
1786550400,2026-08-12T16:00:00.000Z,2026-08-12T12:00:00.000,772.0150146484375,772.4299926757812,771.969970703125,772.219970703125,187168
1786550700,2026-08-12T16:05:00.000Z,2026-08-12T12:05:00.000,772.219970703125,772.3599853515625,771.97998046875,772.3499755859375,174934
1786551000,2026-08-12T16:10:00.000Z,2026-08-12T12:10:00.000,772.3699951171875,772.6199951171875,772.2000122070312,772.5198974609375,407843
1786551300,2026-08-12T16:15:00.000Z,2026-08-12T12:15:00.000,772.530029296875,772.6199951171875,772.3599853515625,772.434326171875,245911
1786551600,2026-08-12T16:20:00.000Z,2026-08-12T12:20:00.000,772.435302734375,772.6400146484375,772.3200073242188,772.5700073242188,209073
1786551900,2026-08-12T16:25:00.000Z,2026-08-12T12:25:00.000,772.5800170898438,772.6699829101562,772.4099731445312,772.4500122070312,181309
1786552200,2026-08-12T16:30:00.000Z,2026-08-12T12:30:00.000,772.4500122070312,772.530029296875,772.1799926757812,772.2000122070312,269932
1786552500,2026-08-12T16:35:00.000Z,2026-08-12T12:35:00.000,772.2000122070312,772.77001953125,772.1799926757812,772.760009765625,190220
1786552800,2026-08-12T16:40:00.000Z,2026-08-12T12:40:00.000,772.760009765625,772.9099731445312,772.6599731445312,772.739990234375,204084
1786553100,2026-08-12T16:45:00.000Z,2026-08-12T12:45:00.000,772.760009765625,772.8870239257812,772.5599975585938,772.8499755859375,185898
1786553400,2026-08-12T16:50:00.000Z,2026-08-12T12:50:00.000,772.8499755859375,773.2000122070312,772.8400268554688,773.0650024414062,264200
1786553700,2026-08-12T16:55:00.000Z,2026-08-12T12:55:00.000,773.0599975585938,773.0800170898438,772.8099975585938,772.905029296875,222871
1786554000,2026-08-12T17:00:00.000Z,2026-08-12T13:00:00.000,772.9099731445312,773.0999755859375,772.8400268554688,773.0499877929688,206060
1786554300,2026-08-12T17:05:00.000Z,2026-08-12T13:05:00.000,773.0549926757812,773.2899780273438,773,773.010009765625,223812
1786554600,2026-08-12T17:10:00.000Z,2026-08-12T13:10:00.000,773.0198974609375,773.0700073242188,772.77001953125,773.030029296875,166664
1786554900,2026-08-12T17:15:00.000Z,2026-08-12T13:15:00.000,773.030029296875,773.030029296875,772.6099853515625,772.77001953125,300930
1786555200,2026-08-12T17:20:00.000Z,2026-08-12T13:20:00.000,772.77001953125,772.905029296875,772.6599731445312,772.7899780273438,153404
1786555500,2026-08-12T17:25:00.000Z,2026-08-12T13:25:00.000,772.780029296875,773.0250244140625,772.72998046875,772.780029296875,175028
1786555800,2026-08-12T17:30:00.000Z,2026-08-12T13:30:00.000,772.8300170898438,773,772.7000122070312,772.9000244140625,307687
1786556100,2026-08-12T17:35:00.000Z,2026-08-12T13:35:00.000,772.9000244140625,772.9500122070312,772.760009765625,772.864990234375,161672
1786556400,2026-08-12T17:40:00.000Z,2026-08-12T13:40:00.000,772.8599853515625,772.969970703125,772.719970703125,772.8800048828125,175230
1786556700,2026-08-12T17:45:00.000Z,2026-08-12T13:45:00.000,772.8599853515625,772.9600219726562,772.760009765625,772.7999877929688,145350
1786557000,2026-08-12T17:50:00.000Z,2026-08-12T13:50:00.000,772.7899780273438,772.97998046875,772.72998046875,772.75,203119
1786557300,2026-08-12T17:55:00.000Z,2026-08-12T13:55:00.000,772.75,772.89501953125,772.6414184570312,772.8101196289062,134379
1786557600,2026-08-12T18:00:00.000Z,2026-08-12T14:00:00.000,772.8099975585938,772.9600219726562,772.780029296875,772.9099731445312,195541
1786557900,2026-08-12T18:05:00.000Z,2026-08-12T14:05:00.000,772.8900146484375,772.97998046875,772.8099975585938,772.8900146484375,154186
1786558200,2026-08-12T18:10:00.000Z,2026-08-12T14:10:00.000,772.8887329101562,773.2100219726562,772.8887329101562,773.1099853515625,219976
1786558500,2026-08-12T18:15:00.000Z,2026-08-12T14:15:00.000,773.1099853515625,773.1300048828125,772.97998046875,773.1300048828125,323123
1786558800,2026-08-12T18:20:00.000Z,2026-08-12T14:20:00.000,773.1199951171875,773.22998046875,772.9600219726562,773.2249755859375,208122
1786559100,2026-08-12T18:25:00.000Z,2026-08-12T14:25:00.000,773.22998046875,773.3099975585938,773.0700073242188,773.0900268554688,189330
1786559400,2026-08-12T18:30:00.000Z,2026-08-12T14:30:00.000,773.0900268554688,773.468994140625,773.0900268554688,773.344970703125,198769
1786559700,2026-08-12T18:35:00.000Z,2026-08-12T14:35:00.000,773.3300170898438,773.489990234375,773.3300170898438,773.4249877929688,213080
1786560000,2026-08-12T18:40:00.000Z,2026-08-12T14:40:00.000,773.4199829101562,773.6300048828125,773.4199829101562,773.510009765625,222541
1786560300,2026-08-12T18:45:00.000Z,2026-08-12T14:45:00.000,773.5150146484375,773.5499877929688,773.3800048828125,773.5250244140625,248126
1786560600,2026-08-12T18:50:00.000Z,2026-08-12T14:50:00.000,773.530029296875,773.6300048828125,773.4400024414062,773.4400024414062,198072
1786560900,2026-08-12T18:55:00.000Z,2026-08-12T14:55:00.000,773.4500122070312,773.4500122070312,773.0399780273438,773.0599975585938,299380
1786561200,2026-08-12T19:00:00.000Z,2026-08-12T15:00:00.000,773.0349731445312,773.3250122070312,773.02001953125,773.2503051757812,222436
1786561500,2026-08-12T19:05:00.000Z,2026-08-12T15:05:00.000,773.2559814453125,773.3800048828125,773.2100219726562,773.22998046875,490028
1786561800,2026-08-12T19:10:00.000Z,2026-08-12T15:10:00.000,773.22998046875,773.280029296875,773,773.0700073242188,204145
1786562100,2026-08-12T19:15:00.000Z,2026-08-12T15:15:00.000,773.0700073242188,773.219970703125,773.0549926757812,773.14501953125,400179
1786562400,2026-08-12T19:20:00.000Z,2026-08-12T15:20:00.000,773.1400146484375,773.1599731445312,772.7999877929688,772.8699951171875,256993
1786562700,2026-08-12T19:25:00.000Z,2026-08-12T15:25:00.000,772.8699951171875,772.989990234375,772.8099975585938,772.97998046875,338557
1786563000,2026-08-12T19:30:00.000Z,2026-08-12T15:30:00.000,772.97998046875,773.02001953125,772.7999877929688,772.8800048828125,322257
1786563300,2026-08-12T19:35:00.000Z,2026-08-12T15:35:00.000,772.8699951171875,773,772.8400268554688,772.8900146484375,369107
1786563600,2026-08-12T19:40:00.000Z,2026-08-12T15:40:00.000,772.8800048828125,772.9099731445312,772.5599975585938,772.864990234375,301466
1786563900,2026-08-12T19:45:00.000Z,2026-08-12T15:45:00.000,772.8599853515625,773,772.7000122070312,772.8800048828125,452702
1786564200,2026-08-12T19:50:00.000Z,2026-08-12T15:50:00.000,772.8800048828125,772.9000244140625,772.1699829101562,772.239990234375,838012
1786564500,2026-08-12T19:55:00.000Z,2026-08-12T15:55:00.000,772.260009765625,772.719970703125,772,772.52001953125,1530781
1786627800,2026-08-13T13:30:00.000Z,2026-08-13T09:30:00.000,774.8699951171875,775.489990234375,774.1199951171875,775.3807983398438,1376104
1786628100,2026-08-13T13:35:00.000Z,2026-08-13T09:35:00.000,775.3900146484375,776.469970703125,775.3599853515625,776.4400024414062,709923
1786628400,2026-08-13T13:40:00.000Z,2026-08-13T09:40:00.000,776.4400024414062,776.4400024414062,775.5499877929688,775.7100219726562,478545
1786628700,2026-08-13T13:45:00.000Z,2026-08-13T09:45:00.000,775.719970703125,776.9603271484375,775.6199951171875,776.8400268554688,560229
1786629000,2026-08-13T13:50:00.000Z,2026-08-13T09:50:00.000,776.8400268554688,777.1699829101562,776.6699829101562,777.1500244140625,516829
1786629300,2026-08-13T13:55:00.000Z,2026-08-13T09:55:00.000,777.135009765625,777.6900024414062,776.9299926757812,777.6099853515625,518195
1786629600,2026-08-13T14:00:00.000Z,2026-08-13T10:00:00.000,777.5999755859375,778.25,777.52001953125,778.2249755859375,529056
1786629900,2026-08-13T14:05:00.000Z,2026-08-13T10:05:00.000,778.2249755859375,778.3900146484375,777.9299926757812,778.1400146484375,448939
1786630200,2026-08-13T14:10:00.000Z,2026-08-13T10:10:00.000,778.1500244140625,778.5499877929688,778.1300048828125,778.510009765625,353311
1786630500,2026-08-13T14:15:00.000Z,2026-08-13T10:15:00.000,778.5250244140625,778.6599731445312,778.023193359375,778.530029296875,348225
1786630800,2026-08-13T14:20:00.000Z,2026-08-13T10:20:00.000,778.5399780273438,779.2100219726562,778.3900146484375,779.0294799804688,453879
1786631100,2026-08-13T14:25:00.000Z,2026-08-13T10:25:00.000,779.030029296875,779.25,778.9099731445312,779.1900024414062,271731
1786631400,2026-08-13T14:30:00.000Z,2026-08-13T10:30:00.000,779.1900024414062,779.3699951171875,778.97998046875,779.219970703125,464862
1786631700,2026-08-13T14:35:00.000Z,2026-08-13T10:35:00.000,779.219970703125,779.3699951171875,778.75,779.0650024414062,416718
1786632000,2026-08-13T14:40:00.000Z,2026-08-13T10:40:00.000,779.0650024414062,779.1099853515625,778.5695190429688,778.5695190429688,391491
1786632300,2026-08-13T14:45:00.000Z,2026-08-13T10:45:00.000,778.5399780273438,778.5499877929688,777.530029296875,777.6799926757812,489939
1786632600,2026-08-13T14:50:00.000Z,2026-08-13T10:50:00.000,777.6900024414062,777.9349975585938,777.5700073242188,777.8400268554688,628299
1786632900,2026-08-13T14:55:00.000Z,2026-08-13T10:55:00.000,777.8400268554688,777.969970703125,777.3800048828125,777.760009765625,299201
1786633200,2026-08-13T15:00:00.000Z,2026-08-13T11:00:00.000,777.77001953125,778.22998046875,777.3200073242188,777.3800048828125,292865
1786633500,2026-08-13T15:05:00.000Z,2026-08-13T11:05:00.000,777.3699951171875,777.60498046875,776.9650268554688,777.2349853515625,364453
1786633800,2026-08-13T15:10:00.000Z,2026-08-13T11:10:00.000,777.239990234375,777.3699951171875,777.02001953125,777.1199951171875,379276
1786634100,2026-08-13T15:15:00.000Z,2026-08-13T11:15:00.000,777.125,777.25,776.7213134765625,777.1749877929688,269694
1786634400,2026-08-13T15:20:00.000Z,2026-08-13T11:20:00.000,777.1500244140625,777.260009765625,776.8250122070312,776.9149780273438,311149
1786634700,2026-08-13T15:25:00.000Z,2026-08-13T11:25:00.000,776.9199829101562,776.9299926757812,775.9199829101562,776.1699829101562,783714
1786635000,2026-08-13T15:30:00.000Z,2026-08-13T11:30:00.000,776.1799926757812,776.3099975585938,775.7100219726562,775.72998046875,364892
1786635300,2026-08-13T15:35:00.000Z,2026-08-13T11:35:00.000,775.739990234375,776.1500244140625,775.5800170898438,775.9600219726562,843741
1786635600,2026-08-13T15:40:00.000Z,2026-08-13T11:40:00.000,775.9500122070312,776.3699951171875,775.7000122070312,775.9650268554688,345484
1786635900,2026-08-13T15:45:00.000Z,2026-08-13T11:45:00.000,775.9600219726562,776.1300048828125,775.7000122070312,775.909912109375,237331
1786636200,2026-08-13T15:50:00.000Z,2026-08-13T11:50:00.000,775.89501953125,775.9299926757812,775.52001953125,775.6599731445312,194043
1786636500,2026-08-13T15:55:00.000Z,2026-08-13T11:55:00.000,775.6599731445312,775.9299926757812,775.3800048828125,775.489990234375,263486
1786636800,2026-08-13T16:00:00.000Z,2026-08-13T12:00:00.000,775.47998046875,776.0499877929688,775.4600219726562,775.89990234375,207585
1786637100,2026-08-13T16:05:00.000Z,2026-08-13T12:05:00.000,775.9099731445312,776.2899780273438,775.8900146484375,775.9650268554688,204513
1786637400,2026-08-13T16:10:00.000Z,2026-08-13T12:10:00.000,775.9650268554688,776.1199951171875,775.6749877929688,775.6900024414062,154007
1786637700,2026-08-13T16:15:00.000Z,2026-08-13T12:15:00.000,775.6923217773438,775.8800048828125,775.5999755859375,775.8499755859375,198565
1786638000,2026-08-13T16:20:00.000Z,2026-08-13T12:20:00.000,775.8499755859375,776.0900268554688,775.760009765625,776.0599975585938,207324
1786638300,2026-08-13T16:25:00.000Z,2026-08-13T12:25:00.000,776.0650024414062,776.52001953125,776.0449829101562,776.52001953125,543639
1786638600,2026-08-13T16:30:00.000Z,2026-08-13T12:30:00.000,776.5250244140625,776.7100219726562,776.405029296875,776.6400146484375,278306
1786638900,2026-08-13T16:35:00.000Z,2026-08-13T12:35:00.000,776.6400146484375,776.7000122070312,776.2199096679688,776.2899780273438,258151
1786639200,2026-08-13T16:40:00.000Z,2026-08-13T12:40:00.000,776.2857055664062,776.510009765625,776.2050170898438,776.4400024414062,159458
1786639500,2026-08-13T16:45:00.000Z,2026-08-13T12:45:00.000,776.4146728515625,776.6699829101562,776.4146728515625,776.6099853515625,180286
1786639800,2026-08-13T16:50:00.000Z,2026-08-13T12:50:00.000,776.6099853515625,776.7999877929688,776.594970703125,776.6900024414062,160969
1786640100,2026-08-13T16:55:00.000Z,2026-08-13T12:55:00.000,776.6799926757812,776.760009765625,776.5850219726562,776.7000122070312,126149
1786640400,2026-08-13T17:00:00.000Z,2026-08-13T13:00:00.000,776.7100219726562,777.0499877929688,776.7100219726562,776.989990234375,156097
1786640700,2026-08-13T17:05:00.000Z,2026-08-13T13:05:00.000,777,777.3800048828125,776.9299926757812,777.25,168554
1786641000,2026-08-13T17:10:00.000Z,2026-08-13T13:10:00.000,777.25,777.2999877929688,777.0900268554688,777.1900024414062,121079
1786641300,2026-08-13T17:15:00.000Z,2026-08-13T13:15:00.000,777.1699829101562,777.4000244140625,777.1699829101562,777.4000244140625,139804
1786641600,2026-08-13T17:20:00.000Z,2026-08-13T13:20:00.000,777.405029296875,777.47998046875,777.1699829101562,777.280029296875,122761
1786641900,2026-08-13T17:25:00.000Z,2026-08-13T13:25:00.000,777.2899780273438,777.3099975585938,777.0900268554688,777.1099853515625,134965
1786642200,2026-08-13T17:30:00.000Z,2026-08-13T13:30:00.000,777.0999755859375,777.239990234375,776.8300170898438,776.9299926757812,139366
1786642500,2026-08-13T17:35:00.000Z,2026-08-13T13:35:00.000,776.9299926757812,776.9349975585938,776.6649780273438,776.7899780273438,170159
1786642800,2026-08-13T17:40:00.000Z,2026-08-13T13:40:00.000,776.7864990234375,776.9000244140625,776.6199951171875,776.6199951171875,115385
1786643100,2026-08-13T17:45:00.000Z,2026-08-13T13:45:00.000,776.6199951171875,776.9199829101562,776.6199951171875,776.8300170898438,109112
1786643400,2026-08-13T17:50:00.000Z,2026-08-13T13:50:00.000,776.8400268554688,776.9299926757812,776.739990234375,776.77001953125,86696
1786643700,2026-08-13T17:55:00.000Z,2026-08-13T13:55:00.000,776.780029296875,776.9400024414062,776.6699829101562,776.7449951171875,148652
1786644000,2026-08-13T18:00:00.000Z,2026-08-13T14:00:00.000,776.75,776.9400024414062,776.739990234375,776.9099731445312,137327
1786644300,2026-08-13T18:05:00.000Z,2026-08-13T14:05:00.000,776.9299926757812,777.0399780273438,776.7999877929688,776.8300170898438,335929
1786644600,2026-08-13T18:10:00.000Z,2026-08-13T14:10:00.000,776.8200073242188,777.1400146484375,776.6599731445312,777.0800170898438,201122
1786644900,2026-08-13T18:15:00.000Z,2026-08-13T14:15:00.000,777.0750122070312,777.1699829101562,776.8900146484375,776.9500122070312,468879
1786645200,2026-08-13T18:20:00.000Z,2026-08-13T14:20:00.000,776.9299926757812,776.989990234375,776.6799926757812,776.719970703125,225428
1786645500,2026-08-13T18:25:00.000Z,2026-08-13T14:25:00.000,776.72998046875,777.0449829101562,776.7100219726562,776.97998046875,253739
1786645800,2026-08-13T18:30:00.000Z,2026-08-13T14:30:00.000,776.989990234375,777.260009765625,776.989990234375,777.2368774414062,236949
1786646100,2026-08-13T18:35:00.000Z,2026-08-13T14:35:00.000,777.25,777.4199829101562,777.2000122070312,777.4000244140625,252989
1786646400,2026-08-13T18:40:00.000Z,2026-08-13T14:40:00.000,777.4099731445312,777.739990234375,777.3599853515625,777.6174926757812,251157
1786646700,2026-08-13T18:45:00.000Z,2026-08-13T14:45:00.000,777.614990234375,777.760009765625,777.6055297851562,777.75,166152
1786647000,2026-08-13T18:50:00.000Z,2026-08-13T14:50:00.000,777.75,777.9299926757812,777.6300048828125,777.8699951171875,244315
1786647300,2026-08-13T18:55:00.000Z,2026-08-13T14:55:00.000,777.8699951171875,777.9199829101562,777.6699829101562,777.739990234375,176845
1786647600,2026-08-13T19:00:00.000Z,2026-08-13T15:00:00.000,777.75,777.9301147460938,777.719970703125,777.8800048828125,292028
1786647900,2026-08-13T19:05:00.000Z,2026-08-13T15:05:00.000,777.8800048828125,778.4299926757812,777.7999877929688,778.35498046875,309207
1786648200,2026-08-13T19:10:00.000Z,2026-08-13T15:10:00.000,778.3599853515625,778.3599853515625,777.8400268554688,777.9600219726562,399339
1786648500,2026-08-13T19:15:00.000Z,2026-08-13T15:15:00.000,777.9500122070312,778.1500244140625,777.7899780273438,778.1500244140625,470137
1786648800,2026-08-13T19:20:00.000Z,2026-08-13T15:20:00.000,778.14501953125,778.3300170898438,778.1300048828125,778.2949829101562,318573
1786649100,2026-08-13T19:25:00.000Z,2026-08-13T15:25:00.000,778.2899780273438,778.3699951171875,777.97998046875,778.0300903320312,312743
1786649400,2026-08-13T19:30:00.000Z,2026-08-13T15:30:00.000,778.030029296875,778.239990234375,777.9500122070312,778.0399780273438,648879
1786649700,2026-08-13T19:35:00.000Z,2026-08-13T15:35:00.000,778.0399780273438,778.0599975585938,777.72998046875,777.9550170898438,1055543
1786650000,2026-08-13T19:40:00.000Z,2026-08-13T15:40:00.000,777.9600219726562,778.030029296875,777.6900024414062,777.719970703125,394536
1786650300,2026-08-13T19:45:00.000Z,2026-08-13T15:45:00.000,777.7100219726562,777.8200073242188,777.6400146484375,777.77001953125,715586
1786650600,2026-08-13T19:50:00.000Z,2026-08-13T15:50:00.000,777.75,777.75,777.3499755859375,777.5150146484375,1408773
1786650900,2026-08-13T19:55:00.000Z,2026-08-13T15:55:00.000,777.530029296875,777.9349975585938,777.364990234375,777.780029296875,2781625
1786714200,2026-08-14T13:30:00.000Z,2026-08-14T09:30:00.000,778.5399780273438,778.5800170898438,777.9199829101562,778.1900024414062,1160934
1786714500,2026-08-14T13:35:00.000Z,2026-08-14T09:35:00.000,778.1649780273438,778.280029296875,777.6599731445312,778.02001953125,478796
1786714800,2026-08-14T13:40:00.000Z,2026-08-14T09:40:00.000,778.0399780273438,778.4849853515625,777.8200073242188,778.3800048828125,509871
1786715100,2026-08-14T13:45:00.000Z,2026-08-14T09:45:00.000,778.3900146484375,778.5999755859375,777.88037109375,777.9500122070312,335338
1786715400,2026-08-14T13:50:00.000Z,2026-08-14T09:50:00.000,777.9600219726562,778.5999755859375,777.8099975585938,778.469970703125,384936
1786715700,2026-08-14T13:55:00.000Z,2026-08-14T09:55:00.000,778.469970703125,778.510009765625,778.0999755859375,778.4299926757812,228278
1786716000,2026-08-14T14:00:00.000Z,2026-08-14T10:00:00.000,778.4199829101562,778.5900268554688,778.1599731445312,778.5499877929688,232658
1786716300,2026-08-14T14:05:00.000Z,2026-08-14T10:05:00.000,778.5499877929688,778.7999877929688,778.469970703125,778.52001953125,274925
1786716600,2026-08-14T14:10:00.000Z,2026-08-14T10:10:00.000,778.530029296875,778.6799926757812,778.280029296875,778.280029296875,205626
1786716900,2026-08-14T14:15:00.000Z,2026-08-14T10:15:00.000,778.2750244140625,778.3400268554688,777.7650146484375,777.8101196289062,353296
1786717200,2026-08-14T14:20:00.000Z,2026-08-14T10:20:00.000,777.8099975585938,777.9099731445312,777.3800048828125,777.530029296875,414251
1786717500,2026-08-14T14:25:00.000Z,2026-08-14T10:25:00.000,777.527099609375,777.619873046875,777.1300048828125,777.4099731445312,381514
1786717800,2026-08-14T14:30:00.000Z,2026-08-14T10:30:00.000,777.4000244140625,777.47998046875,776.8200073242188,776.8699951171875,435292
1786718100,2026-08-14T14:35:00.000Z,2026-08-14T10:35:00.000,776.8599853515625,777.4400024414062,776.8400268554688,777.4000244140625,277615
1786718400,2026-08-14T14:40:00.000Z,2026-08-14T10:40:00.000,777.375,777.375,777.010009765625,777.1300048828125,225269
1786718700,2026-08-14T14:45:00.000Z,2026-08-14T10:45:00.000,777.1199951171875,777.4299926757812,777.030029296875,777.260009765625,298480
1786719000,2026-08-14T14:50:00.000Z,2026-08-14T10:50:00.000,777.2449951171875,777.4392700195312,776.9880981445312,777.0150146484375,253978
1786719300,2026-08-14T14:55:00.000Z,2026-08-14T10:55:00.000,777.02001953125,777.1500244140625,776.739990234375,776.739990234375,199305
1786719600,2026-08-14T15:00:00.000Z,2026-08-14T11:00:00.000,776.7449951171875,777.1099853515625,776.7100219726562,776.9400024414062,186300
1786719900,2026-08-14T15:05:00.000Z,2026-08-14T11:05:00.000,776.9299926757812,777.0599975585938,776.5700073242188,776.6599731445312,223936
1786720200,2026-08-14T15:10:00.000Z,2026-08-14T11:10:00.000,776.6699829101562,776.780029296875,776.4199829101562,776.4550170898438,238187
1786720500,2026-08-14T15:15:00.000Z,2026-08-14T11:15:00.000,776.4500122070312,776.6900024414062,776.4299926757812,776.5900268554688,265969
1786720800,2026-08-14T15:20:00.000Z,2026-08-14T11:20:00.000,776.5900268554688,776.6500244140625,775.989990234375,776.0017700195312,463188
1786721100,2026-08-14T15:25:00.000Z,2026-08-14T11:25:00.000,776,776.2999877929688,775.8599853515625,776.2999877929688,485454
1786721400,2026-08-14T15:30:00.000Z,2026-08-14T11:30:00.000,776.2899780273438,776.4149780273438,776.010009765625,776.1699829101562,430442
1786721700,2026-08-14T15:35:00.000Z,2026-08-14T11:35:00.000,776.1799926757812,776.4600219726562,776.0599975585938,776.0618286132812,381075
1786722000,2026-08-14T15:40:00.000Z,2026-08-14T11:40:00.000,776.0900268554688,776.1300048828125,775.8499755859375,776.0499877929688,349847
1786722300,2026-08-14T15:45:00.000Z,2026-08-14T11:45:00.000,776.0549926757812,776.3699951171875,775.8599853515625,775.8900146484375,346623
1786722600,2026-08-14T15:50:00.000Z,2026-08-14T11:50:00.000,775.8800048828125,776.2100219726562,775.8099975585938,776.114990234375,358905
1786722900,2026-08-14T15:55:00.000Z,2026-08-14T11:55:00.000,776.1199951171875,776.3499755859375,776.02001953125,776.219970703125,218846
1786723200,2026-08-14T16:00:00.000Z,2026-08-14T12:00:00.000,776.22998046875,776.5900268554688,776.22998046875,776.4398803710938,283320
1786723500,2026-08-14T16:05:00.000Z,2026-08-14T12:05:00.000,776.4099731445312,776.510009765625,776.0999755859375,776.239990234375,189294
1786723800,2026-08-14T16:10:00.000Z,2026-08-14T12:10:00.000,776.236328125,776.5599975585938,776.1699829101562,776.5499877929688,359889
1786724100,2026-08-14T16:15:00.000Z,2026-08-14T12:15:00.000,776.5499877929688,776.75,776.530029296875,776.5900268554688,463051
1786724400,2026-08-14T16:20:00.000Z,2026-08-14T12:20:00.000,776.5900268554688,776.7000122070312,776.4400024414062,776.6699829101562,208944
1786724700,2026-08-14T16:25:00.000Z,2026-08-14T12:25:00.000,776.6749877929688,776.8200073242188,776.6199951171875,776.7100219726562,206619
1786725000,2026-08-14T16:30:00.000Z,2026-08-14T12:30:00.000,776.7000122070312,776.7349853515625,776.2999877929688,776.375,266514
1786725300,2026-08-14T16:35:00.000Z,2026-08-14T12:35:00.000,776.3800048828125,776.6300048828125,776.3400268554688,776.469970703125,202947
1786725600,2026-08-14T16:40:00.000Z,2026-08-14T12:40:00.000,776.489990234375,776.489990234375,776.135009765625,776.135009765625,183890
1786725900,2026-08-14T16:45:00.000Z,2026-08-14T12:45:00.000,776.1300048828125,776.2100219726562,775.9805297851562,776.1375122070312,180390
1786726200,2026-08-14T16:50:00.000Z,2026-08-14T12:50:00.000,776.1199951171875,776.1199951171875,775.8250122070312,775.9237060546875,180647
1786726500,2026-08-14T16:55:00.000Z,2026-08-14T12:55:00.000,775.9299926757812,776.010009765625,775.6599731445312,775.7000122070312,233654
1786726800,2026-08-14T17:00:00.000Z,2026-08-14T13:00:00.000,775.7000122070312,775.8800048828125,775.6300048828125,775.7899780273438,183720
1786727100,2026-08-14T17:05:00.000Z,2026-08-14T13:05:00.000,775.7899780273438,775.969970703125,775.780029296875,775.9000244140625,169827
1786727400,2026-08-14T17:10:00.000Z,2026-08-14T13:10:00.000,775.9099731445312,776.114990234375,775.8300170898438,776.0599975585938,224927
1786727700,2026-08-14T17:15:00.000Z,2026-08-14T13:15:00.000,776.0499877929688,776.1099853515625,775.7899780273438,775.9650268554688,138172
1786728000,2026-08-14T17:20:00.000Z,2026-08-14T13:20:00.000,775.9600219726562,776.1300048828125,775.780029296875,775.8300170898438,206717
1786728300,2026-08-14T17:25:00.000Z,2026-08-14T13:25:00.000,775.8200073242188,775.8300170898438,775.653076171875,775.77001953125,134375
1786728600,2026-08-14T17:30:00.000Z,2026-08-14T13:30:00.000,775.780029296875,775.97998046875,775.739990234375,775.8300170898438,172892
1786728900,2026-08-14T17:35:00.000Z,2026-08-14T13:35:00.000,775.8200073242188,775.8200073242188,775.4301147460938,775.5750122070312,148579
1786729200,2026-08-14T17:40:00.000Z,2026-08-14T13:40:00.000,775.5499877929688,775.6599731445312,775.469970703125,775.5999755859375,238174
1786729500,2026-08-14T17:45:00.000Z,2026-08-14T13:45:00.000,775.5999755859375,775.719970703125,775.5399780273438,775.6099853515625,188872
1786729800,2026-08-14T17:50:00.000Z,2026-08-14T13:50:00.000,775.5999755859375,775.8099975585938,775.4650268554688,775.7550048828125,154521
1786730100,2026-08-14T17:55:00.000Z,2026-08-14T13:55:00.000,775.7550048828125,775.9299926757812,775.6400146484375,775.8300170898438,124476
1786730400,2026-08-14T18:00:00.000Z,2026-08-14T14:00:00.000,775.8350219726562,776.1099853515625,775.72998046875,776.02001953125,490127
1786730700,2026-08-14T18:05:00.000Z,2026-08-14T14:05:00.000,776.02001953125,776.1599731445312,775.9500122070312,776.155029296875,195210
1786731000,2026-08-14T18:10:00.000Z,2026-08-14T14:10:00.000,776.1500244140625,776.2999877929688,776.0700073242188,776.1599731445312,236277
1786731300,2026-08-14T18:15:00.000Z,2026-08-14T14:15:00.000,776.1500244140625,776.3300170898438,776.1199951171875,776.2050170898438,504091
1786731600,2026-08-14T18:20:00.000Z,2026-08-14T14:20:00.000,776.2100219726562,776.3200073242188,776.0800170898438,776.1749877929688,200261
1786731900,2026-08-14T18:25:00.000Z,2026-08-14T14:25:00.000,776.1799926757812,776.27001953125,775.8900146484375,775.9249877929688,131096
1786732200,2026-08-14T18:30:00.000Z,2026-08-14T14:30:00.000,775.9299926757812,776.1099853515625,775.8200073242188,775.9000244140625,182489
1786732500,2026-08-14T18:35:00.000Z,2026-08-14T14:35:00.000,775.9000244140625,776.0399780273438,775.8200073242188,776.0050048828125,311403
1786732800,2026-08-14T18:40:00.000Z,2026-08-14T14:40:00.000,776.0050048828125,776.27001953125,775.9500122070312,776.2100219726562,220569
1786733100,2026-08-14T18:45:00.000Z,2026-08-14T14:45:00.000,776.2100219726562,776.260009765625,776.0399780273438,776.2550048828125,165278
1786733400,2026-08-14T18:50:00.000Z,2026-08-14T14:50:00.000,776.260009765625,776.4918823242188,776.260009765625,776.3599853515625,279514
1786733700,2026-08-14T18:55:00.000Z,2026-08-14T14:55:00.000,776.3599853515625,776.3599853515625,776.1500244140625,776.1900024414062,123002
1786734000,2026-08-14T19:00:00.000Z,2026-08-14T15:00:00.000,776.1900024414062,776.219970703125,775.8900146484375,775.989990234375,212320
1786734300,2026-08-14T19:05:00.000Z,2026-08-14T15:05:00.000,775.9849853515625,776.1900024414062,775.9500122070312,776.1599731445312,109170
1786734600,2026-08-14T19:10:00.000Z,2026-08-14T15:10:00.000,776.1699829101562,776.1849975585938,776.0399780273438,776.0499877929688,406662
1786734900,2026-08-14T19:15:00.000Z,2026-08-14T15:15:00.000,776.0499877929688,776.1300048828125,775.8300170898438,775.9949951171875,478012
1786735200,2026-08-14T19:20:00.000Z,2026-08-14T15:20:00.000,775.9949951171875,776.1199951171875,775.8699951171875,776.1099853515625,375563
1786735500,2026-08-14T19:25:00.000Z,2026-08-14T15:25:00.000,776.1099853515625,776.3300170898438,776.1099853515625,776.155029296875,218832
1786735800,2026-08-14T19:30:00.000Z,2026-08-14T15:30:00.000,776.155029296875,776.3088989257812,776.0999755859375,776.2349853515625,314674
1786736100,2026-08-14T19:35:00.000Z,2026-08-14T15:35:00.000,776.239990234375,776.3200073242188,776.030029296875,776.1699829101562,643297
1786736400,2026-08-14T19:40:00.000Z,2026-08-14T15:40:00.000,776.1699829101562,776.3049926757812,776.114990234375,776.1649780273438,290616
1786736700,2026-08-14T19:45:00.000Z,2026-08-14T15:45:00.000,776.1599731445312,776.219970703125,775.969970703125,776.2000122070312,398764
1786737000,2026-08-14T19:50:00.000Z,2026-08-14T15:50:00.000,776.1900024414062,776.4099731445312,776.0999755859375,776.2000122070312,620968
1786737300,2026-08-14T19:55:00.000Z,2026-08-14T15:55:00.000,776.2100219726562,776.4199829101562,775.9199829101562,776.2999877929688,1512056
1786973400,2026-08-17T13:30:00.000Z,2026-08-17T09:30:00.000,776.1799926757812,776.7750244140625,775.4620971679688,775.510009765625,1534766
1786973700,2026-08-17T13:35:00.000Z,2026-08-17T09:35:00.000,775.5098876953125,775.8900146484375,775.3200073242188,775.4398803710938,495067
1786974000,2026-08-17T13:40:00.000Z,2026-08-17T09:40:00.000,775.4500122070312,775.8400268554688,775.3200073242188,775.5650024414062,234312
1786974300,2026-08-17T13:45:00.000Z,2026-08-17T09:45:00.000,775.5599975585938,776.0100708007812,775.1900024414062,775.969970703125,491370
1786974600,2026-08-17T13:50:00.000Z,2026-08-17T09:50:00.000,775.9749755859375,776,775.5599975585938,775.8099975585938,256324
1786974900,2026-08-17T13:55:00.000Z,2026-08-17T09:55:00.000,775.8300170898438,775.8300170898438,775.1799926757812,775.29052734375,272021
1786975200,2026-08-17T14:00:00.000Z,2026-08-17T10:00:00.000,775.2650146484375,775.5999755859375,775.02001953125,775.4099731445312,352408
1786975500,2026-08-17T14:05:00.000Z,2026-08-17T10:05:00.000,775.4099731445312,775.5,775.0900268554688,775.4349975585938,324799
1786975800,2026-08-17T14:10:00.000Z,2026-08-17T10:10:00.000,775.4400024414062,775.77001953125,775.3599853515625,775.6599731445312,267380
1786976100,2026-08-17T14:15:00.000Z,2026-08-17T10:15:00.000,775.6599731445312,775.6599731445312,775.2349853515625,775.3300170898438,250538
1786976400,2026-08-17T14:20:00.000Z,2026-08-17T10:20:00.000,775.3499755859375,775.3599853515625,775.02001953125,775.25,208298
1786976700,2026-08-17T14:25:00.000Z,2026-08-17T10:25:00.000,775.260009765625,775.469970703125,775,775.4600219726562,303355
1786977000,2026-08-17T14:30:00.000Z,2026-08-17T10:30:00.000,775.4500122070312,775.5899047851562,775.3400268554688,775.5601196289062,262806
1786977300,2026-08-17T14:35:00.000Z,2026-08-17T10:35:00.000,775.5700073242188,775.5700073242188,774.9299926757812,775.0599975585938,247573
1786977600,2026-08-17T14:40:00.000Z,2026-08-17T10:40:00.000,775.0700073242188,775.3400268554688,775.030029296875,775.1212158203125,249271
1786977900,2026-08-17T14:45:00.000Z,2026-08-17T10:45:00.000,775.1400146484375,775.3699951171875,775.1300048828125,775.2849731445312,254667
1786978200,2026-08-17T14:50:00.000Z,2026-08-17T10:50:00.000,775.2899780273438,775.47998046875,774.9000244140625,774.9600219726562,461284
1786978500,2026-08-17T14:55:00.000Z,2026-08-17T10:55:00.000,774.9600219726562,775.2899780273438,774.8900146484375,775.27001953125,327036
1786978800,2026-08-17T15:00:00.000Z,2026-08-17T11:00:00.000,775.27001953125,775.5999755859375,775.1500244140625,775.5,260821
1786979100,2026-08-17T15:05:00.000Z,2026-08-17T11:05:00.000,775.5,775.5999755859375,775.2999877929688,775.3800048828125,202964
1786979400,2026-08-17T15:10:00.000Z,2026-08-17T11:10:00.000,775.3699951171875,775.5700073242188,775.3200073242188,775.3300170898438,171675
1786979700,2026-08-17T15:15:00.000Z,2026-08-17T11:15:00.000,775.3300170898438,775.760009765625,775.2999877929688,775.7000122070312,200356
1786980000,2026-08-17T15:20:00.000Z,2026-08-17T11:20:00.000,775.7000122070312,775.8599853515625,775.6199951171875,775.6699829101562,233700
1786980300,2026-08-17T15:25:00.000Z,2026-08-17T11:25:00.000,775.7000122070312,775.7899780273438,775.530029296875,775.7150268554688,171067
1786980600,2026-08-17T15:30:00.000Z,2026-08-17T11:30:00.000,775.7150268554688,775.8200073242188,775.219970703125,775.2210083007812,208647
1786980900,2026-08-17T15:35:00.000Z,2026-08-17T11:35:00.000,775.239990234375,775.3250122070312,774.969970703125,775.02001953125,265539
1786981200,2026-08-17T15:40:00.000Z,2026-08-17T11:40:00.000,775.010009765625,775.1099853515625,774.7100219726562,775.0999755859375,412020
1786981500,2026-08-17T15:45:00.000Z,2026-08-17T11:45:00.000,775.0999755859375,775.239990234375,775.0150146484375,775.0999755859375,210075
1786981800,2026-08-17T15:50:00.000Z,2026-08-17T11:50:00.000,775.0700073242188,775.4099731445312,775.02001953125,775.3300170898438,250662
1786982100,2026-08-17T15:55:00.000Z,2026-08-17T11:55:00.000,775.3300170898438,775.4400024414062,775.280029296875,775.2999877929688,161832
1786982400,2026-08-17T16:00:00.000Z,2026-08-17T12:00:00.000,775.2949829101562,775.375,775.135009765625,775.219970703125,152249
1786982700,2026-08-17T16:05:00.000Z,2026-08-17T12:05:00.000,775.219970703125,775.3200073242188,775.0599975585938,775.1300048828125,200896
1786983000,2026-08-17T16:10:00.000Z,2026-08-17T12:10:00.000,775.1500244140625,775.4600219726562,775.1300048828125,775.3800048828125,218467
1786983300,2026-08-17T16:15:00.000Z,2026-08-17T12:15:00.000,775.3800048828125,775.5900268554688,775.3599853515625,775.5,142448
1786983600,2026-08-17T16:20:00.000Z,2026-08-17T12:20:00.000,775.510009765625,775.6099853515625,775.3699951171875,775.4199829101562,138618
1786983900,2026-08-17T16:25:00.000Z,2026-08-17T12:25:00.000,775.4000244140625,775.4299926757812,775.2050170898438,775.2899780273438,119019
1786984200,2026-08-17T16:30:00.000Z,2026-08-17T12:30:00.000,775.2999877929688,775.4099731445312,775.0900268554688,775.1099853515625,153351
1786984500,2026-08-17T16:35:00.000Z,2026-08-17T12:35:00.000,775.1099853515625,775.2899780273438,775.0900268554688,775.2899780273438,129886
1786984800,2026-08-17T16:40:00.000Z,2026-08-17T12:40:00.000,775.2899780273438,775.2899780273438,774.9299926757812,774.9400024414062,162965
1786985100,2026-08-17T16:45:00.000Z,2026-08-17T12:45:00.000,774.9450073242188,775.0700073242188,774.8499755859375,775.0050048828125,213328
1786985400,2026-08-17T16:50:00.000Z,2026-08-17T12:50:00.000,775.010009765625,775.0499877929688,774.6500244140625,774.8699951171875,180503
1786985700,2026-08-17T16:55:00.000Z,2026-08-17T12:55:00.000,774.8699951171875,774.9099731445312,774.6099853515625,774.6799926757812,205635
1786986000,2026-08-17T17:00:00.000Z,2026-08-17T13:00:00.000,774.6699829101562,774.780029296875,774.5599975585938,774.6799926757812,203950
1786986300,2026-08-17T17:05:00.000Z,2026-08-17T13:05:00.000,774.6799926757812,774.6799926757812,774.489990234375,774.5599975585938,242930
1786986600,2026-08-17T17:10:00.000Z,2026-08-17T13:10:00.000,774.5599975585938,774.6500244140625,774.2999877929688,774.3099975585938,294702
1786986900,2026-08-17T17:15:00.000Z,2026-08-17T13:15:00.000,774.2899780273438,774.4450073242188,774.0700073242188,774.239990234375,349125
1786987200,2026-08-17T17:20:00.000Z,2026-08-17T13:20:00.000,774.239990234375,774.3200073242188,773.6599731445312,773.75,438645
1786987500,2026-08-17T17:25:00.000Z,2026-08-17T13:25:00.000,773.75,773.7899780273438,773.469970703125,773.5800170898438,357085
1786987800,2026-08-17T17:30:00.000Z,2026-08-17T13:30:00.000,773.5700073242188,773.8599853515625,773.4199829101562,773.4400024414062,401629
1786988100,2026-08-17T17:35:00.000Z,2026-08-17T13:35:00.000,773.4299926757812,773.530029296875,773.14501953125,773.14501953125,274573
1786988400,2026-08-17T17:40:00.000Z,2026-08-17T13:40:00.000,773.1300048828125,773.8400268554688,773.0999755859375,773.780029296875,426708
1786988700,2026-08-17T17:45:00.000Z,2026-08-17T13:45:00.000,773.760986328125,773.844970703125,773.4749755859375,773.5050048828125,209291
1786989000,2026-08-17T17:50:00.000Z,2026-08-17T13:50:00.000,773.510009765625,773.6699829101562,773.4000244140625,773.5549926757812,243333
1786989300,2026-08-17T17:55:00.000Z,2026-08-17T13:55:00.000,773.5598754882812,773.5700073242188,773.3200073242188,773.4099731445312,179368
1786989600,2026-08-17T18:00:00.000Z,2026-08-17T14:00:00.000,773.4199829101562,773.5900268554688,773.280029296875,773.4500122070312,416637
1786989900,2026-08-17T18:05:00.000Z,2026-08-17T14:05:00.000,773.4500122070312,773.6300048828125,773.2999877929688,773.3900146484375,309578
1786990200,2026-08-17T18:10:00.000Z,2026-08-17T14:10:00.000,773.3599853515625,773.75,773.3300170898438,773.6900024414062,260321
1786990500,2026-08-17T18:15:00.000Z,2026-08-17T14:15:00.000,773.6950073242188,773.7999877929688,773.510009765625,773.5789794921875,237162
1786990800,2026-08-17T18:20:00.000Z,2026-08-17T14:20:00.000,773.5599975585938,773.739990234375,773.3900146484375,773.7100219726562,297506
1786991100,2026-08-17T18:25:00.000Z,2026-08-17T14:25:00.000,773.7000122070312,773.7999877929688,773.4199829101562,773.5900268554688,230399
1786991400,2026-08-17T18:30:00.000Z,2026-08-17T14:30:00.000,773.5800170898438,773.6300048828125,773.22998046875,773.260009765625,387643
1786991700,2026-08-17T18:35:00.000Z,2026-08-17T14:35:00.000,773.260009765625,773.489990234375,773.260009765625,773.4799194335938,193441
1786992000,2026-08-17T18:40:00.000Z,2026-08-17T14:40:00.000,773.4500122070312,773.7000122070312,773.4000244140625,773.5999755859375,239373
1786992300,2026-08-17T18:45:00.000Z,2026-08-17T14:45:00.000,773.60498046875,773.780029296875,773.5549926757812,773.719970703125,286347
1786992600,2026-08-17T18:50:00.000Z,2026-08-17T14:50:00.000,773.7150268554688,773.8200073242188,773.5449829101562,773.5999755859375,222482
1786992900,2026-08-17T18:55:00.000Z,2026-08-17T14:55:00.000,773.594970703125,773.635009765625,773.5,773.5349731445312,170976
1786993200,2026-08-17T19:00:00.000Z,2026-08-17T15:00:00.000,773.5349731445312,773.5900268554688,773.2999877929688,773.3200073242188,298525
1786993500,2026-08-17T19:05:00.000Z,2026-08-17T15:05:00.000,773.3300170898438,773.4299926757812,773.260009765625,773.2949829101562,303874
1786993800,2026-08-17T19:10:00.000Z,2026-08-17T15:10:00.000,773.2949829101562,773.4149780273438,773.155029296875,773.2100219726562,579610
1786994100,2026-08-17T19:15:00.000Z,2026-08-17T15:15:00.000,773.2100219726562,773.510009765625,773.1599731445312,773.3800048828125,285425
1786994400,2026-08-17T19:20:00.000Z,2026-08-17T15:20:00.000,773.3900146484375,773.469970703125,773.25,773.280029296875,258956
1786994700,2026-08-17T19:25:00.000Z,2026-08-17T15:25:00.000,773.27001953125,773.4099731445312,773.1199951171875,773.1199951171875,295472
1786995000,2026-08-17T19:30:00.000Z,2026-08-17T15:30:00.000,773.1300048828125,773.1599731445312,772.72998046875,772.9749755859375,624398
1786995300,2026-08-17T19:35:00.000Z,2026-08-17T15:35:00.000,772.97998046875,773.1199951171875,772.8626708984375,773.0150146484375,604289
1786995600,2026-08-17T19:40:00.000Z,2026-08-17T15:40:00.000,773.010009765625,773.0700073242188,772.8099975585938,772.97998046875,583838
1786995900,2026-08-17T19:45:00.000Z,2026-08-17T15:45:00.000,772.97998046875,773.3400268554688,772.969970703125,773.3150024414062,842549
1786996200,2026-08-17T19:50:00.000Z,2026-08-17T15:50:00.000,773.3150024414062,773.3599853515625,772.6199951171875,772.7550048828125,1025199
1786996500,2026-08-17T19:55:00.000Z,2026-08-17T15:55:00.000,772.75,772.9500122070312,772.510009765625,772.6799926757812,4905007
1787059800,2026-08-18T13:30:00.000Z,2026-08-18T09:30:00.000,768.7000122070312,769.4600219726562,767.9099731445312,768.5499877929688,2622640
1787060100,2026-08-18T13:35:00.000Z,2026-08-18T09:35:00.000,768.5499877929688,769.19970703125,768.3099975585938,769.1300048828125,756092
1787060400,2026-08-18T13:40:00.000Z,2026-08-18T09:40:00.000,769.10498046875,769.5,768.719970703125,768.75,636495
1787060700,2026-08-18T13:45:00.000Z,2026-08-18T09:45:00.000,768.72998046875,769.0800170898438,768.3599853515625,768.4500122070312,689642
1787061000,2026-08-18T13:50:00.000Z,2026-08-18T09:50:00.000,768.4600219726562,768.8099975585938,768.2150268554688,768.5599975585938,472300
1787061300,2026-08-18T13:55:00.000Z,2026-08-18T09:55:00.000,768.5800170898438,768.8499755859375,768.1199951171875,768.469970703125,373690
1787061600,2026-08-18T14:00:00.000Z,2026-08-18T10:00:00.000,768.489990234375,769.27001953125,768.1799926757812,768.969970703125,485647
1787061900,2026-08-18T14:05:00.000Z,2026-08-18T10:05:00.000,768.9600219726562,769.2100219726562,768.4450073242188,768.5399780273438,541217
1787062200,2026-08-18T14:10:00.000Z,2026-08-18T10:10:00.000,768.5399780273438,768.5700073242188,767.6300048828125,768.0900268554688,806006
1787062500,2026-08-18T14:15:00.000Z,2026-08-18T10:15:00.000,768.1099853515625,768.8200073242188,767.989990234375,768.5499877929688,508100
1787062800,2026-08-18T14:20:00.000Z,2026-08-18T10:20:00.000,768.5499877929688,768.97998046875,768.0900268554688,768.8099975585938,456557
1787063100,2026-08-18T14:25:00.000Z,2026-08-18T10:25:00.000,768.8200073242188,769.0800170898438,768.5358276367188,768.6599731445312,444417
1787063400,2026-08-18T14:30:00.000Z,2026-08-18T10:30:00.000,768.6400146484375,769.25,768.5700073242188,768.77001953125,387090
1787063700,2026-08-18T14:35:00.000Z,2026-08-18T10:35:00.000,768.77001953125,769.1699829101562,768.72998046875,769.0900268554688,546474
1787064000,2026-08-18T14:40:00.000Z,2026-08-18T10:40:00.000,769.0900268554688,769.2100219726562,768.3800048828125,768.4000244140625,404735
1787064300,2026-08-18T14:45:00.000Z,2026-08-18T10:45:00.000,768.3900146484375,768.5850219726562,768.1799926757812,768.469970703125,375061
1787064600,2026-08-18T14:50:00.000Z,2026-08-18T10:50:00.000,768.4749755859375,768.8049926757812,767.9099731445312,767.9400024414062,497885
1787064900,2026-08-18T14:55:00.000Z,2026-08-18T10:55:00.000,767.9400024414062,768.1300048828125,767.7100219726562,767.9199829101562,469333
1787065200,2026-08-18T15:00:00.000Z,2026-08-18T11:00:00.000,767.9299926757812,768.2949829101562,767.4199829101562,768.219970703125,462120
1787065500,2026-08-18T15:05:00.000Z,2026-08-18T11:05:00.000,768.219970703125,768.3800048828125,767.719970703125,767.77001953125,342508
1787065800,2026-08-18T15:10:00.000Z,2026-08-18T11:10:00.000,767.780029296875,767.9249877929688,767.6400146484375,767.719970703125,301549
1787066100,2026-08-18T15:15:00.000Z,2026-08-18T11:15:00.000,767.72998046875,767.8900146484375,767.469970703125,767.47998046875,348711
1787066400,2026-08-18T15:20:00.000Z,2026-08-18T11:20:00.000,767.4500122070312,767.718017578125,767.3300170898438,767.5499877929688,326194
1787066700,2026-08-18T15:25:00.000Z,2026-08-18T11:25:00.000,767.5399780273438,768.0313720703125,767.4199829101562,767.8400268554688,263936
1787067000,2026-08-18T15:30:00.000Z,2026-08-18T11:30:00.000,767.85498046875,768.1900024414062,767.7349853515625,767.8900146484375,386741
1787067300,2026-08-18T15:35:00.000Z,2026-08-18T11:35:00.000,767.8900146484375,767.9000244140625,767.5999755859375,767.8250122070312,260768
1787067600,2026-08-18T15:40:00.000Z,2026-08-18T11:40:00.000,767.8350219726562,768.2650146484375,767.6900024414062,768.0599975585938,398746
1787067900,2026-08-18T15:45:00.000Z,2026-08-18T11:45:00.000,768.0700073242188,768.5700073242188,768.0700073242188,768.39501953125,416330
1787068200,2026-08-18T15:50:00.000Z,2026-08-18T11:50:00.000,768.3699951171875,768.6300048828125,768.0999755859375,768.489990234375,194237
1787068500,2026-08-18T15:55:00.000Z,2026-08-18T11:55:00.000,768.47998046875,768.5,768.0700073242188,768.3499755859375,229765
1787068800,2026-08-18T16:00:00.000Z,2026-08-18T12:00:00.000,768.3499755859375,768.6500244140625,768.2750244140625,768.5700073242188,198610
1787069100,2026-08-18T16:05:00.000Z,2026-08-18T12:05:00.000,768.5549926757812,768.7100219726562,768.219970703125,768.3699951171875,185821
1787069400,2026-08-18T16:10:00.000Z,2026-08-18T12:10:00.000,768.3699951171875,768.72998046875,768.3699951171875,768.5499877929688,122339
1787069700,2026-08-18T16:15:00.000Z,2026-08-18T12:15:00.000,768.5700073242188,768.6400146484375,768.2210083007812,768.3099975585938,166128
1787070000,2026-08-18T16:20:00.000Z,2026-08-18T12:20:00.000,768.3099975585938,768.8699951171875,768.3099975585938,768.6799926757812,155592
1787070300,2026-08-18T16:25:00.000Z,2026-08-18T12:25:00.000,768.6699829101562,768.7299194335938,768.1400146484375,768.2100219726562,240325
1787070600,2026-08-18T16:30:00.000Z,2026-08-18T12:30:00.000,768.1900024414062,768.4299926757812,768.0700073242188,768.3099975585938,155634
1787070900,2026-08-18T16:35:00.000Z,2026-08-18T12:35:00.000,768.3200073242188,768.5800170898438,768.1649780273438,768.4550170898438,202447
1787071200,2026-08-18T16:40:00.000Z,2026-08-18T12:40:00.000,768.4600219726562,768.5999755859375,768.1900024414062,768.3699951171875,113118
1787071500,2026-08-18T16:45:00.000Z,2026-08-18T12:45:00.000,768.3800048828125,768.8400268554688,768.2000122070312,768.77001953125,168244
1787071800,2026-08-18T16:50:00.000Z,2026-08-18T12:50:00.000,768.77001953125,768.8699951171875,768.64501953125,768.8298950195312,149309
1787072100,2026-08-18T16:55:00.000Z,2026-08-18T12:55:00.000,768.8200073242188,768.8300170898438,768.6199951171875,768.6300048828125,412159
1787072400,2026-08-18T17:00:00.000Z,2026-08-18T13:00:00.000,768.6199951171875,768.6900024414062,768.3699951171875,768.5499877929688,257158
1787072700,2026-08-18T17:05:00.000Z,2026-08-18T13:05:00.000,768.5599975585938,768.760009765625,768.4500122070312,768.760009765625,208302
1787073000,2026-08-18T17:10:00.000Z,2026-08-18T13:10:00.000,768.760009765625,768.8200073242188,768.489990234375,768.6199951171875,126300
1787073300,2026-08-18T17:15:00.000Z,2026-08-18T13:15:00.000,768.6199951171875,768.6400146484375,768.27001953125,768.2999877929688,123137
1787073600,2026-08-18T17:20:00.000Z,2026-08-18T13:20:00.000,768.2999877929688,768.5449829101562,768.239990234375,768.260009765625,149089
1787073900,2026-08-18T17:25:00.000Z,2026-08-18T13:25:00.000,768.260009765625,768.3300170898438,768.0800170898438,768.2999877929688,148242
1787074200,2026-08-18T17:30:00.000Z,2026-08-18T13:30:00.000,768.2899780273438,768.3900146484375,768.0938720703125,768.1900024414062,302759
1787074500,2026-08-18T17:35:00.000Z,2026-08-18T13:35:00.000,768.198974609375,768.3925170898438,768.010009765625,768.219970703125,138634
1787074800,2026-08-18T17:40:00.000Z,2026-08-18T13:40:00.000,768.219970703125,768.2899780273438,768.0599975585938,768.0900268554688,121558
1787075100,2026-08-18T17:45:00.000Z,2026-08-18T13:45:00.000,768.0700073242188,768.2100219726562,767.989990234375,768.010009765625,104516
1787075400,2026-08-18T17:50:00.000Z,2026-08-18T13:50:00.000,768.02001953125,768.1799926757812,767.9500122070312,768.0700073242188,100285
1787075700,2026-08-18T17:55:00.000Z,2026-08-18T13:55:00.000,768.0650024414062,768.0700073242188,767.6099853515625,767.6199951171875,203563
1787076000,2026-08-18T18:00:00.000Z,2026-08-18T14:00:00.000,767.6199951171875,767.72998046875,767.530029296875,767.635009765625,373405
1787076300,2026-08-18T18:05:00.000Z,2026-08-18T14:05:00.000,767.6400146484375,767.760009765625,767.4500122070312,767.489990234375,1146482
1787076600,2026-08-18T18:10:00.000Z,2026-08-18T14:10:00.000,767.5,768.0999755859375,767.4600219726562,768.0599975585938,332283
1787076900,2026-08-18T18:15:00.000Z,2026-08-18T14:15:00.000,768.0700073242188,768.4400024414062,768.0399169921875,768.4099731445312,402236
1787077200,2026-08-18T18:20:00.000Z,2026-08-18T14:20:00.000,768.405029296875,768.5650024414062,768.2100219726562,768.27001953125,250132
1787077500,2026-08-18T18:25:00.000Z,2026-08-18T14:25:00.000,768.2650146484375,768.405029296875,768.10498046875,768.3599853515625,230834
1787077800,2026-08-18T18:30:00.000Z,2026-08-18T14:30:00.000,768.35498046875,768.4099731445312,768.1400146484375,768.2949829101562,225951
1787078100,2026-08-18T18:35:00.000Z,2026-08-18T14:35:00.000,768.3200073242188,768.4299926757812,768.2899780273438,768.3200073242188,177403
1787078400,2026-08-18T18:40:00.000Z,2026-08-18T14:40:00.000,768.3200073242188,768.3599853515625,768.0800170898438,768.0900268554688,221217
1787078700,2026-08-18T18:45:00.000Z,2026-08-18T14:45:00.000,768.0999755859375,768.2000122070312,768.02001953125,768.0599975585938,281604
1787079000,2026-08-18T18:50:00.000Z,2026-08-18T14:50:00.000,768.0499877929688,768.0900268554688,767.7999877929688,767.8099975585938,291691
1787079300,2026-08-18T18:55:00.000Z,2026-08-18T14:55:00.000,767.7999877929688,767.9149780273438,767.6799926757812,767.7000122070312,264171
1787079600,2026-08-18T19:00:00.000Z,2026-08-18T15:00:00.000,767.6900024414062,767.8699951171875,767.6199951171875,767.7449951171875,384418
1787079900,2026-08-18T19:05:00.000Z,2026-08-18T15:05:00.000,767.75,767.9500122070312,767.6500244140625,767.8300170898438,218237
1787080200,2026-08-18T19:10:00.000Z,2026-08-18T15:10:00.000,767.8300170898438,767.9199829101562,767.5599975585938,767.6199951171875,262138
1787080500,2026-08-18T19:15:00.000Z,2026-08-18T15:15:00.000,767.6199951171875,767.8599853515625,767.6099853515625,767.8499755859375,227850
1787080800,2026-08-18T19:20:00.000Z,2026-08-18T15:20:00.000,767.85498046875,768.1500244140625,767.760009765625,768.1500244140625,373300
1787081100,2026-08-18T19:25:00.000Z,2026-08-18T15:25:00.000,768.1300048828125,768.1799926757812,768.0050048828125,768.02001953125,269239
1787081400,2026-08-18T19:30:00.000Z,2026-08-18T15:30:00.000,768.0150146484375,768.219970703125,767.8499755859375,767.8900146484375,418605
1787081700,2026-08-18T19:35:00.000Z,2026-08-18T15:35:00.000,767.8956298828125,768.0599975585938,767.8499755859375,767.9500122070312,351624
1787082000,2026-08-18T19:40:00.000Z,2026-08-18T15:40:00.000,767.9500122070312,767.969970703125,767.719970703125,767.89501953125,562829
1787082300,2026-08-18T19:45:00.000Z,2026-08-18T15:45:00.000,767.8900146484375,767.9600219726562,767.6500244140625,767.8900146484375,986099
1787082600,2026-08-18T19:50:00.000Z,2026-08-18T15:50:00.000,767.8900146484375,767.9400024414062,767.27001953125,767.4149780273438,1662877
1787082900,2026-08-18T19:55:00.000Z,2026-08-18T15:55:00.000,767.4199829101562,767.6699829101562,766.9249877929688,767.3900146484375,5893584
1787146200,2026-08-19T13:30:00.000Z,2026-08-19T09:30:00.000,770.3599853515625,770.6300048828125,769.8599853515625,770.02099609375,2772579
1787146500,2026-08-19T13:35:00.000Z,2026-08-19T09:35:00.000,770.030029296875,770.22998046875,769.4099731445312,769.510009765625,576086
1787146800,2026-08-19T13:40:00.000Z,2026-08-19T09:40:00.000,769.530029296875,770.2999877929688,769.2501220703125,770.0999755859375,491390
1787147100,2026-08-19T13:45:00.000Z,2026-08-19T09:45:00.000,770.1099853515625,770.5999755859375,768.3599853515625,768.543701171875,654143
1787147400,2026-08-19T13:50:00.000Z,2026-08-19T09:50:00.000,768.5598754882812,769.72998046875,768.0999755859375,769.6749877929688,710671
1787147700,2026-08-19T13:55:00.000Z,2026-08-19T09:55:00.000,769.6699829101562,770.375,769.3800048828125,769.989990234375,365577
1787148000,2026-08-19T14:00:00.000Z,2026-08-19T10:00:00.000,770.02001953125,770.260009765625,769.5599975585938,769.64501953125,357200
1787148300,2026-08-19T14:05:00.000Z,2026-08-19T10:05:00.000,769.6300048828125,770.02001953125,769.47998046875,769.7866821289062,301719
1787148600,2026-08-19T14:10:00.000Z,2026-08-19T10:10:00.000,769.7999877929688,769.9697265625,768.72998046875,768.739990234375,531369
1787148900,2026-08-19T14:15:00.000Z,2026-08-19T10:15:00.000,768.739990234375,770.1300048828125,768.72998046875,769.7650146484375,409215
1787149200,2026-08-19T14:20:00.000Z,2026-08-19T10:20:00.000,769.77001953125,770.1699829101562,769.3800048828125,769.5800170898438,230384
1787149500,2026-08-19T14:25:00.000Z,2026-08-19T10:25:00.000,769.5700073242188,770.0650024414062,769.2100219726562,770.030029296875,317779
1787149800,2026-08-19T14:30:00.000Z,2026-08-19T10:30:00.000,769.97998046875,770.4580078125,769.8101806640625,770.1898803710938,318762
1787150100,2026-08-19T14:35:00.000Z,2026-08-19T10:35:00.000,770.1799926757812,771.2999877929688,770.1500244140625,771.1400146484375,505359
1787150400,2026-08-19T14:40:00.000Z,2026-08-19T10:40:00.000,771.155029296875,771.3300170898438,770.8300170898438,771.0595092773438,401978
1787150700,2026-08-19T14:45:00.000Z,2026-08-19T10:45:00.000,771.0700073242188,771.2899780273438,770.6699829101562,770.760009765625,343048
1787151000,2026-08-19T14:50:00.000Z,2026-08-19T10:50:00.000,770.7487182617188,771.6099853515625,770.72998046875,771.3499755859375,295702
1787151300,2026-08-19T14:55:00.000Z,2026-08-19T10:55:00.000,771.364990234375,772.2399291992188,771.3099975585938,772.2000122070312,416878
1787151600,2026-08-19T15:00:00.000Z,2026-08-19T11:00:00.000,772.1950073242188,772.469970703125,772.0147094726562,772.1749877929688,328587
1787151900,2026-08-19T15:05:00.000Z,2026-08-19T11:05:00.000,772.1799926757812,772.260009765625,771.489990234375,771.52001953125,242869
1787152200,2026-08-19T15:10:00.000Z,2026-08-19T11:10:00.000,771.5,771.9500122070312,771.489990234375,771.8200073242188,233858
1787152500,2026-08-19T15:15:00.000Z,2026-08-19T11:15:00.000,771.8150024414062,771.8499755859375,771.4000244140625,771.5050048828125,189957
1787152800,2026-08-19T15:20:00.000Z,2026-08-19T11:20:00.000,771.5,771.594970703125,771.1799926757812,771.182373046875,209185
1787153100,2026-08-19T15:25:00.000Z,2026-08-19T11:25:00.000,771.1900024414062,771.25,770.8800048828125,771.1087036132812,429972
1787153400,2026-08-19T15:30:00.000Z,2026-08-19T11:30:00.000,771.1300048828125,771.1799926757812,770.75,770.7899780273438,205650
1787153700,2026-08-19T15:35:00.000Z,2026-08-19T11:35:00.000,770.8099975585938,770.919921875,770.3900146484375,770.5349731445312,259272
1787154000,2026-08-19T15:40:00.000Z,2026-08-19T11:40:00.000,770.5300903320312,770.5300903320312,770.0700073242188,770.4998779296875,753451
1787154300,2026-08-19T15:45:00.000Z,2026-08-19T11:45:00.000,770.5,770.8800048828125,770.3800048828125,770.3875122070312,223318
1787154600,2026-08-19T15:50:00.000Z,2026-08-19T11:50:00.000,770.4000244140625,770.5399780273438,770.0800170898438,770.1400146484375,309116
1787154900,2026-08-19T15:55:00.000Z,2026-08-19T11:55:00.000,770.1099853515625,770.6400146484375,770.0700073242188,770.6209106445312,172805
1787155200,2026-08-19T16:00:00.000Z,2026-08-19T12:00:00.000,770.6400146484375,771.3200073242188,770.4000244140625,771.2999877929688,215066
1787155500,2026-08-19T16:05:00.000Z,2026-08-19T12:05:00.000,771.3101196289062,771.60498046875,771.2100219726562,771.52001953125,203134
1787155800,2026-08-19T16:10:00.000Z,2026-08-19T12:10:00.000,771.52001953125,771.6599731445312,771.4650268554688,771.5499877929688,160110
1787156100,2026-08-19T16:15:00.000Z,2026-08-19T12:15:00.000,771.5499877929688,771.989990234375,771.4400024414062,771.8300170898438,252767
1787156400,2026-08-19T16:20:00.000Z,2026-08-19T12:20:00.000,771.8300170898438,771.8499755859375,771.3599853515625,771.4199829101562,166996
1787156700,2026-08-19T16:25:00.000Z,2026-08-19T12:25:00.000,771.4199829101562,771.4299926757812,770.6699829101562,770.6699829101562,195941
1787157000,2026-08-19T16:30:00.000Z,2026-08-19T12:30:00.000,770.6799926757812,770.7550048828125,770.4199829101562,770.739990234375,592691
1787157300,2026-08-19T16:35:00.000Z,2026-08-19T12:35:00.000,770.72998046875,770.7349853515625,770.2781982421875,770.52001953125,376918
1787157600,2026-08-19T16:40:00.000Z,2026-08-19T12:40:00.000,770.52001953125,770.5399780273438,770.25,770.39501953125,188831
1787157900,2026-08-19T16:45:00.000Z,2026-08-19T12:45:00.000,770.3900146484375,770.4500122070312,770.1199951171875,770.1799926757812,320128
1787158200,2026-08-19T16:50:00.000Z,2026-08-19T12:50:00.000,770.1799926757812,770.1799926757812,769.739990234375,769.885009765625,281749
1787158500,2026-08-19T16:55:00.000Z,2026-08-19T12:55:00.000,769.8800048828125,769.8800048828125,769.5,769.6799926757812,266580
1787158800,2026-08-19T17:00:00.000Z,2026-08-19T13:00:00.000,769.6900024414062,770.1099853515625,769.5999755859375,769.9099731445312,299283
1787159100,2026-08-19T17:05:00.000Z,2026-08-19T13:05:00.000,769.9099731445312,770.22900390625,769.4600219726562,769.489990234375,197155
1787159400,2026-08-19T17:10:00.000Z,2026-08-19T13:10:00.000,769.530029296875,770.0700073242188,769.5250854492188,769.8250122070312,188068
1787159700,2026-08-19T17:15:00.000Z,2026-08-19T13:15:00.000,769.8250122070312,769.969970703125,769.4600219726562,769.4600219726562,133715
1787160000,2026-08-19T17:20:00.000Z,2026-08-19T13:20:00.000,769.469970703125,769.530029296875,769.02001953125,769.2899780273438,462496
1787160300,2026-08-19T17:25:00.000Z,2026-08-19T13:25:00.000,769.25,769.6699829101562,769.2150268554688,769.5700073242188,138959
1787160600,2026-08-19T17:30:00.000Z,2026-08-19T13:30:00.000,769.5800170898438,769.6599731445312,769.2000122070312,769.2050170898438,226553
1787160900,2026-08-19T17:35:00.000Z,2026-08-19T13:35:00.000,769.2000122070312,769.469970703125,769.1599731445312,769.2449951171875,179273
1787161200,2026-08-19T17:40:00.000Z,2026-08-19T13:40:00.000,769.25,769.7598876953125,769.22998046875,769.5889892578125,232366
1787161500,2026-08-19T17:45:00.000Z,2026-08-19T13:45:00.000,769.5999755859375,769.7999877929688,769.510009765625,769.5300903320312,153701
1787161800,2026-08-19T17:50:00.000Z,2026-08-19T13:50:00.000,769.5599975585938,769.8900146484375,769.469970703125,769.6099853515625,131694
1787162100,2026-08-19T17:55:00.000Z,2026-08-19T13:55:00.000,769.6199951171875,769.6300048828125,769.3800048828125,769.5076293945312,214806
1787162400,2026-08-19T18:00:00.000Z,2026-08-19T14:00:00.000,769.530029296875,770.5499877929688,769.4000244140625,770.1300048828125,344237
1787162700,2026-08-19T18:05:00.000Z,2026-08-19T14:05:00.000,770.1099853515625,770.25,768.9600219726562,769.0009765625,355048
1787163000,2026-08-19T18:10:00.000Z,2026-08-19T14:10:00.000,768.97998046875,769.7100219726562,768.97998046875,769.4299926757812,219193
1787163300,2026-08-19T18:15:00.000Z,2026-08-19T14:15:00.000,769.4450073242188,769.489990234375,769.0499877929688,769.3099975585938,359299
1787163600,2026-08-19T18:20:00.000Z,2026-08-19T14:20:00.000,769.2899780273438,769.47998046875,769.1737060546875,769.3099975585938,219192
1787163900,2026-08-19T18:25:00.000Z,2026-08-19T14:25:00.000,769.2899780273438,769.6099853515625,769.239990234375,769.5800170898438,169152
1787164200,2026-08-19T18:30:00.000Z,2026-08-19T14:30:00.000,769.5800170898438,770.02001953125,769.5800170898438,769.9199829101562,246735
1787164500,2026-08-19T18:35:00.000Z,2026-08-19T14:35:00.000,769.9298706054688,769.9400024414062,769.6799926757812,769.7899780273438,112470
1787164800,2026-08-19T18:40:00.000Z,2026-08-19T14:40:00.000,769.7650146484375,770.0900268554688,769.7100219726562,769.8099975585938,274173
1787165100,2026-08-19T18:45:00.000Z,2026-08-19T14:45:00.000,769.8099975585938,769.8400268554688,769.5848999023438,769.8250122070312,169729
1787165400,2026-08-19T18:50:00.000Z,2026-08-19T14:50:00.000,769.8250122070312,769.8699951171875,769.47998046875,769.6506958007812,424967
1787165700,2026-08-19T18:55:00.000Z,2026-08-19T14:55:00.000,769.6699829101562,769.739990234375,769.4849853515625,769.5150146484375,163110
1787166000,2026-08-19T19:00:00.000Z,2026-08-19T15:00:00.000,769.530029296875,769.7999877929688,769.4299926757812,769.6099853515625,205676
1787166300,2026-08-19T19:05:00.000Z,2026-08-19T15:05:00.000,769.614990234375,769.989990234375,769.5,769.9000244140625,290410
1787166600,2026-08-19T19:10:00.000Z,2026-08-19T15:10:00.000,769.9000244140625,769.9500122070312,769.6849975585938,769.7100219726562,130313
1787166900,2026-08-19T19:15:00.000Z,2026-08-19T15:15:00.000,769.7100219726562,770.0194702148438,769.5999755859375,770.010009765625,607852
1787167200,2026-08-19T19:20:00.000Z,2026-08-19T15:20:00.000,770.010009765625,770.02001953125,769.6799926757812,769.9400024414062,553735
1787167500,2026-08-19T19:25:00.000Z,2026-08-19T15:25:00.000,769.9299926757812,770.02001953125,769.5800170898438,769.6300048828125,637699
1787167800,2026-08-19T19:30:00.000Z,2026-08-19T15:30:00.000,769.6500244140625,770.3800048828125,769.6099853515625,770.1799926757812,457266
1787168100,2026-08-19T19:35:00.000Z,2026-08-19T15:35:00.000,770.1799926757812,770.1900024414062,769.1699829101562,769.1749877929688,789867
1787168400,2026-08-19T19:40:00.000Z,2026-08-19T15:40:00.000,769.1699829101562,769.389404296875,768.9849853515625,769,361742
1787168700,2026-08-19T19:45:00.000Z,2026-08-19T15:45:00.000,769,769.1199951171875,768.530029296875,768.760009765625,649946
1787169000,2026-08-19T19:50:00.000Z,2026-08-19T15:50:00.000,768.760009765625,768.8599853515625,768.2899780273438,768.719970703125,937871
1787169300,2026-08-19T19:55:00.000Z,2026-08-19T15:55:00.000,768.7100219726562,769.0999755859375,768.2000122070312,769.0900268554688,4596251
1787232600,2026-08-20T13:30:00.000Z,2026-08-20T09:30:00.000,765.9600219726562,767.0999755859375,765.8599853515625,767.0499877929688,1861245
1787232900,2026-08-20T13:35:00.000Z,2026-08-20T09:35:00.000,767.0599975585938,767.719970703125,766.6599731445312,767.2999877929688,936615
1787233200,2026-08-20T13:40:00.000Z,2026-08-20T09:40:00.000,767.3200073242188,767.75,766.6400146484375,767.364990234375,448531
1787233500,2026-08-20T13:45:00.000Z,2026-08-20T09:45:00.000,767.3699951171875,767.5,766.6099853515625,767.1500244140625,619548
1787233800,2026-08-20T13:50:00.000Z,2026-08-20T09:50:00.000,767.1500244140625,767.260009765625,766.4400024414062,766.9600219726562,482422
1787234100,2026-08-20T13:55:00.000Z,2026-08-20T09:55:00.000,766.97998046875,767.3200073242188,766.1599731445312,766.5499877929688,415264
1787234400,2026-08-20T14:00:00.000Z,2026-08-20T10:00:00.000,766.5,766.9199829101562,765.97998046875,765.9801025390625,346518
1787234700,2026-08-20T14:05:00.000Z,2026-08-20T10:05:00.000,765.989990234375,766.6599731445312,765.8699951171875,766.64501953125,445379
1787235000,2026-08-20T14:10:00.000Z,2026-08-20T10:10:00.000,766.6799926757812,766.760009765625,765.9299926757812,765.9956665039062,399204
1787235300,2026-08-20T14:15:00.000Z,2026-08-20T10:15:00.000,765.969970703125,766.135009765625,765.3900146484375,765.4400024414062,532728
1787235600,2026-08-20T14:20:00.000Z,2026-08-20T10:20:00.000,765.4398803710938,766.9500122070312,765.3599853515625,766.75,491794
1787235900,2026-08-20T14:25:00.000Z,2026-08-20T10:25:00.000,766.7691040039062,766.8300170898438,765.969970703125,766.219970703125,264369
1787236200,2026-08-20T14:30:00.000Z,2026-08-20T10:30:00.000,766.2050170898438,766.8200073242188,766.010009765625,766.10498046875,250402
1787236500,2026-08-20T14:35:00.000Z,2026-08-20T10:35:00.000,766.1099853515625,767.1649780273438,765.9299926757812,766.969970703125,241881
1787236800,2026-08-20T14:40:00.000Z,2026-08-20T10:40:00.000,766.9600219726562,767.260009765625,766.5700073242188,767.1699829101562,538852
1787237100,2026-08-20T14:45:00.000Z,2026-08-20T10:45:00.000,767.1599731445312,767.47998046875,766.6199951171875,766.72998046875,374604
1787237400,2026-08-20T14:50:00.000Z,2026-08-20T10:50:00.000,766.739990234375,767.25,766.5999755859375,766.7000122070312,245764
1787237700,2026-08-20T14:55:00.000Z,2026-08-20T10:55:00.000,766.719970703125,767.2349853515625,766.47998046875,767.1500244140625,266129
1787238000,2026-08-20T15:00:00.000Z,2026-08-20T11:00:00.000,767.1699829101562,768.1500244140625,767.1220703125,767.9199829101562,903821
1787238300,2026-08-20T15:05:00.000Z,2026-08-20T11:05:00.000,767.8800048828125,767.9000244140625,766.3599853515625,766.5599975585938,708991
1787238600,2026-08-20T15:10:00.000Z,2026-08-20T11:10:00.000,766.52001953125,767,766.0599975585938,766.7899780273438,657901
1787238900,2026-08-20T15:15:00.000Z,2026-08-20T11:15:00.000,766.7750244140625,767.0800170898438,766.4000244140625,766.77001953125,348262
1787239200,2026-08-20T15:20:00.000Z,2026-08-20T11:20:00.000,766.72998046875,766.780029296875,765.969970703125,766.2899780273438,556408
1787239500,2026-08-20T15:25:00.000Z,2026-08-20T11:25:00.000,766.2750244140625,766.7999877929688,766,766.75,361681
1787239800,2026-08-20T15:30:00.000Z,2026-08-20T11:30:00.000,766.739990234375,766.8699951171875,765.8300170898438,765.97998046875,260742
1787240100,2026-08-20T15:35:00.000Z,2026-08-20T11:35:00.000,765.989990234375,766.1300048828125,765.5499877929688,765.5549926757812,580915
1787240400,2026-08-20T15:40:00.000Z,2026-08-20T11:40:00.000,765.5499877929688,765.8499755859375,765.3099975585938,765.3599853515625,308538
1787240700,2026-08-20T15:45:00.000Z,2026-08-20T11:45:00.000,765.3499755859375,765.719970703125,765.22998046875,765.530029296875,334990
1787241000,2026-08-20T15:50:00.000Z,2026-08-20T11:50:00.000,765.5399780273438,766.030029296875,765.4299926757812,765.8499755859375,387050
1787241300,2026-08-20T15:55:00.000Z,2026-08-20T11:55:00.000,765.8699951171875,766.0050048828125,765.6199951171875,765.8400268554688,290791
1787241600,2026-08-20T16:00:00.000Z,2026-08-20T12:00:00.000,765.8400268554688,766.0900268554688,765.47998046875,765.5899047851562,302130
1787241900,2026-08-20T16:05:00.000Z,2026-08-20T12:05:00.000,765.5800170898438,766.02001953125,765.530029296875,766.02001953125,176474
1787242200,2026-08-20T16:10:00.000Z,2026-08-20T12:10:00.000,766.0098876953125,766.0800170898438,765.4650268554688,765.5150146484375,193733
1787242500,2026-08-20T16:15:00.000Z,2026-08-20T12:15:00.000,765.489990234375,765.665283203125,765.4500122070312,765.6099853515625,156878
1787242800,2026-08-20T16:20:00.000Z,2026-08-20T12:20:00.000,765.6099853515625,766.0800170898438,765.4600219726562,765.9299926757812,342804
1787243100,2026-08-20T16:25:00.000Z,2026-08-20T12:25:00.000,765.9099731445312,766.0349731445312,765.6300048828125,765.7449951171875,159033
1787243400,2026-08-20T16:30:00.000Z,2026-08-20T12:30:00.000,765.739990234375,766.1199951171875,765.3599853515625,766.0800170898438,168451
1787243700,2026-08-20T16:35:00.000Z,2026-08-20T12:35:00.000,766.0900268554688,766.3800048828125,766,766.2999877929688,193454
1787244000,2026-08-20T16:40:00.000Z,2026-08-20T12:40:00.000,766.2899780273438,766.6400146484375,766.280029296875,766.6400146484375,264812
1787244300,2026-08-20T16:45:00.000Z,2026-08-20T12:45:00.000,766.6300048828125,766.6300048828125,766.3099975585938,766.3699951171875,302471
1787244600,2026-08-20T16:50:00.000Z,2026-08-20T12:50:00.000,766.375,766.6199951171875,766.1199951171875,766.1799926757812,198469
1787244900,2026-08-20T16:55:00.000Z,2026-08-20T12:55:00.000,766.1699829101562,766.5,766.02001953125,766.4199829101562,240863
1787245200,2026-08-20T17:00:00.000Z,2026-08-20T13:00:00.000,766.3900146484375,766.4299926757812,765.9600219726562,766.0700073242188,203595
1787245500,2026-08-20T17:05:00.000Z,2026-08-20T13:05:00.000,766.0399780273438,766.0499877929688,765.5999755859375,765.6799926757812,264638
1787245800,2026-08-20T17:10:00.000Z,2026-08-20T13:10:00.000,765.6799926757812,765.8300170898438,765.489990234375,765.52001953125,312538
1787246100,2026-08-20T17:15:00.000Z,2026-08-20T13:15:00.000,765.530029296875,765.5399780273438,764.8400268554688,764.8599853515625,416957
1787246400,2026-08-20T17:20:00.000Z,2026-08-20T13:20:00.000,764.8499755859375,765.260009765625,764.7899780273438,765.02001953125,354371
1787246700,2026-08-20T17:25:00.000Z,2026-08-20T13:25:00.000,765,765.0900268554688,764.7100219726562,764.780029296875,274481
1787247000,2026-08-20T17:30:00.000Z,2026-08-20T13:30:00.000,764.780029296875,764.8900146484375,764.5599975585938,764.606689453125,275149
1787247300,2026-08-20T17:35:00.000Z,2026-08-20T13:35:00.000,764.6099853515625,764.780029296875,764.2999877929688,764.4749755859375,281544
1787247600,2026-08-20T17:40:00.000Z,2026-08-20T13:40:00.000,764.4600219726562,764.52001953125,764.22998046875,764.4500122070312,285937
1787247900,2026-08-20T17:45:00.000Z,2026-08-20T13:45:00.000,764.4500122070312,764.8400268554688,764.4000244140625,764.719970703125,295092
1787248200,2026-08-20T17:50:00.000Z,2026-08-20T13:50:00.000,764.7100830078125,765.010009765625,764.6900024414062,764.7689819335938,252014
1787248500,2026-08-20T17:55:00.000Z,2026-08-20T13:55:00.000,764.77001953125,764.8400268554688,764.52001953125,764.5399780273438,232520
1787248800,2026-08-20T18:00:00.000Z,2026-08-20T14:00:00.000,764.5499877929688,764.5499877929688,764.02001953125,764.0999755859375,372938
1787249100,2026-08-20T18:05:00.000Z,2026-08-20T14:05:00.000,764.0999755859375,764.1500244140625,763.5850219726562,763.7249755859375,384327
1787249400,2026-08-20T18:10:00.000Z,2026-08-20T14:10:00.000,763.719970703125,763.7750244140625,763.3499755859375,763.5800170898438,506521
1787249700,2026-08-20T18:15:00.000Z,2026-08-20T14:15:00.000,763.5800170898438,763.7100219726562,763.1500244140625,763.6799926757812,556079
1787250000,2026-08-20T18:20:00.000Z,2026-08-20T14:20:00.000,763.6900024414062,763.9450073242188,763.590087890625,763.6199951171875,331078
1787250300,2026-08-20T18:25:00.000Z,2026-08-20T14:25:00.000,763.6199951171875,763.719970703125,763.4400024414062,763.5599975585938,234431
1787250600,2026-08-20T18:30:00.000Z,2026-08-20T14:30:00.000,763.5650024414062,763.6300048828125,763.25,763.3200073242188,305119
1787250900,2026-08-20T18:35:00.000Z,2026-08-20T14:35:00.000,763.3099975585938,763.6199951171875,763.2899780273438,763.4199829101562,285566
1787251200,2026-08-20T18:40:00.000Z,2026-08-20T14:40:00.000,763.4099731445312,763.6199951171875,763.2100219726562,763.5527954101562,277240
1787251500,2026-08-20T18:45:00.000Z,2026-08-20T14:45:00.000,763.5599975585938,763.8499755859375,763.4099731445312,763.7100219726562,400838
1787251800,2026-08-20T18:50:00.000Z,2026-08-20T14:50:00.000,763.7100219726562,763.7750244140625,763.510009765625,763.6060180664062,488047
1787252100,2026-08-20T18:55:00.000Z,2026-08-20T14:55:00.000,763.5900268554688,763.760009765625,763.239990234375,763.239990234375,388955
1787252400,2026-08-20T19:00:00.000Z,2026-08-20T15:00:00.000,763.25,763.4600219726562,763.1699829101562,763.4199829101562,424049
1787252700,2026-08-20T19:05:00.000Z,2026-08-20T15:05:00.000,763.4000244140625,763.7150268554688,763.2899780273438,763.6199951171875,417845
1787253000,2026-08-20T19:10:00.000Z,2026-08-20T15:10:00.000,763.6400146484375,763.6699829101562,763.3900146484375,763.5399780273438,378938
1787253300,2026-08-20T19:15:00.000Z,2026-08-20T15:15:00.000,763.530029296875,763.7999877929688,763.260009765625,763.3400268554688,395078
1787253600,2026-08-20T19:20:00.000Z,2026-08-20T15:20:00.000,763.3499755859375,763.760009765625,763.22998046875,763.6500244140625,498238
1787253900,2026-08-20T19:25:00.000Z,2026-08-20T15:25:00.000,763.6199951171875,763.72998046875,763.4400024414062,763.489990234375,477204
1787254200,2026-08-20T19:30:00.000Z,2026-08-20T15:30:00.000,763.47998046875,763.510009765625,763.0399780273438,763.1900024414062,938372
1787254500,2026-08-20T19:35:00.000Z,2026-08-20T15:35:00.000,763.1900024414062,763.6500244140625,763.0999755859375,763.5,878204
1787254800,2026-08-20T19:40:00.000Z,2026-08-20T15:40:00.000,763.5,763.5698852539062,762.969970703125,763.0999755859375,875171
1787255100,2026-08-20T19:45:00.000Z,2026-08-20T15:45:00.000,763.0999755859375,763.4000244140625,762.8099975585938,763.3699951171875,1420528
1787255400,2026-08-20T19:50:00.000Z,2026-08-20T15:50:00.000,763.3699951171875,763.4199829101562,762.760009765625,762.9099731445312,1367383
1787255700,2026-08-20T19:55:00.000Z,2026-08-20T15:55:00.000,762.9199829101562,763,762.0399780273438,762.6400146484375,5284942
1787319000,2026-08-21T13:30:00.000Z,2026-08-21T09:30:00.000,766.0499877929688,766.1400146484375,764.8300170898438,764.8599243164062,2183133
1787319300,2026-08-21T13:35:00.000Z,2026-08-21T09:35:00.000,764.8699951171875,765.1900024414062,764.6199951171875,765.0900268554688,936515
1787319600,2026-08-21T13:40:00.000Z,2026-08-21T09:40:00.000,765.1199951171875,765.27001953125,764.780029296875,765.1599731445312,694462
1787319900,2026-08-21T13:45:00.000Z,2026-08-21T09:45:00.000,765.1599731445312,765.4199829101562,764.6799926757812,764.9600219726562,636844
1787320200,2026-08-21T13:50:00.000Z,2026-08-21T09:50:00.000,764.969970703125,765.2449951171875,764.1699829101562,764.4199829101562,409975
1787320500,2026-08-21T13:55:00.000Z,2026-08-21T09:55:00.000,764.4199829101562,764.8300170898438,764.2899780273438,764.5123901367188,338253
1787320800,2026-08-21T14:00:00.000Z,2026-08-21T10:00:00.000,764.530029296875,764.9600219726562,764.530029296875,764.9299926757812,266966
1787321100,2026-08-21T14:05:00.000Z,2026-08-21T10:05:00.000,764.9398803710938,765.530029296875,764.9099731445312,765.239990234375,394655
1787321400,2026-08-21T14:10:00.000Z,2026-08-21T10:10:00.000,765.260009765625,765.4550170898438,764.5999755859375,764.7100219726562,271319
1787321700,2026-08-21T14:15:00.000Z,2026-08-21T10:15:00.000,764.7000122070312,765.0599975585938,764.5700073242188,764.6300048828125,373509
1787322000,2026-08-21T14:20:00.000Z,2026-08-21T10:20:00.000,764.6300048828125,765.2050170898438,764.4500122070312,764.7501220703125,1395844
1787322300,2026-08-21T14:25:00.000Z,2026-08-21T10:25:00.000,764.7550048828125,765.0999755859375,764.5999755859375,764.6500244140625,295025
1787322600,2026-08-21T14:30:00.000Z,2026-08-21T10:30:00.000,764.6500244140625,764.8800048828125,764.47998046875,764.5,202029
1787322900,2026-08-21T14:35:00.000Z,2026-08-21T10:35:00.000,764.489990234375,764.64501953125,764.219970703125,764.3800048828125,307472
1787323200,2026-08-21T14:40:00.000Z,2026-08-21T10:40:00.000,764.364990234375,764.8699951171875,764.2150268554688,764.6199951171875,256214
1787323500,2026-08-21T14:45:00.000Z,2026-08-21T10:45:00.000,764.5900268554688,765.0900268554688,764.5300903320312,765.030029296875,258973
1787323800,2026-08-21T14:50:00.000Z,2026-08-21T10:50:00.000,765.0399780273438,765.2999877929688,764.8699951171875,765.0637817382812,204246
1787324100,2026-08-21T14:55:00.000Z,2026-08-21T10:55:00.000,765.0499877929688,765.8350219726562,764.9500122070312,765.8151245117188,314945
1787324400,2026-08-21T15:00:00.000Z,2026-08-21T11:00:00.000,765.8099975585938,766.4000244140625,765.739990234375,766.239990234375,828488
1787324700,2026-08-21T15:05:00.000Z,2026-08-21T11:05:00.000,766.25,766.4099731445312,765.7999877929688,765.8400268554688,426005
1787325000,2026-08-21T15:10:00.000Z,2026-08-21T11:10:00.000,765.85498046875,766.0401000976562,765.6799926757812,765.7000122070312,184850
1787325300,2026-08-21T15:15:00.000Z,2026-08-21T11:15:00.000,765.7050170898438,765.969970703125,765.5399780273438,765.60498046875,311709
1787325600,2026-08-21T15:20:00.000Z,2026-08-21T11:20:00.000,765.5999755859375,765.8699951171875,765.4550170898438,765.510009765625,271128
1787325900,2026-08-21T15:25:00.000Z,2026-08-21T11:25:00.000,765.510009765625,766.02001953125,765.4550170898438,765.9550170898438,366942
1787326200,2026-08-21T15:30:00.000Z,2026-08-21T11:30:00.000,765.9600219726562,766.489990234375,765.8200073242188,766.489990234375,3359717
1787326500,2026-08-21T15:35:00.000Z,2026-08-21T11:35:00.000,766.47998046875,767.0584106445312,766.4400024414062,767.0584106445312,369121
1787326800,2026-08-21T15:40:00.000Z,2026-08-21T11:40:00.000,767.0499877929688,767.4400024414062,766.9199829101562,767.2999877929688,356768
1787327100,2026-08-21T15:45:00.000Z,2026-08-21T11:45:00.000,767.3099975585938,767.4500122070312,766.9400024414062,767.010009765625,326336
1787327400,2026-08-21T15:50:00.000Z,2026-08-21T11:50:00.000,767.0206298828125,767.8499755859375,767.00048828125,767.6734008789062,242298
1787327700,2026-08-21T15:55:00.000Z,2026-08-21T11:55:00.000,767.6699829101562,767.6900024414062,767.0798950195312,767.2000122070312,330383
1787328000,2026-08-21T16:00:00.000Z,2026-08-21T12:00:00.000,767.2000122070312,767.3298950195312,766.6400146484375,766.739990234375,421378
1787328300,2026-08-21T16:05:00.000Z,2026-08-21T12:05:00.000,766.75,766.75,766.2899780273438,766.3499755859375,442629
1787328600,2026-08-21T16:10:00.000Z,2026-08-21T12:10:00.000,766.3400268554688,766.5900268554688,766.239990234375,766.239990234375,258800
1787328900,2026-08-21T16:15:00.000Z,2026-08-21T12:15:00.000,766.239990234375,766.6599731445312,765.9099731445312,766.02001953125,1156821
1787329200,2026-08-21T16:20:00.000Z,2026-08-21T12:20:00.000,766.010009765625,767.0050048828125,765.8699951171875,766.1950073242188,510661
1787329500,2026-08-21T16:25:00.000Z,2026-08-21T12:25:00.000,766.2000122070312,766.5800170898438,766.1300048828125,766.5150146484375,149120
1787329800,2026-08-21T16:30:00.000Z,2026-08-21T12:30:00.000,766.510009765625,766.530029296875,766.030029296875,766.030029296875,181668
1787330100,2026-08-21T16:35:00.000Z,2026-08-21T12:35:00.000,766.030029296875,766.5700073242188,766.0250244140625,766.5499877929688,289266
1787330400,2026-08-21T16:40:00.000Z,2026-08-21T12:40:00.000,766.5499877929688,766.5599975585938,766.2849731445312,766.375,160418
1787330700,2026-08-21T16:45:00.000Z,2026-08-21T12:45:00.000,766.3699951171875,766.3699951171875,766.0999755859375,766.1699829101562,171097
1787331000,2026-08-21T16:50:00.000Z,2026-08-21T12:50:00.000,766.1599731445312,766.1799926757812,765.8099975585938,766.02001953125,497354
1787331300,2026-08-21T16:55:00.000Z,2026-08-21T12:55:00.000,766.010009765625,766.4299926757812,765.9550170898438,766.3900146484375,222703
1787331600,2026-08-21T17:00:00.000Z,2026-08-21T13:00:00.000,766.3900146484375,766.4650268554688,766.22998046875,766.27001953125,166320
1787331900,2026-08-21T17:05:00.000Z,2026-08-21T13:05:00.000,766.280029296875,766.530029296875,766.1599731445312,766.3699951171875,192721
1787332200,2026-08-21T17:10:00.000Z,2026-08-21T13:10:00.000,766.3699951171875,766.3699951171875,766.0999755859375,766.2188720703125,140492
1787332500,2026-08-21T17:15:00.000Z,2026-08-21T13:15:00.000,766.219970703125,766.2999877929688,766.0900268554688,766.1599731445312,251335
1787332800,2026-08-21T17:20:00.000Z,2026-08-21T13:20:00.000,766.1500244140625,766.2000122070312,765.72998046875,765.8400268554688,457856
1787333100,2026-08-21T17:25:00.000Z,2026-08-21T13:25:00.000,765.843994140625,766.010009765625,765.7050170898438,765.7999877929688,211275
1787333400,2026-08-21T17:30:00.000Z,2026-08-21T13:30:00.000,765.8200073242188,765.9000244140625,765.5394897460938,765.5394897460938,193141
1787333700,2026-08-21T17:35:00.000Z,2026-08-21T13:35:00.000,765.52001953125,765.8150024414062,765.5,765.5750122070312,133709
1787334000,2026-08-21T17:40:00.000Z,2026-08-21T13:40:00.000,765.5750122070312,765.7100219726562,765.469970703125,765.655029296875,134439
1787334300,2026-08-21T17:45:00.000Z,2026-08-21T13:45:00.000,765.7000122070312,765.8800048828125,765.5850219726562,765.7100219726562,144525
1787334600,2026-08-21T17:50:00.000Z,2026-08-21T13:50:00.000,765.697998046875,765.760009765625,765.510009765625,765.5800170898438,137048
1787334900,2026-08-21T17:55:00.000Z,2026-08-21T13:55:00.000,765.5800170898438,765.5800170898438,765.4299926757812,765.4299926757812,173800
1787335200,2026-08-21T18:00:00.000Z,2026-08-21T14:00:00.000,765.4400024414062,765.7349853515625,765.3499755859375,765.6699829101562,289550
1787335500,2026-08-21T18:05:00.000Z,2026-08-21T14:05:00.000,765.6699829101562,765.6799926757812,765.2999877929688,765.3150024414062,153182
1787335800,2026-08-21T18:10:00.000Z,2026-08-21T14:10:00.000,765.3099975585938,765.5499877929688,765.2849731445312,765.3400268554688,175619
1787336100,2026-08-21T18:15:00.000Z,2026-08-21T14:15:00.000,765.3499755859375,765.530029296875,765.3099975585938,765.469970703125,179232
1787336400,2026-08-21T18:20:00.000Z,2026-08-21T14:20:00.000,765.4600219726562,765.614990234375,765.4099731445312,765.4949951171875,121496
1787336700,2026-08-21T18:25:00.000Z,2026-08-21T14:25:00.000,765.5,765.530029296875,765.260009765625,765.2849731445312,125743
1787337000,2026-08-21T18:30:00.000Z,2026-08-21T14:30:00.000,765.27001953125,765.3699951171875,765.0599975585938,765.1749877929688,241643
1787337300,2026-08-21T18:35:00.000Z,2026-08-21T14:35:00.000,765.1799926757812,765.3400268554688,765.1799926757812,765.2301025390625,146811
1787337600,2026-08-21T18:40:00.000Z,2026-08-21T14:40:00.000,765.2349853515625,765.52001953125,765.2100219726562,765.3900146484375,208006
1787337900,2026-08-21T18:45:00.000Z,2026-08-21T14:45:00.000,765.39501953125,765.7000122070312,765.3150024414062,765.6561279296875,271561
1787338200,2026-08-21T18:50:00.000Z,2026-08-21T14:50:00.000,765.6599731445312,765.97998046875,765.6599731445312,765.8900146484375,409399
1787338500,2026-08-21T18:55:00.000Z,2026-08-21T14:55:00.000,765.8900146484375,766.22998046875,765.7899780273438,766.197509765625,365782
1787338800,2026-08-21T19:00:00.000Z,2026-08-21T15:00:00.000,766.2000122070312,766.364990234375,766.010009765625,766.0302734375,587367
1787339100,2026-08-21T19:05:00.000Z,2026-08-21T15:05:00.000,766.0349731445312,766.3300170898438,766,766.0999755859375,297398
1787339400,2026-08-21T19:10:00.000Z,2026-08-21T15:10:00.000,766.0900268554688,766.0999755859375,765.8699951171875,766.0449829101562,237724
1787339700,2026-08-21T19:15:00.000Z,2026-08-21T15:15:00.000,766.0449829101562,766.1199951171875,765.8499755859375,765.969970703125,518302
1787340000,2026-08-21T19:20:00.000Z,2026-08-21T15:20:00.000,765.9650268554688,766.22998046875,765.8699951171875,766.2000732421875,250765
1787340300,2026-08-21T19:25:00.000Z,2026-08-21T15:25:00.000,766.2050170898438,766.2100219726562,765.9500122070312,766.0499877929688,225112
1787340600,2026-08-21T19:30:00.000Z,2026-08-21T15:30:00.000,766.0499877929688,766.3150024414062,766.02001953125,766.0845947265625,324330
1787340900,2026-08-21T19:35:00.000Z,2026-08-21T15:35:00.000,766.0900268554688,766.3699951171875,765.9749755859375,766.2750244140625,403725
1787341200,2026-08-21T19:40:00.000Z,2026-08-21T15:40:00.000,766.27001953125,766.4849853515625,766.0900268554688,766.469970703125,725547
1787341500,2026-08-21T19:45:00.000Z,2026-08-21T15:45:00.000,766.4600219726562,766.7999877929688,766.3800048828125,766.6699829101562,969624
1787341800,2026-08-21T19:50:00.000Z,2026-08-21T15:50:00.000,766.6500244140625,766.6599731445312,765.8499755859375,765.9000244140625,898459
1787342100,2026-08-21T19:55:00.000Z,2026-08-21T15:55:00.000,765.8900146484375,766.2349853515625,765.3400268554688,765.6500244140625,2638693
1787578200,2026-08-24T13:30:00.000Z,2026-08-24T09:30:00.000,764.780029296875,764.8099975585938,763.2000122070312,763.4500122070312,2161631
1787578500,2026-08-24T13:35:00.000Z,2026-08-24T09:35:00.000,763.510009765625,763.8200073242188,762.969970703125,763.3599853515625,468492
1787578800,2026-08-24T13:40:00.000Z,2026-08-24T09:40:00.000,763.3699951171875,763.72998046875,762.1900024414062,762.1900024414062,577255
1787579100,2026-08-24T13:45:00.000Z,2026-08-24T09:45:00.000,762.1900024414062,763.5900268554688,762.0800170898438,763.10498046875,842395
1787579400,2026-08-24T13:50:00.000Z,2026-08-24T09:50:00.000,763.1099853515625,763.530029296875,762.739990234375,763.47998046875,409135
1787579700,2026-08-24T13:55:00.000Z,2026-08-24T09:55:00.000,763.469970703125,763.6599731445312,763.2399291992188,763.3900146484375,395002
1787580000,2026-08-24T14:00:00.000Z,2026-08-24T10:00:00.000,763.4099731445312,763.9450073242188,762.7999877929688,762.969970703125,555214
1787580300,2026-08-24T14:05:00.000Z,2026-08-24T10:05:00.000,762.97998046875,763.2000122070312,762.6199951171875,762.8900146484375,226955
1787580600,2026-08-24T14:10:00.000Z,2026-08-24T10:10:00.000,762.9099731445312,763.02001953125,762.5,762.97998046875,243334
1787580900,2026-08-24T14:15:00.000Z,2026-08-24T10:15:00.000,762.97998046875,763.0599975585938,762.6500244140625,762.8699951171875,211854
1787581200,2026-08-24T14:20:00.000Z,2026-08-24T10:20:00.000,762.8599853515625,763.5089721679688,762.7999877929688,762.8499755859375,578408
1787581500,2026-08-24T14:25:00.000Z,2026-08-24T10:25:00.000,762.8699951171875,763.14501953125,762.6699829101562,762.9199829101562,1048163
1787581800,2026-08-24T14:30:00.000Z,2026-08-24T10:30:00.000,762.9199829101562,763.75,762.780029296875,763.6199951171875,301253
1787582100,2026-08-24T14:35:00.000Z,2026-08-24T10:35:00.000,763.6199951171875,763.885009765625,763.5599975585938,763.7000122070312,193939
1787582400,2026-08-24T14:40:00.000Z,2026-08-24T10:40:00.000,763.7000122070312,764.1099853515625,763.50341796875,763.7000122070312,2476986
1787582700,2026-08-24T14:45:00.000Z,2026-08-24T10:45:00.000,763.6849975585938,763.8800048828125,763.469970703125,763.8800048828125,378023
1787583000,2026-08-24T14:50:00.000Z,2026-08-24T10:50:00.000,763.8699951171875,763.9299926757812,763.4249877929688,763.6199951171875,211239
1787583300,2026-08-24T14:55:00.000Z,2026-08-24T10:55:00.000,763.625,763.9600219726562,763.52001953125,763.6400146484375,310423
1787583600,2026-08-24T15:00:00.000Z,2026-08-24T11:00:00.000,763.6400146484375,763.8200073242188,763.02001953125,763.0599975585938,232119
1787583900,2026-08-24T15:05:00.000Z,2026-08-24T11:05:00.000,763.0599975585938,763.0800170898438,762.780029296875,762.989990234375,230631
1787584200,2026-08-24T15:10:00.000Z,2026-08-24T11:10:00.000,762.97998046875,763.1751098632812,762.7000122070312,762.75,218279
1787584500,2026-08-24T15:15:00.000Z,2026-08-24T11:15:00.000,762.739990234375,762.8198852539062,762.6307983398438,762.6799926757812,138358
1787584800,2026-08-24T15:20:00.000Z,2026-08-24T11:20:00.000,762.6749877929688,763.1900024414062,762.3699951171875,763.1500244140625,408099
1787585100,2026-08-24T15:25:00.000Z,2026-08-24T11:25:00.000,763.1500854492188,764.0062255859375,763.0700073242188,763.7401123046875,480586
1787585400,2026-08-24T15:30:00.000Z,2026-08-24T11:30:00.000,763.739990234375,764,763.4000244140625,763.8400268554688,356346
1787585700,2026-08-24T15:35:00.000Z,2026-08-24T11:35:00.000,763.85498046875,764.1599731445312,763.7000122070312,764.0250244140625,264624
1787586000,2026-08-24T15:40:00.000Z,2026-08-24T11:40:00.000,764.030029296875,764.4199829101562,764.0200805664062,764.253173828125,274454
1787586300,2026-08-24T15:45:00.000Z,2026-08-24T11:45:00.000,764.27001953125,764.72998046875,764.2650146484375,764.280029296875,303002
1787586600,2026-08-24T15:50:00.000Z,2026-08-24T11:50:00.000,764.2899780273438,764.6099853515625,764.2849731445312,764.3099975585938,157315
1787586900,2026-08-24T15:55:00.000Z,2026-08-24T11:55:00.000,764.2999877929688,764.530029296875,764.1799926757812,764.5200805664062,272226
1787587200,2026-08-24T16:00:00.000Z,2026-08-24T12:00:00.000,764.52001953125,765.1300048828125,764.4299926757812,764.9500122070312,428076
1787587500,2026-08-24T16:05:00.000Z,2026-08-24T12:05:00.000,764.9500122070312,764.989990234375,764.4600219726562,764.469970703125,163853
1787587800,2026-08-24T16:10:00.000Z,2026-08-24T12:10:00.000,764.4849853515625,764.6599731445312,764.4299926757812,764.6488037109375,108004
1787588100,2026-08-24T16:15:00.000Z,2026-08-24T12:15:00.000,764.6400146484375,765.1588134765625,764.6099853515625,765.0499877929688,245039
1787588400,2026-08-24T16:20:00.000Z,2026-08-24T12:20:00.000,765.0499267578125,765.219970703125,764.7999877929688,764.8699951171875,245677
1787588700,2026-08-24T16:25:00.000Z,2026-08-24T12:25:00.000,764.8699951171875,765.0018920898438,764.7999877929688,764.8900146484375,174251
1787589000,2026-08-24T16:30:00.000Z,2026-08-24T12:30:00.000,764.9099731445312,765,764.5003051757812,764.5701293945312,274900
1787589300,2026-08-24T16:35:00.000Z,2026-08-24T12:35:00.000,764.5800170898438,764.7100219726562,764.3350219726562,764.3499755859375,143081
1787589600,2026-08-24T16:40:00.000Z,2026-08-24T12:40:00.000,764.3499755859375,764.4099731445312,764.1900024414062,764.3099975585938,287270
1787589900,2026-08-24T16:45:00.000Z,2026-08-24T12:45:00.000,764.3300170898438,764.4000244140625,764.1400146484375,764.3499755859375,143128
1787590200,2026-08-24T16:50:00.000Z,2026-08-24T12:50:00.000,764.3599853515625,764.469482421875,764.1300048828125,764.2100219726562,129084
1787590500,2026-08-24T16:55:00.000Z,2026-08-24T12:55:00.000,764.2299194335938,764.3200073242188,764.1199951171875,764.1900024414062,131861
1787590800,2026-08-24T17:00:00.000Z,2026-08-24T13:00:00.000,764.2000122070312,764.2100219726562,763.8699951171875,764.010009765625,135437
1787591100,2026-08-24T17:05:00.000Z,2026-08-24T13:05:00.000,763.989990234375,764.655029296875,763.9500122070312,764.4500122070312,194862
1787591400,2026-08-24T17:10:00.000Z,2026-08-24T13:10:00.000,764.4500122070312,764.780029296875,764.3099975585938,764.52001953125,314038
1787591700,2026-08-24T17:15:00.000Z,2026-08-24T13:15:00.000,764.5,764.5999755859375,764.0499877929688,764.1199951171875,164433
1787592000,2026-08-24T17:20:00.000Z,2026-08-24T13:20:00.000,764.1300048828125,764.1599731445312,763.5,763.5650024414062,337394
1787592300,2026-08-24T17:25:00.000Z,2026-08-24T13:25:00.000,763.5700073242188,763.719970703125,763.3350219726562,763.4000244140625,193172
1787592600,2026-08-24T17:30:00.000Z,2026-08-24T13:30:00.000,763.3800048828125,763.5700073242188,763.27001953125,763.3001098632812,192457
1787592900,2026-08-24T17:35:00.000Z,2026-08-24T13:35:00.000,763.2999877929688,763.3900146484375,763.1400146484375,763.3900146484375,161284
1787593200,2026-08-24T17:40:00.000Z,2026-08-24T13:40:00.000,763.4000244140625,763.4500122070312,763.10498046875,763.10498046875,221499
1787593500,2026-08-24T17:45:00.000Z,2026-08-24T13:45:00.000,763.1099853515625,763.2899780273438,763.0499877929688,763.239990234375,173204
1787593800,2026-08-24T17:50:00.000Z,2026-08-24T13:50:00.000,763.239990234375,763.510009765625,763.1300048828125,763.2000122070312,168380
1787594100,2026-08-24T17:55:00.000Z,2026-08-24T13:55:00.000,763.2050170898438,763.3800048828125,763.1201171875,763.2899780273438,226742
1787594400,2026-08-24T18:00:00.000Z,2026-08-24T14:00:00.000,763.3099975585938,763.6599731445312,763.280029296875,763.5599975585938,190948
1787594700,2026-08-24T18:05:00.000Z,2026-08-24T14:05:00.000,763.530029296875,763.989990234375,763.489990234375,763.9199829101562,203890
1787595000,2026-08-24T18:10:00.000Z,2026-08-24T14:10:00.000,763.9000244140625,764.260009765625,763.8200073242188,764.260009765625,213906
1787595300,2026-08-24T18:15:00.000Z,2026-08-24T14:15:00.000,764.2550048828125,764.469970703125,764.1300048828125,764.2349853515625,213948
1787595600,2026-08-24T18:20:00.000Z,2026-08-24T14:20:00.000,764.22998046875,764.6900024414062,764.2000122070312,764.614990234375,345017
1787595900,2026-08-24T18:25:00.000Z,2026-08-24T14:25:00.000,764.614990234375,764.8400268554688,764.5599975585938,764.7999877929688,324066
1787596200,2026-08-24T18:30:00.000Z,2026-08-24T14:30:00.000,764.7999877929688,765.1099853515625,764.6599731445312,764.6699829101562,261335
1787596500,2026-08-24T18:35:00.000Z,2026-08-24T14:35:00.000,764.6849975585938,764.75,764.1199951171875,764.239501953125,229992
1787596800,2026-08-24T18:40:00.000Z,2026-08-24T14:40:00.000,764.22998046875,764.405029296875,764.1500244140625,764.3300170898438,233608
1787597100,2026-08-24T18:45:00.000Z,2026-08-24T14:45:00.000,764.3339233398438,764.4199829101562,764.1099853515625,764.3200073242188,196161
1787597400,2026-08-24T18:50:00.000Z,2026-08-24T14:50:00.000,764.3200073242188,764.4299926757812,764.0700073242188,764.1400146484375,150055
1787597700,2026-08-24T18:55:00.000Z,2026-08-24T14:55:00.000,764.1400146484375,764.2449951171875,763.969970703125,764,164770
1787598000,2026-08-24T19:00:00.000Z,2026-08-24T15:00:00.000,764,764.0499877929688,763.8099975585938,763.9199829101562,203834
1787598300,2026-08-24T19:05:00.000Z,2026-08-24T15:05:00.000,763.9199829101562,764.0900268554688,763.8499755859375,763.9199829101562,172487
