AXIOM TRADING BOT - SPY HISTORICAL DATA EXPORT - PART 2/4
(paste parts in order 1/4 -> 4/4)

1198852200,2007-12-28,148.5399932861328,148.61000061035156,146.89999389648438,147.3000030517578,116398100
1199111400,2007-12-31,147.10000610351562,147.61000061035156,146.05999755859375,146.2100067138672,108126800
1199284200,2008-01-02,146.52999877929688,146.99000549316406,143.8800048828125,144.92999267578125,204935600
1199370600,2008-01-03,144.91000366210938,145.49000549316406,144.07000732421875,144.86000061035156,125133300
1199457000,2008-01-04,143.33999633789062,143.44000244140625,140.91000366210938,141.30999755859375,232330900
1199716200,2008-01-07,141.80999755859375,142.22999572753906,140.10000610351562,141.19000244140625,234991000
1199802600,2008-01-08,142.0800018310547,142.89999389648438,138.44000244140625,138.91000366210938,326365700
1199889000,2008-01-09,139.08999633789062,140.7899932861328,137.6999969482422,140.3699951171875,301824900
1199975400,2008-01-10,139.67999267578125,142.8000030517578,139.3699951171875,141.2899932861328,335701200
1200061800,2008-01-11,140.77999877929688,141.89999389648438,139,140.14999389648438,267076600
1200321000,2008-01-14,141.16000366210938,141.86000061035156,140.39999389648438,141.27999877929688,170365500
1200407400,2008-01-15,139.7899932861328,141.49000549316406,137.89999389648438,138.1699981689453,239940100
1200493800,2008-01-16,137.36000061035156,139.1199951171875,136.27999877929688,136.97999572753906,378802600
1200580200,2008-01-17,137.80999755859375,137.8800048828125,132.92999267578125,133.42999267578125,397892600
1200666600,2008-01-18,134.74000549316406,135.02000427246094,131.10000610351562,132.05999755859375,348561500
1201012200,2008-01-22,127.20999908447266,132.42999267578125,126,130.72000122070312,435923700
1201098600,2008-01-23,127.08999633789062,134.19000244140625,126.83999633789062,133.86000061035156,511913000
1201185000,2008-01-24,134.47999572753906,135.4600067138672,133.30999755859375,134.99000549316406,259949300
1201271400,2008-01-25,136.50999450683594,136.75999450683594,132.60000610351562,133.0399932861328,269603900
1201530600,2008-01-28,133.25999450683594,135.52000427246094,132.05999755859375,135.24000549316406,217934600
1201617000,2008-01-29,136.10000610351562,136.4499969482422,134.8800048828125,135.91000366210938,168968300
1201703400,2008-01-30,135.5800018310547,138.5399932861328,134.60000610351562,134.91000366210938,334939200
1201789800,2008-01-31,133.39999389648438,138.5399932861328,133.1999969482422,137.3699951171875,343680800
1201876200,2008-02-01,137.94000244140625,139.61000061035156,137.52000427246094,139.5800018310547,206843600
1202135400,2008-02-04,139.2100067138672,139.3000030517578,137.63999938964844,137.82000732421875,124694300
1202221800,2008-02-05,135.94000244140625,136.25,133.6699981689453,134.1300048828125,286882500
1202308200,2008-02-06,134.5800018310547,135.25,132.41000366210938,133.0500030517578,250792900
1202394600,2008-02-07,131.8000030517578,134.7899932861328,131.72999572753906,133.92999267578125,297368100
1202481000,2008-02-08,133.08999633789062,134.22000122070312,132.10000610351562,133.07000732421875,221643500
1202740200,2008-02-11,133.10000610351562,134.22999572753906,132.0399932861328,133.75,188576300
1202826600,2008-02-12,134.91000366210938,136.30999755859375,133.97999572753906,134.99000549316406,256654400
1202913000,2008-02-13,136.00999450683594,137.05999755859375,135.13999938964844,136.3699951171875,181967800
1202999400,2008-02-14,136.9499969482422,137,134.7899932861328,135.1699981689453,215207200
1203085800,2008-02-15,134.5,135.22000122070312,133.91000366210938,135.13999938964844,154110300
1203431400,2008-02-19,136.72000122070312,136.88999938964844,134.61000061035156,135.52000427246094,145190000
1203517800,2008-02-20,133.99000549316406,136.5500030517578,133.75999450683594,135.9199981689453,220085700
1203604200,2008-02-21,136.66000366210938,137.00999450683594,134.07000732421875,134.7899932861328,201051200
1203690600,2008-02-22,134.97000122070312,135.85000610351562,132.86000061035156,135.6199951171875,205491000
1203949800,2008-02-25,135.5399932861328,137.64999389648438,134.77999877929688,137.3300018310547,190107000
1204036200,2008-02-26,136.75,138.9499969482422,136.5,138.36000061035156,212420700
1204122600,2008-02-27,137.55999755859375,139.13999938964844,137.41000366210938,138.22000122070312,168395800
1204209000,2008-02-28,137.24000549316406,137.9600067138672,136.5500030517578,136.8699951171875,170831100
1204295400,2008-02-29,135.60000610351562,135.67999267578125,132.77999877929688,133.82000732421875,252715200
1204554600,2008-03-03,133.13999938964844,133.80999755859375,132.24000549316406,133.5,189483500
1204641000,2008-03-04,132.22999572753906,133.39999389648438,130.99000549316406,132.99000549316406,282513100
1204727400,2008-03-05,133.4199981689453,134.77000427246094,132.33999633789062,133.8300018310547,270681400
1204813800,2008-03-06,132.97999572753906,133.22000122070312,130.5500030517578,131.05999755859375,247911700
1204900200,2008-03-07,129.77000427246094,131.74000549316406,128.5800018310547,129.7100067138672,326434600
1205155800,2008-03-10,129.83999633789062,129.92999267578125,127.58999633789062,128,235683600
1205242200,2008-03-11,130.72000122070312,132.72000122070312,128.9499969482422,132.60000610351562,341440600
1205328600,2008-03-12,132.74000549316406,133.77000427246094,131.16000366210938,131.36000061035156,229161100
1205415000,2008-03-13,129.61000061035156,132.63999938964844,128.60000610351562,131.64999389648438,351504200
1205501400,2008-03-14,132.77000427246094,132.80999755859375,127.77999877929688,129.61000061035156,484687800
1205760600,2008-03-17,126.56999969482422,129.25999450683594,126.06999969482422,128.3000030517578,405311100
1205847000,2008-03-18,130.6199951171875,133.69000244140625,129.97999572753906,133.6300048828125,334416600
1205933400,2008-03-19,134.13999938964844,134.64999389648438,130.0399932861328,130.32000732421875,345971600
1206019800,2008-03-20,130.0500030517578,132.91000366210938,129.25999450683594,132.0800018310547,245320700
1206365400,2008-03-24,133.30999755859375,135.80999755859375,133.24000549316406,134.72000122070312,208977300
1206451800,2008-03-25,134.86000061035156,135.5500030517578,133.77000427246094,134.85000610351562,192947200
1206538200,2008-03-26,134.4600067138672,135.08999633789062,133.11000061035156,133.1999969482422,196934300
1206624600,2008-03-27,134.1999969482422,134.44000244140625,132.36000061035156,132.77999877929688,225153200
1206711000,2008-03-28,132.99000549316406,133.36000061035156,131.05999755859375,131.50999450683594,180896100
1206970200,2008-03-31,131.2899932861328,132.72999572753906,131.08999633789062,131.97000122070312,166692100
1207056600,2008-04-01,133.61000061035156,136.83999633789062,133.50999450683594,136.61000061035156,254547300
1207143000,2008-04-02,137.0500030517578,137.6699981689453,135.97999572753906,136.6999969482422,210910800
1207229400,2008-04-03,135.9600067138672,137.44000244140625,135.7100067138672,137.0399932861328,175884800
1207315800,2008-04-04,137.1199951171875,137.9600067138672,136.1199951171875,136.88999938964844,204446800
1207575000,2008-04-07,137.8699951171875,138.57000732421875,136.74000549316406,136.9600067138672,154245500
1207661400,2008-04-08,136.19000244140625,136.9199981689453,135.9499969482422,136.82000732421875,148937300
1207747800,2008-04-09,136.61000061035156,136.8000030517578,134.88999938964844,135.8300018310547,195610600
1207834200,2008-04-10,135.4199981689453,136.6699981689453,134.89999389648438,136.02000427246094,192967800
1207920600,2008-04-11,134.49000549316406,135.1199951171875,133.00999450683594,133.3800048828125,222973300
1208179800,2008-04-14,133.19000244140625,133.5399932861328,132.5500030517578,132.92999267578125,160522000
1208266200,2008-04-15,133.5800018310547,133.69000244140625,132.3300018310547,133.24000549316406,172389200
1208352600,2008-04-16,134.5399932861328,136.91000366210938,134.52000427246094,136.85000610351562,189268900
1208439000,2008-04-17,136.02000427246094,137.25,135.66000366210938,137.0500030517578,179665700
1208525400,2008-04-18,138.94000244140625,139.55999755859375,138.25999450683594,138.47999572753906,218530600
1208784600,2008-04-21,138.22999572753906,138.97999572753906,137.85000610351562,138.5500030517578,118587400
1208871000,2008-04-22,138.19000244140625,138.30999755859375,136.89999389648438,137.94000244140625,162166000
1208957400,2008-04-23,138.08999633789062,138.77999877929688,137.1199951171875,137.72000122070312,193309000
1209043800,2008-04-24,138.0800018310547,139.74000549316406,137.0399932861328,138.32000732421875,229381300
1209130200,2008-04-25,139.39999389648438,139.88999938964844,137.91000366210938,139.60000610351562,190788100
1209389400,2008-04-28,139.8800048828125,140.25,139.3800048828125,139.6300048828125,105610200
1209475800,2008-04-29,139.38999938964844,139.72999572753906,138.61000061035156,139.0800018310547,125514100
1209562200,2008-04-30,139.2899932861328,140.58999633789062,138.25999450683594,138.25999450683594,208395900
1209648600,2008-05-01,138.3800048828125,141.1199951171875,138.27000427246094,141.1199951171875,187279500
1209735000,2008-05-02,142.33999633789062,142.3699951171875,140.55999755859375,141.50999450683594,181585500
1209994200,2008-05-05,141.0500030517578,141.61000061035156,140.41000366210938,140.8300018310547,118504500
1210080600,2008-05-06,140.02000427246094,142.1999969482422,139.69000244140625,142.0500030517578,179339800
1210167000,2008-05-07,141.88999938964844,142.0399932861328,139.1300048828125,139.52000427246094,199267300
1210253400,2008-05-08,139.74000549316406,140.32000732421875,138.97999572753906,139.16000366210938,178321200
1210339800,2008-05-09,138.60000610351562,139.38999938964844,138.4499969482422,138.89999389648438,152588200
1210599000,2008-05-12,139.25,140.55999755859375,138.72999572753906,140.4600067138672,147865900
1210685400,2008-05-13,140.8000030517578,140.88999938964844,139.72999572753906,140.47999572753906,159132200
1210771800,2008-05-14,141.07000732421875,142.1999969482422,140.4600067138672,140.77000427246094,181910800
1210858200,2008-05-15,141.0399932861328,142.6300048828125,140.8300018310547,142.52999877929688,166927000
1210944600,2008-05-16,142.86000061035156,142.8699951171875,141.61000061035156,142.66000366210938,204236800
1211203800,2008-05-19,142.80999755859375,144.3000030517578,142.3000030517578,143.0500030517578,165664400
1211290200,2008-05-20,142.27000427246094,142.33999633789062,141,141.88999938964844,178552100
1211376600,2008-05-21,141.80999755859375,142.1199951171875,139,139.49000549316406,252724800
1211463000,2008-05-22,139.42999267578125,140.1699981689453,139,139.50999450683594,170820400
1211549400,2008-05-23,139.0500030517578,139.66000366210938,137.52000427246094,137.63999938964844,181376400
1211895000,2008-05-27,137.8000030517578,139,137.52999877929688,138.66000366210938,168322900
1211981400,2008-05-28,139.1699981689453,140,138,139.3000030517578,181288100
1212067800,2008-05-29,139.1300048828125,140.92999267578125,139.0800018310547,140,173927200
1212154200,2008-05-30,140.47000122070312,140.74000549316406,139.94000244140625,140.35000610351562,117362000
1212413400,2008-06-02,139.8300018310547,139.86000061035156,138,138.89999389648438,181069900
1212499800,2008-06-03,139.3000030517578,139.6199951171875,137.22999572753906,138.08999633789062,271965700
1212586200,2008-06-04,137.6999969482422,139.16000366210938,137.4600067138672,138.02000427246094,246637700
1212672600,2008-06-05,138.5800018310547,140.88999938964844,138.32000732421875,140.77999877929688,237867100
1212759000,2008-06-06,139.5500030517578,139.8000030517578,136.22000122070312,136.2899932861328,384276300
1213018200,2008-06-09,136.86000061035156,137.5,135.41000366210938,136.6199951171875,228263900
1213104600,2008-06-10,135.6699981689453,137.10000610351562,135.35000610351562,135.94000244140625,260234900
1213191000,2008-06-11,135.97000122070312,136.25999450683594,133.92999267578125,133.94000244140625,283890100
1213277400,2008-06-12,134.60000610351562,135.8699951171875,133.52000427246094,134.4499969482422,252791800
1213363800,2008-06-13,135.1699981689453,136.52000427246094,134.4199981689453,136.14999389648438,244726900
1213623000,2008-06-16,135.5500030517578,136.92999267578125,135.4600067138672,136.22999572753906,185832500
1213709400,2008-06-17,137.07000732421875,137.1199951171875,135.3699951171875,135.57000732421875,191707700
1213795800,2008-06-18,134.69000244140625,135.52000427246094,133.7100067138672,134.25,265893000
1213882200,2008-06-19,134.14999389648438,135.24000549316406,133.5,134.4199981689453,304204900
1213968600,2008-06-20,132.83999633789062,133.08999633789062,131.22000122070312,131.5800018310547,289275700
1214227800,2008-06-23,132.08999633789062,132.22999572753906,131.32000732421875,131.4499969482422,165096400
1214314200,2008-06-24,131.0500030517578,132.44000244140625,130.19000244140625,131.19000244140625,267300600
1214400600,2008-06-25,131.72000122070312,133.39999389648438,131.24000549316406,131.80999755859375,287853900
1214487000,2008-06-26,130.57000732421875,131.4199981689453,128.0800018310547,128.22999572753906,297775000
1214573400,2008-06-27,128.27999877929688,128.86000061035156,127.04000091552734,127.52999877929688,303423400
1214832600,2008-06-30,127.88999938964844,128.91000366210938,127.30000305175781,127.9800033569336,258842600
1214919000,2008-07-01,126.5199966430664,128.47000122070312,125.93000030517578,128.3800048828125,388622000
1215005400,2008-07-02,128.7899932861328,129.16000366210938,125.94999694824219,126.18000030517578,288064600
1215091800,2008-07-03,127.11000061035156,127.11000061035156,124.98999786376953,126.30999755859375,239352500
1215437400,2008-07-07,126.79000091552734,127.33999633789062,123.91999816894531,125.0199966430664,372427300
1215523800,2008-07-08,124.98999786376953,127.38999938964844,124.19999694824219,127.23999786376953,375973700
1215610200,2008-07-09,127.5,127.73999786376953,124.38999938964844,124.79000091552734,336729400
1215696600,2008-07-10,124.43000030517578,125.79000091552734,123.58000183105469,125.30000305175781,436475700
1215783000,2008-07-11,123.97000122070312,125.9000015258789,122.48999786376953,123.83999633789062,481124600
1216042200,2008-07-14,125.26000213623047,125.5,122.4000015258789,122.72000122070312,322720800
1216128600,2008-07-15,121.80000305175781,123.48999786376953,120.0199966430664,120.98999786376953,502502500
1216215000,2008-07-16,121.44999694824219,124.56999969482422,121.0999984741211,123.95999908447266,371642900
1216301400,2008-07-17,125.13999938964844,126.26000213623047,124.08999633789062,125.19999694824219,375490600
1216387800,2008-07-18,126.16999816894531,126.41999816894531,125.1500015258789,125.9800033569336,267030100
1216647000,2008-07-21,126.51000213623047,126.80000305175781,125.19000244140625,126.05000305175781,222863000
1216733400,2008-07-22,125.1500015258789,127.80000305175781,124.8499984741211,127.4800033569336,296904200
1216819800,2008-07-23,127.88999938964844,129.14999389648438,127.55000305175781,128.1699981689453,311698400
1216906200,2008-07-24,128.33999633789062,128.41000366210938,125.16000366210938,125.51000213623047,248634500
1216992600,2008-07-25,125.88999938964844,126.48999786376953,125.16999816894531,125.4800033569336,219131000
1217251800,2008-07-28,125.51000213623047,126.05999755859375,123.41999816894531,123.63999938964844,205201300
1217338200,2008-07-29,123.9800033569336,126.37999725341797,123.63999938964844,126.27999877929688,261505600
1217424600,2008-07-30,127.11000061035156,128.60000610351562,126.27999877929688,128.52999877929688,354710000
1217511000,2008-07-31,127.4000015258789,128.57000732421875,126.62999725341797,126.83000183105469,277402100
1217597400,2008-08-01,127.12000274658203,127.27999877929688,125.45999908447266,126.16000366210938,248690900
1217856600,2008-08-04,126.04000091552734,126.13999938964844,124.76000213623047,124.98999786376953,188239600
1217943000,2008-08-05,126.0199966430664,128.55999755859375,124.97000122070312,128.36000061035156,251577600
1218029400,2008-08-06,128.02000427246094,129.3000030517578,127.4800033569336,128.92999267578125,209555400
1218115800,2008-08-07,127.95999908447266,128.44000244140625,126.54000091552734,127.01000213623047,246312500
1218202200,2008-08-08,126.58000183105469,129.92999267578125,126.37999725341797,129.3699951171875,260811700
1218461400,2008-08-11,129.47000122070312,131.50999450683594,129.22999572753906,130.7100067138672,249425800
1218547800,2008-08-12,130.27999877929688,130.6999969482422,128.72999572753906,129.35000610351562,213200800
1218634200,2008-08-13,128.7899932861328,129.64999389648438,127.66999816894531,128.57000732421875,256393200
1218720600,2008-08-14,127.83999633789062,130.27999877929688,127.75,129.5399932861328,239555300
1218807000,2008-08-15,129.92999267578125,130.5,129.3000030517578,130.1699981689453,181000800
1219066200,2008-08-18,130.42999267578125,130.47999572753906,127.66000366210938,128.38999938964844,172275100
1219152600,2008-08-19,127.41999816894531,127.69000244140625,126.52999877929688,126.98999786376953,194673700
1219239000,2008-08-20,127.38999938964844,127.94999694824219,126.33999633789062,127.58000183105469,225498200
1219325400,2008-08-21,126.75,128.44000244140625,126.5999984741211,127.80000305175781,180609800
1219411800,2008-08-22,128.6699981689453,129.64999389648438,127.80000305175781,129.64999389648438,167715300
1219671000,2008-08-25,128.8000030517578,129.64999389648438,126.75,127.0199966430664,171936900
1219757400,2008-08-26,127.0199966430664,127.87000274658203,126.58000183105469,127.38999938964844,159117200
1219843800,2008-08-27,127.55000305175781,128.8300018310547,127.30000305175781,128.6300048828125,171032800
1219930200,2008-08-28,129.27999877929688,130.33999633789062,129.11000061035156,130.19000244140625,167537100
1220016600,2008-08-29,129.72999572753906,130.13999938964844,128.50999450683594,128.7899932861328,189195800
1220362200,2008-09-02,130.02999877929688,130.7100067138672,127.5199966430664,127.98999786376953,252364900
1220448600,2008-09-03,127.87999725341797,128.5,126.93000030517578,127.87999725341797,251947000
1220535000,2008-09-04,126.97000122070312,127.2300033569336,123.95999908447266,124.02999877929688,340042500
1220621400,2008-09-05,123.29000091552734,124.94999694824219,122,124.41999816894531,289503400
1220880600,2008-09-08,128.0399932861328,128.24000549316406,124.41999816894531,126.98999786376953,364075300
1220967000,2008-09-09,127.0999984741211,127.36000061035156,122.80000305175781,123.22000122070312,377326800
1221053400,2008-09-10,123.88999938964844,124.9000015258789,122.55000305175781,123.72000122070312,298916600
1221139800,2008-09-11,122.12000274658203,125.73999786376953,121.5999984741211,125.51000213623047,375369400
1221226200,2008-09-12,124.29000091552734,126.20999908447266,123.83000183105469,126.08999633789062,297851200
1221485400,2008-09-15,121.62999725341797,125.6500015258789,119.88999938964844,120.08999633789062,483607000
1221571800,2008-09-16,117.19999694824219,122.31999969482422,117,122.0999984741211,581744300
1221658200,2008-09-17,119.63999938964844,121.8499984741211,116,116.61000061035156,624095600
1221744600,2008-09-18,118.05000305175781,121.79000091552734,113.80000305175781,120.06999969482422,776114700
1221831000,2008-09-19,126.69999694824219,128,123.33000183105469,124.12000274658203,501087800
1222090200,2008-09-22,124.44999694824219,124.75,120.36000061035156,121.30999755859375,249966500
1222176600,2008-09-23,120.8499984741211,122.0199966430664,118.27999877929688,118.55000305175781,327470400
1222263000,2008-09-24,119.3499984741211,120,117.79000091552734,118.93000030517578,311818400
1222349400,2008-09-25,119.4000015258789,121.91000366210938,118.44000244140625,120.79000091552734,328253000
1222435800,2008-09-26,118.83000183105469,121.5,118.51000213623047,120.8499984741211,285917400
1222695000,2008-09-29,119.13999938964844,119.33999633789062,110.97000122070312,111.37999725341797,459562300
1222781400,2008-09-30,113.51000213623047,116.80000305175781,110.52999877929688,115.98999786376953,328154400
1222867800,2008-10-01,115.2699966430664,116.69000244140625,113.94999694824219,116.05999755859375,332783000
1222954200,2008-10-02,114.94999694824219,115.11000061035156,111.05999755859375,111.8499984741211,365337800
1223040600,2008-10-03,112.86000061035156,115.44999694824219,109.68000030517578,110.33999633789062,461798000
1223299800,2008-10-06,107.1500015258789,107.62000274658203,100.63999938964844,104.72000122070312,610637500
1223386200,2008-10-07,106.83999633789062,107.33000183105469,99.6500015258789,100.02999877929688,540012100
1223472600,2008-10-08,97.5199966430664,102.18000030517578,96.80999755859375,97.51000213623047,725414800
1223559000,2008-10-09,99.66000366210938,100.62000274658203,90.25,90.69999694824219,534485200
1223645400,2008-10-10,86.76000213623047,93.94000244140625,83.58000183105469,88.5,871026300
1223904600,2008-10-13,93.87000274658203,101.3499984741211,89.94999694824219,101.3499984741211,455584000
1223991000,2008-10-14,104.69999694824219,105.52999877929688,97.11000061035156,99.8499984741211,546268300
1224077400,2008-10-15,97.45999908447266,97.80000305175781,89.70999908447266,90.0199966430664,484627500
1224163800,2008-10-16,91.29000091552734,94.7699966430664,86.54000091552734,93.7699966430664,708811200
1224250200,2008-10-17,91.98999786376953,98.58999633789062,91.6500015258789,93.20999908447266,476649000
1224509400,2008-10-20,95.3499984741211,99.0999984741211,94.08999633789062,98.80999755859375,321294200
1224595800,2008-10-21,96.97000122070312,98.63999938964844,95.22000122070312,95.86000061035156,356502000
1224682200,2008-10-22,93.19999694824219,95.86000061035156,87.52999877929688,90.63999938964844,516168000
1224768600,2008-10-23,90.29000091552734,92.44999694824219,85.80999755859375,91.69000244140625,634666400
1224855000,2008-10-24,84.05999755859375,89.91999816894531,84,87.04000091552734,545812600
1225114200,2008-10-27,85.97000122070312,89.51000213623047,83.69999694824219,83.94999694824219,397288600
1225200600,2008-10-28,87.33999633789062,94.23999786376953,84.52999877929688,93.76000213623047,639939500
1225287000,2008-10-29,93.7699966430664,97.16999816894531,92.0999984741211,93.08000183105469,531270100
1225373400,2008-10-30,95.77999877929688,96.54000091552734,92.9000015258789,96.30000305175781,414582100
1225459800,2008-10-31,95.08000183105469,98.56999969482422,94.4800033569336,96.83000183105469,411394000
1225722600,2008-11-03,96.77999877929688,97.69000244140625,95.94999694824219,97.11000061035156,205419400
1225809000,2008-11-04,99.05999755859375,100.86000061035156,96.70999908447266,100.41000366210938,346793400
1225895400,2008-11-05,99.19999694824219,100.70999908447266,95,96.19000244140625,387844100
1225981800,2008-11-06,94.45999908447266,95.44000244140625,90.05999755859375,90.86000061035156,477721900
1226068200,2008-11-07,91.6500015258789,94,90.5,93.86000061035156,380391000
1226327400,2008-11-10,95.20999908447266,95.52999877929688,90.91999816894531,92.62999725341797,301773000
1226413800,2008-11-11,90.76000213623047,92.13999938964844,88.6500015258789,89.7699966430664,418498200
1226500200,2008-11-12,88.2300033569336,88.94999694824219,85.12000274658203,85.81999969482422,454330600
1226586600,2008-11-13,86.12999725341797,91.7300033569336,82.08999633789062,91.16999816894531,753141900
1226673000,2008-11-14,89.41000366210938,92.05999755859375,86.5199966430664,86.62000274658203,540352300
1226932200,2008-11-17,86.37999725341797,88.55999755859375,85.16000366210938,85.47000122070312,415254900
1227018600,2008-11-18,85.1500015258789,87.22000122070312,82.91000366210938,87.08000183105469,523811800
1227105000,2008-11-19,85.91000366210938,86.87000274658203,80.91999816894531,81.5,558327600
1227191400,2008-11-20,80.12999725341797,82.51000213623047,75.05000305175781,75.44999694824219,814180400
1227277800,2008-11-21,77.45999908447266,80.9000015258789,74.33999633789062,79.5199966430664,718536500
1227537000,2008-11-24,81.91999816894531,86.98999786376953,80.36000061035156,85.02999877929688,523305300
1227623400,2008-11-25,87.30000305175781,87.51000213623047,83.81999969482422,85.66000366210938,454112400
1227709800,2008-11-26,84.30000305175781,89.19000244140625,84.23999786376953,88.97000122070312,370134200
1227882600,2008-11-28,88.62999725341797,90.12999725341797,88.4800033569336,90.08999633789062,118308100
1228141800,2008-12-01,87.51000213623047,87.55000305175781,81.86000061035156,82.11000061035156,369927100
1228228200,2008-12-02,83.47000122070312,85.48999786376953,82.04000091552734,85.2699966430664,469508400
1228314600,2008-12-03,83.4000015258789,87.83000183105469,83.13999938964844,87.31999969482422,519863500
1228401000,2008-12-04,86.05999755859375,88.05000305175781,83.73999786376953,85.30000305175781,444173800
1228487400,2008-12-05,83.6500015258789,88.41999816894531,82.23999786376953,87.93000030517578,471905300
1228746600,2008-12-08,90.33999633789062,92.37999725341797,88.08000183105469,91,412859300
1228833000,2008-12-09,90.37000274658203,92.12999725341797,88.9800033569336,89.5,370790000
1228919400,2008-12-10,90.31999969482422,91.36000061035156,89,90.11000061035156,396187400
1229005800,2008-12-11,89.54000091552734,91,87.37000274658203,87.94000244140625,365061000
1229092200,2008-12-12,85.55000305175781,89.06999969482422,85.19999694824219,88.98999786376953,415060400
1229351400,2008-12-15,89.0199966430664,89.1500015258789,86.29000091552734,87.75,256694200
1229437800,2008-12-16,91.87999725341797,92.0199966430664,88.18000030517578,91.87999725341797,377699500
1229524200,2008-12-17,90.83999633789062,92.43000030517578,90.05999755859375,90.98999786376953,281819800
1229610600,2008-12-18,91.4000015258789,91.66999816894531,88.20999908447266,89.29000091552734,374673300
1229697000,2008-12-19,89.0999984741211,90.62000274658203,88.08999633789062,88.19000244140625,301451300
1229956200,2008-12-22,88.58000183105469,88.66999816894531,85.48999786376953,87.05999755859375,243759500
1230042600,2008-12-23,87.52999877929688,87.93000030517578,85.80000305175781,86.16000366210938,221625200
1230129000,2008-12-24,86.44999694824219,86.87000274658203,86,86.66000366210938,62061600
1230301800,2008-12-26,87.23999786376953,87.30000305175781,86.5,87.16000366210938,74767700
1230561000,2008-12-29,87.23999786376953,87.33000183105469,85.5999984741211,86.91000366210938,127795900
1230647400,2008-12-30,87.51000213623047,89.05000305175781,86.87999725341797,88.97000122070312,168256300
1230733800,2008-12-31,89.08000183105469,90.97000122070312,88.87000274658203,90.23999786376953,193987200
1230906600,2009-01-02,90.44000244140625,93.44000244140625,89.8499984741211,92.95999908447266,227566300
1231165800,2009-01-05,92.62999725341797,93.66000366210938,91.88999938964844,92.8499984741211,240349700
1231252200,2009-01-06,93.63999938964844,94.44999694824219,92.68000030517578,93.47000122070312,328260900
1231338600,2009-01-07,92,92.26000213623047,90.19999694824219,90.66999816894531,280899200
1231425000,2009-01-08,90.16000366210938,91.08999633789062,89.66999816894531,91.04000091552734,263834400
1231511400,2009-01-09,91.16000366210938,91.31999969482422,85.36000061035156,89.08999633789062,330953600
1231770600,2009-01-12,88.83999633789062,88.91000366210938,86.41000366210938,86.94999694824219,277858500
1231857000,2009-01-13,86.7300033569336,87.87999725341797,86.19999694824219,87.11000061035156,356432300
1231943400,2009-01-14,85.54000091552734,85.75,83.16000366210938,84.37000274658203,435491600
1232029800,2009-01-15,84.12000274658203,85.25,81.72000122070312,84.4000015258789,532647300
1232116200,2009-01-16,85.86000061035156,85.98999786376953,83.05000305175781,85.05999755859375,399237200
1232461800,2009-01-20,84.2300033569336,85.05999755859375,80.05000305175781,80.56999969482422,419855200
1232548200,2009-01-21,81.94000244140625,84.23999786376953,80.47000122070312,84.05000305175781,364360700
1232634600,2009-01-22,82.41999816894531,84.04000091552734,81.16999816894531,82.75,427940300
1232721000,2009-01-23,80.9000015258789,83.98999786376953,80.56999969482422,83.11000061035156,386800600
1232980200,2009-01-26,83.58999633789062,85.36000061035156,82.80999755859375,83.68000030517578,317978800
1233066600,2009-01-27,84.12999725341797,85.1500015258789,83.30000305175781,84.52999877929688,273789700
1233153000,2009-01-28,86.4000015258789,87.94999694824219,86.06999969482422,87.38999938964844,330007000
1233239400,2009-01-29,86.11000061035156,87.48999786376953,84.47000122070312,84.55000305175781,294392500
1233325800,2009-01-30,84.9800033569336,85.4000015258789,82.20999908447266,82.83000183105469,383383600
1233585000,2009-02-02,81.56999969482422,83.18000030517578,81.30999755859375,82.58000183105469,288233300
1233671400,2009-02-03,83.0999984741211,84.36000061035156,82.22000122070312,83.73999786376953,278385800
1233757800,2009-02-04,84.30000305175781,85.37000274658203,83.04000091552734,83.33000183105469,322989300
1233844200,2009-02-05,82.69999694824219,85.29000091552734,77.7300033569336,84.56999969482422,417679400
1233930600,2009-02-06,84.86000061035156,87.33999633789062,84.68000030517578,86.9800033569336,366101700
1234189800,2009-02-09,86.95999908447266,87.73999786376953,86.31999969482422,87.0999984741211,240075200
1234276200,2009-02-10,86.2699966430664,87.02999877929688,82.44999694824219,83.11000061035156,536212800
1234362600,2009-02-11,83.44999694824219,84.05000305175781,82.4000015258789,83.5999984741211,324442500
1234449000,2009-02-12,82.16999816894531,83.81999969482422,81.05000305175781,83.66000366210938,469302200
1234535400,2009-02-13,83.55000305175781,84.23999786376953,82.73999786376953,82.76000213623047,293998400
1234881000,2009-02-17,80.16000366210938,82.95999908447266,79.16999816894531,79.22000122070312,478910100
1234967400,2009-02-18,79.79000091552734,79.94000244140625,78.27999877929688,79.02999877929688,362964800
1235053800,2009-02-19,79.83999633789062,80.1500015258789,78.0199966430664,78.18000030517578,316867500
1235140200,2009-02-20,76.7300033569336,78.33999633789062,75.7699966430664,77.41999816894531,477176600
1235399400,2009-02-23,78.2699966430664,78.2699966430664,74.58999633789062,74.6500015258789,379641400
1235485800,2009-02-24,75.29000091552734,77.94999694824219,74.69999694824219,77.4800033569336,426260900
1235572200,2009-02-25,77.13999938964844,78.41999816894531,75.62999725341797,76.87000274658203,461985800
1235658600,2009-02-26,77.81999969482422,79.66999816894531,75.52999877929688,75.62000274658203,363353900
1235745000,2009-02-27,74.01000213623047,75.69000244140625,73.80999755859375,73.93000030517578,470510900
1236004200,2009-03-02,72.5199966430664,73.91999816894531,70.37000274658203,70.5999984741211,426452600
1236090600,2009-03-03,71.61000061035156,71.69999694824219,69.63999938964844,70.06999969482422,443761000
1236177000,2009-03-04,71.2300033569336,72.87000274658203,70.06999969482422,71.7300033569336,462753100
1236263400,2009-03-05,70.0999984741211,71.7300033569336,68.16999816894531,68.80000305175781,485549400
1236349800,2009-03-06,69.4000015258789,70.44999694824219,67.0999984741211,68.91999816894531,490470000
1236605400,2009-03-09,67.94999694824219,70,67.7300033569336,68.11000061035156,379905300
1236691800,2009-03-10,69.51000213623047,72.37000274658203,69.37000274658203,72.16999816894531,406227900
1236778200,2009-03-11,73,73.75,71.83000183105469,72.63999938964844,356648300
1236864600,2009-03-12,72.62000274658203,75.75,71.97000122070312,75.5,409702700
1236951000,2009-03-13,76.01000213623047,76.9800033569336,74.7300033569336,76.08999633789062,337474700
1237210200,2009-03-16,76.95999908447266,77.97000122070312,75.80999755859375,75.86000061035156,360644900
1237296600,2009-03-17,76.06999969482422,78.36000061035156,75.44999694824219,78.18000030517578,356814300
1237383000,2009-03-18,77.80999755859375,80.9000015258789,77.06999969482422,79.93000030517578,473273200
1237469400,2009-03-19,80.93000030517578,81,78.69000244140625,78.94000244140625,428520400
1237555800,2009-03-20,78.76000213623047,78.91000366210938,76.52999877929688,76.70999908447266,371078200
1237815000,2009-03-23,78.73999786376953,82.29000091552734,78.30999755859375,82.22000122070312,419933300
1237901400,2009-03-24,81.23999786376953,82.36000061035156,80.51000213623047,80.5999984741211,330271000
1237987800,2009-03-25,81.2300033569336,82.69999694824219,79.05999755859375,81.44999694824219,441775100
1238074200,2009-03-26,82.25,83.30000305175781,81.31999969482422,83.11000061035156,422025200
1238160600,2009-03-27,82.05000305175781,82.52999877929688,81.30999755859375,81.61000061035156,322332300
1238419800,2009-03-30,79.80000305175781,79.87000274658203,77.95999908447266,78.79000091552734,324108500
1238506200,2009-03-31,79.55999755859375,81.08000183105469,79.05000305175781,79.5199966430664,364238300
1238592600,2009-04-01,78.52999877929688,81.41999816894531,78.33000183105469,81.05999755859375,377018300
1238679000,2009-04-02,83.08000183105469,84.61000061035156,81.12999725341797,83.43000030517578,476230700
1238765400,2009-04-03,83.48999786376953,84.27999877929688,82.66999816894531,84.26000213623047,284646300
1239024600,2009-04-06,83.33999633789062,84.27999877929688,82.29000091552734,83.5999984741211,264866600
1239111000,2009-04-07,82.25,82.6500015258789,81.51000213623047,81.6500015258789,258947800
1239197400,2009-04-08,82.05999755859375,82.94000244140625,81.54000091552734,82.52999877929688,230402800
1239283800,2009-04-09,84.66999816894531,85.81999969482422,84.33000183105469,85.80999755859375,269653500
1239629400,2009-04-13,84.91999816894531,86.54000091552734,84.58000183105469,85.83000183105469,224847500
1239715800,2009-04-14,85.02999877929688,85.76000213623047,84.08000183105469,84.3499984741211,276598800
1239802200,2009-04-15,83.83999633789062,85.41999816894531,83.61000061035156,85.25,250726100
1239888600,2009-04-16,85.93000030517578,87.1500015258789,84.7699966430664,86.5,335202900
1239975000,2009-04-17,86.83000183105469,87.6500015258789,86.13999938964844,87.08000183105469,262649000
1240234200,2009-04-20,85.54000091552734,87.05000305175781,83.33999633789062,83.43000030517578,293690100
1240320600,2009-04-21,82.81999969482422,85.12999725341797,82.75,85.05999755859375,114090900
1240407000,2009-04-22,84.29000091552734,86.33999633789062,84.06999969482422,84.54000091552734,340395200
1240493400,2009-04-23,84.70999908447266,85.41999816894531,83.62999725341797,85.37000274658203,324903700
1240579800,2009-04-24,86.02999877929688,87.30999755859375,85.69000244140625,86.66000366210938,287703000
1240839000,2009-04-27,85.68000030517578,87.01000213623047,85.54000091552734,85.83999633789062,289581600
1240925400,2009-04-28,84.97000122070312,86.58999633789062,84.76000213623047,85.56999969482422,247926300
1241011800,2009-04-29,86.5199966430664,88.36000061035156,86.30000305175781,87.38999938964844,311505700
1241098200,2009-04-30,88.55000305175781,89.0199966430664,86.91999816894531,87.41999816894531,301419800
1241184600,2009-05-01,87.44000244140625,88.20999908447266,86.72000122070312,87.88999938964844,236110300
1241443800,2009-05-04,88.55000305175781,90.94000244140625,88.37999725341797,90.87999725341797,287120000
1241530200,2009-05-05,90.56999969482422,90.93000030517578,89.83999633789062,90.56999969482422,243036300
1241616600,2009-05-06,91.68000030517578,92.19999694824219,90.61000061035156,92.13999938964844,291941000
1241703000,2009-05-07,93.01000213623047,93.1500015258789,90.27999877929688,90.86000061035156,317728000
1241789400,2009-05-08,92.02999877929688,93.22000122070312,91.44000244140625,92.9800033569336,299081700
1242048600,2009-05-11,91.69999694824219,92.11000061035156,91.04000091552734,91.23999786376953,247923600
1242135000,2009-05-12,91.62999725341797,91.83000183105469,89.8499984741211,90.97000122070312,282431300
1242221400,2009-05-13,89.73999786376953,90.01000213623047,88.5,88.68000030517578,269619100
1242307800,2009-05-14,88.72000122070312,90.12000274658203,88.5,89.44000244140625,260098700
1242394200,2009-05-15,89.37000274658203,90,88.1500015258789,88.70999908447266,271502700
1242653400,2009-05-18,89.55000305175781,91.33999633789062,88.56999969482422,91.2300033569336,241447400
1242739800,2009-05-19,91.18000030517578,91.97000122070312,90.80999755859375,91.12000274658203,206102200
1242826200,2009-05-20,91.94999694824219,92.80000305175781,90.41000366210938,90.51000213623047,285722200
1242912600,2009-05-21,89.45999908447266,89.80000305175781,88.26000213623047,89.20999908447266,258988400
1242999000,2009-05-22,89.45999908447266,90,88.68000030517578,89.0199966430664,166811900
1243344600,2009-05-26,88.36000061035156,91.55999755859375,88.31999969482422,91.30000305175781,236318500
1243431000,2009-05-27,91.44000244140625,91.75,89.52999877929688,89.66999816894531,246015800
1243517400,2009-05-28,90.45999908447266,91.33999633789062,89.0999984741211,90.91999816894531,289095000
1243603800,2009-05-29,91.41999816894531,93.69999694824219,90.68000030517578,92.52999877929688,258641500
1243863000,2009-06-01,93.66999816894531,95.16999816894531,93.43000030517578,94.7699966430664,276246800
1243949400,2009-06-02,94.4000015258789,95.37000274658203,94.2300033569336,94.8499984741211,230874500
1244035800,2009-06-03,94.04000091552734,94.12999725341797,92.76000213623047,93.6500015258789,235310500
1244122200,2009-06-04,94,94.66999816894531,93.30000305175781,94.52999877929688,210102300
1244208600,2009-06-05,95.48999786376953,95.66999816894531,93.80000305175781,94.55000305175781,284257900
1244467800,2009-06-08,93.83999633789062,95.0999984741211,93.04000091552734,94.16000366210938,238565100
1244554200,2009-06-09,94.69000244140625,95.13999938964844,94.0199966430664,94.63999938964844,225125500
1244640600,2009-06-10,95.4800033569336,95.48999786376953,93.19000244140625,94.4000015258789,296100400
1244727000,2009-06-11,94.58000183105469,96.11000061035156,94.55999755859375,94.81999969482422,275414200
1244813400,2009-06-12,94.4000015258789,95.13999938964844,94,95.08000183105469,184361800
1245072600,2009-06-15,93.95999908447266,94.0199966430664,92.4000015258789,92.9000015258789,224190500
1245159000,2009-06-16,93.2300033569336,93.29000091552734,91.58000183105469,91.63999938964844,227319000
1245245400,2009-06-17,91.5999984741211,92.33000183105469,90.83000183105469,91.55000305175781,223445200
1245331800,2009-06-18,91.69000244140625,92.66999816894531,91.25,92.22000122070312,211725100
1245418200,2009-06-19,92.58000183105469,92.69999694824219,91.5199966430664,92.04000091552734,215655600
1245677400,2009-06-22,91.13999938964844,91.19000244140625,89.25,89.27999877929688,251913600
1245763800,2009-06-23,89.47000122070312,89.87999725341797,88.8499984741211,89.3499984741211,188309800
1245850200,2009-06-24,90.16000366210938,91.08000183105469,89.5999984741211,90.12000274658203,211577700
1245936600,2009-06-25,89.66999816894531,92.16999816894531,89.56999969482422,92.08000183105469,279411000
1246023000,2009-06-26,91.7699966430664,92.23999786376953,91.2699966430664,91.83999633789062,167579000
1246282200,2009-06-29,92.11000061035156,92.81999969482422,91.5999984741211,92.69999694824219,168481300
1246368600,2009-06-30,92.72000122070312,93.05999755859375,91.2699966430664,91.94999694824219,228888200
1246455000,2009-07-01,92.33999633789062,93.2300033569336,92.20999908447266,92.33000183105469,173041100
1246541400,2009-07-02,91.12999725341797,92.36000061035156,89.76000213623047,89.80999755859375,212309900
1246887000,2009-07-06,88.94000244140625,89.93000030517578,88.66000366210938,89.80000305175781,174499600
1246973400,2009-07-07,89.70999908447266,89.81999969482422,88,88.05999755859375,197088900
1247059800,2009-07-08,88.58999633789062,88.80000305175781,87,88,248050500
1247146200,2009-07-09,88.61000061035156,88.9000015258789,87.91000366210938,88.16999816894531,163777600
1247232600,2009-07-10,87.69999694824219,88.48999786376953,87.3499984741211,87.95999908447266,173520300
1247491800,2009-07-13,88.30999755859375,90.16999816894531,87.58999633789062,90.0999984741211,217413500
1247578200,2009-07-14,90.37999725341797,90.69000244140625,89.7300033569336,90.61000061035156,181487400
1247664600,2009-07-15,91.80999755859375,93.51000213623047,90.68000030517578,93.26000213623047,220877900
1247751000,2009-07-16,93,94.51000213623047,92.81999969482422,93.11000061035156,231174500
1247837400,2009-07-17,94.05999755859375,94.31999969482422,93.54000091552734,94.12999725341797,138561700
1248096600,2009-07-20,94.68000030517578,95.29000091552734,94.19000244140625,95.12999725341797,164179400
1248183000,2009-07-21,95.87000274658203,95.9000015258789,94.41999816894531,95.56999969482422,217718300
1248269400,2009-07-22,94.95999908447266,96.12999725341797,94.88999938964844,95.55000305175781,196068100
1248355800,2009-07-23,95.61000061035156,98.08000183105469,95.52999877929688,97.66000366210938,258795500
1248442200,2009-07-24,97.19999694824219,98.13999938964844,96.69000244140625,98.05999755859375,154003100
1248701400,2009-07-27,97.87999725341797,98.4000015258789,97.33999633789062,98.3499984741211,159259400
1248787800,2009-07-28,97.66000366210938,98.37000274658203,97.05999755859375,97.88999938964844,186685200
1248874200,2009-07-29,97.44000244140625,98.08999633789062,96.9800033569336,97.6500015258789,194399300
1248960600,2009-07-30,98.83000183105469,99.83000183105469,98.5999984741211,98.66999816894531,225575400
1249047000,2009-07-31,98.6500015258789,99.47000122070312,98.37999725341797,98.80999755859375,207358000
1249306200,2009-08-03,99.8499984741211,100.52999877929688,99.30999755859375,100.44000244140625,175776900
1249392600,2009-08-04,99.98999786376953,100.83999633789062,99.77999877929688,100.69999694824219,176714600
1249479000,2009-08-05,100.7699966430664,100.86000061035156,99.58000183105469,100.41000366210938,184726400
1249565400,2009-08-06,100.87000274658203,101.0199966430664,99.41999816894531,99.88999938964844,193203800
1249651800,2009-08-07,100.94000244140625,102.02999877929688,100.38999938964844,101.19999694824219,220640900
1249911000,2009-08-10,100.73999786376953,101.22000122070312,100.2699966430664,100.98999786376953,130898700
1249997400,2009-08-11,100.54000091552734,100.61000061035156,99.45999908447266,99.7300033569336,157301000
1250083800,2009-08-12,99.55999755859375,101.55999755859375,99.51000213623047,100.80000305175781,219052400
1250170200,2009-08-13,101.26000213623047,101.61000061035156,100.26000213623047,101.56999969482422,176449500
1250256600,2009-08-14,101.5199966430664,101.5999984741211,99.69999694824219,100.79000091552734,199616100
1250515800,2009-08-17,98.8499984741211,98.94999694824219,98.11000061035156,98.30999755859375,237667500
1250602200,2009-08-18,98.52999877929688,99.44000244140625,98.3499984741211,99.08999633789062,173461500
1250688600,2009-08-19,98.30999755859375,100.30000305175781,98.20999908447266,99.95999908447266,192812800
1250775000,2009-08-20,100.08999633789062,101.22000122070312,99.87000274658203,100.98999786376953,174131300
1250861400,2009-08-21,101.81999969482422,103.12999725341797,101.62000274658203,102.97000122070312,224605000
1251120600,2009-08-24,103.38999938964844,103.94999694824219,102.58999633789062,102.95999908447266,191279000
1251207000,2009-08-25,103.37000274658203,104.26000213623047,102.94000244140625,103.16000366210938,215310600
1251293400,2009-08-26,102.83999633789062,103.63999938964844,102.48999786376953,103.16999816894531,194620700
1251379800,2009-08-27,103.11000061035156,103.72000122070312,101.94000244140625,103.4000015258789,196230100
1251466200,2009-08-28,104.2300033569336,104.3499984741211,102.66999816894531,103.37999725341797,147024400
1251725400,2009-08-31,102.37000274658203,102.58000183105469,101.79000091552734,102.45999908447266,176051600
1251811800,2009-09-01,101.94999694824219,103.23999786376953,99.98999786376953,100.19999694824219,321276800
1251898200,2009-09-02,99.77999877929688,100.44000244140625,99.56999969482422,99.81999969482422,171805000
1251984600,2009-09-03,100.4000015258789,100.7699966430664,99.58999633789062,100.6500015258789,143572300
1252071000,2009-09-04,100.8499984741211,102.08999633789062,100.55000305175781,102.05999755859375,142687900
1252416600,2009-09-08,103,103.05000305175781,102.38999938964844,102.94000244140625,132909100
1252503000,2009-09-09,103.12000274658203,104.08000183105469,102.80000305175781,103.7300033569336,154612500
1252589400,2009-09-10,103.80000305175781,104.86000061035156,103.22000122070312,104.79000091552734,162902400
1252675800,2009-09-11,104.98999786376953,105.30000305175781,104.27999877929688,104.7699966430664,152360100
1252935000,2009-09-14,103.87999725341797,105.45999908447266,103.1500015258789,105.27999877929688,149593800
1253021400,2009-09-15,105.44999694824219,106.11000061035156,104.76000213623047,105.72000122070312,196795900
1253107800,2009-09-16,106.0999984741211,107.33999633789062,105.7300033569336,107.31999969482422,206406300
1253194200,2009-09-17,107.16999816894531,108.05999755859375,106.56999969482422,107.16000366210938,229170900
1253280600,2009-09-18,107.1500015258789,107.16000366210938,106.36000061035156,106.72000122070312,153799100
1253539800,2009-09-21,105.88999938964844,107,105.66000366210938,106.44999694824219,151892000
1253626200,2009-09-22,107.08000183105469,107.37000274658203,106.5999984741211,107.06999969482422,143126700
1253712600,2009-09-23,107.31999969482422,108.02999877929688,105.98999786376953,106.18000030517578,225947400
1253799000,2009-09-24,106.41000366210938,106.63999938964844,104.55000305175781,105.01000213623047,228636800
1253885400,2009-09-25,104.77999877929688,105.36000061035156,104.08999633789062,104.44999694824219,204059000
1254144600,2009-09-28,104.8499984741211,106.55000305175781,104.83000183105469,106.31999969482422,118285800
1254231000,2009-09-29,106.51000213623047,107.0199966430664,105.77999877929688,106,133733900
1254317400,2009-09-30,106.36000061035156,106.45999908447266,104.62000274658203,105.58999633789062,254383000
1254403800,2009-10-01,103,105.7300033569336,102.94999694824219,102.97000122070312,281840600
1254490200,2009-10-02,102.0199966430664,103.0999984741211,101.98999786376953,102.48999786376953,224748800
1254749400,2009-10-05,102.9000015258789,104.31999969482422,102.5999984741211,104.0199966430664,149875000
1254835800,2009-10-06,104.7699966430664,106.11000061035156,104.70999908447266,105.51000213623047,202491100
1254922200,2009-10-07,105.2699966430664,105.91000366210938,105.06999969482422,105.80000305175781,159200300
1255008600,2009-10-08,106.55000305175781,107.16999816894531,105.8499984741211,106.61000061035156,183305800
1255095000,2009-10-09,106.63999938964844,107.26000213623047,106.36000061035156,107.26000213623047,135008300
1255354200,2009-10-12,107.76000213623047,108.08999633789062,107.27999877929688,107.68000030517578,118031000
1255440600,2009-10-13,107.38999938964844,107.70999908447266,106.76000213623047,107.45999908447266,157692700
1255527000,2009-10-14,108.72000122070312,109.41999816894531,107.41999816894531,109.30999755859375,191421600
1255613400,2009-10-15,108.77999877929688,109.70999908447266,108.7300033569336,109.70999908447266,173873600
1255699800,2009-10-16,108.80000305175781,109.2699966430664,108.2300033569336,108.88999938964844,192069400
1255959000,2009-10-19,109.06999969482422,110.12999725341797,108.7300033569336,109.79000091552734,159530400
1256045400,2009-10-20,109.94999694824219,109.98999786376953,108.68000030517578,109.20999908447266,180921100
1256131800,2009-10-21,109.04000091552734,110.30999755859375,108.1500015258789,108.2300033569336,225379300
1256218200,2009-10-22,108.19000244140625,109.68000030517578,107.5,109.33000183105469,238444000
1256304600,2009-10-23,109.69000244140625,109.76000213623047,107.62999725341797,108.08000183105469,240033200
1256563800,2009-10-26,108.19999694824219,109.30999755859375,106.61000061035156,106.91000366210938,242028200
1256650200,2009-10-27,107.02999877929688,107.38999938964844,106.16000366210938,106.41999816894531,253266300
1256736600,2009-10-28,106.1500015258789,106.4800033569336,104.3499984741211,104.41000366210938,248821400
1256823000,2009-10-29,105.19000244140625,106.86000061035156,104.94000244140625,106.6500015258789,198110600
1256909400,2009-10-30,106.30000305175781,106.62000274658203,103.44000244140625,103.55999755859375,325608100
1257172200,2009-11-02,104.12999725341797,105.41000366210938,103.08000183105469,104.31999969482422,254222900
1257258600,2009-11-03,103.73999786376953,104.80000305175781,103.54000091552734,104.6500015258789,228362600
1257345000,2009-11-04,105.51000213623047,106.33000183105469,104.6500015258789,104.91999816894531,247996700
1257431400,2009-11-05,105.66000366210938,106.87999725341797,105.44000244140625,106.8499984741211,180015300
1257517800,2009-11-06,106.26000213623047,107.4000015258789,106.05000305175781,107.12999725341797,170954100
1257777000,2009-11-09,107.94999694824219,109.62999725341797,107.87000274658203,109.56999969482422,159495700
1257863400,2009-11-10,109.30999755859375,109.93000030517578,108.97000122070312,109.58999633789062,171899800
1257949800,2009-11-11,110.30999755859375,110.81999969482422,109.62000274658203,110.1500015258789,169466200
1258036200,2009-11-12,110,110.56999969482422,108.75,109.02999877929688,157144500
1258122600,2009-11-13,109.30999755859375,110.08999633789062,108.75,109.62000274658203,150963000
1258381800,2009-11-16,110.37999725341797,111.69000244140625,110.31999969482422,111.20999908447266,210922200
1258468200,2009-11-17,110.91999816894531,111.38999938964844,110.5,111.33999633789062,147134100
1258554600,2009-11-18,111.26000213623047,111.43000030517578,110.56999969482422,111.2699966430664,156486800
1258641000,2009-11-19,110.51000213623047,111.30999755859375,109.12999725341797,109.81999969482422,208734600
1258727400,2009-11-20,109.25,109.76000213623047,109.01000213623047,109.43000030517578,134196000
1258986600,2009-11-23,110.72000122070312,111.73999786376953,110.5999984741211,110.81999969482422,148010200
1259073000,2009-11-24,111,111.19999694824219,110.01000213623047,110.98999786376953,138420100
1259159400,2009-11-25,111.16999816894531,111.5,110.81999969482422,111.37999725341797,109564800
1259332200,2009-11-27,108.4000015258789,110.31999969482422,108.29000091552734,109.56999969482422,126001800
1259591400,2009-11-30,109.4800033569336,110.19999694824219,108.12000274658203,109.94000244140625,160874800
1259677800,2009-12-01,110.91999816894531,111.66000366210938,110.7300033569336,111.30000305175781,159613700
1259764200,2009-12-02,111.27999877929688,112.01000213623047,110.91999816894531,111.25,132315100
1259850600,2009-12-03,111.55000305175781,112.18000030517578,110.29000091552734,110.37999725341797,167324900
1259937000,2009-12-04,111.83999633789062,112.37999725341797,110.04000091552734,111.01000213623047,274907800
1260196200,2009-12-07,110.91000366210938,111.52999877929688,110.48999786376953,110.83999633789062,127973800
1260282600,2009-12-08,110.04000091552734,110.7699966430664,109.2699966430664,109.61000061035156,169863700
1260369000,2009-12-09,109.58000183105469,110.18000030517578,109.0199966430664,110.0199966430664,155063400
1260455400,2009-12-10,110.69999694824219,111.12000274658203,110.44999694824219,110.63999938964844,138014600
1260541800,2009-12-11,111.11000061035156,111.36000061035156,110.61000061035156,111.11000061035156,124854000
1260801000,2009-12-14,111.87000274658203,112,111.12999725341797,111.87000274658203,107141500
1260887400,2009-12-15,111.45999908447266,111.91999816894531,111,111.3499984741211,120408800
1260973800,2009-12-16,111.80000305175781,112.12999725341797,111.2699966430664,111.5199966430664,155358200
1261060200,2009-12-17,110.72000122070312,110.93000030517578,110.08000183105469,110.18000030517578,183390100
1261146600,2009-12-18,110.19999694824219,110.30000305175781,109.27999877929688,110.20999908447266,174591200
1261405800,2009-12-21,110.76000213623047,111.69999694824219,110.76000213623047,111.33000183105469,118039600
1261492200,2009-12-22,111.56999969482422,111.97000122070312,111.43000030517578,111.7300033569336,91707500
1261578600,2009-12-23,112,112.11000061035156,111.5,111.94999694824219,111783100
1261665000,2009-12-24,112.19000244140625,112.5999984741211,112,112.4800033569336,39677500
1262010600,2009-12-28,112.9000015258789,112.98999786376953,112.31999969482422,112.72000122070312,87508500
1262097000,2009-12-29,113.01000213623047,113.02999877929688,112.55000305175781,112.55999755859375,80572500
1262183400,2009-12-30,112.2300033569336,112.6500015258789,112.16999816894531,112.5199966430664,73138400
1262269800,2009-12-31,112.7699966430664,112.80000305175781,111.38999938964844,111.44000244140625,90637900
1262615400,2010-01-04,112.37000274658203,113.38999938964844,111.51000213623047,113.33000183105469,118944600
1262701800,2010-01-05,113.26000213623047,113.68000030517578,112.8499984741211,113.62999725341797,111579900
1262788200,2010-01-06,113.5199966430664,113.98999786376953,113.43000030517578,113.70999908447266,116074400
1262874600,2010-01-07,113.5,114.33000183105469,113.18000030517578,114.19000244140625,131091100
1262961000,2010-01-08,113.88999938964844,114.62000274658203,113.66000366210938,114.56999969482422,126402800
1263220200,2010-01-11,115.08000183105469,115.12999725341797,114.23999786376953,114.7300033569336,106375700
1263306600,2010-01-12,113.97000122070312,114.20999908447266,113.22000122070312,113.66000366210938,163333500
1263393000,2010-01-13,113.94999694824219,114.94000244140625,113.37000274658203,114.62000274658203,161822000
1263479400,2010-01-14,114.48999786376953,115.13999938964844,114.41999816894531,114.93000030517578,115718800
1263565800,2010-01-15,114.7300033569336,114.83999633789062,113.19999694824219,113.63999938964844,212283100
1263911400,2010-01-19,113.62000274658203,115.12999725341797,113.58999633789062,115.05999755859375,139172700
1263997800,2010-01-20,114.27999877929688,114.44999694824219,112.9800033569336,113.88999938964844,216490200
1264084200,2010-01-21,113.91999816894531,114.2699966430664,111.55999755859375,111.69999694824219,344859600
1264170600,2010-01-22,111.19999694824219,111.73999786376953,109.08999633789062,109.20999908447266,345942400
1264429800,2010-01-25,110.20999908447266,110.41000366210938,109.41000366210938,109.7699966430664,186937500
1264516200,2010-01-26,109.33999633789062,110.47000122070312,109.04000091552734,109.30999755859375,211168800
1264602600,2010-01-27,109.16999816894531,110.08000183105469,108.33000183105469,109.83000183105469,271863600
1264689000,2010-01-28,110.19000244140625,110.25,107.91000366210938,108.56999969482422,316104000
1264775400,2010-01-29,109.04000091552734,109.80000305175781,107.22000122070312,107.38999938964844,310677600
1265034600,2010-02-01,108.1500015258789,109.06999969482422,107.5,109.05999755859375,187865000
1265121000,2010-02-02,109.26000213623047,110.58999633789062,108.87999725341797,110.37999725341797,216327900
1265207400,2010-02-03,109.87999725341797,110.4800033569336,109.51000213623047,109.83000183105469,172730700
1265293800,2010-02-04,108.9800033569336,109.02999877929688,106.41999816894531,106.44000244140625,356715700
1265380200,2010-02-05,106.55999755859375,106.87999725341797,104.58000183105469,106.66000366210938,493585800
1265639400,2010-02-08,106.73999786376953,107.33000183105469,105.80999755859375,105.88999938964844,224166900
1265725800,2010-02-09,107.12999725341797,108.1500015258789,106.2699966430664,107.22000122070312,337820500
1265812200,2010-02-10,107.05000305175781,107.5999984741211,106.11000061035156,107.01000213623047,240511500
1265898600,2010-02-11,106.87000274658203,108.25,106.25,108.12999725341797,223591600
1265985000,2010-02-12,106.98999786376953,108.0999984741211,106.51000213623047,108.04000091552734,304622100
1266330600,2010-02-16,108.86000061035156,109.8499984741211,107.81999969482422,109.73999786376953,159317500
1266417000,2010-02-17,110.2699966430664,110.41000366210938,109.73999786376953,110.26000213623047,168845100
1266503400,2010-02-18,110.08000183105469,111.13999938964844,110.04000091552734,110.91000366210938,193708600
1266589800,2010-02-19,110.62000274658203,111.56999969482422,110.36000061035156,111.13999938964844,222684900
1266849000,2010-02-22,111.55000305175781,111.58000183105469,110.83000183105469,111.16000366210938,132346900
1266935400,2010-02-23,110.86000061035156,111.19999694824219,109.5199966430664,109.80999755859375,207497000
1267021800,2010-02-24,110.13999938964844,111,109.86000061035156,110.81999969482422,176350700
1267108200,2010-02-25,109.23999786376953,110.75,108.94000244140625,110.66999816894531,259634700
1267194600,2010-02-26,110.7699966430664,111.12000274658203,110.11000061035156,110.73999786376953,173589300
1267453800,2010-03-01,111.19999694824219,112,111.16999816894531,111.88999938964844,147709700
1267540200,2010-03-02,112.37000274658203,112.73999786376953,112,112.19999694824219,160992400
1267626600,2010-03-03,112.48999786376953,112.97000122070312,112.0199966430664,112.30000305175781,150785000
1267713000,2010-03-04,112.44999694824219,112.80000305175781,112.02999877929688,112.63999938964844,135770400
1267799400,2010-03-05,113.37000274658203,114.33999633789062,113.0999984741211,114.25,176118800
1268058600,2010-03-08,114.26000213623047,114.5199966430664,114.06999969482422,114.2699966430664,114631200
1268145000,2010-03-09,113.93000030517578,114.98999786376953,113.87000274658203,114.45999908447266,154556700
1268231400,2010-03-10,114.51000213623047,115.27999877929688,114.41000366210938,114.97000122070312,186088800
1268317800,2010-03-11,114.69999694824219,115.4800033569336,114.3499984741211,115.44999694824219,160791100
1268404200,2010-03-12,115.94999694824219,115.97000122070312,115.13999938964844,115.45999908447266,162074800
1268659800,2010-03-15,115.26000213623047,115.56999969482422,114.5999984741211,115.48999786376953,146816800
1268746200,2010-03-16,115.80999755859375,116.5199966430664,115.48999786376953,116.41000366210938,168673000
1268832600,2010-03-17,116.76000213623047,117.4800033569336,116.41999816894531,117.0999984741211,177468100
1268919000,2010-03-18,117.11000061035156,117.2699966430664,116.56999969482422,117.04000091552734,196509100
1269005400,2010-03-19,115.97000122070312,117.29000091552734,115.5199966430664,115.97000122070312,226641100
1269264600,2010-03-22,115.30999755859375,116.80000305175781,115.23999786376953,116.58999633789062,184477800
1269351000,2010-03-23,116.76000213623047,117.51000213623047,116.37999725341797,117.41000366210938,182941600
1269437400,2010-03-24,116.97000122070312,117.43000030517578,115.58000183105469,116.83999633789062,196072600
1269523800,2010-03-25,117.62999725341797,118.16999816894531,116.51000213623047,116.6500015258789,223396300
1269610200,2010-03-26,116.87000274658203,117.41999816894531,116.12000274658203,116.58000183105469,205808500
1269869400,2010-03-29,117.16999816894531,117.52999877929688,116.69000244140625,117.31999969482422,134513500
1269955800,2010-03-30,117.45999908447266,117.83000183105469,116.91000366210938,117.4000015258789,145772500
1270042200,2010-03-31,116.94999694824219,117.5199966430664,116.61000061035156,117,161078700
1270128600,2010-04-01,117.80000305175781,118.25,117.0999984741211,117.80000305175781,161215200
1270474200,2010-04-05,118.25,118.83999633789062,117.91999816894531,118.76000213623047,105847600
1270560600,2010-04-06,118.41999816894531,119.25,118.29000091552734,119.04000091552734,110384200
1270647000,2010-04-07,118.80000305175781,119.36000061035156,117.80999755859375,118.36000061035156,184576300
1270733400,2010-04-08,117.94999694824219,118.97000122070312,117.5999984741211,118.7699966430664,158704000
1270819800,2010-04-09,119.0199966430664,119.5999984741211,118.80000305175781,119.55000305175781,133006500
1271079000,2010-04-12,119.69999694824219,120.05000305175781,119.55999755859375,119.73999786376953,110279000
1271165400,2010-04-13,119.62000274658203,120.04000091552734,119,119.83000183105469,125043600
1271251800,2010-04-14,120.2699966430664,121.19000244140625,120.08000183105469,121.19000244140625,161609000
1271338200,2010-04-15,120.98999786376953,121.56999969482422,120.94999694824219,121.29000091552734,144615300
1271424600,2010-04-16,120.86000061035156,121.29000091552734,118.75,119.36000061035156,366786700
1271683800,2010-04-19,119.01000213623047,119.93000030517578,118.47000122070312,119.80999755859375,217947800
1271770200,2010-04-20,120.55999755859375,120.9800033569336,119.87000274658203,120.87999725341797,157708000
1271856600,2010-04-21,120.94999694824219,121.2300033569336,119.98999786376953,120.66000366210938,192910100
1271943000,2010-04-22,119.80999755859375,121.16999816894531,119.12000274658203,121.0199966430664,115360300
1272029400,2010-04-23,120.94000244140625,121.86000061035156,120.62999725341797,121.80999755859375,177335500
1272288600,2010-04-26,121.8499984741211,122.12000274658203,121.2300033569336,121.3499984741211,143457300
1272375000,2010-04-27,120.6500015258789,121.33999633789062,118.25,118.4800033569336,355853300
1272461400,2010-04-28,119.05000305175781,119.68000030517578,118.2699966430664,119.37999725341797,300674100
1272547800,2010-04-29,120.0999984741211,121.11000061035156,120.06999969482422,120.86000061035156,193775000
1272634200,2010-04-30,120.87999725341797,121.01000213623047,118.77999877929688,118.80999755859375,270000900
1272893400,2010-05-03,119.37999725341797,120.68000030517578,119.19999694824219,120.3499984741211,182747900
1272979800,2010-05-04,119.01000213623047,119.02999877929688,116.91999816894531,117.5199966430664,360353400
1273066200,2010-05-05,116.55999755859375,117.80000305175781,115.97000122070312,116.81999969482422,328973200
1273152600,2010-05-06,116.26000213623047,117,105,112.94000244140625,647356600
1273239000,2010-05-07,112.63999938964844,113.7699966430664,109.41000366210938,111.26000213623047,637558800
1273498200,2010-05-10,115.80999755859375,116.6500015258789,114.91000366210938,116.16000366210938,396159600
1273584600,2010-05-11,115.06999969482422,117.36000061035156,114.91000366210938,115.83000183105469,317849800
1273671000,2010-05-12,116.29000091552734,117.62000274658203,116.08999633789062,117.44999694824219,235607100
1273757400,2010-05-13,117.12999725341797,117.68000030517578,115.88999938964844,115.98999786376953,234452500
1273843800,2010-05-14,115.12000274658203,115.33000183105469,112.87000274658203,113.88999938964844,345601400
1274103000,2010-05-17,114.19999694824219,114.5199966430664,111.7699966430664,113.94999694824219,325739800
1274189400,2010-05-18,114.87999725341797,115.22000122070312,112.02999877929688,112.4000015258789,360556800
1274275800,2010-05-19,111.7699966430664,112.7699966430664,110.36000061035156,111.76000213623047,394742700
1274362200,2010-05-20,109.37999725341797,109.88999938964844,107.47000122070312,107.54000091552734,530418300
1274448600,2010-05-21,105.91000366210938,109.37999725341797,105.36000061035156,109.11000061035156,500909400
1274707800,2010-05-24,108.5199966430664,109.38999938964844,107.61000061035156,107.70999908447266,269823000
1274794200,2010-05-25,105.11000061035156,107.87000274658203,104.37999725341797,107.81999969482422,396505200
1274880600,2010-05-26,108.4800033569336,109.47000122070312,106.8499984741211,107.16999816894531,349719300
1274967000,2010-05-27,109.19000244140625,110.80000305175781,108.77999877929688,110.76000213623047,300870500
1275053400,2010-05-28,110.63999938964844,110.72000122070312,108.8499984741211,109.37000274658203,297933500
1275399000,2010-06-01,108.3499984741211,109.94999694824219,107.37000274658203,107.52999877929688,277909400
1275485400,2010-06-02,108.08000183105469,110.33999633789062,107.51000213623047,110.33000183105469,240243700
1275571800,2010-06-03,110.6500015258789,111.05999755859375,109.58000183105469,110.70999908447266,226618300
1275658200,2010-06-04,108.61000061035156,109.33000183105469,106.45999908447266,106.81999969482422,398475600
1275917400,2010-06-07,107.19999694824219,107.61000061035156,105.41000366210938,105.48999786376953,264609100
1276003800,2010-06-08,105.56999969482422,106.83000183105469,104.6500015258789,106.62000274658203,357774300
1276090200,2010-06-09,107.23999786376953,108.27999877929688,105.5999984741211,106.05000305175781,268023300
1276176600,2010-06-10,107.86000061035156,109.27999877929688,106.04000091552734,109.1500015258789,317890600
1276263000,2010-06-11,108.19000244140625,109.75,108.12000274658203,109.68000030517578,214128200
1276522200,2010-06-14,110.5199966430664,111.12000274658203,109.4000015258789,109.51000213623047,207196100
1276608600,2010-06-15,110.27999877929688,112.0999984741211,110.08999633789062,112,238268700
1276695000,2010-06-16,111.41999816894531,112.41999816894531,111.19999694824219,111.95999908447266,216374000
1276781400,2010-06-17,112.27999877929688,112.33000183105469,111.05000305175781,112.13999938964844,263185800
1276867800,2010-06-18,111.83000183105469,112.12999725341797,111.37000274658203,111.7300033569336,174006600
1277127000,2010-06-21,113.12000274658203,113.19999694824219,110.79000091552734,111.41000366210938,213140700
1277213400,2010-06-22,111.41000366210938,111.9000015258789,109.41000366210938,109.56999969482422,239355400
1277299800,2010-06-23,109.63999938964844,110.02999877929688,108.4800033569336,109.2300033569336,254639900
1277386200,2010-06-24,108.69000244140625,108.83000183105469,107.13999938964844,107.41999816894531,268523600
1277472600,2010-06-25,107.73999786376953,108.41999816894531,106.7699966430664,107.87000274658203,238726500
1277731800,2010-06-28,108.02999877929688,108.31999969482422,107.13999938964844,107.52999877929688,169218600
1277818200,2010-06-29,106.0199966430664,107.51000213623047,103.55000305175781,104.20999908447266,373649500
1277904600,2010-06-30,103.91999816894531,104.87999725341797,102.87999725341797,103.22000122070312,284101700
1277991000,2010-07-01,103.1500015258789,103.48999786376953,101.12999725341797,102.76000213623047,382924800
1278077400,2010-07-02,103.11000061035156,103.41999816894531,101.62000274658203,102.19999694824219,233385200
1278423000,2010-07-06,103.63999938964844,104.37000274658203,101.87999725341797,102.87000274658203,256935300
1278509400,2010-07-07,103.12999725341797,106.23999786376953,103.0199966430664,106.11000061035156,253769400
1278595800,2010-07-08,107,107.27999877929688,105.91000366210938,107.16000366210938,210842100
1278682200,2010-07-09,107.12999725341797,107.97000122070312,106.93000030517578,107.95999908447266,144999900
1278941400,2010-07-12,107.5999984741211,108.23999786376953,107.1500015258789,108.02999877929688,131283600
1279027800,2010-07-13,109.1500015258789,110.08999633789062,108.93000030517578,109.66000366210938,213025900
1279114200,2010-07-14,109.30999755859375,110.08000183105469,108.86000061035156,109.6500015258789,184426800
1279200600,2010-07-15,109.61000061035156,110.05999755859375,108.16999816894531,109.68000030517578,232337900
1279287000,2010-07-16,109.08999633789062,109.20999908447266,106.44999694824219,106.66000366210938,282693400
1279546200,2010-07-19,107.05000305175781,107.62999725341797,106.22000122070312,107.29000091552734,186709000
1279632600,2010-07-20,105.87000274658203,108.55999755859375,105.81999969482422,108.4800033569336,258162400
1279719000,2010-07-21,109.04000091552734,109.06999969482422,106.62999725341797,107.06999969482422,264527000
1279805400,2010-07-22,108.33999633789062,109.94000244140625,108.33000183105469,109.45999908447266,274781300
1279891800,2010-07-23,109.23999786376953,110.56999969482422,108.93000030517578,110.41000366210938,222020800
1280151000,2010-07-26,110.5999984741211,111.66999816894531,110.29000091552734,111.55999755859375,184445700
1280237400,2010-07-27,112.16999816894531,112.29000091552734,111.11000061035156,111.55000305175781,204855600
1280323800,2010-07-28,111.31999969482422,111.66000366210938,110.45999908447266,110.83000183105469,163056200
1280410200,2010-07-29,111.5199966430664,111.81999969482422,109.41000366210938,110.29000091552734,220149100
1280496600,2010-07-30,109.16999816894531,110.86000061035156,108.9800033569336,110.2699966430664,220070600
1280755800,2010-08-02,111.98999786376953,112.94000244140625,111.54000091552734,112.76000213623047,188263200
1280842200,2010-08-03,112.4800033569336,112.7699966430664,111.8499984741211,112.22000122070312,146657300
1280928600,2010-08-04,112.52999877929688,113.11000061035156,112.16000366210938,112.97000122070312,158171700
1281015000,2010-08-05,112.25,112.91000366210938,112.08000183105469,112.8499984741211,140473800
1281101400,2010-08-06,111.73999786376953,112.56999969482422,110.91999816894531,112.38999938964844,239728300
1281360600,2010-08-09,112.91999816894531,113.18000030517578,112.31999969482422,112.98999786376953,120800400
1281447000,2010-08-10,112.02999877929688,112.9800033569336,111.37000274658203,112.37999725341797,242916300
1281533400,2010-08-11,110.6500015258789,110.69000244140625,109.12000274658203,109.30000305175781,273406900
1281619800,2010-08-12,107.6500015258789,109.0199966430664,107.5999984741211,108.62999725341797,239542600
1281706200,2010-08-13,108.29000091552734,108.95999908447266,108.18000030517578,108.30999755859375,158698500
1281965400,2010-08-16,107.56999969482422,108.61000061035156,107.18000030517578,108.26000213623047,147895300
1282051800,2010-08-17,109.19000244140625,110.38999938964844,108.87999725341797,109.58999633789062,172270300
1282138200,2010-08-18,109.54000091552734,110.37999725341797,108.91000366210938,109.79000091552734,182922100
1282224600,2010-08-19,109.22000122070312,109.48999786376953,107.43000030517578,107.87999725341797,265847600
1282311000,2010-08-20,107.55999755859375,107.94000244140625,106.75,107.52999877929688,209714200
1282570200,2010-08-23,108.04000091552734,108.56999969482422,107.06999969482422,107.12000274658203,163490300
1282656600,2010-08-24,105.94999694824219,106.38999938964844,104.97000122070312,105.52999877929688,280677800
1282743000,2010-08-25,104.94999694824219,106.33999633789062,104.29000091552734,105.94000244140625,272234800
1282829400,2010-08-26,106.44000244140625,106.58000183105469,104.87999725341797,105.2300033569336,224439500
1282915800,2010-08-27,105.88999938964844,106.97000122070312,104.30999755859375,106.86000061035156,272649000
1283175000,2010-08-30,106.58000183105469,106.91000366210938,105.30000305175781,105.30999755859375,167238600
1283261400,2010-08-31,104.91999816894531,105.9800033569336,104.48999786376953,105.30999755859375,273933100
1283347800,2010-09-01,106.7300033569336,108.61000061035156,106.66000366210938,108.45999908447266,256828100
1283434200,2010-09-02,108.72000122070312,109.48999786376953,108.48999786376953,109.47000122070312,156112200
1283520600,2010-09-03,110.54000091552734,110.98999786376953,109.94999694824219,110.88999938964844,212197300
1283866200,2010-09-07,110.37000274658203,110.51000213623047,109.55000305175781,109.63999938964844,141973700
1283952600,2010-09-08,109.86000061035156,110.8499984741211,109.80999755859375,110.41000366210938,149924400
1284039000,2010-09-09,111.6500015258789,111.68000030517578,110.62000274658203,110.91999816894531,147017900
1284125400,2010-09-10,111.12000274658203,111.61000061035156,110.87000274658203,111.4800033569336,127819000
1284384600,2010-09-13,112.58000183105469,112.94999694824219,112.12999725341797,112.72000122070312,178503500
1284471000,2010-09-14,112.5,113.29000091552734,112.08000183105469,112.6500015258789,209823600
1284557400,2010-09-15,112.31999969482422,113.20999908447266,111.9800033569336,113.08000183105469,168608400
1284643800,2010-09-16,112.7300033569336,113.12000274658203,112.3499984741211,113.05000305175781,199962900
1284730200,2010-09-17,113.04000091552734,113.1500015258789,112.18000030517578,112.48999786376953,195836900
1284989400,2010-09-20,112.87999725341797,114.45999908447266,112.5199966430664,114.20999908447266,214555200
1285075800,2010-09-21,114.30000305175781,114.83999633789062,113.51000213623047,113.9800033569336,268389100
1285162200,2010-09-22,113.80000305175781,114.44000244140625,113.0999984741211,113.41999816894531,191322400
1285248600,2010-09-23,112.48999786376953,113.66999816894531,112.18000030517578,112.5,202354300
1285335000,2010-09-24,113.75,114.9000015258789,113.6500015258789,114.81999969482422,209671800
1285594200,2010-09-27,114.86000061035156,114.98999786376953,114.16000366210938,114.2699966430664,128761800
1285680600,2010-09-28,114.41999816894531,115.04000091552734,113.18000030517578,114.66999816894531,209207500
1285767000,2010-09-29,114.37999725341797,114.91000366210938,114.0199966430664,114.47000122070312,179665800
1285853400,2010-09-30,115.05000305175781,115.79000091552734,113.58999633789062,114.12999725341797,287106700
1285939800,2010-10-01,114.98999786376953,115.12000274658203,113.93000030517578,114.61000061035156,174638700
1286199000,2010-10-04,114.37000274658203,114.8499984741211,113.18000030517578,113.75,166153200
1286285400,2010-10-05,114.80000305175781,116.31999969482422,114.66999816894531,116.04000091552734,229634100
1286371800,2010-10-06,116.0199966430664,116.33000183105469,115.55999755859375,116.02999877929688,148626600
1286458200,2010-10-07,116.5,116.52999877929688,115.19000244140625,115.88999938964844,164860000
1286544600,2010-10-08,116.05000305175781,116.86000061035156,115.61000061035156,116.54000091552734,177760100
1286803800,2010-10-11,116.72000122070312,116.97000122070312,116.25,116.6500015258789,103098300
1286890200,2010-10-12,116.2699966430664,117.3499984741211,115.6500015258789,117.01000213623047,182210000
1286976600,2010-10-13,117.66000366210938,118.55000305175781,117.37999725341797,117.91999816894531,194347200
1287063000,2010-10-14,117.80999755859375,118.01000213623047,116.72000122070312,117.45999908447266,217764300
1287149400,2010-10-15,118.27999877929688,118.3499984741211,116.76000213623047,117.69999694824219,243705000
1287408600,2010-10-18,117.73999786376953,118.66999816894531,117.30999755859375,118.27999877929688,141204800
1287495000,2010-10-19,117.19000244140625,117.8499984741211,116.0199966430664,116.7300033569336,280604700
1287581400,2010-10-20,116.94000244140625,118.44000244140625,116.87000274658203,117.87000274658203,200051800
1287667800,2010-10-21,118.4000015258789,119.08999633789062,117.20999908447266,118.12999725341797,221585500
1287754200,2010-10-22,118.30999755859375,118.52999877929688,118,118.3499984741211,108212400
1288013400,2010-10-25,119.13999938964844,119.76000213623047,118.61000061035156,118.69999694824219,151145700
1288099800,2010-10-26,118.0999984741211,118.83999633789062,117.87000274658203,118.72000122070312,158982900
1288186200,2010-10-27,117.88999938964844,118.51000213623047,117.26000213623047,118.37999725341797,190024000
1288272600,2010-10-28,119.05999755859375,119.11000061035156,117.83000183105469,118.4000015258789,168576000
1288359000,2010-10-29,118.27999877929688,118.72000122070312,118.06999969482422,118.48999786376953,144305500
1288618200,2010-11-01,119.06999969482422,119.75,117.8499984741211,118.52999877929688,174074800
1288704600,2010-11-02,119.41999816894531,119.75,119.0999984741211,119.47000122070312,158345900
1288791000,2010-11-03,119.68000030517578,120.0199966430664,118.44999694824219,119.94999694824219,226702800
1288877400,2010-11-04,121.27999877929688,122.31999969482422,119.97000122070312,122.26000213623047,215039400
1288963800,2010-11-05,122.33999633789062,122.91999816894531,122.18000030517578,122.72000122070312,180654100
1289226600,2010-11-08,122.33999633789062,122.69000244140625,121.94000244140625,122.48999786376953,156107100
1289313000,2010-11-09,122.81999969482422,122.94999694824219,121.12000274658203,121.61000061035156,186621600
1289399400,2010-11-10,121.58000183105469,122.16000366210938,120.66000366210938,122.0999984741211,221387400
1289485800,2010-11-11,121.05000305175781,121.81999969482422,120.68000030517578,121.63999938964844,158017600
1289572200,2010-11-12,120.81999969482422,121.3499984741211,119.6500015258789,120.19999694824219,239068800
1289831400,2010-11-15,120.58000183105469,121.05000305175781,119.9800033569336,120.02999877929688,163940800
1289917800,2010-11-16,119.29000091552734,119.48999786376953,117.58999633789062,118.16000366210938,299566200
1290004200,2010-11-17,118.20999908447266,118.70999908447266,117.86000061035156,118.22000122070312,172308900
1290090600,2010-11-18,119.36000061035156,120.38999938964844,119.3499984741211,119.95999908447266,197723700
1290177000,2010-11-19,119.9000015258789,120.33999633789062,119.25,120.29000091552734,156852900
1290436200,2010-11-22,119.69000244140625,120.23999786376953,118.7699966430664,120.19000244140625,181361000
1290522600,2010-11-23,118.7699966430664,119.0199966430664,117.98999786376953,118.44999694824219,222309000
1290609000,2010-11-24,119.19999694824219,120.2300033569336,119.18000030517578,120.19999694824219,140046100
1290781800,2010-11-26,119.16000366210938,119.80999755859375,118.80000305175781,118.80000305175781,76007800
1291041000,2010-11-29,118.5,119.4800033569336,117.73999786376953,119.16000366210938,223642300
1291127400,2010-11-30,117.9800033569336,119.16999816894531,117.80999755859375,118.48999786376953,233930700
1291213800,2010-12-01,120.19999694824219,121.23999786376953,120.19000244140625,121.01000213623047,221037200
1291300200,2010-12-02,121.19999694824219,122.6500015258789,121.12999725341797,122.55999755859375,191213600
1291386600,2010-12-03,122.13999938964844,123.02999877929688,122.11000061035156,122.88999938964844,151288900
1291645800,2010-12-06,122.62999725341797,123.04000091552734,122.5,122.76000213623047,103050500
1291732200,2010-12-07,123.94000244140625,124.01000213623047,122.76000213623047,122.83000183105469,206581000
1291818600,2010-12-08,122.9800033569336,123.37999725341797,122.41000366210938,123.27999877929688,138019200
1291905000,2010-12-09,123.97000122070312,124.0199966430664,123.1500015258789,123.76000213623047,123705100
1291991400,2010-12-10,124.13999938964844,124.5999984741211,123.7300033569336,124.4800033569336,117571700
1292250600,2010-12-13,125.05000305175781,125.19999694824219,124.5199966430664,124.55999755859375,133812700
1292337000,2010-12-14,124.75,125.2300033569336,124.29000091552734,124.66999816894531,147249600
1292423400,2010-12-15,124.44000244140625,124.93000030517578,123.88999938964844,124.0999984741211,160823100
1292509800,2010-12-16,124.18000030517578,124.91000366210938,123.75,124.81999969482422,185035200
1292596200,2010-12-17,124.08000183105469,124.45999908447266,123.81999969482422,124.30000305175781,141075300
1292855400,2010-12-20,124.63999938964844,124.9000015258789,123.9800033569336,124.5999984741211,119085500
1292941800,2010-12-21,124.98999786376953,125.47000122070312,124.87000274658203,125.38999938964844,94965500
1293028200,2010-12-22,125.4800033569336,125.81999969482422,125.41000366210938,125.77999877929688,78878100
1293114600,2010-12-23,125.63999938964844,125.77999877929688,125.29000091552734,125.5999984741211,70053700
1293460200,2010-12-27,125.12999725341797,125.7699966430664,125.04000091552734,125.6500015258789,58126000
1293546600,2010-12-28,125.9000015258789,125.94999694824219,125.5,125.83000183105469,55309100
1293633000,2010-12-29,125.9800033569336,126.19999694824219,125.9000015258789,125.91999816894531,58033100
1293719400,2010-12-30,125.80000305175781,126.12999725341797,125.52999877929688,125.72000122070312,76616900
1293805800,2010-12-31,125.52999877929688,125.87000274658203,125.33000183105469,125.75,91218900
1294065000,2011-01-03,126.70999908447266,127.5999984741211,125.69999694824219,127.05000305175781,138725200
1294151400,2011-01-04,127.33000183105469,127.37000274658203,126.19000244140625,126.9800033569336,137409700
1294237800,2011-01-05,126.58000183105469,127.72000122070312,126.45999908447266,127.63999938964844,133975300
1294324200,2011-01-06,127.69000244140625,127.83000183105469,127.01000213623047,127.38999938964844,122519000
1294410600,2011-01-07,127.55999755859375,127.7699966430664,126.1500015258789,127.13999938964844,156034600
1294669800,2011-01-10,126.58000183105469,127.16000366210938,126.19999694824219,126.9800033569336,122401700
1294756200,2011-01-11,127.44000244140625,127.73999786376953,126.94999694824219,127.43000030517578,110287000
1294842600,2011-01-12,128.2100067138672,128.72000122070312,127.45999908447266,128.5800018310547,107929200
1294929000,2011-01-13,128.6300048828125,128.69000244140625,128.0500030517578,128.3699951171875,129048400
1295015400,2011-01-14,128.19000244140625,129.3300018310547,128.10000610351562,129.3000030517578,117677900
1295361000,2011-01-18,129.17999267578125,129.63999938964844,129.02999877929688,129.52000427246094,114401300
1295447400,2011-01-19,129.41000366210938,129.5399932861328,127.91000366210938,128.25,151958400
1295533800,2011-01-20,127.95999908447266,128.39999389648438,127.12999725341797,128.0800018310547,175745700
1295620200,2011-01-21,128.8800048828125,129.1699981689453,128.22999572753906,128.3699951171875,151462900
1295879400,2011-01-24,128.2899932861328,129.25,128.25999450683594,129.10000610351562,113715500
1295965800,2011-01-25,128.75999450683594,129.27999877929688,128.11000061035156,129.1699981689453,167552200
1296052200,2011-01-26,129.49000549316406,130.0500030517578,129.22999572753906,129.6699981689453,141281500
1296138600,2011-01-27,129.6999969482422,130.2100067138672,129.47000122070312,129.99000549316406,123302700
1296225000,2011-01-28,130.13999938964844,130.35000610351562,127.51000213623047,127.72000122070312,295637300
1296484200,2011-01-31,128.07000732421875,128.77999877929688,127.75,128.67999267578125,149249200
1296570600,2011-02-01,129.4600067138672,130.97000122070312,129.3800048828125,130.74000549316406,167194300
1296657000,2011-02-02,130.39999389648438,130.83999633789062,130.3300018310547,130.49000549316406,118323600
1296743400,2011-02-03,130.25999450683594,130.97999572753906,129.57000732421875,130.77999877929688,145886700
1296829800,2011-02-04,130.8300018310547,131.1999969482422,130.22999572753906,131.14999389648438,134634800
1297089000,2011-02-07,131.44000244140625,132.39999389648438,131.42999267578125,131.97000122070312,112439100
1297175400,2011-02-08,132.08999633789062,132.63999938964844,131.72999572753906,132.57000732421875,99072800
1297261800,2011-02-09,132.2100067138672,132.6300048828125,131.61000061035156,132.27000427246094,146436700
1297348200,2011-02-10,131.60000610351562,132.47000122070312,131.3000030517578,132.32000732421875,162708500
1297434600,2011-02-11,131.8000030517578,133.27999877929688,131.77000427246094,133.11000061035156,137710300
1297693800,2011-02-14,133.02999877929688,133.5399932861328,132.8800048828125,133.42999267578125,101690700
1297780200,2011-02-15,133.02000427246094,133.22000122070312,132.32000732421875,133.00999450683594,119575400
1297866600,2011-02-16,133.4600067138672,134.00999450683594,133.19000244140625,133.85000610351562,130183500
1297953000,2011-02-17,133.4600067138672,134.42999267578125,133.33999633789062,134.25,109810500
1298039400,2011-02-18,134.3699951171875,134.69000244140625,134.05999755859375,134.52999877929688,130002400
1298385000,2011-02-22,133.1199951171875,134.55999755859375,131.47000122070312,131.8300018310547,233116400
1298471400,2011-02-23,131.75,132.07000732421875,130.2100067138672,131.02000427246094,227584000
1298557800,2011-02-24,130.8800048828125,131.44000244140625,129.6999969482422,130.92999267578125,260431400
1298644200,2011-02-25,131.47999572753906,132.41000366210938,131.39999389648438,132.3300018310547,141686900
1298903400,2011-02-28,132.82000732421875,133.32000732421875,132.3800048828125,133.14999389648438,141585500
1298989800,2011-03-01,133.57000732421875,133.69000244140625,130.88999938964844,130.92999267578125,258565500
1299076200,2011-03-02,130.75,131.82000732421875,130.35000610351562,131.2100067138672,200277400
1299162600,2011-03-03,132.39999389648438,133.6199951171875,132.38999938964844,133.47000122070312,176480100
1299249000,2011-03-04,133.3699951171875,133.6300048828125,131.60000610351562,132.47000122070312,277202300
1299508200,2011-03-07,132.86000061035156,133.16000366210938,130.74000549316406,131.42999267578125,216790400
1299594600,2011-03-08,131.63999938964844,133,131.07000732421875,132.5800018310547,174615000
1299681000,2011-03-09,132.32000732421875,132.8000030517578,131.60000610351562,132.38999938964844,153806000
1299767400,2011-03-10,131,131.17999267578125,129.80999755859375,129.94000244140625,301291800
1299853800,2011-03-11,129.52000427246094,131.30999755859375,129.49000549316406,130.83999633789062,225621800
1300109400,2011-03-14,129.99000549316406,130.47999572753906,129.05999755859375,130.0500030517578,234974100
1300195800,2011-03-15,126.58999633789062,129.3300018310547,126.5,128.55999755859375,359585400
1300282200,2011-03-16,128.14999389648438,128.57000732421875,125.27999877929688,126.18000030517578,468670300
1300368600,2011-03-17,128,128.38999938964844,127.0999984741211,127.8499984741211,254303700
1300455000,2011-03-18,128.83999633789062,128.8800048828125,127.51000213623047,127.76000213623047,230435400
1300714200,2011-03-21,129.35000610351562,130.00999450683594,129.1999969482422,129.74000549316406,153992600
1300800600,2011-03-22,129.72000122070312,129.88999938964844,129.1699981689453,129.2899932861328,129538600
1300887000,2011-03-23,128.92999267578125,130,128.32000732421875,129.66000366210938,148603100
1300973400,2011-03-24,130.39999389648438,131.08999633789062,129.6699981689453,130.89999389648438,159129800
1301059800,2011-03-25,131.24000549316406,131.8699951171875,130.88999938964844,131.3000030517578,155642800
1301319000,2011-03-28,131.5800018310547,131.9199981689453,130.94000244140625,130.97999572753906,109762400
1301405400,2011-03-29,130.8699951171875,131.89999389648438,130.44000244140625,131.86000061035156,129798800
1301491800,2011-03-30,132.5500030517578,133.16000366210938,132.36000061035156,132.77000427246094,135835000
1301578200,2011-03-31,132.60000610351562,132.9600067138672,132.4499969482422,132.58999633789062,132537100
1301664600,2011-04-01,133.41000366210938,133.77000427246094,132.8300018310547,133.14999389648438,153850100
1301923800,2011-04-04,133.42999267578125,133.6699981689453,132.8800048828125,133.25999450683594,100768900
1302010200,2011-04-05,133,133.8300018310547,132.94000244140625,133.24000549316406,120791500
1302096600,2011-04-06,133.8800048828125,134,133.1199951171875,133.66000366210938,120411600
1302183000,2011-04-07,133.4199981689453,133.97999572753906,132.66000366210938,133.32000732421875,170731500
1302269400,2011-04-08,133.91000366210938,133.99000549316406,132.30999755859375,132.86000061035156,147945400
1302528600,2011-04-11,133,133.4499969482422,132.13999938964844,132.4600067138672,121385400
1302615000,2011-04-12,131.72000122070312,131.97999572753906,130.99000549316406,131.47000122070312,161187400
1302701400,2011-04-13,132.0800018310547,132.17999267578125,130.9600067138672,131.4600067138672,162059000
1302787800,2011-04-14,130.6999969482422,131.75999450683594,130.27000427246094,131.55999755859375,161220400
1302874200,2011-04-15,131.8000030517578,132.3699951171875,131.41000366210938,132.0399932861328,170006700
1303133400,2011-04-18,130.58999633789062,132.02999877929688,129.50999450683594,130.55999755859375,210759300
1303219800,2011-04-19,130.75999450683594,131.35000610351562,130.44000244140625,131.30999755859375,124258800
1303306200,2011-04-20,132.8800048828125,133.38999938964844,132.7899932861328,133.10000610351562,156133800
1303392600,2011-04-21,133.7899932861328,133.83999633789062,133.10000610351562,133.77999877929688,135935400
1303738200,2011-04-25,133.67999267578125,133.86000061035156,133.1999969482422,133.63999938964844,65757100
1303824600,2011-04-26,134.0500030517578,135.05999755859375,133.91000366210938,134.7899932861328,146600000
1303911000,2011-04-27,135.0500030517578,135.8699951171875,134.5,135.6699981689453,143031000
1303997400,2011-04-28,135.42999267578125,136.2899932861328,135.41000366210938,136.11000061035156,124791100
1304083800,2011-04-29,136.16000366210938,136.57000732421875,135.97999572753906,136.42999267578125,115094100
1304343000,2011-05-02,137.07000732421875,137.17999267578125,135.9499969482422,136.22000122070312,126278700
1304429400,2011-05-03,135.9600067138672,136.19000244140625,135.0399932861328,135.72999572753906,138375000
1304515800,2011-05-04,135.6699981689453,135.72999572753906,134.22999572753906,134.8300018310547,182678500
1304602200,2011-05-05,134.0800018310547,134.9499969482422,133.02000427246094,133.61000061035156,226900000
1304688600,2011-05-06,134.94000244140625,135.6300048828125,133.67999267578125,134.1999969482422,222787200
1304947800,2011-05-09,134.19000244140625,135.11000061035156,133.97999572753906,134.72000122070312,114104500
1305034200,2011-05-10,135.1699981689453,136.11000061035156,135,135.8699951171875,114806900
1305120600,2011-05-11,135.6699981689453,135.69000244140625,133.82000732421875,134.44000244140625,193564200
1305207000,2011-05-12,134.0800018310547,135.36000061035156,133.38999938964844,135.0800018310547,171550700
1305293400,2011-05-13,135.14999389648438,135.33999633789062,133.55999755859375,134.0399932861328,157444900
1305552600,2011-05-16,133.55999755859375,134.61000061035156,132.97000122070312,133.19000244140625,141675400
1305639000,2011-05-17,132.69000244140625,133.35000610351562,132.1199951171875,133.1699981689453,192686200
1305725400,2011-05-18,133.24000549316406,134.5,132.9499969482422,134.36000061035156,135217900
1305811800,2011-05-19,134.8000030517578,135.02999877929688,133.94000244140625,134.67999267578125,119489500
1305898200,2011-05-20,134.3300018310547,134.67999267578125,133.36000061035156,133.61000061035156,182594900
1306157400,2011-05-23,131.97999572753906,132.72000122070312,131.58999633789062,132.05999755859375,168700000
1306243800,2011-05-24,132.44000244140625,132.72999572753906,131.6999969482422,131.9499969482422,147199600
1306330200,2011-05-25,131.4199981689453,132.94000244140625,131.3800048828125,132.38999938964844,151050100
1306416600,2011-05-26,132.02999877929688,133.24000549316406,131.77999877929688,133,164850000
1306503000,2011-05-27,133.3699951171875,133.8699951171875,132.9600067138672,133.50999450683594,120921900
1306848600,2011-05-31,134.77000427246094,134.9199981689453,133.83999633789062,134.89999389648438,164731200
1306935000,2011-06-01,134.50999450683594,134.9199981689453,131.75999450683594,131.8699951171875,233094300
1307021400,2011-06-02,131.9600067138672,132.24000549316406,130.9600067138672,131.72999572753906,200466800
1307107800,2011-06-03,130.14999389648438,131.4199981689453,130.0800018310547,130.4199981689453,234690200
1307367000,2011-06-06,130.08999633789062,130.36000061035156,128.8699951171875,129.0399932861328,179951200
1307453400,2011-06-07,129.6999969482422,130.07000732421875,128.85000610351562,128.9600067138672,161660500
1307539800,2011-06-08,128.75999450683594,129.19000244140625,128.17999267578125,128.4199981689453,198696400
1307626200,2011-06-09,128.77000427246094,129.92999267578125,128.4600067138672,129.39999389648438,160964400
1307712600,2011-06-10,128.85000610351562,128.92999267578125,127.26000213623047,127.5999984741211,238629400
1307971800,2011-06-13,127.88999938964844,128.24000549316406,127.05000305175781,127.69999694824219,207599800
1308058200,2011-06-14,128.8699951171875,129.77000427246094,128.82000732421875,129.32000732421875,160570400
1308144600,2011-06-15,128.24000549316406,129.3000030517578,126.68000030517578,127.0199966430664,300958000
1308231000,2011-06-16,127.05999755859375,127.97000122070312,126.31999969482422,127.30000305175781,308032800
1308317400,2011-06-17,127.93000030517578,127.94000244140625,126.62000274658203,127.05000305175781,233284900
1308576600,2011-06-20,126.62000274658203,127.97000122070312,126.58000183105469,127.69999694824219,159479000
1308663000,2011-06-21,128.36000061035156,129.6999969482422,127.75,129.4499969482422,193157300
1308749400,2011-06-22,129.0500030517578,129.80999755859375,128.58999633789062,128.6699981689453,176703000
1308835800,2011-06-23,127.16000366210938,128.63999938964844,126.19000244140625,128.3000030517578,334286500
1308922200,2011-06-24,128.27000427246094,128.3699951171875,126.62000274658203,126.80999755859375,226129300
1309181400,2011-06-27,126.88999938964844,128.42999267578125,126.63999938964844,127.94000244140625,168904700
1309267800,2011-06-28,128.4499969482422,129.6300048828125,128.27000427246094,129.61000061035156,165556300
1309354200,2011-06-29,130.1999969482422,130.92999267578125,129.6300048828125,130.72000122070312,244295500
1309440600,2011-06-30,131.13999938964844,132.17999267578125,130.7100067138672,131.97000122070312,223322700
1309527000,2011-07-01,132.08999633789062,134.10000610351562,131.77999877929688,133.9199981689453,202385700
1309872600,2011-07-05,133.77999877929688,134.0800018310547,133.38999938964844,133.80999755859375,165936000
1309959000,2011-07-06,133.49000549316406,134.13999938964844,133.11000061035156,133.97000122070312,143331600
1310045400,2011-07-07,135.16000366210938,135.6999969482422,134.8800048828125,135.36000061035156,170464200
1310131800,2011-07-08,133.8300018310547,135.36000061035156,133.38999938964844,134.39999389648438,194100500
1310391000,2011-07-11,132.75,133.17999267578125,131.66000366210938,131.97000122070312,195918600
1310477400,2011-07-12,131.69000244140625,132.77999877929688,131.36000061035156,131.39999389648438,214675700
1310563800,2011-07-13,132.08999633789062,133.22000122070312,131.52000427246094,131.83999633789062,204062600
1310650200,2011-07-14,132.1699981689453,132.77999877929688,130.67999267578125,130.92999267578125,226111800
1310736600,2011-07-15,131.66000366210938,131.8699951171875,130.77000427246094,131.69000244140625,220012800
1310995800,2011-07-18,131.0800018310547,131.27999877929688,129.6300048828125,130.61000061035156,196872100
1311082200,2011-07-19,131.33999633789062,132.88999938964844,131.30999755859375,132.72999572753906,166554900
1311168600,2011-07-20,133.07000732421875,133.14999389648438,132.4199981689453,132.64999389648438,137145400
1311255000,2011-07-21,133.39999389648438,134.82000732421875,132.6699981689453,134.49000549316406,245246300
1311341400,2011-07-22,134.52000427246094,134.72000122070312,133.75999450683594,134.5800018310547,126019400
1311600600,2011-07-25,133.3000030517578,134.49000549316406,133.16000366210938,133.8300018310547,136653800
1311687000,2011-07-26,133.74000549316406,133.9600067138672,133.02999877929688,133.3300018310547,131278200
1311773400,2011-07-27,132.58999633789062,132.6300048828125,130.42999267578125,130.60000610351562,249020100
1311859800,2011-07-28,130.60000610351562,131.77000427246094,130.00999450683594,130.22000122070312,207939900
1311946200,2011-07-29,128.91000366210938,130.5500030517578,127.97000122070312,129.3300018310547,307038400
1312205400,2011-08-01,130.83999633789062,130.9600067138672,127.52999877929688,128.77999877929688,325790900
1312291800,2011-08-02,127.80999755859375,128.5,125.48999786376953,125.48999786376953,346653800
1312378200,2011-08-03,125.66000366210938,126.30999755859375,123.52999877929688,126.16999816894531,370830800
1312464600,2011-08-04,124.41999816894531,124.62000274658203,120.05999755859375,120.26000213623047,520721800
1312551000,2011-08-05,121.76000213623047,122.06999969482422,116.86000061035156,120.08000183105469,655619200
1312810200,2011-08-08,116.91000366210938,120.12000274658203,112.0199966430664,112.26000213623047,702263900
1312896600,2011-08-09,114.06999969482422,117.63999938964844,110.2699966430664,117.4800033569336,717828700
1312983000,2011-08-10,115.26000213623047,116.27999877929688,111.94999694824219,112.29000091552734,662607400
1313069400,2011-08-11,113.26000213623047,118.91999816894531,112.31999969482422,117.33000183105469,487979700
1313155800,2011-08-12,118.4000015258789,119.20999908447266,117.27999877929688,118.12000274658203,313731600
1313415000,2011-08-15,119.19000244140625,120.73999786376953,119,120.62000274658203,258810600
1313501400,2011-08-16,119.47000122070312,120.69000244140625,118.30999755859375,119.58999633789062,294095200
1313587800,2011-08-17,120.25,121.19999694824219,118.72000122070312,119.66999816894531,238201100
1313674200,2011-08-18,116.5,119.70999908447266,113.38999938964844,114.51000213623047,512956300
1313760600,2011-08-19,112.95999908447266,115.87999725341797,112.5,112.63999938964844,428281300
1314019800,2011-08-22,115.16999816894531,115.2300033569336,112.41000366210938,112.7300033569336,275090600
1314106200,2011-08-23,113.1500015258789,116.56999969482422,112.58000183105469,116.44000244140625,331136600
1314192600,2011-08-24,116.19000244140625,118.23999786376953,115.91999816894531,118.08000183105469,246869700
1314279000,2011-08-25,118.7300033569336,119.4000015258789,115.87000274658203,116.27999877929688,312365400
1314365400,2011-08-26,115.69000244140625,118.51000213623047,113.8499984741211,117.97000122070312,314495900
1314624600,2011-08-29,119.55999755859375,121.43000030517578,118.05999755859375,121.36000061035156,190977200
1314711000,2011-08-30,120.83000183105469,122.43000030517578,119.26000213623047,121.68000030517578,241315700
1314797400,2011-08-31,122.45999908447266,123.51000213623047,121.30000305175781,122.22000122070312,301828400
1314883800,2011-09-01,122.29000091552734,123.4000015258789,120.77999877929688,120.94000244140625,254585900
1314970200,2011-09-02,118.41999816894531,120.87000274658203,117.43000030517578,117.8499984741211,255517200
1315315800,2011-09-06,114.38999938964844,117.16000366210938,114.37999725341797,116.98999786376953,285130500
1315402200,2011-09-07,118.76000213623047,120.33999633789062,118.36000061035156,120.29000091552734,209803200
1315488600,2011-09-08,119.56999969482422,120.94000244140625,118.7699966430664,119.04000091552734,250568200
1315575000,2011-09-09,117.68000030517578,119.05999755859375,115.27999877929688,115.91999816894531,380195100
1315834200,2011-09-12,114.47000122070312,116.76000213623047,114.05000305175781,116.66999816894531,305793500
1315920600,2011-09-13,117.05000305175781,118.18000030517578,116.22000122070312,117.73999786376953,272514700
1316007000,2011-09-14,118.33999633789062,120.80000305175781,116.72000122070312,119.37000274658203,319389500
1316093400,2011-09-15,120.6500015258789,121.47000122070312,119.4000015258789,121.43000030517578,326777200
1316179800,2011-09-16,121.29000091552734,121.97000122070312,120.31999969482422,121.5199966430664,284528300
1316439000,2011-09-19,119.52999877929688,120.93000030517578,118.72000122070312,120.30999755859375,241517000
1316525400,2011-09-20,120.81999969482422,121.98999786376953,120.01000213623047,120.16999816894531,218932200
1316611800,2011-09-21,120.2300033569336,120.5999984741211,116.44000244140625,116.62999725341797,316251300
1316698200,2011-09-22,113.25,114.20999908447266,111.30000305175781,112.86000061035156,513911300
1316784600,2011-09-23,112.11000061035156,114.16000366210938,112.0199966430664,113.54000091552734,307242500
1317043800,2011-09-26,114.61000061035156,116.4000015258789,112.9800033569336,116.23999786376953,260673700
1317130200,2011-09-27,118.52999877929688,119.55999755859375,116.83999633789062,117.54000091552734,311753900
1317216600,2011-09-28,117.77999877929688,118.48999786376953,114.97000122070312,115.13999938964844,286696800
1317303000,2011-09-29,117.05000305175781,117.62999725341797,113.93000030517578,116.05000305175781,298108900
1317389400,2011-09-30,114.44999694824219,115.44999694824219,113.06999969482422,113.1500015258789,288392300
1317648600,2011-10-03,112.48999786376953,113.94999694824219,109.80999755859375,109.93000030517578,365136800
1317735000,2011-10-04,108.3499984741211,112.58000183105469,107.43000030517578,112.33999633789062,459177500
1317821400,2011-10-05,112.62000274658203,114.72000122070312,111.58000183105469,114.41999816894531,284108000
1317907800,2011-10-06,114.36000061035156,116.66000366210938,113.51000213623047,116.48999786376953,257800800
1317994200,2011-10-07,117.16999816894531,117.25,115.05999755859375,115.70999908447266,312657900
1318253400,2011-10-10,117.68000030517578,119.62999725341797,117.66999816894531,119.58000183105469,230666300
1318339800,2011-10-11,118.87000274658203,120.04000091552734,118.75,119.69999694824219,209088000
1318426200,2011-10-12,120.5999984741211,122.13999938964844,120.33000183105469,120.75,281544900
1318512600,2011-10-13,120.04000091552734,120.87000274658203,119.12000274658203,120.51000213623047,212538800
1318599000,2011-10-14,121.91000366210938,122.5999984741211,121.2300033569336,122.56999969482422,211397600
1318858200,2011-10-17,121.98999786376953,122.55000305175781,119.93000030517578,120.2300033569336,202311600
1318944600,2011-10-18,120.13999938964844,123.5,119.19999694824219,122.58000183105469,318857900
1319031000,2011-10-19,122.37999725341797,123.08000183105469,120.70999908447266,121.12999725341797,226601300
1319117400,2011-10-20,121.43000030517578,122.0999984741211,119.81999969482422,121.66000366210938,262075600
1319203800,2011-10-21,123.08999633789062,124.12000274658203,122.72000122070312,123.97000122070312,278999400
1319463000,2011-10-24,124.16999816894531,125.80000305175781,124.05999755859375,125.48999786376953,203215600
1319549400,2011-10-25,124.88999938964844,124.94999694824219,122.77999877929688,123.05000305175781,268596800
1319635800,2011-10-26,124.3499984741211,124.7699966430664,122.20999908447266,124.30000305175781,289053800
1319722200,2011-10-27,127.62999725341797,129.4199981689453,126.61000061035156,128.6300048828125,393220200
1319808600,2011-10-28,128,128.85000610351562,127.80000305175781,128.60000610351562,225906500
1320067800,2011-10-31,127.16000366210938,128.6199951171875,125.31999969482422,125.5,228146700
1320154200,2011-11-01,122.02999877929688,123.51000213623047,121.5199966430664,122,416565800
1320240600,2011-11-02,123.83000183105469,124.4000015258789,122.79000091552734,123.98999786376953,244717600
1320327000,2011-11-03,125.2699966430664,126.5,123.5999984741211,126.25,291174800
1320413400,2011-11-04,125.2300033569336,125.69999694824219,124.01000213623047,125.4800033569336,249401600
1320676200,2011-11-07,125.38999938964844,126.38999938964844,124.19999694824219,126.26000213623047,196617200
1320762600,2011-11-08,126.91999816894531,128.02000427246094,125.70999908447266,127.87999725341797,224426300
1320849000,2011-11-09,124.88999938964844,125.80000305175781,122.86000061035156,123.16000366210938,337982000
1320935400,2011-11-10,124.79000091552734,124.94000244140625,123.0199966430664,124.31999969482422,231866500
1321021800,2011-11-11,125.83000183105469,126.98999786376953,125.79000091552734,126.66000366210938,189924400
1321281000,2011-11-14,126.19000244140625,127.44999694824219,124.91999816894531,125.45999908447266,159258300
1321367400,2011-11-15,125.16999816894531,126.75,124.72000122070312,126.08000183105469,184709400
1321453800,2011-11-16,124.80999755859375,126.33999633789062,123.9000015258789,124.08000183105469,235782500
1321540200,2011-11-17,123.8499984741211,124.16000366210938,121.2300033569336,122.11000061035156,331219600
1321626600,2011-11-18,122.5,122.75,121.47000122070312,121.9800033569336,215580400
1321885800,2011-11-21,120.19999694824219,120.3499984741211,118.6500015258789,119.66000366210938,229611600
1321972200,2011-11-22,119.4000015258789,120.0999984741211,118.5199966430664,119.19000244140625,216494900
1322058600,2011-11-23,118.06999969482422,119.19000244140625,116.55999755859375,116.55999755859375,224329100
1322231400,2011-11-25,116.37999725341797,117.69999694824219,116.19999694824219,116.33999633789062,99557000
1322490600,2011-11-28,119.54000091552734,120.18000030517578,118.81999969482422,119.70999908447266,210686000
1322577000,2011-11-29,120.05000305175781,121,119.61000061035156,120.05000305175781,199241500
1322663400,2011-11-30,123.48999786376953,125.22000122070312,120,124.98999786376953,324439500
1322749800,2011-12-01,124.8499984741211,125.63999938964844,124.43000030517578,124.97000122070312,176954800
1322836200,2011-12-02,126.12000274658203,126.5,124.77999877929688,124.86000061035156,221109700
1323095400,2011-12-05,126.83999633789062,127.18000030517578,125.44000244140625,126.22000122070312,225263900
1323181800,2011-12-06,126.20999908447266,127.11000061035156,125.76000213623047,126.26000213623047,178842100
1323268200,2011-12-07,125.83999633789062,127.26000213623047,124.97000122070312,126.7300033569336,237802500
1323354600,2011-12-08,125.9000015258789,126.18000030517578,123.6500015258789,123.94999694824219,240862800
1323441000,2011-12-09,124.51000213623047,126.37000274658203,124.4000015258789,126.05000305175781,209111400
1323700200,2011-12-12,124.94999694824219,124.97000122070312,123.16000366210938,124.20999908447266,215826100
1323786600,2011-12-13,124.86000061035156,125.56999969482422,122.44999694824219,123.05000305175781,245159800
1323873000,2011-12-14,122.55999755859375,123.02999877929688,121.47000122070312,121.73999786376953,238618800
1323959400,2011-12-15,123.02999877929688,123.19999694824219,121.98999786376953,122.18000030517578,199109200
1324045800,2011-12-16,122.2300033569336,122.94999694824219,121.30000305175781,121.58999633789062,220481400
1324305000,2011-12-19,122.05999755859375,122.31999969482422,120.02999877929688,120.29000091552734,183903000
1324391400,2011-12-20,122.18000030517578,124.13999938964844,120.37000274658203,123.93000030517578,225418100
1324477800,2011-12-21,123.93000030517578,124.36000061035156,122.75,124.16999816894531,194230900
1324564200,2011-12-22,124.62999725341797,125.4000015258789,124.2300033569336,125.2699966430664,119465400
1324650600,2011-12-23,125.66999816894531,126.43000030517578,125.41000366210938,126.38999938964844,92187200
1324996200,2011-12-27,126.16999816894531,126.81999969482422,126.05999755859375,126.48999786376953,86075700
1325082600,2011-12-28,126.51000213623047,126.52999877929688,124.7300033569336,124.83000183105469,119107100
1325169000,2011-12-29,125.23999786376953,126.25,124.86000061035156,126.12000274658203,123507200
1325255400,2011-12-30,126.0199966430664,126.33000183105469,125.5,125.5,95599000
1325601000,2012-01-03,127.76000213623047,128.3800048828125,127.43000030517578,127.5,193697900
1325687400,2012-01-04,127.19999694824219,127.80999755859375,126.70999908447266,127.69999694824219,127186500
1325773800,2012-01-05,127.01000213623047,128.22999572753906,126.43000030517578,128.0399932861328,173895000
1325860200,2012-01-06,128.1999969482422,128.22000122070312,127.29000091552734,127.70999908447266,148050000
1326119400,2012-01-09,128,128.17999267578125,127.41000366210938,128.02000427246094,99530200
1326205800,2012-01-10,129.38999938964844,129.64999389648438,128.9499969482422,129.1300048828125,115282000
1326292200,2012-01-11,128.72999572753906,129.3699951171875,128.52000427246094,129.1999969482422,111540700
1326378600,2012-01-12,129.57000732421875,129.6999969482422,128.5399932861328,129.50999450683594,118983700
1326465000,2012-01-13,128.63999938964844,129.0500030517578,127.72000122070312,128.83999633789062,179836200
1326810600,2012-01-17,130.0800018310547,130.32000732421875,128.89999389648438,129.33999633789062,132209200
1326897000,2012-01-18,129.30999755859375,130.83999633789062,129.0800018310547,130.77000427246094,163395200
1326983400,2012-01-19,131.22000122070312,131.57000732421875,130.8000030517578,131.4600067138672,126328900
1327069800,2012-01-20,131.24000549316406,131.9499969482422,130.9199981689453,131.9499969482422,138230200
1327329000,2012-01-23,131.50999450683594,132.25,130.97999572753906,131.61000061035156,129295800
1327415400,2012-01-24,130.8000030517578,131.5,130.60000610351562,131.4600067138672,103083300
1327501800,2012-01-25,131.25999450683594,132.8699951171875,130.75,132.55999755859375,198613200
1327588200,2012-01-26,133.14999389648438,133.39999389648438,131.36000061035156,131.8800048828125,184880500
1327674600,2012-01-27,131.24000549316406,132.0500030517578,131.14999389648438,131.82000732421875,135259100
1327933800,2012-01-30,130.50999450683594,131.44000244140625,130.05999755859375,131.3699951171875,147311800
1328020200,2012-01-31,132.02000427246094,132.17999267578125,130.67999267578125,131.32000732421875,157212000
1328106600,2012-02-01,132.2899932861328,133.13999938964844,132.1300048828125,132.47000122070312,166234500
1328193000,2012-02-02,132.72999572753906,133.02000427246094,132.2100067138672,132.67999267578125,113090400
1328279400,2012-02-03,134,134.6199951171875,133.77000427246094,134.5399932861328,160598500
1328538600,2012-02-06,133.97999572753906,134.50999450683594,133.8300018310547,134.4499969482422,107694500
1328625000,2012-02-07,134.1699981689453,135.02000427246094,133.63999938964844,134.7899932861328,135528100
1328711400,2012-02-08,134.86000061035156,135.22000122070312,134.30999755859375,135.19000244140625,139361400
1328797800,2012-02-09,135.41000366210938,135.58999633789062,134.55999755859375,135.36000061035156,148602900
1328884200,2012-02-10,134.16000366210938,134.47000122070312,133.83999633789062,134.36000061035156,167907500
1329143400,2012-02-13,135.32000732421875,135.52000427246094,134.74000549316406,135.36000061035156,115841900
1329229800,2012-02-14,135,135.27000427246094,134.25,135.19000244140625,165329500
1329316200,2012-02-15,135.6300048828125,135.8300018310547,134.2899932861328,134.55999755859375,195195100
1329402600,2012-02-16,134.57000732421875,136.1699981689453,134.3300018310547,136.0500030517578,186567800
1329489000,2012-02-17,136.52000427246094,136.6300048828125,135.9600067138672,136.41000366210938,129869400
1329834600,2012-02-21,136.72999572753906,137.0500030517578,136.0500030517578,136.47000122070312,134042300
1329921000,2012-02-22,136.25999450683594,136.5500030517578,135.7899932861328,136.02999877929688,124455300
1330007400,2012-02-23,135.9600067138672,136.72999572753906,135.5,136.6300048828125,137704300
1330093800,2012-02-24,136.92999267578125,137.1999969482422,136.6300048828125,136.92999267578125,105539100
1330353000,2012-02-27,136.02000427246094,137.52999877929688,135.8000030517578,137.16000366210938,145728900
1330439400,2012-02-28,137.1999969482422,137.72000122070312,136.92999267578125,137.55999755859375,129355900
1330525800,2012-02-29,137.75999450683594,138.19000244140625,136.5399932861328,137.02000427246094,185934700
1330612200,2012-03-01,137.30999755859375,137.99000549316406,136.92999267578125,137.72999572753906,145023500
1330698600,2012-03-02,137.63999938964844,137.82000732421875,137,137.30999755859375,120638300
1330957800,2012-03-05,137.10000610351562,137.1999969482422,136.27999877929688,136.75,140765000
1331044200,2012-03-06,135.35000610351562,135.42999267578125,134.36000061035156,134.75,202129900
1331130600,2012-03-07,135.05999755859375,135.91000366210938,134.92999267578125,135.69000244140625,143692200
1331217000,2012-03-08,136.52000427246094,137.32000732421875,136.24000549316406,137.0399932861328,116968900
1331303400,2012-03-09,137.3000030517578,137.92999267578125,137.1300048828125,137.57000732421875,122836800
1331559000,2012-03-12,137.5500030517578,137.75999450683594,137.08999633789062,137.5800018310547,104003500
1331645400,2012-03-13,138.32000732421875,140.1300048828125,138.08999633789062,140.05999755859375,184090500
1331731800,2012-03-14,140.10000610351562,140.4499969482422,139.47999572753906,139.91000366210938,145163600
1331818200,2012-03-15,140.1199951171875,140.77999877929688,139.75999450683594,140.72000122070312,165118500
1331904600,2012-03-16,140.36000061035156,140.47999572753906,140,140.3000030517578,152893500
1332163800,2012-03-19,140.2100067138672,141.27999877929688,140.11000061035156,140.85000610351562,125291100
1332250200,2012-03-20,140.0500030517578,140.61000061035156,139.63999938964844,140.44000244140625,121729700
1332336600,2012-03-21,140.52000427246094,140.64999389648438,139.9199981689453,140.2100067138672,122388400
1332423000,2012-03-22,139.17999267578125,139.5500030517578,138.74000549316406,139.1999969482422,135216700
1332509400,2012-03-23,139.32000732421875,139.80999755859375,138.5500030517578,139.64999389648438,120521000
1332768600,2012-03-26,140.64999389648438,141.61000061035156,140.60000610351562,141.61000061035156,120164000
1332855000,2012-03-27,141.74000549316406,141.8300018310547,141.0800018310547,141.1699981689453,119868500
1332941400,2012-03-28,141.10000610351562,141.32000732421875,139.63999938964844,140.47000122070312,148562100
1333027800,2012-03-29,139.63999938964844,140.49000549316406,139.08999633789062,140.22999572753906,164963700
1333114200,2012-03-30,140.9199981689453,141.0500030517578,140.0500030517578,140.80999755859375,135486800
1333373400,2012-04-02,140.63999938964844,142.2100067138672,140.36000061035156,141.83999633789062,151741100
1333459800,2012-04-03,141.63999938964844,141.8800048828125,140.42999267578125,141.25999450683594,155806700
1333546200,2012-04-04,140.22000122070312,140.33999633789062,139.33999633789062,139.86000061035156,146896000
1333632600,2012-04-05,139.3800048828125,140.1999969482422,139.25999450683594,139.7899932861328,137439400
1333978200,2012-04-09,138.02999877929688,139.83999633789062,137.83999633789062,138.22000122070312,127555900
1334064600,2012-04-10,137.9499969482422,138.33999633789062,135.75999450683594,135.89999389648438,235360300
1334151000,2012-04-11,137.2899932861328,137.5399932861328,136.75,137,154133000
1334237400,2012-04-12,137.1300048828125,138.89999389648438,137.02999877929688,138.7899932861328,154321500
1334323800,2012-04-13,138.47000122070312,138.82000732421875,137.00999450683594,137.13999938964844,169246700
1334583000,2012-04-16,137.83999633789062,138.0399932861328,136.5800018310547,137.0500030517578,147825300
1334669400,2012-04-17,137.83999633789062,139.36000061035156,137.6999969482422,139.0800018310547,147877600
1334755800,2012-04-18,138.4600067138672,139.0800018310547,138.3800048828125,138.61000061035156,123884200
1334842200,2012-04-19,138.6300048828125,139.14999389648438,137.07000732421875,137.72000122070312,198666700
1334928600,2012-04-20,138.3300018310547,138.8300018310547,137.8699951171875,137.9499969482422,143199600
1335187800,2012-04-23,136.5399932861328,136.91000366210938,135.94000244140625,136.7899932861328,171844900
1335274200,2012-04-24,136.91000366210938,137.66000366210938,136.8000030517578,137.30999755859375,137484200
1335360600,2012-04-25,138.64999389648438,139.25,138.52999877929688,139.19000244140625,150252200
1335447000,2012-04-26,138.88999938964844,140.32000732421875,138.80999755859375,140.16000366210938,136291600
1335533400,2012-04-27,140.5800018310547,140.7899932861328,139.8000030517578,140.38999938964844,130725000
1335792600,2012-04-30,140.11000061035156,140.2100067138672,139.49000549316406,139.8699951171875,115092200
1335879000,2012-05-01,139.7899932861328,141.66000366210938,139.6300048828125,140.74000549316406,138832200
1335965400,2012-05-02,139.9199981689453,140.4600067138672,139.4600067138672,140.32000732421875,121081000
1336051800,2012-05-03,140.33999633789062,140.4499969482422,138.99000549316406,139.25,143759700
1336138200,2012-05-04,138.52000427246094,139.3000030517578,136.9199981689453,137,193927300
1336397400,2012-05-07,136.50999450683594,137.55999755859375,136.4600067138672,137.10000610351562,127765900
1336483800,2012-05-08,136.27999877929688,136.77000427246094,134.9199981689453,136.5500030517578,213377700
1336570200,2012-05-09,135.10000610351562,136.61000061035156,134.49000549316406,135.74000549316406,220752500
1336656600,2012-05-10,136.67999267578125,136.85000610351562,135.7100067138672,136.02000427246094,150600000
1336743000,2012-05-11,135.1699981689453,136.8699951171875,135.11000061035156,135.61000061035156,153032400
1337002200,2012-05-14,134.30999755859375,135.61000061035156,133.91000366210938,134.11000061035156,163910000
1337088600,2012-05-15,134.02000427246094,134.80999755859375,133.1300048828125,133.33999633789062,207629300
1337175000,2012-05-16,133.94000244140625,134.5500030517578,132.8000030517578,132.8300018310547,207265500
1337261400,2012-05-17,132.86000061035156,133.02000427246094,130.7899932861328,130.86000061035156,247992900
1337347800,2012-05-18,131.3699951171875,131.60000610351562,129.5500030517578,129.74000549316406,319615900
1337607000,2012-05-21,130.16000366210938,132.02000427246094,129.9499969482422,131.97000122070312,177861100
1337693400,2012-05-22,132.30999755859375,133.22999572753906,131.33999633789062,132.1999969482422,197531200
1337779800,2012-05-23,131.25,132.4600067138672,129.99000549316406,132.27000427246094,204958400
1337866200,2012-05-24,132.6300048828125,132.83999633789062,131.4199981689453,132.52999877929688,167357600
1337952600,2012-05-25,132.47999572753906,132.85000610351562,131.77999877929688,132.10000610351562,135465600
1338298200,2012-05-29,133.16000366210938,133.92999267578125,131.1699981689453,133.6999969482422,152883500
1338384600,2012-05-30,132.55999755859375,133.69000244140625,131.49000549316406,131.75999450683594,162370400
1338471000,2012-05-31,131.7100067138672,132.4499969482422,130.33999633789062,131.47000122070312,196186000
1338557400,2012-06-01,129.41000366210938,131.5,128.16000366210938,128.16000366210938,253240900
1338816600,2012-06-04,128.38999938964844,128.74000549316406,127.13999938964844,128.10000610351562,202545800
1338903000,2012-06-05,127.8499984741211,129.25999450683594,127.77999877929688,129.07000732421875,164149400
1338989400,2012-06-06,129.97000122070312,132.02999877929688,129.92999267578125,131.97000122070312,184202800
1339075800,2012-06-07,133.47000122070312,133.52999877929688,131.77999877929688,132.0500030517578,184772700
1339162200,2012-06-08,131.7100067138672,133.1300048828125,131.2899932861328,133.10000610351562,143915400
1339421400,2012-06-11,134.1699981689453,134.25,131.27999877929688,131.41000366210938,169756100
1339507800,2012-06-12,131.7899932861328,133.00999450683594,131.16000366210938,132.9199981689453,181931800
1339594200,2012-06-13,132.52999877929688,133.36000061035156,131.6199951171875,132.07000732421875,172223900
1339680600,2012-06-14,132.33999633789062,134,131.97999572753906,133.47000122070312,230615500
1339767000,2012-06-15,133.3800048828125,134.25999450683594,133.10000610351562,134.13999938964844,169444500
1340026200,2012-06-18,133.5800018310547,134.72999572753906,133.27999877929688,134.39999389648438,131360900
1340112600,2012-06-19,135.0800018310547,136.25,134.3699951171875,135.6999969482422,137382600
1340199000,2012-06-20,135.7100067138672,136.10000610351562,134.27000427246094,135.47999572753906,206451800
1340285400,2012-06-21,135.63999938964844,135.77999877929688,132.3300018310547,132.44000244140625,205272200
1340371800,2012-06-22,133.1300048828125,133.7100067138672,132.6199951171875,133.4600067138672,130029200
1340631000,2012-06-25,132.0500030517578,132.10000610351562,130.85000610351562,131.32000732421875,146375700
1340717400,2012-06-26,131.6999969482422,132.3800048828125,130.92999267578125,131.97999572753906,141634000
1340803800,2012-06-27,132.4199981689453,133.42999267578125,131.97000122070312,133.1699981689453,108088000
1340890200,2012-06-28,132.2899932861328,132.99000549316406,131.27999877929688,132.7899932861328,169242100
1340976600,2012-06-29,135.1999969482422,136.27000427246094,134.85000610351562,136.10000610351562,212250900
1341235800,2012-07-02,136.47999572753906,136.64999389648438,135.52000427246094,136.50999450683594,129524500
1341322200,2012-07-03,136.47999572753906,137.50999450683594,136.33999633789062,137.41000366210938,80450000
1341495000,2012-07-05,136.89999389648438,137.8000030517578,136.2899932861328,136.7899932861328,126177500
1341581400,2012-07-06,135.47000122070312,135.77000427246094,134.85000610351562,135.49000549316406,151192100
1341840600,2012-07-09,135.3800048828125,135.57000732421875,134.6999969482422,135.32000732421875,103780500
1341927000,2012-07-10,136.00999450683594,136.22999572753906,133.67999267578125,134.13999938964844,167884800
1342013400,2012-07-11,134.2100067138672,134.60000610351562,133.3800048828125,134.16000366210938,141733400
1342099800,2012-07-12,133.3800048828125,134.22999572753906,132.60000610351562,133.50999450683594,143583200
1342186200,2012-07-13,133.86000061035156,135.88999938964844,133.83999633789062,135.75,129642600
1342445400,2012-07-16,135.44000244140625,135.8300018310547,134.89999389648438,135.42999267578125,97525200
1342531800,2012-07-17,135.97000122070312,136.63999938964844,134.5500030517578,136.36000061035156,138860300
1342618200,2012-07-18,136.0399932861328,137.63999938964844,135.9600067138672,137.3699951171875,113349700
1342704600,2012-07-19,137.64999389648438,138.17999267578125,137.2100067138672,137.72999572753906,129847300
1342791000,2012-07-20,136.9499969482422,137.16000366210938,136.32000732421875,136.47000122070312,142904500
1343050200,2012-07-23,134.47000122070312,136.3800048828125,133.83999633789062,135.08999633789062,145210900
1343136600,2012-07-24,135.19000244140625,135.25,133.02999877929688,133.92999267578125,173301200
1343223000,2012-07-25,134.2100067138672,134.55999755859375,133.25,133.9600067138672,129122300
1343309400,2012-07-26,135.88999938964844,136.4600067138672,135.25999450683594,136.1699981689453,156526500
1343395800,2012-07-27,136.88999938964844,139.07000732421875,136.13999938964844,138.67999267578125,236768900
1343655000,2012-07-30,138.52000427246094,139.33999633789062,138.27000427246094,138.67999267578125,106782000
1343741400,2012-07-31,138.49000549316406,138.8699951171875,137.7100067138672,137.7100067138672,120575900
1343827800,2012-08-01,138.6999969482422,138.72999572753906,137.39999389648438,137.58999633789062,138293800
1343914200,2012-08-02,136.5500030517578,137.57000732421875,135.5800018310547,136.63999938964844,199556600
1344000600,2012-08-03,138.55999755859375,139.63999938964844,136.67999267578125,139.35000610351562,157825000
1344259800,2012-08-06,139.72000122070312,140.1699981689453,139.55999755859375,139.6199951171875,86326200
1344346200,2012-08-07,140.17999267578125,140.9199981689453,140.02999877929688,140.32000732421875,109545100
1344432600,2012-08-08,139.85000610351562,140.64999389648438,139.80999755859375,140.49000549316406,89754700
1344519000,2012-08-09,140.2899932861328,140.88999938964844,140.14999389648438,140.61000061035156,90291700
1344605400,2012-08-10,140.0399932861328,140.88999938964844,139.80999755859375,140.83999633789062,99792700
1344864600,2012-08-13,140.60000610351562,140.83999633789062,140.0399932861328,140.77000427246094,79426900
1344951000,2012-08-14,141.2899932861328,141.3800048828125,140.3699951171875,140.7899932861328,102379400
1345037400,2012-08-15,140.63999938964844,141.19000244140625,140.5500030517578,140.9499969482422,71085900
1345123800,2012-08-16,141.14999389648438,142.16000366210938,140.8000030517578,141.99000549316406,112014200
1345210200,2012-08-17,142.22999572753906,142.3000030517578,141.86000061035156,142.17999267578125,90813700
1345469400,2012-08-20,141.97999572753906,142.22000122070312,141.58999633789062,142.19000244140625,78255700
1345555800,2012-08-21,142.5399932861328,143.08999633789062,141.4499969482422,141.75999450683594,105581100
1345642200,2012-08-22,141.39999389648438,142.0500030517578,141.07000732421875,141.82000732421875,133243500
1345728600,2012-08-23,141.47000122070312,141.47999572753906,140.44000244140625,140.66000366210938,111466400
1345815000,2012-08-24,140.30999755859375,141.8300018310547,140.22000122070312,141.50999450683594,99481200
1346074200,2012-08-27,141.88999938964844,142.0800018310547,141.33999633789062,141.5399932861328,68785900
1346160600,2012-08-28,141.17999267578125,141.83999633789062,140.97000122070312,141.39999389648438,75689600
1346247000,2012-08-29,141.52000427246094,141.88999938964844,141.1199951171875,141.50999450683594,65421300
1346333400,2012-08-30,140.89999389648438,140.94000244140625,140.19000244140625,140.49000549316406,96589900
1346419800,2012-08-31,141.2899932861328,141.82000732421875,140.36000061035156,141.16000366210938,151970400
1346765400,2012-09-04,141.0399932861328,141.4600067138672,140.1300048828125,141.02999877929688,120226200
1346851800,2012-09-05,141.08999633789062,141.47000122070312,140.6300048828125,140.91000366210938,100660300
1346938200,2012-09-06,141.75999450683594,143.77999877929688,141.75,143.77000427246094,158272500
1347024600,2012-09-07,144.00999450683594,144.38999938964844,143.8800048828125,144.3300018310547,107272100
1347283800,2012-09-10,144.19000244140625,144.44000244140625,143.4600067138672,143.50999450683594,86458500
1347370200,2012-09-11,143.60000610351562,144.3699951171875,143.55999755859375,143.91000366210938,88760000
1347456600,2012-09-12,144.38999938964844,144.5500030517578,143.89999389648438,144.38999938964844,87640900
1347543000,2012-09-13,144.3699951171875,147.0399932861328,143.99000549316406,146.58999633789062,225470200
1347629400,2012-09-14,146.8800048828125,148.11000061035156,146.75999450683594,147.24000549316406,169777000
1347888600,2012-09-17,146.94000244140625,147.19000244140625,146.3699951171875,146.74000549316406,119427800
1347975000,2012-09-18,146.49000549316406,146.80999755859375,146.25,146.6199951171875,98326600
1348061400,2012-09-19,146.7899932861328,147.1699981689453,146.41000366210938,146.6999969482422,128318300
1348147800,2012-09-20,146.02999877929688,146.7899932861328,145.6300048828125,146.7100067138672,154009800
1348234200,2012-09-21,146.63999938964844,146.6699981689453,145.80999755859375,145.8699951171875,108737500
1348493400,2012-09-24,145.14999389648438,145.97999572753906,145.0399932861328,145.64999389648438,95682000
1348579800,2012-09-25,145.9600067138672,146.24000549316406,144.05999755859375,144.10000610351562,133165200
1348666200,2012-09-26,144.07000732421875,144.11000061035156,142.9499969482422,143.2899932861328,146502200
1348752600,2012-09-27,143.88999938964844,144.97000122070312,143.50999450683594,144.63999938964844,111830300
1348839000,2012-09-28,144.08999633789062,144.55999755859375,143.4600067138672,143.97000122070312,150696100
1349098200,2012-10-01,144.52000427246094,145.69000244140625,144.00999450683594,144.35000610351562,135911200
1349184600,2012-10-02,144.9199981689453,145.14999389648438,143.8300018310547,144.5,113422200
1349271000,2012-10-03,144.88999938964844,145.42999267578125,144.1300048828125,145.08999633789062,121283100
1349357400,2012-10-04,145.63999938964844,146.33999633789062,145.44000244140625,146.1300048828125,124311600
1349443800,2012-10-05,146.91000366210938,147.16000366210938,145.6999969482422,146.13999938964844,124842100
1349703000,2012-10-08,145.60000610351562,146.1199951171875,145.30999755859375,145.63999938964844,78415400
1349789400,2012-10-09,145.52999877929688,145.64999389648438,144.14999389648438,144.1999969482422,148872900
1349875800,2012-10-10,144.17999267578125,144.32000732421875,143.08999633789062,143.27999877929688,124247500
1349962200,2012-10-11,144.27999877929688,144.49000549316406,143.3300018310547,143.36000061035156,123601500
1350048600,2012-10-12,143.4600067138672,143.9499969482422,142.5800018310547,142.88999938964844,124181900
1350307800,2012-10-15,143.22999572753906,144.22999572753906,142.77000427246094,144.0800018310547,107689100
1350394200,2012-10-16,144.75999450683594,145.63999938964844,144.66000366210938,145.5399932861328,108815500
1350480600,2012-10-17,145.63999938964844,146.32000732421875,145.4199981689453,146.1999969482422,128834100
1350567000,2012-10-18,145.82000732421875,146.52000427246094,145.3300018310547,145.82000732421875,148108500
1350653400,2012-10-19,145.5500030517578,145.55999755859375,143.0500030517578,143.38999938964844,185645200
1350912600,2012-10-22,143.14999389648438,143.6699981689453,142.27999877929688,143.41000366210938,125578600
1350999000,2012-10-23,141.86000061035156,142.05999755859375,140.8300018310547,141.4199981689453,192056300
1351085400,2012-10-24,141.92999267578125,142.10000610351562,140.8000030517578,141.02000427246094,120179400
1351171800,2012-10-25,142.02000427246094,142.27999877929688,140.57000732421875,141.42999267578125,134457400
1351258200,2012-10-26,141.3000030517578,141.83999633789062,140.38999938964844,141.35000610351562,146023500
1351690200,2012-10-31,141.85000610351562,142.02999877929688,140.67999267578125,141.35000610351562,103438500
1351776600,2012-11-01,141.64999389648438,143.00999450683594,141.52000427246094,142.8300018310547,100995600
1351863000,2012-11-02,143.67999267578125,143.72000122070312,141.41000366210938,141.55999755859375,137702200
1352125800,2012-11-05,141.35000610351562,142.1699981689453,140.92999267578125,141.85000610351562,98378500
1352212200,2012-11-06,142.27999877929688,143.52000427246094,142.1300048828125,142.9600067138672,107068100
1352298600,2012-11-07,141.66000366210938,141.67999267578125,139.05999755859375,139.72000122070312,264304500
1352385000,2012-11-08,139.6999969482422,140.41000366210938,137.92999267578125,138.0399932861328,181517300
1352471400,2012-11-09,137.6199951171875,139.44000244140625,137.5500030517578,138.16000366210938,201055300
1352730600,2012-11-12,138.58999633789062,138.80999755859375,137.9600067138672,138.27000427246094,97677500
1352817000,2012-11-13,137.5399932861328,139.25,137.36000061035156,137.7899932861328,123018300
1352903400,2012-11-14,138.2100067138672,138.42999267578125,135.6199951171875,135.92999267578125,191505000
1352989800,2012-11-15,135.97999572753906,136.49000549316406,135.17999267578125,135.6999969482422,178128400
1353076200,2012-11-16,135.89999389648438,136.63999938964844,134.6999969482422,136.3699951171875,239483900
1353335400,2012-11-19,137.89999389648438,139.14999389648438,136.41000366210938,139.1300048828125,151495800
1353421800,2012-11-20,138.91000366210938,139.4199981689453,138.0800018310547,139.19000244140625,119807400
1353508200,2012-11-21,139.30999755859375,139.57000732421875,139.02999877929688,139.4499969482422,81710800
1353681000,2012-11-23,140.1300048828125,141.39999389648438,140.0399932861328,141.35000610351562,65409200
1353940200,2012-11-26,140.64999389648438,141.36000061035156,140.19000244140625,141.0500030517578,100124400
1354026600,2012-11-27,140.91000366210938,141.38999938964844,140.24000549316406,140.3300018310547,128646200
1354113000,2012-11-28,139.75999450683594,141.5399932861328,139,141.4600067138672,177086500
1354199400,2012-11-29,141.99000549316406,142.50999450683594,141.3699951171875,142.1199951171875,151085900
1354285800,2012-11-30,142.13999938964844,142.4199981689453,141.66000366210938,142.14999389648438,136568300
1354545000,2012-12-03,142.8000030517578,142.9199981689453,141.33999633789062,141.4499969482422,124656300
1354631400,2012-12-04,141.44000244140625,141.8699951171875,140.8699951171875,141.25,127512200
1354717800,2012-12-05,141.3699951171875,142.16000366210938,140.3699951171875,141.5,147300500
1354804200,2012-12-06,141.3699951171875,142.0399932861328,141.16000366210938,141.97999572753906,103220600
1354890600,2012-12-07,142.52999877929688,142.69000244140625,141.6699981689453,142.41000366210938,108726400
1355149800,2012-12-10,142.2100067138672,142.80999755859375,142.14999389648438,142.47000122070312,98840700
1355236200,2012-12-11,143.05999755859375,144.11000061035156,142.99000549316406,143.44000244140625,152570400
1355322600,2012-12-12,144,144.5500030517578,143.30999755859375,143.50999450683594,145880100
1355409000,2012-12-13,143.4199981689453,143.8300018310547,142.27000427246094,142.6300048828125,135715000
1355495400,2012-12-14,142.32000732421875,142.5800018310547,141.8800048828125,142.10000610351562,137701700
1355754600,2012-12-17,142.47000122070312,143.85000610351562,142.42999267578125,143.77000427246094,143238200
1355841000,2012-12-18,144,145.5,143.7899932861328,145.3699951171875,177762800
1355927400,2012-12-19,145.52999877929688,145.5800018310547,144.24000549316406,144.2899932861328,150895400
1356013800,2012-12-20,144.3800048828125,145.13999938964844,143.97999572753906,145.1199951171875,168487000
1356100200,2012-12-21,142.1699981689453,144.08999633789062,141.94000244140625,142.7899932861328,245883800
1356359400,2012-12-24,142.47999572753906,142.55999755859375,142.19000244140625,142.35000610351562,53874600
1356532200,2012-12-26,142.63999938964844,142.7100067138672,141.35000610351562,141.75,106947700
1356618600,2012-12-27,141.7899932861328,142.0800018310547,139.9199981689453,141.55999755859375,167920600
1356705000,2012-12-28,140.63999938964844,141.4199981689453,139.8699951171875,140.02999877929688,148806700
1356964200,2012-12-31,139.66000366210938,142.55999755859375,139.5399932861328,142.41000366210938,243935200
1357137000,2013-01-02,145.11000061035156,146.14999389648438,144.72999572753906,146.05999755859375,192059000
1357223400,2013-01-03,145.99000549316406,146.3699951171875,145.33999633789062,145.72999572753906,144761800
1357309800,2013-01-04,145.97000122070312,146.61000061035156,145.6699981689453,146.3699951171875,116817700
1357569000,2013-01-07,145.85000610351562,146.11000061035156,145.42999267578125,145.97000122070312,110002500
1357655400,2013-01-08,145.7100067138672,145.91000366210938,144.97999572753906,145.5500030517578,121265100
1357741800,2013-01-09,145.8699951171875,146.32000732421875,145.63999938964844,145.9199981689453,90745600
1357828200,2013-01-10,146.72999572753906,147.08999633789062,145.97000122070312,147.0800018310547,130735400
1357914600,2013-01-11,147.0399932861328,147.14999389648438,146.61000061035156,147.07000732421875,113917300
1358173800,2013-01-14,146.88999938964844,147.07000732421875,146.42999267578125,146.97000122070312,89567200
1358260200,2013-01-15,146.2899932861328,147.2100067138672,146.1999969482422,147.07000732421875,93172600
1358346600,2013-01-16,146.77000427246094,147.27999877929688,146.61000061035156,147.0500030517578,104849500
1358433000,2013-01-17,147.6999969482422,148.4199981689453,147.14999389648438,148,133833500
1358519400,2013-01-18,147.97000122070312,148.49000549316406,147.42999267578125,148.3300018310547,169906000
1358865000,2013-01-22,148.3300018310547,149.1300048828125,147.97999572753906,149.1300048828125,111797300
1358951400,2013-01-23,149.1300048828125,149.5,148.86000061035156,149.3699951171875,104596100
1359037800,2013-01-24,149.14999389648438,150.13999938964844,149.00999450683594,149.41000366210938,146426400
1359124200,2013-01-25,149.8800048828125,150.25,149.3699951171875,150.25,147211600
1359383400,2013-01-28,150.2899932861328,150.3300018310547,149.50999450683594,150.07000732421875,113357700
1359469800,2013-01-29,149.77000427246094,150.85000610351562,149.6699981689453,150.66000366210938,105694400
1359556200,2013-01-30,150.63999938964844,150.94000244140625,149.92999267578125,150.07000732421875,137447700
1359642600,2013-01-31,149.88999938964844,150.3800048828125,149.60000610351562,149.6999969482422,108975800
1359729000,2013-02-01,150.64999389648438,151.4199981689453,150.38999938964844,151.24000549316406,131173000
1359988200,2013-02-04,150.32000732421875,151.27000427246094,149.42999267578125,149.5399932861328,159073600
1360074600,2013-02-05,150.35000610351562,151.47999572753906,150.2899932861328,151.0500030517578,113912400
1360161000,2013-02-06,150.52000427246094,151.25999450683594,150.41000366210938,151.16000366210938,138762800
1360247400,2013-02-07,151.2100067138672,151.35000610351562,149.86000061035156,150.9600067138672,162490000
1360333800,2013-02-08,151.22000122070312,151.88999938964844,151.22000122070312,151.8000030517578,103133700
1360593000,2013-02-11,151.74000549316406,151.89999389648438,151.38999938964844,151.77000427246094,73775000
1360679400,2013-02-12,151.77999877929688,152.3000030517578,151.61000061035156,152.02000427246094,65392700
1360765800,2013-02-13,152.3300018310547,152.61000061035156,151.72000122070312,152.14999389648438,82322600
1360852200,2013-02-14,151.69000244140625,152.47000122070312,151.52000427246094,152.2899932861328,80834300
1360938600,2013-02-15,152.42999267578125,152.58999633789062,151.5500030517578,152.11000061035156,215226500
1361284200,2013-02-19,152.3699951171875,153.27999877929688,152.16000366210938,153.25,95105400
1361370600,2013-02-20,153.13999938964844,153.19000244140625,151.25999450683594,151.33999633789062,160574800
1361457000,2013-02-21,150.9600067138672,151.4199981689453,149.94000244140625,150.4199981689453,183257000
1361543400,2013-02-22,151.14999389648438,151.88999938964844,150.49000549316406,151.88999938964844,106356600
1361802600,2013-02-25,152.6300048828125,152.86000061035156,149,149,245824800
1361889000,2013-02-26,149.72000122070312,150.1999969482422,148.72999572753906,150.02000427246094,186596200
1361975400,2013-02-27,149.88999938964844,152.3300018310547,149.75999450683594,151.91000366210938,150781900
1362061800,2013-02-28,151.89999389648438,152.8699951171875,151.41000366210938,151.61000061035156,126866000
1362148200,2013-03-01,151.08999633789062,152.33999633789062,150.41000366210938,152.11000061035156,170634800
1362407400,2013-03-04,151.75999450683594,152.9199981689453,151.52000427246094,152.9199981689453,99010200
1362493800,2013-03-05,153.66000366210938,154.6999969482422,153.63999938964844,154.2899932861328,121431900
1362580200,2013-03-06,154.83999633789062,154.9199981689453,154.16000366210938,154.5,94469900
1362666600,2013-03-07,154.6999969482422,154.97999572753906,154.52000427246094,154.77999877929688,86101400
1362753000,2013-03-08,155.4600067138672,155.64999389648438,154.66000366210938,155.44000244140625,123477800
1363008600,2013-03-11,155.32000732421875,156.0399932861328,155.1300048828125,156.02999877929688,83746800
1363095000,2013-03-12,155.9199981689453,156.10000610351562,155.2100067138672,155.67999267578125,105755800
1363181400,2013-03-13,155.75999450683594,156.1199951171875,155.22999572753906,155.89999389648438,92550900
1363267800,2013-03-14,156.30999755859375,156.8000030517578,155.91000366210938,156.72999572753906,126329900
1363354200,2013-03-15,155.85000610351562,156.0399932861328,155.30999755859375,155.8300018310547,138601100
1363613400,2013-03-18,154.33999633789062,155.63999938964844,154.1999969482422,154.97000122070312,126704300
1363699800,2013-03-19,155.3000030517578,155.50999450683594,153.58999633789062,154.61000061035156,167567300
1363786200,2013-03-20,155.52000427246094,155.9499969482422,155.25999450683594,155.69000244140625,113759300
1363872600,2013-03-21,154.75999450683594,155.63999938964844,154.10000610351562,154.36000061035156,128605000
1363959000,2013-03-22,154.85000610351562,155.60000610351562,154.72999572753906,155.60000610351562,111163600
1364218200,2013-03-25,156.00999450683594,156.27000427246094,154.35000610351562,154.9499969482422,151322300
1364304600,2013-03-26,155.58999633789062,156.22999572753906,155.4199981689453,156.19000244140625,86856600
1364391000,2013-03-27,155.25999450683594,156.24000549316406,155,156.19000244140625,99950600
1364477400,2013-03-28,156.08999633789062,156.85000610351562,155.75,156.6699981689453,102932800
1364823000,2013-04-01,156.58999633789062,156.91000366210938,155.6699981689453,156.0500030517578,99194100
1364909400,2013-04-02,156.61000061035156,157.2100067138672,156.3699951171875,156.82000732421875,101504300
1364995800,2013-04-03,156.91000366210938,157.02999877929688,154.82000732421875,155.22999572753906,154167400
1365082200,2013-04-04,155.42999267578125,156.1699981689453,155.08999633789062,155.86000061035156,131885000
1365168600,2013-04-05,153.9499969482422,155.35000610351562,153.77000427246094,155.16000366210938,159666000
1365427800,2013-04-08,155.27000427246094,156.22000122070312,154.75,156.2100067138672,86571200
1365514200,2013-04-09,156.5,157.32000732421875,155.97999572753906,156.75,101922200
1365600600,2013-04-10,157.1699981689453,158.8699951171875,157.1300048828125,158.6699981689453,135711100
1365687000,2013-04-11,158.6999969482422,159.7100067138672,158.5399932861328,159.19000244140625,110142500
1365773400,2013-04-12,158.67999267578125,159.0399932861328,157.9199981689453,158.8000030517578,116359900
1366032600,2013-04-15,158,158.1300048828125,155.10000610351562,155.1199951171875,217259000
1366119000,2013-04-16,156.2899932861328,157.49000549316406,155.91000366210938,157.41000366210938,147507800
1366205400,2013-04-17,156.2899932861328,156.32000732421875,154.27999877929688,155.11000061035156,226834800
1366291800,2013-04-18,155.3699951171875,155.41000366210938,153.5500030517578,154.13999938964844,167583200
1366378200,2013-04-19,154.5,155.5500030517578,154.1199951171875,155.47999572753906,149687600
1366637400,2013-04-22,155.77999877929688,156.5399932861328,154.75,156.1699981689453,106553500
1366723800,2013-04-23,156.9499969482422,157.92999267578125,156.1699981689453,157.77999877929688,166141300
1366810200,2013-04-24,157.8300018310547,158.3000030517578,157.5399932861328,157.8800048828125,96781200
1366896600,2013-04-25,158.33999633789062,159.27000427246094,158.10000610351562,158.52000427246094,131060600
1366983000,2013-04-26,158.3300018310547,158.60000610351562,157.72999572753906,158.24000549316406,95918800
1367242200,2013-04-29,158.6699981689453,159.64999389648438,158.4199981689453,159.3000030517578,88572800
1367328600,2013-04-30,159.27000427246094,159.72000122070312,158.61000061035156,159.67999267578125,116010700
1367415000,2013-05-01,159.3300018310547,159.41000366210938,158.10000610351562,158.27999877929688,138874200
1367501400,2013-05-02,158.67999267578125,159.88999938964844,158.52999877929688,159.75,96407600
1367587800,2013-05-03,161.13999938964844,161.8800048828125,159.77999877929688,161.3699951171875,144202300
1367847000,2013-05-06,161.49000549316406,162.00999450683594,161.4199981689453,161.77999877929688,66882100
1367933400,2013-05-07,162.1300048828125,162.64999389648438,161.6699981689453,162.60000610351562,90359200
1368019800,2013-05-08,162.4199981689453,163.38999938964844,162.3300018310547,163.33999633789062,97419200
1368106200,2013-05-09,163.27000427246094,163.6999969482422,162.47000122070312,162.8800048828125,106738600
1368192600,2013-05-10,162.99000549316406,163.5500030517578,162.50999450683594,163.41000366210938,103203000
1368451800,2013-05-13,163.1999969482422,163.80999755859375,162.82000732421875,163.5399932861328,81843200
1368538200,2013-05-14,163.6699981689453,165.35000610351562,163.6699981689453,165.22999572753906,119000900
1368624600,2013-05-15,164.9600067138672,166.4499969482422,164.91000366210938,166.1199951171875,120718500
1368711000,2013-05-16,165.77999877929688,166.36000061035156,165.08999633789062,165.33999633789062,109913600
1368797400,2013-05-17,165.9499969482422,167.0399932861328,165.72999572753906,166.94000244140625,129801000
1369056600,2013-05-20,166.77999877929688,167.5800018310547,166.61000061035156,166.92999267578125,85071200
1369143000,2013-05-21,167.0800018310547,167.8000030517578,166.5,167.1699981689453,95804200
1369229400,2013-05-22,167.33999633789062,169.07000732421875,165.1699981689453,165.92999267578125,244031800
1369315800,2013-05-23,164.16000366210938,165.91000366210938,163.94000244140625,165.4499969482422,211064400
1369402200,2013-05-24,164.47000122070312,165.3800048828125,163.97999572753906,165.30999755859375,151573900
1369747800,2013-05-28,167.0399932861328,167.77999877929688,165.80999755859375,166.3000030517578,143679800
1369834200,2013-05-29,165.4199981689453,165.8000030517578,164.33999633789062,165.22000122070312,160363400
1369920600,2013-05-30,165.35000610351562,166.58999633789062,165.22000122070312,165.8300018310547,107793800
1370007000,2013-05-31,165.3699951171875,166.30999755859375,163.1300048828125,163.4499969482422,176850100
1370266200,2013-06-03,163.8300018310547,164.4600067138672,162.66000366210938,164.35000610351562,168390700
1370352600,2013-06-04,164.44000244140625,165.10000610351562,162.72999572753906,163.55999755859375,157631500
1370439000,2013-06-05,163.08999633789062,163.4199981689453,161.1300048828125,161.27000427246094,211737800
1370525400,2013-06-06,161.1999969482422,162.74000549316406,160.25,162.72999572753906,200225500
1370611800,2013-06-07,163.85000610351562,164.9499969482422,163.13999938964844,164.8000030517578,188337800
1370871000,2013-06-10,165.30999755859375,165.39999389648438,164.3699951171875,164.8000030517578,105667100
1370957400,2013-06-11,163.3000030517578,164.5399932861328,162.74000549316406,163.10000610351562,159505400
1371043800,2013-06-12,164.22000122070312,164.38999938964844,161.60000610351562,161.75,177361500
1371130200,2013-06-13,161.66000366210938,164.5,161.3000030517578,164.2100067138672,163587800
1371216600,2013-06-14,164.02999877929688,164.6699981689453,162.91000366210938,163.17999267578125,141197500
1371475800,2013-06-17,164.2899932861328,165.22000122070312,163.22000122070312,164.44000244140625,136295600
1371562200,2013-06-18,164.52999877929688,165.99000549316406,164.52000427246094,165.74000549316406,114695600
1371648600,2013-06-19,165.60000610351562,165.88999938964844,163.3800048828125,163.4499969482422,206149500
1371735000,2013-06-20,161.86000061035156,163.47000122070312,158.97999572753906,159.39999389648438,321255900
1371821400,2013-06-21,159.63999938964844,159.75999450683594,157.47000122070312,159.07000732421875,271956800
1372080600,2013-06-24,157.41000366210938,158.42999267578125,155.72999572753906,157.05999755859375,222329000
1372167000,2013-06-25,158.47999572753906,160.10000610351562,157.4199981689453,158.57000732421875,162262200
1372253400,2013-06-26,159.8699951171875,160.5,159.25,160.13999938964844,134848000
1372339800,2013-06-27,161.10000610351562,161.82000732421875,160.9499969482422,161.0800018310547,129483700
1372426200,2013-06-28,160.6300048828125,161.39999389648438,159.86000061035156,160.4199981689453,160402900
1372685400,2013-07-01,161.25999450683594,162.47999572753906,161.0800018310547,161.36000061035156,131954800
1372771800,2013-07-02,161.1199951171875,162.3000030517578,160.5,161.2100067138672,154863700
1372858200,2013-07-03,160.47999572753906,161.77000427246094,160.22000122070312,161.27999877929688,75216400
1373031000,2013-07-05,162.47000122070312,163.0800018310547,161.3000030517578,163.02000427246094,122416900
1373290200,2013-07-08,163.86000061035156,164.38999938964844,163.0800018310547,163.9499969482422,108092500
1373376600,2013-07-09,164.97999572753906,165.3300018310547,164.27000427246094,165.1300048828125,119298000
1373463000,2013-07-10,164.97000122070312,165.75,164.6300048828125,165.19000244140625,121410100
1373549400,2013-07-11,167.11000061035156,167.61000061035156,165.17999267578125,167.44000244140625,135592200
1373635800,2013-07-12,167.38999938964844,167.92999267578125,167.1300048828125,167.50999450683594,104212700
1373895000,2013-07-15,167.97000122070312,168.38999938964844,167.67999267578125,168.14999389648438,69450600
1373981400,2013-07-16,168.25999450683594,168.36000061035156,167.07000732421875,167.52000427246094,88702100
1374067800,2013-07-17,168.16000366210938,168.47999572753906,167.72999572753906,167.9499969482422,92873900
1374154200,2013-07-18,168.30999755859375,169.27000427246094,168.1999969482422,168.8699951171875,103620100
1374240600,2013-07-19,168.52000427246094,169.22999572753906,168.30999755859375,169.1699981689453,103831700
1374499800,2013-07-22,169.41000366210938,169.74000549316406,169.00999450683594,169.5,79428600
1374586200,2013-07-23,169.8000030517578,169.8300018310547,169.0500030517578,169.13999938964844,80829700
1374672600,2013-07-24,169.7899932861328,169.86000061035156,168.17999267578125,168.52000427246094,112914000
1374759000,2013-07-25,168.22000122070312,169.0800018310547,167.94000244140625,168.92999267578125,111088600
1374845400,2013-07-26,168.22000122070312,169.16000366210938,167.52000427246094,169.11000061035156,107814600
1375104600,2013-07-29,168.67999267578125,169.05999755859375,168.11000061035156,168.58999633789062,79695000
1375191000,2013-07-30,169.10000610351562,169.27999877929688,168.19000244140625,168.58999633789062,85209600
1375277400,2013-07-31,168.94000244140625,169.85000610351562,168.49000549316406,168.7100067138672,142388700
1375363800,2013-08-01,169.99000549316406,170.80999755859375,169.89999389648438,170.66000366210938,110438400
1375450200,2013-08-02,170.27999877929688,170.97000122070312,170.0500030517578,170.9499969482422,91116700
1375709400,2013-08-05,170.57000732421875,170.9600067138672,170.35000610351562,170.6999969482422,54072700
1375795800,2013-08-06,170.3699951171875,170.74000549316406,169.35000610351562,169.72999572753906,87495000
1375882200,2013-08-07,169.19000244140625,169.42999267578125,168.5500030517578,169.17999267578125,84854700
1375968600,2013-08-08,169.97999572753906,170.17999267578125,168.92999267578125,169.8000030517578,102181300
1376055000,2013-08-09,169.5800018310547,170.10000610351562,168.72000122070312,169.30999755859375,91757700
1376314200,2013-08-12,168.4600067138672,169.30999755859375,168.3800048828125,169.11000061035156,68593300
1376400600,2013-08-13,169.41000366210938,169.89999389648438,168.41000366210938,169.61000061035156,80806000
1376487000,2013-08-14,169.52999877929688,169.8000030517578,168.6999969482422,168.74000549316406,79829200
1376573400,2013-08-15,167.41000366210938,167.42999267578125,166.08999633789062,166.3800048828125,152931800
1376659800,2013-08-16,166.05999755859375,166.6300048828125,165.5,165.8300018310547,130868200
1376919000,2013-08-19,165.63999938964844,166.2100067138672,164.75999450683594,164.77000427246094,96437600
1377005400,2013-08-20,165.0399932861328,166.1999969482422,164.86000061035156,165.5800018310547,89294400
1377091800,2013-08-21,165.1199951171875,166.02999877929688,164.19000244140625,164.55999755859375,159530500
1377178200,2013-08-22,164.89999389648438,166.3000030517578,164.88999938964844,166.05999755859375,101471400
1377264600,2013-08-23,166.5500030517578,166.8300018310547,165.77000427246094,166.6199951171875,90888900
1377523800,2013-08-26,166.7899932861328,167.3000030517578,165.88999938964844,166,89702100
1377610200,2013-08-27,164.36000061035156,166,163.2100067138672,163.3300018310547,158619400
1377696600,2013-08-28,163.25999450683594,164.49000549316406,163.0500030517578,163.91000366210938,108113000
1377783000,2013-08-29,163.5500030517578,165.0399932861328,163.39999389648438,164.1699981689453,119200500
1377869400,2013-08-30,164.50999450683594,164.52999877929688,163.1699981689453,163.64999389648438,134928900
1378215000,2013-09-03,165.22999572753906,165.5800018310547,163.6999969482422,164.38999938964844,142375100
1378301400,2013-09-04,164.42999267578125,166.02999877929688,164.1300048828125,165.75,97389400
1378387800,2013-09-05,165.85000610351562,166.39999389648438,165.72999572753906,165.9600067138672,63090500
1378474200,2013-09-06,166.50999450683594,166.97999572753906,164.47999572753906,166.0399932861328,159756500
1378733400,2013-09-09,166.4499969482422,167.72999572753906,166.4499969482422,167.6300048828125,87559300
1378819800,2013-09-10,168.63999938964844,168.89999389648438,168.25999450683594,168.8699951171875,105847200
1378906200,2013-09-11,168.63999938964844,169.39999389648438,168.35000610351562,169.39999389648438,94545900
1378992600,2013-09-12,169.33999633789062,169.55999755859375,168.72000122070312,168.9499969482422,83209000
1379079000,2013-09-13,169.1300048828125,169.4600067138672,168.74000549316406,169.3300018310547,72727800
1379338200,2013-09-16,171.16000366210938,171.24000549316406,170.0399932861328,170.30999755859375,106299200
1379424600,2013-09-17,170.4600067138672,171.11000061035156,170.4600067138672,171.07000732421875,82523300
1379511000,2013-09-18,171.00999450683594,173.52000427246094,170.5800018310547,173.0500030517578,203460600
1379597400,2013-09-19,173.52000427246094,173.60000610351562,172.58999633789062,172.75999450683594,146616900
1379683800,2013-09-20,172.3300018310547,172.3300018310547,170.5800018310547,170.72000122070312,132867100
1379943000,2013-09-23,170.49000549316406,170.64999389648438,169.38999938964844,169.92999267578125,104616500
1380029400,2013-09-24,169.89999389648438,170.52999877929688,169.2100067138672,169.52999877929688,106333100
1380115800,2013-09-25,169.63999938964844,169.97999572753906,168.88999938964844,169.0399932861328,117306500
1380202200,2013-09-26,169.32000732421875,170.1699981689453,169.0500030517578,169.69000244140625,77146900
1380288600,2013-09-27,168.83999633789062,169.13999938964844,168.47000122070312,168.91000366210938,99141800
1380547800,2013-09-30,167.47999572753906,168.5399932861328,167.14999389648438,168.00999450683594,143937000
1380634200,2013-10-01,168.13999938964844,169.5,167.97000122070312,169.33999633789062,127160000
1380720600,2013-10-02,168.35000610351562,169.33999633789062,167.8300018310547,169.17999267578125,113350000
1380807000,2013-10-03,168.7899932861328,168.94000244140625,166.83999633789062,167.6199951171875,176698000
1380893400,2013-10-04,167.75,169.05999755859375,167.52999877929688,168.88999938964844,96878000
1381152600,2013-10-07,167.4199981689453,168.4499969482422,167.25,167.42999267578125,96295000
1381239000,2013-10-08,167.39999389648438,167.6199951171875,165.36000061035156,165.47999572753906,178015000
1381325400,2013-10-09,165.8000030517578,166.1999969482422,164.52999877929688,165.60000610351562,168973000
1381411800,2013-10-10,167.2899932861328,169.25999450683594,167.22999572753906,169.1699981689453,195955000
1381498200,2013-10-11,168.91000366210938,170.32000732421875,168.77000427246094,170.25999450683594,105040000
1381757400,2013-10-14,169.2100067138672,171.0800018310547,169.0800018310547,170.94000244140625,112106000
1381843800,2013-10-15,170.50999450683594,171.14999389648438,169.47000122070312,169.6999969482422,155485000
1381930200,2013-10-16,170.72000122070312,172.16000366210938,170.63999938964844,172.07000732421875,161676000
1382016600,2013-10-17,171.3699951171875,173.32000732421875,171.33999633789062,173.22000122070312,129389000
1382103000,2013-10-18,173.86000061035156,174.50999450683594,173.50999450683594,174.38999938964844,138316000
1382362200,2013-10-21,174.4499969482422,174.75,174.00999450683594,174.39999389648438,104104000
1382448600,2013-10-22,174.91000366210938,175.92999267578125,174.42999267578125,175.41000366210938,126663000
1382535000,2013-10-23,174.80999755859375,174.88999938964844,173.9600067138672,174.57000732421875,105484000
1382621400,2013-10-24,174.9199981689453,175.3699951171875,174.50999450683594,175.14999389648438,70350000
1382707800,2013-10-25,175.50999450683594,176,175.1699981689453,175.9499969482422,93625000
1382967000,2013-10-28,175.88999938964844,176.47000122070312,175.6999969482422,176.22999572753906,84979000
1383053400,2013-10-29,176.6300048828125,177.24000549316406,176.3800048828125,177.1699981689453,87401000
1383139800,2013-10-30,177.3800048828125,177.50999450683594,175.66000366210938,176.2899932861328,140002000
1383226200,2013-10-31,176.14999389648438,176.88999938964844,175.52999877929688,175.7899932861328,133795000
1383312600,2013-11-01,176.02000427246094,176.61000061035156,175.22000122070312,176.2100067138672,142805000
1383575400,2013-11-04,176.69000244140625,176.89999389648438,175.97999572753906,176.8300018310547,85677000
1383661800,2013-11-05,176.13999938964844,176.75,175.57000732421875,176.27000427246094,85825000
1383748200,2013-11-06,177.02999877929688,177.5,176.5399932861328,177.1699981689453,87348000
1383834600,2013-11-07,177.5,177.63999938964844,174.75999450683594,174.92999267578125,157000000
1383921000,2013-11-08,174.8699951171875,177.30999755859375,174.85000610351562,177.2899932861328,136713000
1384180200,2013-11-11,177.1199951171875,177.52999877929688,176.91000366210938,177.32000732421875,62614000
1384266600,2013-11-12,176.94000244140625,177.36000061035156,176.3699951171875,176.9600067138672,83990000
1384353000,2013-11-13,176.08999633789062,178.42999267578125,176.08999633789062,178.3800048828125,103844000
1384439400,2013-11-14,178.5399932861328,179.4199981689453,178.25,179.27000427246094,103435000
1384525800,2013-11-15,179.55999755859375,180.1199951171875,179.3300018310547,180.0500030517578,102818000
1384785000,2013-11-18,180.35000610351562,180.5,179.02000427246094,179.4199981689453,104796000
1384871400,2013-11-19,179.3300018310547,179.8699951171875,178.72000122070312,179.02999877929688,93891000
1384957800,2013-11-20,179.38999938964844,179.92999267578125,177.97999572753906,178.47000122070312,124909000
1385044200,2013-11-21,178.97000122070312,180.0500030517578,178.86000061035156,179.91000366210938,92841000
1385130600,2013-11-22,179.97999572753906,180.8300018310547,179.77000427246094,180.80999755859375,81296000
1385389800,2013-11-25,181.1300048828125,181.1699981689453,180.3699951171875,180.6300048828125,79486000
1385476200,2013-11-26,180.72000122070312,181.22000122070312,180.41000366210938,180.67999267578125,86994000
1385562600,2013-11-27,180.8699951171875,181.24000549316406,180.64999389648438,181.1199951171875,58800000
1385735400,2013-11-29,181.32000732421875,181.75,180.8000030517578,181,55870900
1385994600,2013-12-02,181.08999633789062,181.42999267578125,180.25,180.52999877929688,99726000
1386081000,2013-12-03,179.94000244140625,180.38999938964844,179.1699981689453,179.75,116563000
1386167400,2013-12-04,179.10000610351562,180.47999572753906,178.35000610351562,179.72999572753906,123033000
1386253800,2013-12-05,179.41000366210938,179.74000549316406,178.77000427246094,178.94000244140625,106934000
1386340200,2013-12-06,180.6699981689453,181.11000061035156,180.14999389648438,180.94000244140625,127728000
1386599400,2013-12-09,181.47000122070312,181.6699981689453,181.16000366210938,181.39999389648438,70124000
1386685800,2013-12-10,180.97999572753906,181.36000061035156,180.63999938964844,180.75,80976000
1386772200,2013-12-11,180.82000732421875,180.85000610351562,178.5,178.72000122070312,130591000
1386858600,2013-12-12,178.63999938964844,178.86000061035156,177.75999450683594,178.1300048828125,115565000
1386945000,2013-12-13,178.5,178.66000366210938,177.77000427246094,178.11000061035156,107808000
1387204200,2013-12-16,178.9499969482422,179.80999755859375,178.89999389648438,179.22000122070312,96195000
1387290600,2013-12-17,179.3800048828125,179.41000366210938,178.25,178.64999389648438,89886000
1387377000,2013-12-18,178.9199981689453,181.72999572753906,177.32000732421875,181.6999969482422,234906000
1387463400,2013-12-19,181.17999267578125,181.6999969482422,180.7100067138672,181.49000549316406,136531200
1387549800,2013-12-20,180.69000244140625,181.99000549316406,180.57000732421875,181.55999755859375,197087000
1387809000,2013-12-23,182.4499969482422,182.63999938964844,182.07000732421875,182.52999877929688,85598000
1387895400,2013-12-24,182.5399932861328,183.00999450683594,182.52999877929688,182.92999267578125,45368800
1388068200,2013-12-26,183.33999633789062,183.9600067138672,183.32000732421875,183.86000061035156,63365000
1388154600,2013-12-27,184.10000610351562,184.17999267578125,183.66000366210938,183.85000610351562,61814000
1388413800,2013-12-30,183.8699951171875,184.02000427246094,183.5800018310547,183.82000732421875,56857000
1388500200,2013-12-31,184.07000732421875,184.69000244140625,183.92999267578125,184.69000244140625,86119900
1388673000,2014-01-02,183.97999572753906,184.07000732421875,182.47999572753906,182.9199981689453,119636900
1388759400,2014-01-03,183.22999572753906,183.60000610351562,182.6300048828125,182.88999938964844,81390600
1389018600,2014-01-06,183.49000549316406,183.55999755859375,182.0800018310547,182.36000061035156,108028200
1389105000,2014-01-07,183.08999633789062,183.7899932861328,182.9499969482422,183.47999572753906,86144200
1389191400,2014-01-08,183.4499969482422,183.8300018310547,182.88999938964844,183.52000427246094,96582300
1389277800,2014-01-09,184.11000061035156,184.1300048828125,182.8000030517578,183.63999938964844,90683400
1389364200,2014-01-10,183.9499969482422,184.22000122070312,183.00999450683594,184.13999938964844,102026400
1389623400,2014-01-13,183.6699981689453,184.17999267578125,181.33999633789062,181.69000244140625,149892000
1389709800,2014-01-14,182.2899932861328,183.77000427246094,181.9499969482422,183.6699981689453,105016100
1389796200,2014-01-15,184.10000610351562,184.94000244140625,183.7100067138672,184.66000366210938,98525800
1389882600,2014-01-16,184.27999877929688,184.66000366210938,183.8300018310547,184.4199981689453,72290600
1389969000,2014-01-17,184.10000610351562,184.4499969482422,183.32000732421875,183.63999938964844,107848700
1390314600,2014-01-21,184.6999969482422,184.77000427246094,183.0500030517578,184.17999267578125,88621200
1390401000,2014-01-22,184.49000549316406,184.57000732421875,183.91000366210938,184.3000030517578,61270900
1390487400,2014-01-23,183.3699951171875,183.39999389648438,181.82000732421875,182.7899932861328,132496900
1390573800,2014-01-24,181.60000610351562,181.66000366210938,178.8300018310547,178.88999938964844,208677100
1390833000,2014-01-27,179.05999755859375,179.52000427246094,177.1199951171875,178.00999450683594,180843100
1390919400,2014-01-28,178.13999938964844,179.3000030517578,178.1199951171875,179.07000732421875,110463200
1391005800,2014-01-29,177.5800018310547,178.5500030517578,176.8800048828125,177.35000610351562,216597300
1391092200,2014-01-30,178.8300018310547,179.80999755859375,178.25999450683594,179.22999572753906,118938100
1391178600,2014-01-31,177.00999450683594,179.2899932861328,176.9199981689453,178.17999267578125,194677900
1391437800,2014-02-03,177.97000122070312,178.3699951171875,173.8300018310547,174.1699981689453,254837100
1391524200,2014-02-04,174.9499969482422,175.83999633789062,174.11000061035156,175.38999938964844,165012400
1391610600,2014-02-05,174.77999877929688,175.55999755859375,173.7100067138672,175.1699981689453,164230500
1391697000,2014-02-06,175.5800018310547,177.47999572753906,175.22000122070312,177.47999572753906,132877600
1391783400,2014-02-07,178.30999755859375,179.8699951171875,177.72999572753906,179.67999267578125,170787200
1392042600,2014-02-10,179.6999969482422,180.07000732421875,179.2100067138672,180.00999450683594,92218800
1392129000,2014-02-11,180.16000366210938,182.44000244140625,180.0399932861328,181.97999572753906,117814100
1392215400,2014-02-12,182.25,182.8300018310547,181.7100067138672,182.07000732421875,94717700
1392301800,2014-02-13,180.83999633789062,183.1999969482422,180.8300018310547,183.00999450683594,100542200
1392388200,2014-02-14,182.83999633789062,184.36000061035156,182.6699981689453,184.02000427246094,96498400
1392733800,2014-02-18,184.17999267578125,184.49000549316406,183.64999389648438,184.24000549316406,80460900
1392820200,2014-02-19,183.75999450683594,184.9499969482422,182.8699951171875,183.02000427246094,126524300
1392906600,2014-02-20,183.27000427246094,184.52000427246094,182.60000610351562,184.10000610351562,104998100
1392993000,2014-02-21,184.4499969482422,184.88999938964844,183.8000030517578,183.88999938964844,118116400
1393252200,2014-02-24,184.27999877929688,186.14999389648438,184.1999969482422,184.91000366210938,114063900
1393338600,2014-02-25,185.05999755859375,185.58999633789062,184.22999572753906,184.83999633789062,117085000
1393425000,2014-02-26,185.11000061035156,185.60000610351562,184.3300018310547,184.85000610351562,98677200
1393511400,2014-02-27,184.5800018310547,185.8699951171875,184.3699951171875,185.82000732421875,93880800
1393597800,2014-02-28,185.7899932861328,187.14999389648438,185.0500030517578,186.2899932861328,150842000
1393857000,2014-03-03,184.64999389648438,185.4499969482422,183.75,184.97999572753906,167748500
1393943400,2014-03-04,186.7899932861328,187.97999572753906,186.75,187.5800018310547,167545900
1394029800,2014-03-05,187.74000549316406,188.07000732421875,187.4499969482422,187.75,88376900
1394116200,2014-03-06,188.2100067138672,188.61000061035156,187.77999877929688,188.17999267578125,82516500
1394202600,2014-03-07,188.9600067138672,188.9600067138672,187.42999267578125,188.25999450683594,114513500
1394458200,2014-03-10,187.97000122070312,188.22999572753906,187.0800018310547,188.16000366210938,74939200
1394544600,2014-03-11,188.44000244140625,188.7100067138672,186.8000030517578,187.22999572753906,99009100
1394631000,2014-03-12,186.32000732421875,187.35000610351562,185.89999389648438,187.27999877929688,104824400
1394717400,2014-03-13,187.83999633789062,187.99000549316406,184.66000366210938,185.17999267578125,155014300
1394803800,2014-03-14,184.85000610351562,185.8000030517578,184.44000244140625,184.66000366210938,153919600
1395063000,2014-03-17,185.58999633789062,186.77000427246094,185.50999450683594,186.3300018310547,98359500
1395149400,2014-03-18,186.7100067138672,187.91000366210938,186.50999450683594,187.66000366210938,101804600
1395235800,2014-03-19,187.67999267578125,187.94000244140625,185.47000122070312,186.66000366210938,176267300
1395322200,2014-03-20,186.25,187.88999938964844,185.9199981689453,187.75,117241000
1395408600,2014-03-21,187.7100067138672,189.02000427246094,186.02999877929688,186.1999969482422,163128000
1395667800,2014-03-24,186.83999633789062,187.07000732421875,184.6199951171875,185.42999267578125,121411000
1395754200,2014-03-25,186.3699951171875,186.94000244140625,185.27000427246094,186.30999755859375,103852000
1395840600,2014-03-26,187.0399932861328,187.33999633789062,184.9199981689453,184.97000122070312,119843000
1395927000,2014-03-27,184.75,185.33999633789062,183.89999389648438,184.5800018310547,142383000
1396013400,2014-03-28,185.11000061035156,186.4199981689453,185,185.49000549316406,101642000
1396272600,2014-03-31,186.6699981689453,187.3000030517578,185.52000427246094,187.00999450683594,99745000
1396359000,2014-04-01,187.6199951171875,188.36000061035156,187,188.25,89193000
1396445400,2014-04-02,188.49000549316406,189.1300048828125,188.13999938964844,188.8800048828125,78774000
1396531800,2014-04-03,189.1699981689453,189.22000122070312,188.0500030517578,188.6300048828125,77435000
1396618200,2014-04-04,189.66000366210938,189.6999969482422,186.10000610351562,186.39999389648438,169381000
1396877400,2014-04-07,185.9499969482422,186.25999450683594,183.9600067138672,184.33999633789062,140803000
1396963800,2014-04-08,184.25999450683594,185.39999389648438,183.58999633789062,185.10000610351562,112660000
1397050200,2014-04-09,185.60000610351562,187.14999389648438,185.05999755859375,187.08999633789062,100254000
1397136600,2014-04-10,187.0800018310547,187.1699981689453,182.92999267578125,183.16000366210938,172959000
1397223000,2014-04-11,182.13999938964844,183.4199981689453,181.30999755859375,181.50999450683594,167251000
1397482200,2014-04-14,182.92999267578125,183.3699951171875,181.44000244140625,182.94000244140625,132382000
1397568600,2014-04-15,183.32000732421875,184.3300018310547,181.50999450683594,184.1999969482422,157093000
1397655000,2014-04-16,185.47000122070312,186.13999938964844,184.64999389648438,186.1300048828125,105197000
1397741400,2014-04-17,185.8800048828125,186.91000366210938,185.55999755859375,186.38999938964844,105255000
1398087000,2014-04-21,186.44000244140625,187.10000610351562,186.2100067138672,187.0399932861328,68329000
1398173400,2014-04-22,187.22999572753906,188.39999389648438,187.1300048828125,187.88999938964844,85790000
1398259800,2014-04-23,187.82000732421875,187.9199981689453,187.3000030517578,187.4499969482422,73869000
1398346200,2014-04-24,188.3699951171875,188.38999938964844,186.92999267578125,187.8300018310547,88170000
1398432600,2014-04-25,187.22000122070312,187.3300018310547,185.8699951171875,186.2899932861328,100380000
1398691800,2014-04-28,187.0500030517578,187.69000244140625,184.9600067138672,186.8800048828125,135121000
1398778200,2014-04-29,187.47999572753906,188.0399932861328,187.0800018310547,187.75,84098000
1398864600,2014-04-30,187.44000244140625,188.5,187.17999267578125,188.30999755859375,101508000
1398951000,2014-05-01,188.22000122070312,188.83999633789062,187.72999572753906,188.3300018310547,93019000
1399037400,2014-05-02,188.30999755859375,189.13999938964844,187.77999877929688,188.05999755859375,98122000
1399296600,2014-05-05,187.13999938964844,188.5500030517578,186.6199951171875,188.4199981689453,75883000
1399383000,2014-05-06,188,188.1300048828125,186.74000549316406,186.77999877929688,85454000
