AXIOM TRADING BOT - SPY HISTORICAL DATA EXPORT - PART 3/4
(paste parts in order 1/4 -> 4/4)

1399469400,2014-05-07,187.41000366210938,187.97000122070312,186.00999450683594,187.8800048828125,106500000
1399555800,2014-05-08,187.7100067138672,189.0500030517578,187.0800018310547,187.67999267578125,93618000
1399642200,2014-05-09,187.7100067138672,188.0399932861328,186.8300018310547,187.9600067138672,83679000
1399901400,2014-05-12,188.8000030517578,189.8800048828125,188,189.7899932861328,86940000
1399987800,2014-05-13,190.0399932861328,190.4199981689453,189.77000427246094,189.9600067138672,66454000
1400074200,2014-05-14,189.7899932861328,189.8800048828125,188.7899932861328,189.05999755859375,72367000
1400160600,2014-05-15,188.67999267578125,188.72000122070312,186.47999572753906,187.39999389648438,154956000
1400247000,2014-05-16,187.50999450683594,188.1300048828125,186.72000122070312,188.0500030517578,97458000
1400506200,2014-05-19,187.69000244140625,188.88999938964844,187.52000427246094,188.74000549316406,63839000
1400592600,2014-05-20,188.64999389648438,188.6699981689453,187.07000732421875,187.5500030517578,111644000
1400679000,2014-05-21,188.08999633789062,189.22000122070312,188.05999755859375,189.1300048828125,89093000
1400765400,2014-05-22,189.17999267578125,189.97999572753906,188.86000061035156,189.58999633789062,61549000
1400851800,2014-05-23,189.75999450683594,190.47999572753906,189.58999633789062,190.35000610351562,61092800
1401197400,2014-05-27,191.05999755859375,191.5800018310547,190.9499969482422,191.52000427246094,72010000
1401283800,2014-05-28,191.52000427246094,191.82000732421875,191.05999755859375,191.3800048828125,66723000
1401370200,2014-05-29,191.82000732421875,192.39999389648438,191.3300018310547,192.3699951171875,64377000
1401456600,2014-05-30,192.19000244140625,192.8000030517578,192.02999877929688,192.67999267578125,76316000
1401715800,2014-06-02,192.9499969482422,192.99000549316406,191.97000122070312,192.89999389648438,64656000
1401802200,2014-06-03,192.42999267578125,192.89999389648438,192.25,192.8000030517578,65047000
1401888600,2014-06-04,192.47000122070312,193.3000030517578,192.27000427246094,193.19000244140625,55529000
1401975000,2014-06-05,193.41000366210938,194.64999389648438,192.6999969482422,194.4499969482422,92103000
1402061400,2014-06-06,194.8699951171875,195.42999267578125,194.77999877929688,195.3800048828125,78696000
1402320600,2014-06-09,195.35000610351562,196.0500030517578,195.1699981689453,195.5800018310547,65119000
1402407000,2014-06-10,195.33999633789062,195.63999938964844,194.9199981689453,195.60000610351562,57129000
1402493400,2014-06-11,194.89999389648438,195.1199951171875,194.47999572753906,194.9199981689453,68772000
1402579800,2014-06-12,194.69000244140625,194.8000030517578,193.11000061035156,193.5399932861328,106350000
1402666200,2014-06-13,193.9199981689453,194.32000732421875,193.3000030517578,194.1300048828125,82017000
1402925400,2014-06-16,193.88999938964844,194.6999969482422,193.66000366210938,194.2899932861328,87424000
1403011800,2014-06-17,194.02000427246094,194.97000122070312,193.80999755859375,194.8300018310547,84834000
1403098200,2014-06-18,194.8300018310547,196.3699951171875,194.39999389648438,196.25999450683594,105267000
1403184600,2014-06-19,196.42999267578125,196.60000610351562,195.8000030517578,196.47999572753906,85929000
1403271000,2014-06-20,196.02999877929688,196.10000610351562,195.6999969482422,195.94000244140625,100587000
1403530200,2014-06-23,195.99000549316406,196.0500030517578,195.52000427246094,195.8800048828125,70611000
1403616600,2014-06-24,195.52999877929688,196.5,194.47999572753906,194.6999969482422,96237000
1403703000,2014-06-25,194.2899932861328,195.77999877929688,194.25,195.5800018310547,82782000
1403789400,2014-06-26,195.61000061035156,195.6300048828125,194.1300048828125,195.44000244140625,84312000
1403875800,2014-06-27,194.97999572753906,195.8800048828125,194.88999938964844,195.82000732421875,71445100
1404135000,2014-06-30,195.6999969482422,196.1699981689453,195.52999877929688,195.72000122070312,70201200
1404221400,2014-07-01,196.1999969482422,197.6300048828125,196.1300048828125,197.02999877929688,90470000
1404307800,2014-07-02,197.0500030517578,197.47999572753906,196.9600067138672,197.22999572753906,52475000
1404394200,2014-07-03,197.7899932861328,198.2899932861328,197.63999938964844,198.1999969482422,52938800
1404739800,2014-07-07,197.82000732421875,197.97999572753906,197.22000122070312,197.50999450683594,61696000
1404826200,2014-07-08,197.14999389648438,197.22000122070312,195.75999450683594,196.24000549316406,108143000
1404912600,2014-07-09,196.72999572753906,197.3000030517578,196.30999755859375,197.1199951171875,72992000
1404999000,2014-07-10,195.22000122070312,196.86000061035156,195.05999755859375,196.33999633789062,99040000
1405085400,2014-07-11,196.22000122070312,196.75,195.77999877929688,196.61000061035156,64243000
1405344600,2014-07-14,197.61000061035156,197.86000061035156,197.44000244140625,197.60000610351562,58658000
1405431000,2014-07-15,197.72000122070312,198.10000610351562,196.36000061035156,197.22999572753906,111307000
1405517400,2014-07-16,198.11000061035156,198.25999450683594,197.4199981689453,197.9600067138672,79986400
1405603800,2014-07-17,197.35000610351562,198.10000610351562,195.42999267578125,195.7100067138672,145398000
1405690200,2014-07-18,196.35000610351562,197.91000366210938,196.24000549316406,197.7100067138672,124330000
1405949400,2014-07-21,197.08999633789062,197.5,196.42999267578125,197.33999633789062,67592000
1406035800,2014-07-22,198.00999450683594,198.55999755859375,197.8699951171875,198.1999969482422,67678000
1406122200,2014-07-23,198.5,198.85000610351562,198.10000610351562,198.63999938964844,65612000
1406208600,2014-07-24,198.8300018310547,199.05999755859375,198.4499969482422,198.64999389648438,56888000
1406295000,2014-07-25,198.08999633789062,198.25999450683594,197.3300018310547,197.72000122070312,76837000
1406554200,2014-07-28,197.75999450683594,198.08999633789062,196.6199951171875,197.8000030517578,69259000
1406640600,2014-07-29,198.1699981689453,198.4499969482422,196.9199981689453,196.9499969482422,80466000
1406727000,2014-07-30,197.64999389648438,197.91000366210938,196.16000366210938,196.97999572753906,104222000
1406813400,2014-07-31,195.61000061035156,195.77999877929688,192.97000122070312,193.08999633789062,183479000
1406899800,2014-08-01,192.55999755859375,193.75999450683594,191.57000732421875,192.5,189261000
1407159000,2014-08-04,192.8699951171875,194.3000030517578,192.0500030517578,193.88999938964844,91340000
1407245400,2014-08-05,193.10000610351562,193.60000610351562,191.30999755859375,192.00999450683594,152690000
1407331800,2014-08-06,191.11000061035156,192.88999938964844,191.0800018310547,192.07000732421875,94818000
1407418200,2014-08-07,192.94000244140625,193.1300048828125,190.5500030517578,191.02999877929688,135733000
1407504600,2014-08-08,191.4600067138672,193.3699951171875,190.9499969482422,193.24000549316406,117014000
1407763800,2014-08-11,193.97000122070312,194.66000366210938,193.7100067138672,193.8000030517578,74544000
1407850200,2014-08-12,193.61000061035156,194.14999389648438,192.94000244140625,193.52999877929688,73632000
1407936600,2014-08-13,194.2899932861328,195.05999755859375,193.9600067138672,194.83999633789062,69047000
1408023000,2014-08-14,195.16000366210938,195.75999450683594,194.97999572753906,195.75999450683594,57371000
1408109400,2014-08-15,196.47000122070312,196.64999389648438,194.30999755859375,195.72000122070312,139951000
1408368600,2014-08-18,196.8000030517578,197.4499969482422,196.69000244140625,197.36000061035156,75424000
1408455000,2014-08-19,197.83999633789062,198.5399932861328,197.44000244140625,198.38999938964844,59135000
1408541400,2014-08-20,198.1199951171875,199.16000366210938,198.0800018310547,198.9199981689453,72763000
1408627800,2014-08-21,199.08999633789062,199.75999450683594,198.92999267578125,199.5,67791000
1408714200,2014-08-22,199.33999633789062,199.69000244140625,198.74000549316406,199.19000244140625,76107000
1408973400,2014-08-25,200.13999938964844,200.58999633789062,199.14999389648438,200.1999969482422,63855000
1409059800,2014-08-26,200.3300018310547,200.82000732421875,200.27999877929688,200.3300018310547,47298000
1409146200,2014-08-27,200.42999267578125,200.57000732421875,199.94000244140625,200.25,47874000
1409232600,2014-08-28,199.58999633789062,200.27000427246094,199.38999938964844,200.13999938964844,58330000
1409319000,2014-08-29,200.4499969482422,200.72999572753906,199.82000732421875,200.7100067138672,65907000
1409664600,2014-09-02,200.97000122070312,201,199.86000061035156,200.61000061035156,72426000
1409751000,2014-09-03,201.3800048828125,201.41000366210938,200.22000122070312,200.5,57462000
1409837400,2014-09-04,200.83999633789062,201.5800018310547,199.66000366210938,200.2100067138672,85236000
1409923800,2014-09-05,200.1699981689453,201.19000244140625,199.41000366210938,201.11000061035156,102177000
1410183000,2014-09-08,200.9199981689453,201.2100067138672,200,200.58999633789062,64146000
1410269400,2014-09-09,200.41000366210938,200.5500030517578,198.91000366210938,199.32000732421875,88591000
1410355800,2014-09-10,199.42999267578125,200.1999969482422,198.77000427246094,200.07000732421875,67251000
1410442200,2014-09-11,199.27000427246094,200.3300018310547,199.1199951171875,200.3000030517578,66774400
1410528600,2014-09-12,200.10000610351562,200.1199951171875,198.55999755859375,199.1300048828125,117409300
1410787800,2014-09-15,199.16000366210938,199.32000732421875,198.3800048828125,198.97999572753906,76401000
1410874200,2014-09-16,198.61000061035156,200.83999633789062,198.5,200.47999572753906,116201000
1410960600,2014-09-17,200.77000427246094,201.67999267578125,199.75,200.75,151266000
1411047000,2014-09-18,201.36000061035156,201.85000610351562,201.10000610351562,201.82000732421875,94990000
1411133400,2014-09-19,201.52000427246094,201.89999389648438,200.2899932861328,200.6999969482422,121649000
1411392600,2014-09-22,200.35000610351562,200.3800048828125,198.72999572753906,199.14999389648438,125553000
1411479000,2014-09-23,198.42999267578125,199.25999450683594,197.9499969482422,198.00999450683594,111393000
1411565400,2014-09-24,198.0399932861328,199.69000244140625,197.52000427246094,199.55999755859375,107276000
1411651800,2014-09-25,199.0399932861328,199.0500030517578,196.27000427246094,196.33999633789062,150300000
1411738200,2014-09-26,196.6999969482422,198.38999938964844,196.4199981689453,197.89999389648438,103547000
1411997400,2014-09-29,196.1999969482422,197.88999938964844,196.0500030517578,197.5399932861328,95112000
1412083800,2014-09-30,197.69000244140625,198.3000030517578,196.61000061035156,197.02000427246094,131302000
1412170200,2014-10-01,196.6999969482422,196.77000427246094,193.91000366210938,194.35000610351562,177798000
1412256600,2014-10-02,194.17999267578125,195.05999755859375,192.35000610351562,194.3800048828125,157285000
1412343000,2014-10-03,195.67999267578125,196.94000244140625,195.0800018310547,196.52000427246094,121569000
1412602200,2014-10-06,197.33999633789062,197.60000610351562,195.5800018310547,196.2899932861328,104778000
1412688600,2014-10-07,195.27999877929688,195.72000122070312,193.22000122070312,193.25999450683594,147913000
1412775000,2014-10-08,193.3699951171875,196.9199981689453,192.36000061035156,196.63999938964844,186461000
1412861400,2014-10-09,196.3300018310547,196.60000610351562,192.5800018310547,192.74000549316406,210705000
1412947800,2014-10-10,192.69000244140625,193.64999389648438,190.49000549316406,190.5399932861328,221909000
1413207000,2014-10-13,190.4600067138672,191.14999389648438,187.3000030517578,187.41000366210938,230939000
1413293400,2014-10-14,188.4199981689453,189.82000732421875,187.0399932861328,187.6999969482422,215847000
1413379800,2014-10-15,185.16000366210938,187.69000244140625,181.9199981689453,186.42999267578125,380715000
1413466200,2014-10-16,183.05999755859375,187.5800018310547,182.88999938964844,186.27000427246094,270391000
1413552600,2014-10-17,188.4199981689453,189.75,187.6199951171875,188.47000122070312,214625000
1413811800,2014-10-20,188.1300048828125,190.4499969482422,188.07000732421875,190.3000030517578,130011000
1413898200,2014-10-21,191.67999267578125,194.1999969482422,191.47999572753906,194.07000732421875,154949000
1413984600,2014-10-22,194.41000366210938,194.91000366210938,192.61000061035156,192.69000244140625,151822000
1414071000,2014-10-23,194.6199951171875,196.1999969482422,194.25999450683594,194.92999267578125,154944000
1414157400,2014-10-24,195.25,196.49000549316406,194.49000549316406,196.42999267578125,117927000
1414416600,2014-10-27,195.72999572753906,196.4499969482422,195.02999877929688,196.16000366210938,82954000
1414503000,2014-10-28,196.82000732421875,198.4199981689453,196.72999572753906,198.41000366210938,106736000
1414589400,2014-10-29,198.5500030517578,199.1199951171875,196.8000030517578,198.11000061035156,142557000
1414675800,2014-10-30,197.5800018310547,199.9499969482422,197.39999389648438,199.3800048828125,113330000
1414762200,2014-10-31,201.77999877929688,201.82000732421875,200.77000427246094,201.66000366210938,146903000
1415025000,2014-11-03,201.9199981689453,202.4499969482422,201.30999755859375,201.77000427246094,93600000
1415111400,2014-11-04,201.22999572753906,201.60000610351562,200.05999755859375,201.07000732421875,93343000
1415197800,2014-11-05,202.5399932861328,202.58999633789062,201.4499969482422,202.33999633789062,91709000
1415284200,2014-11-06,202.38999938964844,203.25999450683594,201.63999938964844,203.14999389648438,107089000
1415370600,2014-11-07,203.1699981689453,203.60000610351562,202.61000061035156,203.33999633789062,89540000
1415629800,2014-11-10,203.3800048828125,204.0399932861328,203.1300048828125,203.97999572753906,66319000
1415716200,2014-11-11,204.05999755859375,204.30999755859375,203.64999389648438,204.17999267578125,54499400
1415802600,2014-11-12,203.35000610351562,204.24000549316406,203.30999755859375,203.9600067138672,90120300
1415889000,2014-11-13,204.16000366210938,204.8300018310547,203.2100067138672,204.19000244140625,85357900
1415975400,2014-11-14,204.10000610351562,204.49000549316406,203.72000122070312,204.24000549316406,80417500
1416234600,2014-11-17,203.85000610351562,204.5800018310547,203.64999389648438,204.3699951171875,80441000
1416321000,2014-11-18,204.44000244140625,205.9199981689453,204.44000244140625,205.5500030517578,76068100
1416407400,2014-11-19,205.30999755859375,205.5500030517578,204.3000030517578,205.22000122070312,82373000
1416493800,2014-11-20,204.25999450683594,205.7100067138672,204.17999267578125,205.5800018310547,72840300
1416580200,2014-11-21,207.63999938964844,207.83999633789062,205.97999572753906,206.67999267578125,142327300
1416839400,2014-11-24,207.1699981689453,207.38999938964844,206.91000366210938,207.25999450683594,65880800
1416925800,2014-11-25,207.5399932861328,207.7899932861328,206.8000030517578,207.11000061035156,79108300
1417012200,2014-11-26,207.2899932861328,207.75999450683594,207.02999877929688,207.63999938964844,62167800
1417185000,2014-11-28,207.49000549316406,207.8699951171875,206.91000366210938,207.1999969482422,57890100
1417444200,2014-12-01,206.39999389648438,206.5399932861328,205.3800048828125,205.75999450683594,103968400
1417530600,2014-12-02,205.80999755859375,207.33999633789062,205.77999877929688,207.08999633789062,74507200
1417617000,2014-12-03,207.3000030517578,208.14999389648438,207.10000610351562,207.88999938964844,68952000
1417703400,2014-12-04,207.5399932861328,208.27000427246094,206.6999969482422,207.66000366210938,91316600
1417789800,2014-12-05,207.8699951171875,208.47000122070312,207.5500030517578,208,91025500
1418049000,2014-12-08,207.52000427246094,208.1199951171875,205.92999267578125,206.61000061035156,108588200
1418135400,2014-12-09,204.3699951171875,206.60000610351562,203.91000366210938,206.47000122070312,125180100
1418221800,2014-12-10,205.91000366210938,205.97999572753906,202.92999267578125,203.16000366210938,159856400
1418308200,2014-12-11,203.8800048828125,206.19000244140625,203.7100067138672,204.19000244140625,159012800
1418394600,2014-12-12,202.63999938964844,203.82000732421875,200.85000610351562,200.88999938964844,202330200
1418653800,2014-12-15,201.97999572753906,202.52999877929688,198.77999877929688,199.50999450683594,189965800
1418740200,2014-12-16,198.5800018310547,202.39999389648438,197.86000061035156,197.91000366210938,259543800
1418826600,2014-12-17,198.44000244140625,202.33999633789062,198.2899932861328,201.7899932861328,253910100
1418913000,2014-12-18,204.74000549316406,212.97000122070312,203.9199981689453,206.77999877929688,257633900
1418999400,2014-12-19,206.42999267578125,207.3300018310547,205.61000061035156,206.52000427246094,245084600
1419258600,2014-12-22,206.75,207.47000122070312,206.4600067138672,207.47000122070312,148318900
1419345000,2014-12-23,208.1699981689453,208.22999572753906,207.39999389648438,207.75,122167900
1419431400,2014-12-24,208.02000427246094,208.33999633789062,207.72000122070312,207.77000427246094,42963400
1419604200,2014-12-26,208.30999755859375,208.85000610351562,208.25,208.44000244140625,57326700
1419863400,2014-12-29,208.22000122070312,208.97000122070312,208.13999938964844,208.72000122070312,79643900
1419949800,2014-12-30,208.2100067138672,208.3699951171875,207.50999450683594,207.60000610351562,73540800
1420036200,2014-12-31,207.99000549316406,208.19000244140625,205.38999938964844,205.5399932861328,130333800
1420209000,2015-01-02,206.3800048828125,206.8800048828125,204.17999267578125,205.42999267578125,121465900
1420468200,2015-01-05,204.1699981689453,204.3699951171875,201.35000610351562,201.72000122070312,169632600
1420554600,2015-01-06,202.08999633789062,202.72000122070312,198.86000061035156,199.82000732421875,209151400
1420641000,2015-01-07,201.4199981689453,202.72000122070312,200.8800048828125,202.30999755859375,125346700
1420727400,2015-01-08,204.00999450683594,206.16000366210938,203.99000549316406,205.89999389648438,147217800
1420813800,2015-01-09,206.39999389648438,206.4199981689453,203.50999450683594,204.25,158567300
1421073000,2015-01-12,204.41000366210938,204.60000610351562,201.9199981689453,202.64999389648438,144396100
1421159400,2015-01-13,204.1199951171875,205.47999572753906,200.50999450683594,202.0800018310547,214553300
1421245800,2015-01-14,199.64999389648438,201.10000610351562,198.57000732421875,200.86000061035156,192991100
1421332200,2015-01-15,201.6300048828125,202.00999450683594,198.8800048828125,199.02000427246094,176613900
1421418600,2015-01-16,198.77000427246094,201.82000732421875,198.5500030517578,201.6300048828125,211879600
1421764200,2015-01-20,202.39999389648438,202.72000122070312,200.1699981689453,202.05999755859375,130991100
1421850600,2015-01-21,201.5,203.66000366210938,200.94000244140625,203.0800018310547,122942700
1421937000,2015-01-22,203.99000549316406,206.25999450683594,202.3300018310547,206.10000610351562,174356000
1422023400,2015-01-23,205.7899932861328,206.10000610351562,204.80999755859375,204.97000122070312,117516800
1422282600,2015-01-26,204.7100067138672,205.55999755859375,203.85000610351562,205.4499969482422,92009700
1422369000,2015-01-27,202.97000122070312,204.1199951171875,201.74000549316406,202.74000549316406,134044600
1422455400,2015-01-28,204.1699981689453,204.2899932861328,199.91000366210938,200.13999938964844,168514300
1422541800,2015-01-29,200.3800048828125,202.3000030517578,198.67999267578125,201.99000549316406,173585400
1422628200,2015-01-30,200.57000732421875,202.1699981689453,199.1300048828125,199.4499969482422,197729700
1422887400,2015-02-02,200.0500030517578,202.02999877929688,197.86000061035156,201.9199981689453,163107000
1422973800,2015-02-03,203,204.85000610351562,202.5500030517578,204.83999633789062,124212900
1423060200,2015-02-04,203.9199981689453,205.3800048828125,203.50999450683594,204.05999755859375,134306700
1423146600,2015-02-05,204.86000061035156,206.3000030517578,204.77000427246094,206.1199951171875,97953200
1423233000,2015-02-06,206.55999755859375,207.24000549316406,204.9199981689453,205.5500030517578,125672000
1423492200,2015-02-09,204.77000427246094,205.63999938964844,204.13999938964844,204.6300048828125,87219000
1423578600,2015-02-10,205.8800048828125,207.1199951171875,204.67999267578125,206.80999755859375,96164200
1423665000,2015-02-11,206.61000061035156,207.4499969482422,205.8300018310547,206.92999267578125,91087800
1423751400,2015-02-12,207.88999938964844,208.99000549316406,206.97000122070312,208.9199981689453,97545900
1423837800,2015-02-13,209.07000732421875,209.83999633789062,208.75999450683594,209.77999877929688,93670400
1424183400,2015-02-17,209.39999389648438,210.32000732421875,209.10000610351562,210.11000061035156,76968200
1424269800,2015-02-18,209.66000366210938,210.22000122070312,209.33999633789062,210.1300048828125,80652900
1424356200,2015-02-19,209.41000366210938,210.4199981689453,209.24000549316406,209.97999572753906,91462500
1424442600,2015-02-20,209.47999572753906,211.3300018310547,208.72999572753906,211.24000549316406,140896400
1424701800,2015-02-23,210.94000244140625,211.2100067138672,210.47999572753906,211.2100067138672,74411100
1424788200,2015-02-24,211.1199951171875,212.0500030517578,210.75999450683594,211.80999755859375,72472300
1424874600,2015-02-25,211.66000366210938,212.24000549316406,211.22000122070312,211.6300048828125,73061700
1424961000,2015-02-26,211.52000427246094,211.7100067138672,210.64999389648438,211.3800048828125,72697900
1425047400,2015-02-27,211.25999450683594,211.5800018310547,210.60000610351562,210.66000366210938,108076000
1425306600,2015-03-02,210.77999877929688,212.05999755859375,210.72000122070312,211.99000549316406,87491400
1425393000,2015-03-03,211.47000122070312,212.0500030517578,210.0800018310547,211.1199951171875,110325800
1425479400,2015-03-04,210.39999389648438,210.49000549316406,209.05999755859375,210.22999572753906,114497200
1425565800,2015-03-05,210.6199951171875,210.8000030517578,209.85000610351562,210.4600067138672,76873000
1425652200,2015-03-06,209.4199981689453,209.94000244140625,207.10000610351562,207.5,188128000
1425907800,2015-03-09,207.74000549316406,208.7899932861328,207.5500030517578,208.36000061035156,89818900
1425994200,2015-03-10,206.7100067138672,206.80999755859375,204.92999267578125,204.97999572753906,157121300
1426080600,2015-03-11,205.2899932861328,205.5,204.39999389648438,204.5,110145700
1426167000,2015-03-12,205.25999450683594,207.17999267578125,205.1999969482422,207.10000610351562,93993500
1426253400,2015-03-13,206.77000427246094,207.92999267578125,204.5800018310547,205.8300018310547,162410900
1426512600,2015-03-16,206.7100067138672,208.69000244140625,205.86000061035156,208.5800018310547,136099200
1426599000,2015-03-17,207.69000244140625,208.4199981689453,206.97999572753906,207.9600067138672,94510400
1426685400,2015-03-18,207.38999938964844,211.27000427246094,206.6199951171875,210.4600067138672,228808500
1426771800,2015-03-19,209.9600067138672,210.47000122070312,209.02999877929688,209.5,117917300
1426858200,2015-03-20,209.7100067138672,211.02000427246094,209.49000549316406,210.41000366210938,177715100
1427117400,2015-03-23,210.4199981689453,211.11000061035156,210,210,71784500
1427203800,2015-03-24,209.85000610351562,210.39999389648438,208.74000549316406,208.82000732421875,77805300
1427290200,2015-03-25,209.07000732421875,209.35000610351562,205.7100067138672,205.75999450683594,159521700
1427376600,2015-03-26,204.9600067138672,206.3699951171875,204.1199951171875,205.27000427246094,153067200
1427463000,2015-03-27,205.1300048828125,205.9499969482422,204.89999389648438,205.74000549316406,118939000
1427722200,2015-03-30,206.97999572753906,208.61000061035156,206.9600067138672,208.25,96180400
1427808600,2015-03-31,207.25999450683594,208.10000610351562,206.36000061035156,206.42999267578125,126768700
1427895000,2015-04-01,206.38999938964844,206.4199981689453,204.50999450683594,205.6999969482422,137303600
1427981400,2015-04-02,205.6199951171875,206.97999572753906,205.39999389648438,206.44000244140625,86900900
1428327000,2015-04-06,205.3699951171875,208.4499969482422,205.2100067138672,207.8300018310547,114368200
1428413400,2015-04-07,207.86000061035156,208.75999450683594,207.24000549316406,207.27999877929688,81236300
1428499800,2015-04-08,207.5500030517578,208.50999450683594,207.0800018310547,207.97999572753906,89351900
1428586200,2015-04-09,207.77999877929688,209.17999267578125,207.19000244140625,208.89999389648438,85548900
1428672600,2015-04-10,209.1999969482422,210.08999633789062,208.9600067138672,210.0399932861328,72722900
1428931800,2015-04-13,209.8699951171875,210.6300048828125,209.02999877929688,209.08999633789062,74436600
1429018200,2015-04-14,208.85000610351562,209.7100067138672,208.10000610351562,209.49000549316406,75099900
1429104600,2015-04-15,210.0500030517578,211.0399932861328,209.9499969482422,210.42999267578125,99529300
1429191000,2015-04-16,210.02999877929688,210.97999572753906,209.7899932861328,210.3699951171875,68934900
1429277400,2015-04-17,208.94000244140625,209.22999572753906,207.00999450683594,207.9499969482422,191113200
1429536600,2015-04-20,209.05999755859375,210.25,208.9600067138672,209.85000610351562,92189500
1429623000,2015-04-21,210.6699981689453,210.86000061035156,209.24000549316406,209.60000610351562,72559800
1429709400,2015-04-22,210.00999450683594,210.85000610351562,208.89999389648438,210.6300048828125,78264600
1429795800,2015-04-23,210.14999389648438,211.94000244140625,210.00999450683594,211.16000366210938,102585900
1429882200,2015-04-24,211.66000366210938,211.97000122070312,211.11000061035156,211.64999389648438,61327400
1430141400,2015-04-27,212.3300018310547,212.47999572753906,210.5399932861328,210.77000427246094,79358100
1430227800,2015-04-28,210.74000549316406,211.5,209.3300018310547,211.44000244140625,86863500
1430314200,2015-04-29,210.3699951171875,211.2899932861328,209.60000610351562,210.57000732421875,125684900
1430400600,2015-04-30,209.8800048828125,210.35000610351562,207.6199951171875,208.4600067138672,161304900
1430487000,2015-05-01,209.39999389648438,210.77000427246094,209.27999877929688,210.72000122070312,103399700
1430746200,2015-05-04,211.22999572753906,212.02000427246094,211.10000610351562,211.32000732421875,70927200
1430832600,2015-05-05,211.02999877929688,211.4600067138672,208.72999572753906,208.89999389648438,113326200
1430919000,2015-05-06,209.55999755859375,209.92999267578125,206.75999450683594,208.0399932861328,135060200
1431005400,2015-05-07,207.9199981689453,209.3800048828125,207.52000427246094,208.8699951171875,88244900
1431091800,2015-05-08,210.8800048828125,211.86000061035156,210.77999877929688,211.6199951171875,155877300
1431351000,2015-05-11,211.57000732421875,211.88999938964844,210.52000427246094,210.61000061035156,75708100
1431437400,2015-05-12,209.61000061035156,210.6300048828125,208.6199951171875,209.97999572753906,119727600
1431523800,2015-05-13,210.47000122070312,211.22000122070312,209.74000549316406,210.02000427246094,94667900
1431610200,2015-05-14,211.24000549316406,212.32000732421875,210.91000366210938,212.2100067138672,95934000
1431696600,2015-05-15,212.44000244140625,212.61000061035156,211.86000061035156,212.44000244140625,76510100
1431955800,2015-05-18,212.24000549316406,213.39999389648438,212.16000366210938,213.10000610351562,74549700
1432042200,2015-05-19,213.24000549316406,213.57000732421875,212.69000244140625,213.02999877929688,72114600
1432128600,2015-05-20,213.14999389648438,213.77999877929688,212.5,212.8800048828125,76857500
1432215000,2015-05-21,212.7100067138672,213.75,212.50999450683594,213.5,64764600
1432301400,2015-05-22,213.0399932861328,213.5399932861328,212.91000366210938,212.99000549316406,57433500
1432647000,2015-05-26,212.39999389648438,212.91000366210938,210.1999969482422,210.6999969482422,124308600
1432733400,2015-05-27,211.25,212.97999572753906,210.75999450683594,212.6999969482422,93214000
1432819800,2015-05-28,212.3300018310547,212.58999633789062,211.6300048828125,212.4600067138672,74974600
1432906200,2015-05-29,212.3800048828125,212.42999267578125,210.82000732421875,211.13999938964844,124919600
1433165400,2015-06-01,211.94000244140625,212.33999633789062,210.6199951171875,211.57000732421875,93338800
1433251800,2015-06-02,211.02000427246094,212.19000244140625,210.27000427246094,211.36000061035156,91531000
1433338200,2015-06-03,212,212.6699981689453,211.3300018310547,211.9199981689453,87820900
1433424600,2015-06-04,211.07000732421875,211.86000061035156,209.75,210.1300048828125,151882800
1433511000,2015-06-05,209.9499969482422,210.5800018310547,208.97999572753906,209.77000427246094,121704700
1433770200,2015-06-08,209.63999938964844,209.82000732421875,208.38999938964844,208.47999572753906,89063300
1433856600,2015-06-09,208.4499969482422,209.10000610351562,207.69000244140625,208.4499969482422,105034700
1433943000,2015-06-10,209.3699951171875,211.41000366210938,209.3000030517578,210.9499969482422,134551300
1434029400,2015-06-11,211.47999572753906,212.08999633789062,211.1999969482422,211.6300048828125,73876400
1434115800,2015-06-12,210.63999938964844,211.47999572753906,209.67999267578125,210.00999450683594,135382400
1434375000,2015-06-15,208.63999938964844,209.4499969482422,207.7899932861328,209.11000061035156,124384200
1434461400,2015-06-16,208.92999267578125,210.35000610351562,208.72000122070312,210.25,85308200
1434547800,2015-06-17,210.58999633789062,211.32000732421875,209.36000061035156,210.58999633789062,126708600
1434634200,2015-06-18,211.30999755859375,213.33999633789062,210.6300048828125,212.77999877929688,165867900
1434720600,2015-06-19,211.4600067138672,211.5500030517578,210.36000061035156,210.80999755859375,130478700
1434979800,2015-06-22,211.91000366210938,212.58999633789062,211.63999938964844,211.88999938964844,70696000
1435066200,2015-06-23,212.13999938964844,212.44000244140625,211.57000732421875,212.0399932861328,68476800
1435152600,2015-06-24,211.72000122070312,212.1699981689453,210.47000122070312,210.5,92307300
1435239000,2015-06-25,211.10000610351562,211.25,209.77000427246094,209.86000061035156,97107400
1435325400,2015-06-26,210.2899932861328,210.5800018310547,209.16000366210938,209.82000732421875,104174800
1435584600,2015-06-29,208.0500030517578,209.8300018310547,205.3300018310547,205.4199981689453,202621300
1435671000,2015-06-30,207.25999450683594,207.32000732421875,205.27999877929688,205.85000610351562,182925100
1435757400,2015-07-01,207.72999572753906,208.02999877929688,206.55999755859375,207.5,135979900
1435843800,2015-07-02,208.07000732421875,208.27000427246094,206.80999755859375,207.30999755859375,104373700
1436189400,2015-07-06,205.77000427246094,207.64999389648438,205.52999877929688,206.72000122070312,117975400
1436275800,2015-07-07,206.9600067138672,208.1699981689453,204.11000061035156,208.02000427246094,173820200
1436362200,2015-07-08,206.4199981689453,206.75999450683594,204.25,204.52999877929688,164020100
1436448600,2015-07-09,207.0399932861328,207.35000610351562,204.77000427246094,204.89999389648438,144113100
1436535000,2015-07-10,207.2899932861328,207.97999572753906,204.9499969482422,207.47999572753906,129456900
1436794200,2015-07-13,208.99000549316406,209.89999389648438,208.94000244140625,209.77000427246094,106069400
1436880600,2015-07-14,209.72000122070312,211.0500030517578,209.64999389648438,210.67999267578125,81709600
1436967000,2015-07-15,210.72999572753906,211.27999877929688,210.0399932861328,210.61000061035156,97914100
1437053400,2015-07-16,211.8699951171875,212.3000030517578,211.5800018310547,212.3000030517578,106683300
1437139800,2015-07-17,212.2899932861328,212.5500030517578,211.8000030517578,212.47999572753906,89030000
1437399000,2015-07-20,212.75,213.17999267578125,212.2100067138672,212.58999633789062,70446800
1437485400,2015-07-21,212.42999267578125,212.74000549316406,211.38999938964844,211.75,77965000
1437571800,2015-07-22,210.92999267578125,211.77000427246094,210.88999938964844,211.3699951171875,88667900
1437658200,2015-07-23,211.52999877929688,211.64999389648438,209.75,210.17999267578125,90509100
1437744600,2015-07-24,210.3000030517578,210.3699951171875,207.60000610351562,208,117755000
1438003800,2015-07-27,206.94000244140625,207.5500030517578,206.25999450683594,206.7899932861328,132361100
1438090200,2015-07-28,207.7899932861328,209.5,206.8000030517578,209.3300018310547,123544800
1438176600,2015-07-29,209.47999572753906,211.0399932861328,209.30999755859375,210.77000427246094,105791300
1438263000,2015-07-30,210.16000366210938,211.02000427246094,209.4199981689453,210.82000732421875,91304400
1438349400,2015-07-31,211.4199981689453,211.4499969482422,210.16000366210938,210.5,103266900
1438608600,2015-08-03,210.4600067138672,210.52999877929688,208.64999389648438,209.7899932861328,113965700
1438695000,2015-08-04,209.6999969482422,210.25,208.8000030517578,209.3800048828125,81820800
1438781400,2015-08-05,210.4499969482422,211.30999755859375,209.72999572753906,210.07000732421875,85786800
1438867800,2015-08-06,210.2899932861328,210.4199981689453,207.64999389648438,208.35000610351562,116030800
1438954200,2015-08-07,208.16000366210938,208.33999633789062,206.8699951171875,207.9499969482422,117858000
1439213400,2015-08-10,209.27999877929688,210.6699981689453,209.27999877929688,210.57000732421875,80270700
1439299800,2015-08-11,208.97000122070312,209.47000122070312,207.75999450683594,208.6699981689453,126081400
1439386200,2015-08-12,207.11000061035156,209.13999938964844,205.36000061035156,208.9199981689453,172123700
1439472600,2015-08-13,208.72999572753906,209.5500030517578,208.00999450683594,208.66000366210938,89383300
1439559000,2015-08-14,208.42999267578125,209.50999450683594,208.25999450683594,209.4199981689453,72786500
1439818200,2015-08-17,208.7100067138672,210.58999633789062,208.16000366210938,210.58999633789062,79072600
1439904600,2015-08-18,210.25999450683594,210.67999267578125,209.6999969482422,209.97999572753906,71692700
1439991000,2015-08-19,209.08999633789062,210.00999450683594,207.35000610351562,208.32000732421875,172946000
1440077400,2015-08-20,206.50999450683594,208.2899932861328,203.89999389648438,203.97000122070312,194327900
1440163800,2015-08-21,201.72999572753906,203.94000244140625,197.52000427246094,197.8300018310547,346588500
1440423000,2015-08-24,187.49000549316406,197.47999572753906,182.39999389648438,189.5,507244300
1440509400,2015-08-25,195.42999267578125,195.4499969482422,186.9199981689453,187.27000427246094,369833100
1440595800,2015-08-26,192.0800018310547,194.7899932861328,188.3699951171875,194.4600067138672,339257000
1440682200,2015-08-27,197.02000427246094,199.4199981689453,195.2100067138672,199.27000427246094,274143900
1440768600,2015-08-28,198.5,199.83999633789062,197.9199981689453,199.27999877929688,160414400
1441027800,2015-08-31,198.11000061035156,199.1300048828125,197.00999450683594,197.6699981689453,163298800
1441114200,2015-09-01,193.1199951171875,194.77000427246094,190.72999572753906,191.77000427246094,256000400
1441200600,2015-09-02,194.6199951171875,195.4600067138672,192.4199981689453,195.41000366210938,160269300
1441287000,2015-09-03,196.25999450683594,198.0500030517578,194.9600067138672,195.5500030517578,152087800
1441373400,2015-09-04,192.85000610351562,193.86000061035156,191.61000061035156,192.58999633789062,207081000
1441719000,2015-09-08,195.94000244140625,197.61000061035156,195.1699981689453,197.42999267578125,116025700
1441805400,2015-09-09,199.32000732421875,199.47000122070312,194.35000610351562,194.7899932861328,149347700
1441891800,2015-09-10,194.55999755859375,197.22000122070312,194.25,195.85000610351562,158611100
1441978200,2015-09-11,195.3800048828125,196.82000732421875,194.52999877929688,196.74000549316406,119691200
1442237400,2015-09-14,196.9499969482422,197.00999450683594,195.42999267578125,196.00999450683594,79452000
1442323800,2015-09-15,196.61000061035156,198.99000549316406,195.9600067138672,198.4600067138672,113806200
1442410200,2015-09-16,198.82000732421875,200.41000366210938,198.41000366210938,200.17999267578125,99581600
1442496600,2015-09-17,200.02000427246094,202.88999938964844,199.27999877929688,199.72999572753906,276046600
1442583000,2015-09-18,195.7100067138672,198.67999267578125,194.9600067138672,195.4499969482422,223657500
1442842200,2015-09-21,196.44000244140625,197.67999267578125,195.2100067138672,196.4600067138672,105726200
1442928600,2015-09-22,193.8800048828125,194.4600067138672,192.55999755859375,193.91000366210938,153890900
1443015000,2015-09-23,194.11000061035156,194.6699981689453,192.91000366210938,193.60000610351562,92790600
1443101400,2015-09-24,192.14999389648438,193.4499969482422,190.55999755859375,192.89999389648438,159378800
1443187800,2015-09-25,194.63999938964844,195,191.80999755859375,192.85000610351562,155054800
1443447000,2015-09-28,191.77999877929688,191.91000366210938,187.63999938964844,188.00999450683594,178515900
1443533400,2015-09-29,188.27000427246094,189.74000549316406,186.92999267578125,188.1199951171875,159045600
1443619800,2015-09-30,190.3699951171875,191.8300018310547,189.44000244140625,191.6300048828125,163452000
1443706200,2015-10-01,192.0800018310547,192.49000549316406,189.82000732421875,192.1300048828125,131079000
1443792600,2015-10-02,189.77000427246094,195.02999877929688,189.1199951171875,195,211003300
1444051800,2015-10-05,196.4600067138672,198.74000549316406,196.3300018310547,198.47000122070312,126320800
1444138200,2015-10-06,198.30999755859375,198.97999572753906,197,197.7899932861328,110274500
1444224600,2015-10-07,198.89999389648438,199.8300018310547,197.47999572753906,199.41000366210938,124307300
1444311000,2015-10-08,198.9499969482422,201.5500030517578,198.58999633789062,201.2100067138672,153055200
1444397400,2015-10-09,201.3800048828125,201.89999389648438,200.5800018310547,201.3300018310547,107069200
1444656600,2015-10-12,201.4199981689453,201.75999450683594,200.91000366210938,201.52000427246094,56395600
1444743000,2015-10-13,200.64999389648438,202.16000366210938,200.0500030517578,200.25,88038700
1444829400,2015-10-14,200.17999267578125,200.8699951171875,198.94000244140625,199.2899932861328,99106200
1444915800,2015-10-15,200.0800018310547,202.36000061035156,199.63999938964844,202.35000610351562,134142200
1445002200,2015-10-16,202.8300018310547,203.2899932861328,201.9199981689453,203.27000427246094,114580100
1445261400,2015-10-19,202.5,203.3699951171875,202.1300048828125,203.3699951171875,76523900
1445347800,2015-10-20,202.85000610351562,203.83999633789062,202.5500030517578,203.11000061035156,78448500
1445434200,2015-10-21,203.61000061035156,203.7899932861328,201.64999389648438,201.85000610351562,102038000
1445520600,2015-10-22,202.97999572753906,205.50999450683594,201.85000610351562,205.25999450683594,174911700
1445607000,2015-10-23,207.25,207.9499969482422,206.3000030517578,207.50999450683594,144442300
1445866200,2015-10-26,207.3000030517578,207.3699951171875,206.55999755859375,207,69033000
1445952600,2015-10-27,206.1999969482422,207,205.7899932861328,206.60000610351562,77905800
1446039000,2015-10-28,207,208.97999572753906,206.2100067138672,208.9499969482422,135906700
1446125400,2015-10-29,208.35000610351562,209.27000427246094,208.2100067138672,208.8300018310547,90525500
1446211800,2015-10-30,209.05999755859375,209.44000244140625,207.74000549316406,207.92999267578125,131076900
1446474600,2015-11-02,208.32000732421875,210.6199951171875,208.1699981689453,210.38999938964844,86270800
1446561000,2015-11-03,209.97000122070312,211.66000366210938,209.6999969482422,211,95246100
1446647400,2015-11-04,211.35000610351562,211.5,209.72000122070312,210.36000061035156,96224500
1446733800,2015-11-05,210.42999267578125,210.97999572753906,209.08999633789062,210.14999389648438,78408700
1446820200,2015-11-06,209.74000549316406,210.32000732421875,208.4600067138672,210.0399932861328,110471500
1447079400,2015-11-09,209.30999755859375,209.49000549316406,206.9499969482422,208.0800018310547,131008700
1447165800,2015-11-10,207.50999450683594,208.60000610351562,207.19000244140625,208.55999755859375,75874600
1447252200,2015-11-11,208.8800048828125,208.94000244140625,207.66000366210938,207.74000549316406,67846000
1447338600,2015-11-12,206.5,207.05999755859375,204.82000732421875,204.83999633789062,121315200
1447425000,2015-11-13,204.35000610351562,204.6699981689453,202.44000244140625,202.5399932861328,153577100
1447684200,2015-11-16,202.32000732421875,205.69000244140625,202.17999267578125,205.6199951171875,117645200
1447770600,2015-11-17,205.99000549316406,207.0399932861328,204.8800048828125,205.47000122070312,121123700
1447857000,2015-11-18,206.0399932861328,208.89999389648438,205.99000549316406,208.72999572753906,121342500
1447943400,2015-11-19,208.58999633789062,209.0500030517578,208.1999969482422,208.5500030517578,88220500
1448029800,2015-11-20,209.4499969482422,210.1199951171875,208.86000061035156,209.30999755859375,94011500
1448289000,2015-11-23,209.3800048828125,209.97999572753906,208.52000427246094,209.07000732421875,64931200
1448375400,2015-11-24,207.8699951171875,209.8300018310547,207.41000366210938,209.35000610351562,98874400
1448461800,2015-11-25,209.5,209.74000549316406,209.00999450683594,209.32000732421875,51980100
1448634600,2015-11-27,209.42999267578125,209.8000030517578,208.86000061035156,209.55999755859375,37317800
1448893800,2015-11-30,209.75,209.88999938964844,208.55999755859375,208.69000244140625,112822700
1448980200,2015-12-01,209.44000244140625,210.82000732421875,209.11000061035156,210.67999267578125,97858400
1449066600,2015-12-02,210.6199951171875,211,208.22999572753906,208.52999877929688,108441300
1449153000,2015-12-03,208.8300018310547,209.14999389648438,204.75,205.61000061035156,166224200
1449239400,2015-12-04,205.61000061035156,209.97000122070312,205.61000061035156,209.6199951171875,192913900
1449498600,2015-12-07,209.22999572753906,209.72999572753906,207.1999969482422,208.35000610351562,102027100
1449585000,2015-12-08,206.49000549316406,208.2899932861328,205.77999877929688,206.9499969482422,103372400
1449671400,2015-12-09,206.19000244140625,208.67999267578125,204.17999267578125,205.33999633789062,162401500
1449757800,2015-12-10,205.4199981689453,207.42999267578125,205.13999938964844,205.8699951171875,116128900
1449844200,2015-12-11,203.35000610351562,204.13999938964844,201.50999450683594,201.8800048828125,211173300
1450103400,2015-12-14,202.07000732421875,203.0500030517578,199.9499969482422,202.89999389648438,182385200
1450189800,2015-12-15,204.6999969482422,206.11000061035156,202.8699951171875,205.02999877929688,154069600
1450276200,2015-12-16,206.3699951171875,208.38999938964844,204.8000030517578,208.02999877929688,197017000
1450362600,2015-12-17,208.39999389648438,208.47999572753906,204.83999633789062,204.86000061035156,173092500
1450449000,2015-12-18,202.77000427246094,202.92999267578125,199.8300018310547,200.02000427246094,251393500
1450708200,2015-12-21,201.41000366210938,201.8800048828125,200.08999633789062,201.6699981689453,99094300
1450794600,2015-12-22,202.72000122070312,203.85000610351562,201.5500030517578,203.5,111026200
1450881000,2015-12-23,204.69000244140625,206.07000732421875,204.5800018310547,206.02000427246094,110987200
1450967400,2015-12-24,205.72000122070312,206.3300018310547,205.4199981689453,205.67999267578125,48539600
1451313000,2015-12-28,204.86000061035156,205.25999450683594,203.94000244140625,205.2100067138672,65899900
1451399400,2015-12-29,206.50999450683594,207.7899932861328,206.47000122070312,207.39999389648438,92640700
1451485800,2015-12-30,207.11000061035156,207.2100067138672,205.75999450683594,205.92999267578125,63317700
1451572200,2015-12-31,205.1300048828125,205.88999938964844,203.8699951171875,203.8699951171875,114877900
1451917800,2016-01-04,200.49000549316406,201.02999877929688,198.58999633789062,201.02000427246094,222353500
1452004200,2016-01-05,201.39999389648438,201.89999389648438,200.0500030517578,201.36000061035156,110845800
1452090600,2016-01-06,198.33999633789062,200.05999755859375,197.60000610351562,198.82000732421875,152112600
1452177000,2016-01-07,195.3300018310547,197.44000244140625,193.58999633789062,194.0500030517578,213436100
1452263400,2016-01-08,195.19000244140625,195.85000610351562,191.5800018310547,191.9199981689453,209817200
1452522600,2016-01-11,193.00999450683594,193.41000366210938,189.82000732421875,192.11000061035156,187941300
1452609000,2016-01-12,193.82000732421875,194.5500030517578,191.13999938964844,193.66000366210938,172330500
1452695400,2016-01-13,194.4499969482422,194.86000061035156,188.3800048828125,188.8300018310547,221168900
1452781800,2016-01-14,189.5500030517578,193.25999450683594,187.66000366210938,191.92999267578125,240795600
1452868200,2016-01-15,186.77000427246094,188.75999450683594,185.52000427246094,187.80999755859375,324846400
1453213800,2016-01-19,189.9600067138672,190.11000061035156,186.1999969482422,188.05999755859375,195244400
1453300200,2016-01-20,185.02999877929688,187.5,181.02000427246094,185.64999389648438,286547800
1453386600,2016-01-21,186.2100067138672,188.8699951171875,184.63999938964844,186.69000244140625,195772900
1453473000,2016-01-22,189.77999877929688,190.75999450683594,188.8800048828125,190.52000427246094,168319600
1453732200,2016-01-25,189.9199981689453,190.14999389648438,187.41000366210938,187.63999938964844,130371700
1453818600,2016-01-26,188.4199981689453,190.52999877929688,188.02000427246094,190.1999969482422,141036800
1453905000,2016-01-27,189.5800018310547,191.55999755859375,187.05999755859375,188.1300048828125,185681700
1453991400,2016-01-28,189.9600067138672,190.1999969482422,187.16000366210938,189.11000061035156,143798800
1454077800,2016-01-29,190.02000427246094,193.8800048828125,189.8800048828125,193.72000122070312,210529300
1454337000,2016-02-01,192.52999877929688,194.5800018310547,191.83999633789062,193.64999389648438,136061600
1454423400,2016-02-02,191.9600067138672,191.97000122070312,189.5399932861328,190.16000366210938,182564900
1454509800,2016-02-03,191.41000366210938,191.77999877929688,187.10000610351562,191.3000030517578,205054900
1454596200,2016-02-04,190.7100067138672,192.75,189.9600067138672,191.60000610351562,139531800
1454682600,2016-02-05,190.99000549316406,191.6699981689453,187.1999969482422,187.9499969482422,180788300
1454941800,2016-02-08,185.77000427246094,186.1199951171875,182.8000030517578,185.4199981689453,191526700
1455028200,2016-02-09,183.36000061035156,186.94000244140625,183.1999969482422,185.42999267578125,184513100
1455114600,2016-02-10,186.41000366210938,188.33999633789062,185.1199951171875,185.27000427246094,148214100
1455201000,2016-02-11,182.33999633789062,184.10000610351562,181.08999633789062,182.86000061035156,219058900
1455287400,2016-02-12,184.9600067138672,186.64999389648438,183.9600067138672,186.6300048828125,127632400
1455633000,2016-02-16,188.77000427246094,189.80999755859375,187.6300048828125,189.77999877929688,120250700
1455719400,2016-02-17,191.16000366210938,193.32000732421875,191.00999450683594,192.8800048828125,136009500
1455805800,2016-02-18,193.1999969482422,193.27000427246094,191.72000122070312,192.08999633789062,102343000
1455892200,2016-02-19,191.1699981689453,192.17999267578125,190.4499969482422,192,114793000
1456151400,2016-02-22,193.8699951171875,194.9499969482422,193.7899932861328,194.77999877929688,103640300
1456237800,2016-02-23,194,194.32000732421875,192.17999267578125,192.32000732421875,111455300
1456324200,2016-02-24,190.6300048828125,193.52999877929688,189.32000732421875,193.1999969482422,150812200
1456410600,2016-02-25,193.72999572753906,195.5500030517578,192.8300018310547,195.5399932861328,110728300
1456497000,2016-02-26,196.57000732421875,196.67999267578125,194.89999389648438,195.08999633789062,129833700
1456756200,2016-02-29,195.11000061035156,196.22999572753906,193.3300018310547,193.55999755859375,125918100
1456842600,2016-03-01,195.00999450683594,198.2100067138672,194.4499969482422,198.11000061035156,141799700
1456929000,2016-03-02,197.74000549316406,199.05999755859375,197.25,199,102415000
1457015400,2016-03-03,198.7899932861328,199.8000030517578,198.11000061035156,199.77999877929688,95172200
1457101800,2016-03-04,200.00999450683594,201.35000610351562,199.02999877929688,200.42999267578125,129293600
1457361000,2016-03-07,199.33999633789062,201.07000732421875,199.25,200.58999633789062,100219000
1457447400,2016-03-08,199.32000732421875,199.9199981689453,198.2100067138672,198.39999389648438,123974900
1457533800,2016-03-09,199.36000061035156,199.7899932861328,198.42999267578125,199.3800048828125,94801200
1457620200,2016-03-10,199.9600067138672,201.07000732421875,197.3800048828125,199.5399932861328,156838700
1457706600,2016-03-11,201.25999450683594,202.80999755859375,199.52000427246094,202.75999450683594,137964500
1457962200,2016-03-14,202.16000366210938,203.0399932861328,201.77000427246094,202.5,73612000
1458048600,2016-03-15,201.36000061035156,202.52999877929688,201.0500030517578,202.1699981689453,93169100
1458135000,2016-03-16,201.60000610351562,203.82000732421875,201.5500030517578,203.33999633789062,129303200
1458221400,2016-03-17,203.24000549316406,205.22999572753906,202.77000427246094,204.6300048828125,134278500
1458307800,2016-03-18,204.1699981689453,204.77999877929688,203.8000030517578,204.3800048828125,138372400
1458567000,2016-03-21,204.07000732421875,204.94000244140625,203.8000030517578,204.6699981689453,72926700
1458653400,2016-03-22,203.75999450683594,205.22999572753906,203.57000732421875,204.55999755859375,97471900
1458739800,2016-03-23,204.11000061035156,204.3300018310547,203.00999450683594,203.2100067138672,81052500
1458826200,2016-03-24,202,203.16000366210938,201.74000549316406,203.1199951171875,84360900
1459171800,2016-03-28,203.61000061035156,203.86000061035156,202.7100067138672,203.24000549316406,62408200
1459258200,2016-03-29,202.75999450683594,205.25,202.39999389648438,205.1199951171875,92922900
1459344600,2016-03-30,206.3000030517578,206.8699951171875,205.58999633789062,206.02000427246094,86365300
1459431000,2016-03-31,205.91000366210938,206.41000366210938,205.3300018310547,205.52000427246094,94584100
1459517400,2016-04-01,204.35000610351562,207.13999938964844,203.97999572753906,206.9199981689453,114423500
1459776600,2016-04-04,206.8300018310547,207.07000732421875,205.88999938964844,206.25,63497000
1459863000,2016-04-05,204.6699981689453,206.25999450683594,203.88999938964844,204.19000244140625,99662200
1459949400,2016-04-06,204.19000244140625,206.49000549316406,203.97999572753906,206.4199981689453,91839800
1460035800,2016-04-07,205.13999938964844,205.55999755859375,203.08999633789062,203.9499969482422,113859000
1460122200,2016-04-08,205.33999633789062,205.85000610351562,203.8699951171875,204.5,95040600
1460381400,2016-04-11,205.25,206.07000732421875,203.91000366210938,204.02000427246094,83757500
1460467800,2016-04-12,204.22000122070312,206.25,203.6999969482422,205.9199981689453,115350600
1460554200,2016-04-13,207,208.10000610351562,206.83999633789062,208,96336400
1460640600,2016-04-14,208.07000732421875,208.60000610351562,207.60000610351562,208.00999450683594,65212900
1460727000,2016-04-15,208.00999450683594,208.1699981689453,207.39999389648438,207.77999877929688,75761600
1460986200,2016-04-18,207.77999877929688,209.27999877929688,207,209.24000549316406,82531000
1461072600,2016-04-19,209.74000549316406,210.1999969482422,208.94000244140625,209.89999389648438,88316100
1461159000,2016-04-20,209.9499969482422,210.9199981689453,209.38999938964844,210.10000610351562,81100300
1461245400,2016-04-21,210.1199951171875,210.25,208.64999389648438,208.97000122070312,85695000
1461331800,2016-04-22,208.5500030517578,209.2899932861328,207.91000366210938,208.97000122070312,99251700
1461591000,2016-04-25,208.25999450683594,208.66000366210938,207.5399932861328,208.61000061035156,66166500
1461677400,2016-04-26,209.0399932861328,209.52000427246094,208.36000061035156,208.9199981689453,75864200
1461763800,2016-04-27,208.47000122070312,209.80999755859375,208.0500030517578,209.35000610351562,77329400
1461850200,2016-04-28,208.4600067138672,209.75999450683594,206.9600067138672,207.4499969482422,97216200
1461936600,2016-04-29,206.72000122070312,207.1300048828125,205.02999877929688,206.3300018310547,142424100
1462195800,2016-05-02,206.9199981689453,208.17999267578125,206.41000366210938,207.97000122070312,62188000
1462282200,2016-05-03,206.52000427246094,206.8000030517578,205.27999877929688,206.16000366210938,106422100
1462368600,2016-05-04,204.99000549316406,205.85000610351562,204.4199981689453,205.00999450683594,92243800
1462455000,2016-05-05,205.55999755859375,205.97999572753906,204.47000122070312,204.97000122070312,67619200
1462541400,2016-05-06,204.05999755859375,205.77000427246094,203.8800048828125,205.72000122070312,89315000
1462800600,2016-05-09,205.57000732421875,206.39999389648438,205.36000061035156,205.88999938964844,74374900
1462887000,2016-05-10,206.72000122070312,208.47000122070312,206.63999938964844,208.4499969482422,77472200
1462973400,2016-05-11,207.91000366210938,208.5399932861328,206.5,206.5,81727000
1463059800,2016-05-12,207.2899932861328,207.49000549316406,205.3699951171875,206.55999755859375,89586300
1463146200,2016-05-13,206.2100067138672,206.86000061035156,204.3800048828125,204.75999450683594,96474600
1463405400,2016-05-16,204.9600067138672,207.33999633789062,204.88999938964844,206.77999877929688,77486800
1463491800,2016-05-17,206.4600067138672,206.8000030517578,204.22999572753906,204.85000610351562,114924900
1463578200,2016-05-18,204.44000244140625,206.3000030517578,203.6300048828125,204.91000366210938,120062100
1463664600,2016-05-19,204.05999755859375,204.5399932861328,202.77999877929688,204.1999969482422,115430500
1463751000,2016-05-20,204.9199981689453,206.10000610351562,204.86000061035156,205.49000549316406,104990400
1464010200,2016-05-23,205.50999450683594,205.83999633789062,204.99000549316406,205.2100067138672,58682600
1464096600,2016-05-24,206.1699981689453,208.24000549316406,206.13999938964844,207.8699951171875,93537800
1464183000,2016-05-25,208.6699981689453,209.77000427246094,207.8699951171875,209.27999877929688,76621400
1464269400,2016-05-26,209.44000244140625,209.7100067138672,208.97000122070312,209.33999633789062,55280700
1464355800,2016-05-27,209.52999877929688,210.25,209.47000122070312,210.24000549316406,64211200
1464701400,2016-05-31,210.55999755859375,210.69000244140625,209.17999267578125,209.83999633789062,109879400
1464787800,2016-06-01,209.1199951171875,210.47999572753906,208.88999938964844,210.27000427246094,69936200
1464874200,2016-06-02,209.8000030517578,210.92999267578125,209.24000549316406,210.91000366210938,63044700
1464960600,2016-06-03,210.25,210.69000244140625,208.86000061035156,210.27999877929688,101757100
1465219800,2016-06-06,210.6999969482422,211.77000427246094,210.50999450683594,211.35000610351562,64887000
1465306200,2016-06-07,211.52999877929688,212.33999633789062,211.5,211.67999267578125,60974800
1465392600,2016-06-08,211.83999633789062,212.52000427246094,211.69000244140625,212.3699951171875,66170900
1465479000,2016-06-09,211.50999450683594,212.22000122070312,211.19000244140625,212.0800018310547,73786900
1465565400,2016-06-10,210.4600067138672,210.86000061035156,209.42999267578125,210.07000732421875,113829200
1465824600,2016-06-13,209.36000061035156,210.3699951171875,208.35000610351562,208.4499969482422,117751200
1465911000,2016-06-14,208,208.74000549316406,206.9199981689453,208.0399932861328,125059300
1465997400,2016-06-15,208.0399932861328,209.36000061035156,207.52999877929688,207.75,109124500
1466083800,2016-06-16,207.75,208.57000732421875,205.58999633789062,208.3699951171875,149533100
1466170200,2016-06-17,207.1699981689453,207.1999969482422,205.75,206.52000427246094,117055700
1466429400,2016-06-20,208.82000732421875,209.61000061035156,207.75,207.85000610351562,82789600
1466515800,2016-06-21,208.3000030517578,208.9199981689453,207.77999877929688,208.44000244140625,72461700
1466602200,2016-06-22,208.64999389648438,209.5,207.92999267578125,208.10000610351562,95560500
1466688600,2016-06-23,209.80999755859375,210.8699951171875,209.27000427246094,210.80999755859375,102731400
1466775000,2016-06-24,203.6300048828125,210.85000610351562,202.72000122070312,203.24000549316406,333444400
1467034200,2016-06-27,201.58999633789062,201.60000610351562,198.64999389648438,199.60000610351562,230775800
1467120600,2016-06-28,201.47999572753906,203.22999572753906,201.1199951171875,203.1999969482422,159382400
1467207000,2016-06-29,204.83999633789062,206.92999267578125,204.72000122070312,206.66000366210938,137328600
1467293400,2016-06-30,207.2100067138672,209.5399932861328,206.55999755859375,209.47999572753906,165021900
1467379800,2016-07-01,209.47999572753906,210.49000549316406,209.2899932861328,209.9199981689453,106055300
1467725400,2016-07-05,208.9499969482422,209.0800018310547,207.7100067138672,208.41000366210938,109803700
1467811800,2016-07-06,207.8300018310547,209.8000030517578,207.05999755859375,209.66000366210938,96021500
1467898200,2016-07-07,209.8699951171875,210.64999389648438,208.6300048828125,209.52999877929688,85593800
1467984600,2016-07-08,211.0500030517578,212.94000244140625,210.77999877929688,212.64999389648438,133971000
1468243800,2016-07-11,213.19000244140625,214.07000732421875,212.9499969482422,213.39999389648438,73633900
1468330200,2016-07-12,214.52999877929688,215.3000030517578,213.42999267578125,214.9499969482422,101275600
1468416600,2016-07-13,215.44000244140625,215.4499969482422,214.35000610351562,214.9199981689453,87324100
1468503000,2016-07-14,216.39999389648438,216.6699981689453,215.66000366210938,216.1199951171875,91230900
1468589400,2016-07-15,216.77999877929688,217.00999450683594,215.30999755859375,215.8300018310547,107155400
1468848600,2016-07-18,215.97000122070312,216.60000610351562,215.6699981689453,216.41000366210938,58725900
1468935000,2016-07-19,215.9199981689453,216.22999572753906,215.6300048828125,216.19000244140625,54345700
1469021400,2016-07-20,216.19000244140625,217.3699951171875,216.19000244140625,217.08999633789062,58159500
1469107800,2016-07-21,216.9600067138672,217.22000122070312,215.75,216.27000427246094,67777300
1469194200,2016-07-22,216.41000366210938,217.3000030517578,216.10000610351562,217.24000549316406,62787500
1469453400,2016-07-25,217,217.05999755859375,215.97000122070312,216.64999389648438,55873100
1469539800,2016-07-26,216.52999877929688,217.1699981689453,215.75999450683594,216.75,70080500
1469626200,2016-07-27,217.19000244140625,217.27000427246094,215.6199951171875,216.52000427246094,84083900
1469712600,2016-07-28,216.2899932861328,217.11000061035156,215.75,216.77000427246094,65035700
1469799000,2016-07-29,216.4600067138672,217.5399932861328,216.1300048828125,217.1199951171875,79519400
1470058200,2016-08-01,217.19000244140625,217.64999389648438,216.41000366210938,216.94000244140625,73311400
1470144600,2016-08-02,216.64999389648438,216.8300018310547,214.57000732421875,215.5500030517578,92295500
1470231000,2016-08-03,215.47999572753906,216.25,215.1300048828125,216.17999267578125,53993600
1470317400,2016-08-04,216.30999755859375,216.77999877929688,214.25,216.41000366210938,46585500
1470403800,2016-08-05,216.41000366210938,218.22999572753906,216.41000366210938,218.17999267578125,71892200
1470663000,2016-08-08,218.39999389648438,218.52000427246094,217.74000549316406,218.0500030517578,39906500
1470749400,2016-08-09,218.1300048828125,218.75999450683594,217.8000030517578,218.17999267578125,51251700
1470835800,2016-08-10,218.30999755859375,218.39999389648438,217.22999572753906,217.63999938964844,57941100
1470922200,2016-08-11,218.25999450683594,218.94000244140625,217.9499969482422,218.64999389648438,72504300
1471008600,2016-08-12,218.2899932861328,218.7100067138672,217.99000549316406,218.4600067138672,61313500
1471267800,2016-08-15,218.88999938964844,219.5,218.8800048828125,219.08999633789062,49813500
1471354200,2016-08-16,218.60000610351562,218.67999267578125,217.9600067138672,217.9600067138672,53213600
1471440600,2016-08-17,218,218.52999877929688,217.02000427246094,218.3699951171875,75134300
1471527000,2016-08-18,218.33999633789062,218.89999389648438,218.2100067138672,218.86000061035156,52989300
1471613400,2016-08-19,218.30999755859375,218.75,217.74000549316406,218.5399932861328,75443000
1471872600,2016-08-22,218.25999450683594,218.8000030517578,217.8300018310547,218.52999877929688,61368800
1471959000,2016-08-23,219.25,219.60000610351562,218.89999389648438,218.97000122070312,53399200
1472045400,2016-08-24,218.8000030517578,218.91000366210938,217.36000061035156,217.85000610351562,71728900
1472131800,2016-08-25,217.39999389648438,218.19000244140625,217.22000122070312,217.6999969482422,69224800
1472218200,2016-08-26,217.9199981689453,219.1199951171875,216.25,217.2899932861328,122506300
1472477400,2016-08-29,217.44000244140625,218.6699981689453,217.39999389648438,218.36000061035156,70502200
1472563800,2016-08-30,218.25999450683594,218.58999633789062,217.35000610351562,218,58114500
1472650200,2016-08-31,217.61000061035156,217.75,216.47000122070312,217.3800048828125,85269500
1472736600,2016-09-01,217.3699951171875,217.72999572753906,216.02999877929688,217.38999938964844,97844200
1472823000,2016-09-02,218.38999938964844,218.8699951171875,217.6999969482422,218.3699951171875,79293900
1473168600,2016-09-06,218.6999969482422,219.1199951171875,217.86000061035156,219.02999877929688,56702100
1473255000,2016-09-07,218.83999633789062,219.22000122070312,218.3000030517578,219.00999450683594,76554900
1473341400,2016-09-08,218.6199951171875,218.94000244140625,218.14999389648438,218.50999450683594,74102900
1473427800,2016-09-09,216.97000122070312,217.02999877929688,213.25,213.27999877929688,221589100
1473687000,2016-09-12,212.38999938964844,216.80999755859375,212.30999755859375,216.33999633789062,168110900
1473773400,2016-09-13,214.83999633789062,215.14999389648438,212.5,213.22999572753906,182828800
1473859800,2016-09-14,213.2899932861328,214.6999969482422,212.5,213.14999389648438,134185500
1473946200,2016-09-15,212.9600067138672,215.72999572753906,212.75,215.27999877929688,134427900
1474032600,2016-09-16,213.47999572753906,213.69000244140625,212.57000732421875,213.3699951171875,155236400
1474291800,2016-09-19,214.1300048828125,214.8800048828125,213.02999877929688,213.41000366210938,80250500
1474378200,2016-09-20,214.41000366210938,214.58999633789062,213.3800048828125,213.4199981689453,69665300
1474464600,2016-09-21,214.24000549316406,216.02999877929688,213.44000244140625,215.82000732421875,110284400
1474551000,2016-09-22,217,217.52999877929688,216.7100067138672,217.17999267578125,76678700
1474637400,2016-09-23,216.72000122070312,216.8800048828125,215.8800048828125,215.99000549316406,73630900
1474896600,2016-09-26,215.02000427246094,215.22999572753906,214.00999450683594,214.24000549316406,89827300
1474983000,2016-09-27,214.0500030517578,215.67999267578125,213.6199951171875,215.57000732421875,78494800
1475069400,2016-09-28,215.8300018310547,216.82000732421875,214.7100067138672,216.63999938964844,87411000
1475155800,2016-09-29,216.39999389648438,216.8699951171875,214.0399932861328,214.67999267578125,128070600
1475242200,2016-09-30,215.64999389648438,217.1199951171875,215.36000061035156,216.3000030517578,117202900
1475501400,2016-10-03,215.82000732421875,216.0399932861328,215.0399932861328,215.77999877929688,83512100
1475587800,2016-10-04,215.91000366210938,216.1699981689453,213.99000549316406,214.67999267578125,119948100
1475674200,2016-10-05,215.41000366210938,216.1300048828125,215.3300018310547,215.6300048828125,72816000
1475760600,2016-10-06,215.3699951171875,216.0399932861328,214.74000549316406,215.77999877929688,62927400
1475847000,2016-10-07,216.10000610351562,216.3000030517578,214.19000244140625,215.0399932861328,89788300
1476106200,2016-10-10,216.16000366210938,216.6999969482422,215.99000549316406,216.16000366210938,51855000
1476192600,2016-10-11,215.66000366210938,215.74000549316406,212.5800018310547,213.42999267578125,130367400
1476279000,2016-10-12,213.58999633789062,214.32000732421875,213.00999450683594,213.7100067138672,73866100
1476365400,2016-10-13,212.16000366210938,213.58999633789062,211.2100067138672,213.00999450683594,101357000
1476451800,2016-10-14,214.14999389648438,214.69000244140625,213.02999877929688,213.1199951171875,93346200
1476711000,2016-10-17,213.08999633789062,213.38999938964844,212.1699981689453,212.3800048828125,58275700
1476797400,2016-10-18,214.24000549316406,214.30999755859375,213.27000427246094,213.7100067138672,76869700
1476883800,2016-10-19,214.02000427246094,214.63999938964844,213.60000610351562,214.27999877929688,66519200
1476970200,2016-10-20,213.8699951171875,214.52999877929688,213.11000061035156,213.8800048828125,73639800
1477056600,2016-10-21,213.8800048828125,214.0800018310547,212.75999450683594,213.97999572753906,89089100
1477315800,2016-10-24,215,215.32000732421875,214.47999572753906,214.88999938964844,60146600
1477402200,2016-10-25,214.67999267578125,214.97999572753906,213.97999572753906,214.1699981689453,66542300
1477488600,2016-10-26,213.2100067138672,214.4199981689453,212.92999267578125,213.74000549316406,75705500
1477575000,2016-10-27,214.5800018310547,214.6199951171875,213.0800018310547,213.1699981689453,77220200
1477661400,2016-10-28,213.13999938964844,213.92999267578125,211.7100067138672,212.5399932861328,140623200
1477920600,2016-10-31,212.92999267578125,213.19000244140625,212.36000061035156,212.5500030517578,61272500
1478007000,2016-11-01,212.92999267578125,212.99000549316406,209.60000610351562,211.00999450683594,122781800
1478093400,2016-11-02,210.64999389648438,211.10000610351562,209.22999572753906,209.74000549316406,103330800
1478179800,2016-11-03,209.99000549316406,210.24000549316406,208.4600067138672,208.77999877929688,88939300
1478266200,2016-11-04,208.91000366210938,209.88999938964844,208.3800048828125,208.5500030517578,109122100
1478529000,2016-11-07,208.5500030517578,213.19000244140625,208.5500030517578,213.14999389648438,109794900
1478615400,2016-11-08,212.69000244140625,214.77000427246094,212.3800048828125,214.11000061035156,106772100
1478701800,2016-11-09,212.3699951171875,217.10000610351562,212.33999633789062,216.3800048828125,258429000
1478788200,2016-11-10,217.3000030517578,218.30999755859375,215.22000122070312,216.9199981689453,172113300
1478874600,2016-11-11,216.0800018310547,216.6999969482422,215.32000732421875,216.4199981689453,100552700
1479133800,2016-11-14,217.02999877929688,217.27000427246094,215.72000122070312,216.58999633789062,94580000
1479220200,2016-11-15,217.0399932861328,218.27999877929688,216.8000030517578,218.27999877929688,91652600
1479306600,2016-11-16,217.55999755859375,218.13999938964844,217.4199981689453,217.8699951171875,65617700
1479393000,2016-11-17,218.0500030517578,219.05999755859375,217.9199981689453,218.99000549316406,69797200
1479479400,2016-11-18,219.07000732421875,219.27000427246094,218.2899932861328,218.5,86265800
1479738600,2016-11-21,219.1699981689453,220.17999267578125,219,220.14999389648438,72402600
1479825000,2016-11-22,220.50999450683594,220.7899932861328,219.72999572753906,220.5800018310547,67429000
1479911400,2016-11-23,219.97999572753906,220.75999450683594,219.75,220.6999969482422,56620200
1480084200,2016-11-25,221.10000610351562,221.55999755859375,221.00999450683594,221.52000427246094,37872300
1480343400,2016-11-28,221.16000366210938,221.47999572753906,220.36000061035156,220.47999572753906,76572500
1480429800,2016-11-29,220.52000427246094,221.44000244140625,220.1699981689453,220.91000366210938,69886700
1480516200,2016-11-30,221.6300048828125,221.82000732421875,220.30999755859375,220.3800048828125,113291800
1480602600,2016-12-01,220.72999572753906,220.72999572753906,219.14999389648438,219.57000732421875,79040500
1480689000,2016-12-02,219.6699981689453,220.25,219.25999450683594,219.67999267578125,74840300
1480948200,2016-12-05,220.64999389648438,221.39999389648438,220.4199981689453,221,67837800
1481034600,2016-12-06,221.22000122070312,221.74000549316406,220.66000366210938,221.6999969482422,59877400
1481121000,2016-12-07,221.52000427246094,224.6699981689453,221.3800048828125,224.60000610351562,110738100
1481207400,2016-12-08,224.57000732421875,225.6999969482422,224.25999450683594,225.14999389648438,99714400
1481293800,2016-12-09,225.41000366210938,226.52999877929688,225.3699951171875,226.50999450683594,88005800
1481553000,2016-12-12,226.39999389648438,226.9600067138672,225.75999450683594,226.25,102016100
1481639400,2016-12-13,227.02000427246094,228.33999633789062,227,227.75999450683594,110477500
1481725800,2016-12-14,227.41000366210938,228.22999572753906,225.3699951171875,225.8800048828125,142501800
1481812200,2016-12-15,226.16000366210938,227.80999755859375,225.88999938964844,226.80999755859375,124972600
1481898600,2016-12-16,226.00999450683594,226.0800018310547,224.6699981689453,225.0399932861328,156420200
1482157800,2016-12-19,225.25,226.02000427246094,225.0800018310547,225.52999877929688,90341100
1482244200,2016-12-20,226.14999389648438,226.57000732421875,225.8800048828125,226.39999389648438,89838800
1482330600,2016-12-21,226.25,226.4499969482422,225.77000427246094,225.77000427246094,67909000
1482417000,2016-12-22,225.60000610351562,225.74000549316406,224.9199981689453,225.3800048828125,56219100
1482503400,2016-12-23,225.42999267578125,225.72000122070312,225.2100067138672,225.7100067138672,36697800
1482849000,2016-12-27,226.02000427246094,226.72999572753906,226,226.27000427246094,42672500
1482935400,2016-12-28,226.57000732421875,226.58999633789062,224.27000427246094,224.39999389648438,64095000
1483021800,2016-12-29,224.47999572753906,224.88999938964844,223.83999633789062,224.35000610351562,48696100
1483108200,2016-12-30,224.72999572753906,224.8300018310547,222.72999572753906,223.52999877929688,108998300
1483453800,2017-01-03,225.0399932861328,225.8300018310547,223.8800048828125,225.24000549316406,91366500
1483540200,2017-01-04,225.6199951171875,226.75,225.61000061035156,226.5800018310547,78744400
1483626600,2017-01-05,226.27000427246094,226.5800018310547,225.47999572753906,226.39999389648438,78379000
1483713000,2017-01-06,226.52999877929688,227.75,225.89999389648438,227.2100067138672,71559900
1483972200,2017-01-09,226.91000366210938,227.07000732421875,226.4199981689453,226.4600067138672,46939700
1484058600,2017-01-10,226.47999572753906,227.4499969482422,226.00999450683594,226.4600067138672,63771900
1484145000,2017-01-11,226.36000061035156,227.10000610351562,225.58999633789062,227.10000610351562,74650000
1484231400,2017-01-12,226.5,226.75,224.9600067138672,226.52999877929688,72113200
1484317800,2017-01-13,226.72999572753906,227.39999389648438,226.69000244140625,227.0500030517578,62717900
1484663400,2017-01-17,226.30999755859375,226.77999877929688,225.8000030517578,226.25,61240800
1484749800,2017-01-18,226.5399932861328,226.8000030517578,225.89999389648438,226.75,54793300
1484836200,2017-01-19,226.83999633789062,227,225.41000366210938,225.91000366210938,66608800
1484922600,2017-01-20,226.6999969482422,227.30999755859375,225.97000122070312,226.74000549316406,129168600
1485181800,2017-01-23,226.74000549316406,226.80999755859375,225.27000427246094,226.14999389648438,75061600
1485268200,2017-01-24,226.39999389648438,228.0800018310547,226.27000427246094,227.60000610351562,95555300
1485354600,2017-01-25,228.6999969482422,229.57000732421875,228.50999450683594,229.57000732421875,84437700
1485441000,2017-01-26,229.39999389648438,229.7100067138672,229.00999450683594,229.3300018310547,59970700
1485527400,2017-01-27,229.4199981689453,229.58999633789062,228.75999450683594,228.97000122070312,59711100
1485786600,2017-01-30,228.1699981689453,228.1999969482422,226.41000366210938,227.5500030517578,79737300
1485873000,2017-01-31,226.97999572753906,227.60000610351562,226.32000732421875,227.52999877929688,75880800
1485959400,2017-02-01,227.52999877929688,228.58999633789062,226.94000244140625,227.6199951171875,79117700
1486045800,2017-02-02,227.6199951171875,228.10000610351562,226.82000732421875,227.77000427246094,69657600
1486132200,2017-02-03,228.82000732421875,229.5500030517578,228.4600067138672,229.33999633789062,80563200
1486391400,2017-02-06,228.8699951171875,229.3300018310547,228.5399932861328,228.92999267578125,57790100
1486477800,2017-02-07,229.3800048828125,229.66000366210938,228.72000122070312,228.94000244140625,57931200
1486564200,2017-02-08,228.94000244140625,229.38999938964844,228.30999755859375,229.24000549316406,51566200
1486650600,2017-02-09,229.24000549316406,230.9499969482422,229.24000549316406,230.60000610351562,65955200
1486737000,2017-02-10,231,231.77000427246094,230.6199951171875,231.50999450683594,66015900
1486996200,2017-02-13,232.0800018310547,233.07000732421875,232.0500030517578,232.77000427246094,55182100
1487082600,2017-02-14,232.55999755859375,233.7100067138672,232.16000366210938,233.6999969482422,71109000
1487169000,2017-02-15,233.4499969482422,235.13999938964844,233.38999938964844,234.9199981689453,86785800
1487255400,2017-02-16,234.9499969482422,235.16000366210938,233.85000610351562,234.72000122070312,84722400
1487341800,2017-02-17,233.9499969482422,235.08999633789062,233.92999267578125,235.08999633789062,77204100
1487687400,2017-02-21,235.52000427246094,236.69000244140625,235.50999450683594,236.49000549316406,88946100
1487773800,2017-02-22,236.02000427246094,236.5399932861328,235.8300018310547,236.27999877929688,62115200
1487860200,2017-02-23,236.8800048828125,236.89999389648438,235.55999755859375,236.44000244140625,74615900
1487946600,2017-02-24,235.4600067138672,236.7899932861328,235.41000366210938,236.74000549316406,82381600
1488205800,2017-02-27,236.63999938964844,237.30999755859375,236.35000610351562,237.11000061035156,56515400
1488292200,2017-02-28,236.6699981689453,236.9499969482422,236.02000427246094,236.47000122070312,96961900
1488378600,2017-03-01,238.38999938964844,240.32000732421875,238.3699951171875,239.77999877929688,149158200
1488465000,2017-03-02,239.55999755859375,239.57000732421875,238.2100067138672,238.27000427246094,70246000
1488551400,2017-03-03,238.1699981689453,238.61000061035156,237.72999572753906,238.4199981689453,81974300
1488810600,2017-03-06,237.5,238.1199951171875,237.00999450683594,237.7100067138672,55391500
1488897000,2017-03-07,237.36000061035156,237.77000427246094,236.75999450683594,237,65103700
1488983400,2017-03-08,237.33999633789062,237.63999938964844,236.39999389648438,236.55999755859375,78168800
1489069800,2017-03-09,236.6999969482422,237.24000549316406,235.74000549316406,236.86000061035156,90683900
1489156200,2017-03-10,237.97000122070312,238.02000427246094,236.58999633789062,237.69000244140625,81991700
1489411800,2017-03-13,237.6199951171875,237.86000061035156,237.24000549316406,237.80999755859375,57256800
1489498200,2017-03-14,237.17999267578125,237.24000549316406,236.19000244140625,236.89999389648438,59880800
1489584600,2017-03-15,237.55999755859375,239.44000244140625,237.2899932861328,238.9499969482422,96081800
1489671000,2017-03-16,239.11000061035156,239.1999969482422,238.10000610351562,238.47999572753906,78344000
1489757400,2017-03-17,237.75,237.97000122070312,237.02999877929688,237.02999877929688,89002100
1490016600,2017-03-20,237.02999877929688,237.36000061035156,236.32000732421875,236.77000427246094,52537000
1490103000,2017-03-21,237.47000122070312,237.61000061035156,233.5800018310547,233.72999572753906,131809300
1490189400,2017-03-22,233.77000427246094,234.61000061035156,233.0500030517578,234.27999877929688,97569200
1490275800,2017-03-23,234.27999877929688,235.33999633789062,233.60000610351562,234.02999877929688,100410300
1490362200,2017-03-24,234.3800048828125,235.0399932861328,232.9600067138672,233.86000061035156,112504900
1490621400,2017-03-27,231.92999267578125,233.9199981689453,231.61000061035156,233.6199951171875,87454500
1490707800,2017-03-28,233.27000427246094,235.80999755859375,233.13999938964844,235.32000732421875,93483900
1490794200,2017-03-29,234.99000549316406,235.80999755859375,234.72999572753906,235.5399932861328,61950400
1490880600,2017-03-30,235.47000122070312,236.52000427246094,235.27000427246094,236.2899932861328,56737900
1490967000,2017-03-31,235.89999389648438,236.50999450683594,235.67999267578125,235.74000549316406,73733100
1491226200,2017-04-03,235.8000030517578,236.02999877929688,233.91000366210938,235.3300018310547,85546500
1491312600,2017-04-04,235,235.5800018310547,234.55999755859375,235.47999572753906,56466200
1491399000,2017-04-05,236.25999450683594,237.38999938964844,234.5399932861328,234.77999877929688,108800600
1491485400,2017-04-06,234.94000244140625,236.0399932861328,234.42999267578125,235.44000244140625,69135800
1491571800,2017-04-07,235.14999389648438,236,234.63999938964844,235.1999969482422,74412300
1491831000,2017-04-10,235.36000061035156,236.25999450683594,234.72999572753906,235.33999633789062,67615300
1491917400,2017-04-11,234.89999389648438,235.17999267578125,233.33999633789062,235.05999755859375,88045300
1492003800,2017-04-12,234.74000549316406,234.9600067138672,233.77000427246094,234.02999877929688,81864400
1492090200,2017-04-13,233.63999938964844,234.49000549316406,232.50999450683594,232.50999450683594,92880400
1492435800,2017-04-17,233.11000061035156,234.57000732421875,232.8800048828125,234.57000732421875,68405400
1492522200,2017-04-18,233.72000122070312,234.49000549316406,233.0800018310547,233.8699951171875,83225800
1492608600,2017-04-19,234.52000427246094,234.9499969482422,233.17999267578125,233.44000244140625,68699900
1492695000,2017-04-20,234.14999389648438,235.85000610351562,233.77999877929688,235.33999633789062,92572200
1492781400,2017-04-21,235.25,235.30999755859375,234.1300048828125,234.58999633789062,110389800
1493040600,2017-04-24,237.17999267578125,237.41000366210938,234.55999755859375,237.1699981689453,119209900
1493127000,2017-04-25,237.91000366210938,238.9499969482422,237.80999755859375,238.5500030517578,76698300
1493213400,2017-04-26,238.50999450683594,239.52999877929688,238.35000610351562,238.39999389648438,84702500
1493299800,2017-04-27,238.77000427246094,238.9499969482422,237.97999572753906,238.60000610351562,57410300
1493386200,2017-04-28,238.89999389648438,238.92999267578125,237.92999267578125,238.0800018310547,63532800
1493645400,2017-05-01,238.67999267578125,239.1699981689453,238.1999969482422,238.67999267578125,66882500
1493731800,2017-05-02,238.83999633789062,238.97999572753906,238.3000030517578,238.77000427246094,57375700
1493818200,2017-05-03,238.77000427246094,238.8800048828125,237.6999969482422,238.47999572753906,73137700
1493904600,2017-05-04,238.8300018310547,238.9199981689453,237.77999877929688,238.75999450683594,61462700
1493991000,2017-05-05,239.19000244140625,239.72000122070312,238.67999267578125,239.6999969482422,62001300
1494250200,2017-05-08,239.75,239.9199981689453,239.1699981689453,239.66000366210938,48385700
1494336600,2017-05-09,239.9600067138672,240.19000244140625,239.0399932861328,239.44000244140625,51363200
1494423000,2017-05-10,239.38999938964844,239.8699951171875,239.14999389648438,239.8699951171875,54293800
1494509400,2017-05-11,239.35000610351562,239.57000732421875,238.1300048828125,239.3800048828125,62358300
1494595800,2017-05-12,239.08999633789062,239.42999267578125,238.6699981689453,238.97999572753906,53912700
1494855000,2017-05-15,239.47000122070312,240.44000244140625,239.4499969482422,240.3000030517578,61918900
1494941400,2017-05-16,240.63999938964844,240.6699981689453,239.6300048828125,240.0800018310547,51241800
1495027800,2017-05-17,240.0800018310547,240.0800018310547,235.75,235.82000732421875,172174100
1495114200,2017-05-18,235.72999572753906,237.75,235.42999267578125,236.77000427246094,107047700
1495200600,2017-05-19,237.3300018310547,239.0800018310547,237.27000427246094,238.30999755859375,115011400
1495459800,2017-05-22,238.89999389648438,239.7100067138672,238.82000732421875,239.52000427246094,61010600
1495546200,2017-05-23,239.9499969482422,240.24000549316406,239.50999450683594,240.0500030517578,48341700
1495632600,2017-05-24,240.32000732421875,240.72999572753906,239.92999267578125,240.61000061035156,46927700
1495719000,2017-05-25,241.1999969482422,242.0800018310547,240.9600067138672,241.75999450683594,64071700
1495805400,2017-05-26,241.5399932861328,241.89999389648438,241.4499969482422,241.7100067138672,46629900
1496151000,2017-05-30,241.33999633789062,241.7899932861328,241.16000366210938,241.5,35201900
1496237400,2017-05-31,241.83999633789062,241.8800048828125,240.63999938964844,241.44000244140625,91796000
1496323800,2017-06-01,241.97000122070312,243.3800048828125,241.63999938964844,243.36000061035156,68962000
1496410200,2017-06-02,243.4199981689453,244.35000610351562,243.0800018310547,244.1699981689453,88666100
1496669400,2017-06-05,243.97000122070312,244.3000030517578,243.75999450683594,243.99000549316406,44698800
1496755800,2017-06-06,243.33999633789062,243.97999572753906,243.1199951171875,243.2100067138672,50375400
1496842200,2017-06-07,243.60000610351562,243.9199981689453,242.8300018310547,243.66000366210938,54144300
1496928600,2017-06-08,243.77000427246094,244.3300018310547,243.1699981689453,243.77999877929688,65950700
1497015000,2017-06-09,244.08999633789062,245.00999450683594,241.9499969482422,243.41000366210938,132256400
1497274200,2017-06-12,243.1300048828125,243.4199981689453,242.3800048828125,243.36000061035156,86108100
1497360600,2017-06-13,243.97999572753906,244.61000061035156,243.5800018310547,244.5500030517578,60067000
1497447000,2017-06-14,244.86000061035156,244.8699951171875,243.2899932861328,244.24000549316406,78602300
1497533400,2017-06-15,242.67999267578125,243.91000366210938,242.36000061035156,243.77000427246094,66464900
1497619800,2017-06-16,242.77000427246094,242.8300018310547,241.6300048828125,242.63999938964844,84553100
1497879000,2017-06-19,243.58999633789062,244.72999572753906,243.47999572753906,244.66000366210938,65123800
1497965400,2017-06-20,244.25,244.25999450683594,242.99000549316406,243.00999450683594,56906400
1498051800,2017-06-21,243.4600067138672,243.58999633789062,242.41000366210938,242.9499969482422,55977600
1498138200,2017-06-22,242.9600067138672,243.52999877929688,242.63999938964844,242.83999633789062,44148100
1498224600,2017-06-23,242.91000366210938,243.50999450683594,242.47000122070312,243.1300048828125,66986800
1498483800,2017-06-26,243.89999389648438,244.3800048828125,243.0500030517578,243.2899932861328,56700500
1498570200,2017-06-27,243.0399932861328,243.3800048828125,241.30999755859375,241.3300018310547,82247700
1498656600,2017-06-28,242.5,243.72000122070312,242.22999572753906,243.49000549316406,70042600
1498743000,2017-06-29,243.66000366210938,243.72000122070312,239.9600067138672,241.35000610351562,106949700
1498829400,2017-06-30,242.27999877929688,242.7100067138672,241.5800018310547,241.8000030517578,86820700
1499088600,2017-07-03,242.8800048828125,243.3800048828125,242.2100067138672,242.2100067138672,39153800
1499261400,2017-07-05,242.6300048828125,243.00999450683594,241.6999969482422,242.77000427246094,54427600
1499347800,2017-07-06,241.88999938964844,242.02999877929688,240.33999633789062,240.5500030517578,65400800
1499434200,2017-07-07,241.2100067138672,242.27999877929688,240.55999755859375,242.11000061035156,57972300
1499693400,2017-07-10,242.11000061035156,242.8000030517578,241.75999450683594,242.3699951171875,36663300
1499779800,2017-07-11,242.3699951171875,242.5500030517578,240.85000610351562,242.19000244140625,50354600
1499866200,2017-07-12,243.3000030517578,244.1999969482422,243.3000030517578,244.00999450683594,59610400
1499952600,2017-07-13,244.02000427246094,244.5500030517578,243.75999450683594,244.4199981689453,39471600
1500039000,2017-07-14,244.4199981689453,245.97000122070312,244.30999755859375,245.55999755859375,60262700
1500298200,2017-07-17,245.47000122070312,245.91000366210938,245.3300018310547,245.52999877929688,33531900
1500384600,2017-07-18,245.05999755859375,245.72000122070312,244.6699981689453,245.66000366210938,42742500
1500471000,2017-07-19,246.02000427246094,247,246.00999450683594,246.99000549316406,51034300
1500557400,2017-07-20,247.27999877929688,247.4199981689453,246.47000122070312,247.10000610351562,47135200
1500643800,2017-07-21,246.44000244140625,246.91000366210938,246.17999267578125,246.8800048828125,82340800
1500903000,2017-07-24,246.7899932861328,246.97999572753906,246.27999877929688,246.82000732421875,46622300
1500989400,2017-07-25,247.67999267578125,247.8000030517578,247.16000366210938,247.4199981689453,54915600
1501075800,2017-07-26,247.75,247.7899932861328,247.1300048828125,247.42999267578125,47575400
1501162200,2017-07-27,247.9600067138672,248,245.67999267578125,247.1999969482422,70766600
1501248600,2017-07-28,246.64999389648438,247.05999755859375,246.1300048828125,246.91000366210938,50088400
1501507800,2017-07-31,247.3699951171875,247.47999572753906,246.52999877929688,246.77000427246094,65838700
1501594200,2017-08-01,247.4600067138672,247.5,246.72000122070312,247.32000732421875,55050400
1501680600,2017-08-02,247.47000122070312,247.60000610351562,246.3699951171875,247.44000244140625,47211200
1501767000,2017-08-03,247.30999755859375,247.33999633789062,246.63999938964844,246.9600067138672,40856000
1501853400,2017-08-04,247.52000427246094,247.7899932861328,246.97000122070312,247.41000366210938,60191800
1502112600,2017-08-07,247.49000549316406,247.8699951171875,247.3699951171875,247.8699951171875,31995000
1502199000,2017-08-08,247.50999450683594,248.91000366210938,246.8300018310547,247.25999450683594,61719400
1502285400,2017-08-09,246.47000122070312,247.30999755859375,246.05999755859375,247.25,62632600
1502371800,2017-08-10,246.2899932861328,246.44000244140625,243.6999969482422,243.75999450683594,120479500
1502458200,2017-08-11,244.02000427246094,244.8000030517578,243.75,244.1199951171875,74869900
1502717400,2017-08-14,245.58999633789062,246.7899932861328,245.5500030517578,246.5399932861328,73291900
1502803800,2017-08-15,246.97999572753906,247,246.16000366210938,246.50999450683594,55242700
1502890200,2017-08-16,247.11000061035156,247.57000732421875,246.4499969482422,246.94000244140625,56715500
1502976600,2017-08-17,246.24000549316406,246.60000610351562,243.08999633789062,243.08999633789062,128490400
1503063000,2017-08-18,242.89999389648438,244.19000244140625,242.1999969482422,242.7100067138672,136748000
1503322200,2017-08-21,242.63999938964844,243.1999969482422,241.8300018310547,242.89999389648438,65469700
1503408600,2017-08-22,243.57000732421875,245.6199951171875,243.5500030517578,245.44000244140625,63140100
1503495000,2017-08-23,244.3300018310547,245.0500030517578,244.16000366210938,244.55999755859375,50203800
1503581400,2017-08-24,245,245.17999267578125,243.75,243.99000549316406,50741700
1503667800,2017-08-25,244.89999389648438,245.61000061035156,244.38999938964844,244.55999755859375,64445900
1503927000,2017-08-28,245.1699981689453,245.1999969482422,244.08999633789062,244.57000732421875,40565600
1504013400,2017-08-29,243.05999755859375,245.14999389648438,242.92999267578125,244.85000610351562,51135700
1504099800,2017-08-30,244.8300018310547,246.32000732421875,244.6199951171875,246.00999450683594,62030800
1504186200,2017-08-31,246.72000122070312,247.77000427246094,246.0500030517578,247.49000549316406,103803900
1504272600,2017-09-01,247.9199981689453,248.3300018310547,247.6699981689453,247.83999633789062,62007000
1504618200,2017-09-05,247.25999450683594,247.52000427246094,244.9499969482422,246.05999755859375,91398800
1504704600,2017-09-06,246.83999633789062,247.27999877929688,246.22999572753906,246.89999389648438,57916900
1504791000,2017-09-07,247.25,247.27000427246094,246.39999389648438,246.8699951171875,58034700
1504877400,2017-09-08,246.5399932861328,247.11000061035156,246.3000030517578,246.5800018310547,63832800
1505136600,2017-09-11,248.0399932861328,249.3000030517578,248.02000427246094,249.2100067138672,71364800
1505223000,2017-09-12,249.6300048828125,250.08999633789062,249.4199981689453,250.0500030517578,56896000
1505309400,2017-09-13,249.72000122070312,250.2100067138672,249.58999633789062,250.1699981689453,59228000
1505395800,2017-09-14,249.8000030517578,250.32000732421875,249.60000610351562,250.08999633789062,95446300
1505482200,2017-09-15,248.69000244140625,249.2899932861328,248.57000732421875,249.19000244140625,95432400
1505741400,2017-09-18,249.61000061035156,250.1199951171875,249.27999877929688,249.72000122070312,46235200
1505827800,2017-09-19,250,250.07000732421875,249.60000610351562,249.97000122070312,47108100
1505914200,2017-09-20,250.07000732421875,250.19000244140625,248.9199981689453,250.05999755859375,59574100
1506000600,2017-09-21,249.8800048828125,249.97999572753906,249.19000244140625,249.38999938964844,48211400
1506087000,2017-09-22,249.0500030517578,249.6300048828125,249.02000427246094,249.44000244140625,51214000
1506346200,2017-09-25,249.14999389648438,249.5500030517578,248.0800018310547,248.92999267578125,57064400
1506432600,2017-09-26,249.4199981689453,249.6999969482422,248.80999755859375,249.0800018310547,54082000
1506519000,2017-09-27,249.8800048828125,250.49000549316406,248.8699951171875,250.0500030517578,81001400
1506605400,2017-09-28,249.72999572753906,250.44000244140625,249.6300048828125,250.35000610351562,44778800
1506691800,2017-09-29,250.33999633789062,251.32000732421875,250.1300048828125,251.22999572753906,85578000
1506951000,2017-10-02,251.49000549316406,252.32000732421875,251.2899932861328,252.32000732421875,59023000
1507037400,2017-10-03,252.32000732421875,252.88999938964844,252.22999572753906,252.86000061035156,66810200
1507123800,2017-10-04,252.69000244140625,253.44000244140625,252.55999755859375,253.16000366210938,55953600
1507210200,2017-10-05,253.5399932861328,254.67999267578125,253.1999969482422,254.66000366210938,63522800
1507296600,2017-10-06,254.14999389648438,254.6999969482422,253.85000610351562,254.3699951171875,80646000
1507555800,2017-10-09,254.6300048828125,254.6999969482422,253.64999389648438,253.9499969482422,35803100
1507642200,2017-10-10,254.60000610351562,255.0500030517578,253.97999572753906,254.6199951171875,43057400
1507728600,2017-10-11,254.50999450683594,255.02000427246094,254.32000732421875,255.02000427246094,47674300
1507815000,2017-10-12,254.66000366210938,255.05999755859375,254.3699951171875,254.63999938964844,47065100
1507901400,2017-10-13,255.13999938964844,255.27000427246094,254.63999938964844,254.9499969482422,54800400
1508160600,2017-10-16,255.2100067138672,255.50999450683594,254.82000732421875,255.2899932861328,38221700
1508247000,2017-10-17,255.22999572753906,255.52000427246094,254.97999572753906,255.47000122070312,31561000
1508333400,2017-10-18,255.89999389648438,255.9499969482422,255.5,255.72000122070312,40888300
1508419800,2017-10-19,254.8300018310547,255.8300018310547,254.35000610351562,255.7899932861328,61903800
1508506200,2017-10-20,256.70001220703125,257.1400146484375,255.77000427246094,257.1099853515625,89176400
1508765400,2017-10-23,257.4800109863281,257.510009765625,256.0199890136719,256.1099853515625,63915300
1508851800,2017-10-24,256.6000061035156,256.8299865722656,256.1499938964844,256.55999755859375,66935900
1508938200,2017-10-25,256.17999267578125,256.30999755859375,254,255.2899932861328,103715300
1509024600,2017-10-26,255.99000549316406,256.29998779296875,255.47999572753906,255.6199951171875,69798000
1509111000,2017-10-27,256.4700012207031,257.8900146484375,255.6300048828125,257.7099914550781,85562500
1509370200,2017-10-30,256.4700012207031,257.6000061035156,256.4100036621094,256.75,54285700
1509456600,2017-10-31,257.17999267578125,257.44000244140625,256.80999755859375,257.1499938964844,60304800
1509543000,2017-11-01,258.0400085449219,258.42999267578125,257.07000732421875,257.489990234375,54202700
1509629400,2017-11-02,257.4100036621094,257.75,256.19000244140625,257.5899963378906,56449500
1509715800,2017-11-03,257.7699890136719,258.5,257.29998779296875,258.45001220703125,59589700
1509978600,2017-11-06,258.29998779296875,259,258.2200012207031,258.8500061035156,49652600
1510065000,2017-11-07,258.9700012207031,259.3500061035156,258.0899963378906,258.6700134277344,57502200
1510151400,2017-11-08,258.4700012207031,259.2200012207031,258.1499938964844,259.1099853515625,50469600
1510237800,2017-11-09,257.7300109863281,258.3900146484375,256.3599853515625,258.1700134277344,95085500
1510324200,2017-11-10,257.7300109863281,258.2900085449219,257.3699951171875,258.0899963378906,59984700
1510583400,2017-11-13,257.30999755859375,258.5899963378906,257.2699890136719,258.3299865722656,50228600
1510669800,2017-11-14,257.4100036621094,257.8500061035156,256.5199890136719,257.7300109863281,61315200
1510756200,2017-11-15,256.6199951171875,257.2200012207031,255.6300048828125,256.44000244140625,80811500
1510842600,2017-11-16,257.5199890136719,259.0400085449219,257.4700012207031,258.6199951171875,67777000
1510929000,2017-11-17,258.2200012207031,258.5899963378906,257.7699890136719,257.8599853515625,75756800
1511188200,2017-11-20,258.1400146484375,258.5199890136719,257.8599853515625,258.29998779296875,48075500
1511274600,2017-11-21,259.17999267578125,260.20001220703125,258.260009765625,259.989990234375,69176800
1511361000,2017-11-22,260,260.1499938964844,259.57000732421875,259.760009765625,45033400
1511533800,2017-11-24,260.32000732421875,260.4800109863281,260.1600036621094,260.3599853515625,27856500
1511793000,2017-11-27,260.4100036621094,260.75,260,260.2300109863281,52274900
1511879400,2017-11-28,260.760009765625,262.8999938964844,260.6499938964844,262.8699951171875,98971700
1511965800,2017-11-29,263.0199890136719,263.6300048828125,262.20001220703125,262.7099914550781,77512100
1512052200,2017-11-30,263.760009765625,266.04998779296875,263.6700134277344,265.010009765625,127894400
1512138600,2017-12-01,264.760009765625,265.30999755859375,260.760009765625,264.4599914550781,164390900
1512397800,2017-12-04,266.30999755859375,266.79998779296875,264.0799865722656,264.1400146484375,94040600
1512484200,2017-12-05,263.19000244140625,265.1499938964844,263.0400085449219,263.19000244140625,77994500
1512570600,2017-12-06,263.29998779296875,263.7300109863281,262.7099914550781,263.239990234375,75898600
1512657000,2017-12-07,264.07000732421875,264.42999267578125,262.94000244140625,264.07000732421875,77218600
1512743400,2017-12-08,265.1600036621094,265.5199890136719,264.0299987792969,265.510009765625,76563900
1513002600,2017-12-11,266.30999755859375,266.3800048828125,265.4800109863281,266.30999755859375,83077500
1513089000,2017-12-12,267.2099914550781,267.32000732421875,266.3500061035156,266.7799987792969,85195800
1513175400,2017-12-13,267.05999755859375,267.55999755859375,266.6499938964844,266.75,102905400
1513261800,2017-12-14,267.0899963378906,267.2200012207031,265.6000061035156,265.6600036621094,100666700
1513348200,2017-12-15,265.45001220703125,267.0400085449219,265.3900146484375,266.510009765625,144610300
1513607400,2017-12-18,268.1000061035156,268.6000061035156,267.9800109863281,268.20001220703125,83653600
1513693800,2017-12-19,268.4800109863281,268.5299987792969,267.0899963378906,267.1700134277344,82382900
1513780200,2017-12-20,268.2699890136719,268.3299865722656,266.69000244140625,267.0299987792969,76751500
1513866600,2017-12-21,267.739990234375,268.3900146484375,267.29998779296875,267.5799865722656,67032300
1513953000,2017-12-22,267.6000061035156,267.6400146484375,266.8999938964844,267.510009765625,78720900
1514298600,2017-12-26,267.04998779296875,267.44000244140625,266.8900146484375,267.19000244140625,45244400
1514385000,2017-12-27,267.3800048828125,267.7300109863281,267.010009765625,267.32000732421875,57751000
1514471400,2017-12-28,267.8900146484375,267.9200134277344,267.45001220703125,267.8699951171875,45116100
1514557800,2017-12-29,268.5299987792969,268.54998779296875,266.6400146484375,266.8599853515625,96007400
1514903400,2018-01-02,267.8399963378906,268.80999755859375,267.3999938964844,268.7699890136719,86655700
1514989800,2018-01-03,268.9599914550781,270.6400146484375,268.9599914550781,270.4700012207031,90070400
1515076200,2018-01-04,271.20001220703125,272.1600036621094,270.5400085449219,271.6099853515625,80636400
1515162600,2018-01-05,272.510009765625,273.55999755859375,271.95001220703125,273.4200134277344,83524000
1515421800,2018-01-08,273.30999755859375,274.1000061035156,272.9800109863281,273.9200134277344,57319200
1515508200,2018-01-09,274.3999938964844,275.25,274.0799865722656,274.5400085449219,57254000
1515594600,2018-01-10,273.67999267578125,274.4200134277344,272.9200134277344,274.1199951171875,69574300
1515681000,2018-01-11,274.75,276.1199951171875,274.55999755859375,276.1199951171875,62361500
1515767400,2018-01-12,276.4200134277344,278.1099853515625,276.0799865722656,277.9200134277344,90816100
1516113000,2018-01-16,279.3500061035156,280.0899963378906,276.17999267578125,276.9700012207031,106555100
1516199400,2018-01-17,278.0299987792969,280.04998779296875,276.9700012207031,279.6099853515625,113258800
1516285800,2018-01-18,279.4800109863281,279.9599914550781,278.5799865722656,279.1400146484375,100728000
1516372200,2018-01-19,279.79998779296875,280.4100036621094,279.1400146484375,280.4100036621094,140920100
1516631400,2018-01-22,280.1700134277344,282.69000244140625,280.1099853515625,282.69000244140625,91322400
1516717800,2018-01-23,282.739990234375,283.6199951171875,282.3699951171875,283.2900085449219,97084700
1516804200,2018-01-24,284.0199890136719,284.70001220703125,281.8399963378906,283.17999267578125,134816100
1516890600,2018-01-25,284.1600036621094,284.2699890136719,282.3999938964844,283.29998779296875,84587300
1516977000,2018-01-26,284.25,286.6300048828125,283.9599914550781,286.5799865722656,107743100
1517236200,2018-01-29,285.92999267578125,286.42999267578125,284.5,284.67999267578125,90118300
1517322600,2018-01-30,282.6000061035156,284.739990234375,281.2200012207031,281.760009765625,131796400
1517409000,2018-01-31,282.7300109863281,283.29998779296875,280.67999267578125,281.8999938964844,108364800
1517495400,2018-02-01,281.07000732421875,283.05999755859375,280.67999267578125,281.5799865722656,90102500
1517581800,2018-02-02,280.0799865722656,280.2300109863281,275.4100036621094,275.45001220703125,173174800
1517841000,2018-02-05,273.45001220703125,275.8500061035156,263.30999755859375,263.92999267578125,294681800
1517927400,2018-02-06,259.94000244140625,269.70001220703125,258.70001220703125,269.1300048828125,355026800
1518013800,2018-02-07,268.5,272.3599853515625,267.5799865722656,267.6700134277344,167376100
1518100200,2018-02-08,268.010009765625,268.1700134277344,257.5899963378906,257.6300048828125,246449500
1518186600,2018-02-09,260.79998779296875,263.6099853515625,252.9199981689453,261.5,283565300
1518445800,2018-02-12,263.8299865722656,267.010009765625,261.6600036621094,265.3399963378906,143736000
1518532200,2018-02-13,263.9700012207031,266.6199951171875,263.30999755859375,266,81223600
1518618600,2018-02-14,264.30999755859375,270,264.29998779296875,269.5899963378906,120735700
1518705000,2018-02-15,271.57000732421875,273.0400085449219,268.7699890136719,273.0299987792969,111200300
1518791400,2018-02-16,272.32000732421875,275.32000732421875,272.2699890136719,273.1099853515625,160420100
1519137000,2018-02-20,272.0299987792969,273.6700134277344,270.5,271.3999938964844,86369700
1519223400,2018-02-21,271.8999938964844,274.7200012207031,269.94000244140625,270.04998779296875,98883700
1519309800,2018-02-22,271.1000061035156,273.04998779296875,269.6400146484375,270.3999938964844,110511300
1519396200,2018-02-23,271.7900085449219,274.7099914550781,271.25,274.7099914550781,92766400
1519655400,2018-02-26,275.92999267578125,278.010009765625,275.260009765625,277.8999938964844,86491400
1519741800,2018-02-27,278.1099853515625,278.9200134277344,274.3599853515625,274.42999267578125,99099200
1519828200,2018-02-28,275.67999267578125,276.19000244140625,271.2900085449219,271.6499938964844,121907800
1519914600,2018-03-01,271.4100036621094,273.1700134277344,266,267.70001220703125,176855100
1520001000,2018-03-02,265.79998779296875,269.7200012207031,264.82000732421875,269.0799865722656,139083200
1520260200,2018-03-05,267.7300109863281,272.8900146484375,267.6099853515625,272.19000244140625,97307400
1520346600,2018-03-06,273.29998779296875,273.3900146484375,271.17999267578125,272.8800048828125,79213200
1520433000,2018-03-07,270.4200134277344,273.17999267578125,270.20001220703125,272.7799987792969,87063500
1520519400,2018-03-08,273.54998779296875,274.239990234375,272.4200134277344,274.1000061035156,66901200
1520605800,2018-03-09,275.70001220703125,278.8699951171875,275.3399963378906,278.8699951171875,113625300
1520861400,2018-03-12,279.20001220703125,279.9100036621094,278.0799865722656,278.5199890136719,71924800
1520947800,2018-03-13,279.8399963378906,280.4100036621094,276.0299987792969,276.7200012207031,91968900
1521034200,2018-03-14,277.80999755859375,278.0199890136719,274.6700134277344,275.29998779296875,105895100
1521120600,2018-03-15,275.8800048828125,276.6099853515625,274.42999267578125,275,83433000
1521207000,2018-03-16,274.5,275.3900146484375,274.1400146484375,274.20001220703125,100343700
1521466200,2018-03-19,273.3500061035156,274.3999938964844,268.6199951171875,270.489990234375,109208400
1521552600,2018-03-20,270.94000244140625,271.6700134277344,270.17999267578125,270.95001220703125,59757300
1521639000,2018-03-21,270.8999938964844,273.2699890136719,270.19000244140625,270.42999267578125,78709600
1521725400,2018-03-22,267.9100036621094,268.8699951171875,263.3599853515625,263.6700134277344,148785900
1521811800,2018-03-23,264.1700134277344,264.5400085449219,257.8299865722656,258.04998779296875,183534800
1522071000,2018-03-26,262.1300048828125,265.42999267578125,259.4100036621094,265.1099853515625,141956100
1522157400,2018-03-27,266.1700134277344,266.7699890136719,258.8399963378906,260.6000061035156,129941400
1522243800,2018-03-28,260.75,262.6400146484375,258.5799865722656,259.8299865722656,146452300
1522330200,2018-03-29,261.1199951171875,265.260009765625,259.8399963378906,263.1499938964844,111601600
1522675800,2018-04-02,262.54998779296875,263.1300048828125,254.6699981689453,257.4700012207031,186286300
1522762200,2018-04-03,258.8699951171875,261.30999755859375,256.8399963378906,260.7699890136719,119956900
1522848600,2018-04-04,256.75,264.3599853515625,256.6000061035156,263.55999755859375,123715300
1522935000,2018-04-05,265.54998779296875,266.6400146484375,264.32000732421875,265.6400146484375,82652600
1523021400,2018-04-06,263.4200134277344,265.1099853515625,258,259.7200012207031,179521200
1523280600,2018-04-09,261.3699951171875,264.8399963378906,259.94000244140625,261,105442900
1523367000,2018-04-10,264.2699890136719,266.0400085449219,262.9800109863281,265.1499938964844,103529000
1523453400,2018-04-11,263.4700012207031,265.6400146484375,263.3900146484375,263.760009765625,91140200
1523539800,2018-04-12,265.260009765625,267,265.05999755859375,265.92999267578125,68890500
1523626200,2018-04-13,267.4100036621094,267.5400085449219,264.010009765625,265.1499938964844,85079200
1523885400,2018-04-16,267,268.20001220703125,266.07000732421875,267.3299865722656,63405300
1523971800,2018-04-17,269.3299865722656,270.8699951171875,268.75,270.19000244140625,64682000
1524058200,2018-04-18,270.69000244140625,271.29998779296875,269.8699951171875,270.3900146484375,57303900
1524144600,2018-04-19,269.6499938964844,269.8800048828125,267.7200012207031,268.8900146484375,77655900
1524231000,2018-04-20,268.80999755859375,269.05999755859375,265.6099853515625,266.6099853515625,99953100
1524490200,2018-04-23,267.260009765625,267.8900146484375,265.3500061035156,266.57000732421875,65558000
1524576600,2018-04-24,267.7300109863281,267.9800109863281,261.2799987792969,262.9800109863281,112885500
1524663000,2018-04-25,262.9100036621094,264.1300048828125,260.8500061035156,263.6300048828125,103840900
1524749400,2018-04-26,264.7900085449219,267.25,264.2900085449219,266.30999755859375,67731900
1524835800,2018-04-27,267,267.3399963378906,265.5,266.55999755859375,57053600
1525095000,2018-04-30,267.260009765625,267.8900146484375,264.42999267578125,264.510009765625,82182300
1525181400,2018-05-01,263.8699951171875,265.1000061035156,262.1099853515625,264.9800109863281,74203400
1525267800,2018-05-02,264.760009765625,265.67999267578125,262.760009765625,263.20001220703125,86368900
1525354200,2018-05-03,262.260009765625,263.3599853515625,259.04998779296875,262.6199951171875,136311500
1525440600,2018-05-04,261.5199890136719,266.7900085449219,261.1499938964844,266.0199890136719,91222100
1525699800,2018-05-07,266.8900146484375,268.0199890136719,266.1099853515625,266.9200134277344,55304900
1525786200,2018-05-08,266.5,267.3299865722656,265.1499938964844,266.9200134277344,67499200
1525872600,2018-05-09,267.67999267578125,269.8699951171875,267.0899963378906,269.5,59666100
1525959000,2018-05-10,270.3399963378906,272.3900146484375,270.2200012207031,272.0199890136719,72063900
1526045400,2018-05-11,272.1600036621094,273.1499938964844,271.5799865722656,272.8500061035156,59871500
1526304600,2018-05-14,273.3399963378906,274.0799865722656,272.3599853515625,272.9800109863281,54790600
1526391000,2018-05-15,271.5899963378906,271.6099853515625,270.0299987792969,271.1000061035156,87036100
1526477400,2018-05-16,271.1400146484375,272.760009765625,271.1099853515625,272.239990234375,53942600
1526563800,2018-05-17,271.94000244140625,273.2300109863281,271.1300048828125,272.010009765625,56536400
1526650200,2018-05-18,271.6199951171875,272.0299987792969,270.92999267578125,271.3299865722656,64368000
1526909400,2018-05-21,273.010009765625,273.9800109863281,272.57000732421875,273.3699951171875,58025900
1526995800,2018-05-22,273.9599914550781,274.25,272.239990234375,272.6099853515625,52966400
1527082200,2018-05-23,271.1700134277344,273.3900146484375,270.989990234375,273.3599853515625,64694200
1527168600,2018-05-24,272.9100036621094,273.2200012207031,270.7799987792969,272.79998779296875,76043800
1527255000,2018-05-25,272.1499938964844,272.8599853515625,271.5799865722656,272.1499938964844,56374800
1527600600,2018-05-29,270.30999755859375,271.1700134277344,267.760009765625,269.0199890136719,115908600
1527687000,2018-05-30,270.5,273.1099853515625,270.4200134277344,272.6099853515625,69678400
1527773400,2018-05-31,272.1499938964844,272.489990234375,270.260009765625,270.94000244140625,93519900
1527859800,2018-06-01,272.4100036621094,273.94000244140625,272.3299865722656,273.6000061035156,71258400
1528119000,2018-06-04,274.5299987792969,275.19000244140625,274.260009765625,274.8999938964844,45385200
1528205400,2018-06-05,275.04998779296875,275.5299987792969,274.17999267578125,275.1000061035156,51135000
1528291800,2018-06-06,275.7900085449219,277.5199890136719,275.0899963378906,277.3999938964844,62732200
1528378200,2018-06-07,277.95001220703125,278.2799987792969,276.3399963378906,277.3699951171875,72969400
1528464600,2018-06-08,276.8500061035156,278.25,276.6600036621094,278.19000244140625,72139700
1528723800,2018-06-11,278.44000244140625,279.3699951171875,278.30999755859375,278.55999755859375,58892500
1528810200,2018-06-12,279.0299987792969,279.3299865722656,278.19000244140625,278.9200134277344,72329000
1528896600,2018-06-13,279.19000244140625,279.4800109863281,277.79998779296875,278.0299987792969,79070600
1528983000,2018-06-14,279.010009765625,279.3299865722656,278.05999755859375,278.7300109863281,77097600
1529069400,2018-06-15,276.6000061035156,277.510009765625,275.3500061035156,277.1300048828125,120041600
1529328600,2018-06-18,275.489990234375,276.70001220703125,274.95001220703125,276.55999755859375,52917600
1529415000,2018-06-19,274,275.75,273.5299987792969,275.5,97531500
1529501400,2018-06-20,276.2699890136719,276.7200012207031,275.5899963378906,275.9700012207031,53785500
1529587800,2018-06-21,275.9599914550781,275.9800109863281,273.67999267578125,274.239990234375,71061400
1529674200,2018-06-22,275.6600036621094,275.7900085449219,274.489990234375,274.739990234375,54898500
1529933400,2018-06-25,273.44000244140625,273.6199951171875,269.1000061035156,271,137854200
1530019800,2018-06-26,271.6400146484375,272.55999755859375,270.7900085449219,271.6000061035156,68547400
1530106200,2018-06-27,272.260009765625,273.8699951171875,269.17999267578125,269.3500061035156,105110700
1530192600,2018-06-28,269.2900085449219,271.75,268.489990234375,270.8900146484375,76650500
1530279000,2018-06-29,272.1199951171875,273.6600036621094,271.1499938964844,271.2799987792969,97592500
1530538200,2018-07-02,269.510009765625,272.0400085449219,269.239990234375,271.8599853515625,63554800
1530624600,2018-07-03,272.8699951171875,272.9800109863281,270.4200134277344,270.8999938964844,42187100
1530797400,2018-07-05,272.1700134277344,273.17999267578125,270.9599914550781,273.1099853515625,56925900
1530883800,2018-07-06,273.1400146484375,275.8399963378906,272.7099914550781,275.4200134277344,66493700
1531143000,2018-07-09,276.54998779296875,277.9599914550781,276.5,277.8999938964844,50550400
1531229400,2018-07-10,278.4100036621094,279.010009765625,278.0799865722656,278.8999938964844,51966800
1531315800,2018-07-11,277.1499938964844,278.0400085449219,276.5199890136719,276.8599853515625,77054700
1531402200,2018-07-12,278.2799987792969,279.42999267578125,277.6000061035156,279.3699951171875,60124700
1531488600,2018-07-13,279.1700134277344,279.92999267578125,278.6600036621094,279.5899963378906,48216000
1531747800,2018-07-16,279.6400146484375,279.79998779296875,278.8399963378906,279.3399963378906,48201000
1531834200,2018-07-17,278.4700012207031,280.9100036621094,278.4100036621094,280.4700012207031,52315500
1531920600,2018-07-18,280.55999755859375,281.17999267578125,280.05999755859375,281.05999755859375,44593500
1532007000,2018-07-19,280.30999755859375,280.739990234375,279.4599914550781,280,61412100
1532093400,2018-07-20,279.7699890136719,280.4800109863281,279.5,279.67999267578125,82337700
1532352600,2018-07-23,279.45001220703125,280.42999267578125,279.05999755859375,280.20001220703125,47047600
1532439000,2018-07-24,281.7900085449219,282.55999755859375,280.6300048828125,281.6099853515625,68026900
1532525400,2018-07-25,281.3299865722656,284.3699951171875,281.2799987792969,284.010009765625,78882900
1532611800,2018-07-26,283.20001220703125,284.1099853515625,283.0899963378906,283.3399963378906,57919500
1532698200,2018-07-27,283.7099914550781,283.82000732421875,280.3800048828125,281.4200134277344,76768700
1532957400,2018-07-30,281.510009765625,281.69000244140625,279.3599853515625,279.95001220703125,63742500
1533043800,2018-07-31,280.80999755859375,282.0199890136719,280.3800048828125,281.3299865722656,68570500
1533130200,2018-08-01,281.55999755859375,282.1300048828125,280.1300048828125,280.8599853515625,53853300
1533216600,2018-08-02,279.3900146484375,282.5799865722656,279.1600036621094,282.3900146484375,63426400
1533303000,2018-08-03,282.5299987792969,283.6600036621094,282.3299865722656,283.6000061035156,53935400
1533562200,2018-08-06,283.6400146484375,284.989990234375,283.20001220703125,284.6400146484375,39400900
1533648600,2018-08-07,285.3900146484375,286.010009765625,285.239990234375,285.5799865722656,43196600
1533735000,2018-08-08,285.3900146484375,285.9100036621094,284.94000244140625,285.4599914550781,42114600
1533821400,2018-08-09,285.5299987792969,285.9700012207031,284.9200134277344,285.07000732421875,35717000
1533907800,2018-08-10,283.45001220703125,284.05999755859375,282.3599853515625,283.1600036621094,77076000
1534167000,2018-08-13,283.4700012207031,284.1600036621094,281.7699890136719,282.1000061035156,65732900
1534253400,2018-08-14,282.9200134277344,284.1700134277344,282.4800109863281,283.8999938964844,43842000
1534339800,2018-08-15,282.3800048828125,282.5400085449219,280.1600036621094,281.7799987792969,102925400
1534426200,2018-08-16,283.3999938964844,285.0400085449219,283.3599853515625,284.05999755859375,69967900
1534512600,2018-08-17,283.8299865722656,285.55999755859375,283.3699951171875,285.05999755859375,65618500
1534771800,2018-08-20,285.57000732421875,285.9700012207031,285.05999755859375,285.6700134277344,39807500
1534858200,2018-08-21,286.25,287.30999755859375,285.7099914550781,286.3399963378906,67272000
1534944600,2018-08-22,285.8800048828125,286.760009765625,285.5799865722656,286.1700134277344,44993300
1535031000,2018-08-23,285.9700012207031,286.94000244140625,285.42999267578125,285.7900085449219,49204900
1535117400,2018-08-24,286.44000244140625,287.6700134277344,286.3800048828125,287.510009765625,57487400
1535376600,2018-08-27,288.8599853515625,289.8999938964844,288.67999267578125,289.7799987792969,57072400
1535463000,2018-08-28,290.29998779296875,290.4200134277344,289.3999938964844,289.9200134277344,46943500
1535549400,2018-08-29,290.1600036621094,291.739990234375,289.8900146484375,291.4800109863281,61485500
1535635800,2018-08-30,290.94000244140625,291.3599853515625,289.6300048828125,290.29998779296875,61229500
1535722200,2018-08-31,289.8399963378906,290.80999755859375,289.2900085449219,290.30999755859375,66140800
1536067800,2018-09-04,289.8399963378906,290.2099914550781,288.67999267578125,289.80999755859375,57594400
1536154200,2018-09-05,289.4100036621094,289.6400146484375,287.8900146484375,289.0299987792969,72452400
1536240600,2018-09-06,289.1499938964844,289.489990234375,287,288.1600036621094,65909900
1536327000,2018-09-07,286.9800109863281,288.70001220703125,286.7099914550781,287.6000061035156,73524800
1536586200,2018-09-10,288.739990234375,289.0400085449219,287.8800048828125,288.1000061035156,50210900
1536672600,2018-09-11,287.3699951171875,289.54998779296875,286.9800109863281,289.04998779296875,50530500
1536759000,2018-09-12,289.05999755859375,289.79998779296875,288.2300109863281,289.1199951171875,59810800
1536845400,2018-09-13,290.32000732421875,291.0400085449219,290,290.8299865722656,51034200
1536931800,2018-09-14,291.05999755859375,291.2699890136719,290,290.8800048828125,55079900
1537191000,2018-09-17,290.82000732421875,290.8599853515625,289.0299987792969,289.3399963378906,68244000
1537277400,2018-09-18,289.5799865722656,291.5799865722656,289.54998779296875,290.9100036621094,61930400
1537363800,2018-09-19,290.9700012207031,291.69000244140625,290.8299865722656,291.2200012207031,49080600
1537450200,2018-09-20,292.6400146484375,293.94000244140625,291.239990234375,293.5799865722656,100360600
1537536600,2018-09-21,293.0899963378906,293.2200012207031,291.80999755859375,291.989990234375,105479700
1537795800,2018-09-24,291.3399963378906,291.5,290.3699951171875,291.0199890136719,53409600
1537882200,2018-09-25,291.5299987792969,291.6499938964844,290.4800109863281,290.75,44370000
1537968600,2018-09-26,290.9100036621094,292.239990234375,289.4100036621094,289.8800048828125,79739700
1538055000,2018-09-27,290.4100036621094,291.9100036621094,290.1000061035156,290.69000244140625,59249500
1538141400,2018-09-28,289.989990234375,291.2799987792969,289.95001220703125,290.7200012207031,70091400
1538400600,2018-10-01,292.1099853515625,292.92999267578125,290.9800109863281,291.7300109863281,62078900
1538487000,2018-10-02,291.55999755859375,292.3599853515625,291.1400146484375,291.55999755859375,47258200
1538573400,2018-10-03,292.739990234375,293.2099914550781,291.32000732421875,291.7200012207031,64694600
1538659800,2018-10-04,291.17999267578125,291.239990234375,287.6600036621094,289.44000244140625,111545900
1538746200,2018-10-05,289.69000244140625,290.2699890136719,286.2200012207031,287.82000732421875,105951700
1539005400,2018-10-08,287.04998779296875,288.2200012207031,285.5,287.82000732421875,87742200
1539091800,2018-10-09,287.3900146484375,288.8599853515625,286.7699890136719,287.3999938964844,74339000
1539178200,2018-10-10,286.8299865722656,286.9100036621094,277.8800048828125,278.29998779296875,214731000
1539264600,2018-10-11,277.0799865722656,278.8999938964844,270.3599853515625,272.1700134277344,274840500
1539351000,2018-10-12,276.7699890136719,277.0899963378906,272.3699951171875,275.95001220703125,183186500
1539610200,2018-10-15,275.54998779296875,277.0400085449219,274.29998779296875,274.3999938964844,102263700
1539696600,2018-10-16,276.6000061035156,280.82000732421875,276.07000732421875,280.3999938964844,118255800
1539783000,2018-10-17,280.44000244140625,281.1499938964844,277.55999755859375,280.45001220703125,110626000
1539869400,2018-10-18,279.3999938964844,280.07000732421875,274.9700012207031,276.3999938964844,134557500
1539955800,2018-10-19,277.1300048828125,279.29998779296875,275.4700012207031,276.25,139901600
1540215000,2018-10-22,277,277.3599853515625,274.4100036621094,275.010009765625,82415800
1540301400,2018-10-23,270.95001220703125,274.8699951171875,268.6099853515625,273.6099853515625,146352700
1540387800,2018-10-24,273.3299865722656,273.760009765625,264.70001220703125,265.32000732421875,177806700
1540474200,2018-10-25,267.3800048828125,271.80999755859375,266.2300109863281,270.0799865722656,138061500
1540560600,2018-10-26,265.9200134277344,271,262.2900085449219,265.3299865722656,201574600
1540819800,2018-10-29,268.79998779296875,270.25,259.8500061035156,263.8599853515625,160749100
1540906200,2018-10-30,263.6700134277344,268.1199951171875,263.1199951171875,267.7699890136719,157116000
1540992600,2018-10-31,270.6499938964844,273.2300109863281,270.1199951171875,270.6300048828125,128296300
1541079000,2018-11-01,271.6000061035156,273.7300109863281,270.3800048828125,273.510009765625,99495000
1541165400,2018-11-02,274.75,275.2300109863281,269.5899963378906,271.8900146484375,122634100
1541428200,2018-11-05,272.44000244140625,274.010009765625,271.3500061035156,273.3900146484375,65622500
1541514600,2018-11-06,273.32000732421875,275.29998779296875,273.25,275.1199951171875,60085900
1541601000,2018-11-07,277.55999755859375,281.1000061035156,277.0799865722656,281.010009765625,102752100
1541687400,2018-11-08,280.1099853515625,281.2200012207031,279.2200012207031,280.5,65584900
1541773800,2018-11-09,279.0299987792969,279.239990234375,276.17999267578125,277.760009765625,98812600
1542033000,2018-11-12,277.19000244140625,277.4599914550781,271.989990234375,272.57000732421875,99673600
1542119400,2018-11-13,273.0899963378906,275.3299865722656,271.25,272.05999755859375,98176600
1542205800,2018-11-14,274.1600036621094,274.6099853515625,268.45001220703125,270.20001220703125,125335900
1542292200,2018-11-15,268.7799987792969,273.5400085449219,267.010009765625,273.0199890136719,135101400
1542378600,2018-11-16,271.7900085449219,274.75,271.2099914550781,273.7300109863281,126668000
1542637800,2018-11-19,273.04998779296875,273.3800048828125,268.07000732421875,269.1000061035156,103061700
1542724200,2018-11-20,265.3599853515625,267,263.1499938964844,264.1199951171875,136021300
1542810600,2018-11-21,265.8599853515625,267.1499938964844,265.010009765625,265.0199890136719,75563700
1542983400,2018-11-23,263.17999267578125,264.82000732421875,263.07000732421875,263.25,42807900
1543242600,2018-11-26,265.7799987792969,267.75,265.3399963378906,267.5,79981400
1543329000,2018-11-27,266.3399963378906,268.3999938964844,265.6600036621094,268.3999938964844,75502400
1543415400,2018-11-28,269.6000061035156,274.5799865722656,268.3299865722656,274.5799865722656,127629600
1543501800,2018-11-29,273.7099914550781,275.54998779296875,272.42999267578125,273.9800109863281,82346400
1543588200,2018-11-30,273.80999755859375,276.2799987792969,273.45001220703125,275.6499938964844,98204200
1543847400,2018-12-03,280.2799987792969,280.3999938964844,277.510009765625,279.29998779296875,103176300
1543933800,2018-12-04,278.3699951171875,278.8500061035156,269.8999938964844,270.25,177986000
1544106600,2018-12-06,265.9200134277344,269.9700012207031,262.44000244140625,269.8399963378906,204185400
1544193000,2018-12-07,269.4599914550781,271.2200012207031,262.6300048828125,263.57000732421875,161018900
1544452200,2018-12-10,263.3699951171875,265.1600036621094,258.6199951171875,264.07000732421875,151445900
1544538600,2018-12-11,267.6600036621094,267.8699951171875,262.4800109863281,264.1300048828125,121504400
1544625000,2018-12-12,267.4700012207031,269,265.3699951171875,265.4599914550781,97976700
1544711400,2018-12-13,266.5199890136719,267.489990234375,264.1199951171875,265.3699951171875,96662700
1544797800,2018-12-14,262.9599914550781,264.0299987792969,259.8500061035156,260.4700012207031,116961100
1545057000,2018-12-17,259.3999938964844,260.6499938964844,253.52999877929688,255.36000061035156,165492300
1545143400,2018-12-18,257.20001220703125,257.95001220703125,253.27999877929688,255.0800018310547,134515100
1545229800,2018-12-19,255.1699981689453,259.3999938964844,249.35000610351562,251.25999450683594,214992800
1545316200,2018-12-20,249.86000061035156,251.6199951171875,244.64999389648438,247.1699981689453,252053400
1545402600,2018-12-21,246.74000549316406,249.7100067138672,239.97999572753906,240.6999969482422,255345600
1545661800,2018-12-24,239.0399932861328,240.83999633789062,234.27000427246094,234.33999633789062,147311600
1545834600,2018-12-26,235.97000122070312,246.17999267578125,233.75999450683594,246.17999267578125,218485400
1545921000,2018-12-27,242.57000732421875,248.2899932861328,238.9600067138672,248.07000732421875,186267300
1546007400,2018-12-28,249.5800018310547,251.39999389648438,246.4499969482422,247.75,153100200
1546266600,2018-12-31,249.55999755859375,250.19000244140625,247.47000122070312,249.9199981689453,144299400
1546439400,2019-01-02,245.97999572753906,251.2100067138672,245.9499969482422,250.17999267578125,126925200
1546525800,2019-01-03,248.22999572753906,248.57000732421875,243.6699981689453,244.2100067138672,144140700
1546612200,2019-01-04,247.58999633789062,253.11000061035156,247.1699981689453,252.38999938964844,142628800
1546871400,2019-01-07,252.69000244140625,255.9499969482422,251.69000244140625,254.3800048828125,103139100
1546957800,2019-01-08,256.82000732421875,257.30999755859375,254,256.7699890136719,102512600
1547044200,2019-01-09,257.55999755859375,258.9100036621094,256.19000244140625,257.9700012207031,95006600
1547130600,2019-01-10,256.260009765625,259.1600036621094,255.5,258.8800048828125,96823900
1547217000,2019-01-11,257.67999267578125,259.010009765625,257.0299987792969,258.9800109863281,73858100
1547476200,2019-01-14,256.8599853515625,258.29998779296875,256.4100036621094,257.3999938964844,70908200
1547562600,2019-01-15,257.82000732421875,260.70001220703125,257.80999755859375,260.3500061035156,85208300
1547649000,2019-01-16,260.8299865722656,261.9700012207031,260.6000061035156,260.9800109863281,77636700
1547735400,2019-01-17,260.010009765625,263.9200134277344,259.9599914550781,262.9599914550781,96118400
1547821800,2019-01-18,264.9800109863281,266.9800109863281,263,266.4599914550781,127900300
1548167400,2019-01-22,264.82000732421875,265.05999755859375,261.05999755859375,262.8599853515625,115531200
1548253800,2019-01-23,264.010009765625,264.7900085449219,260.6600036621094,263.4100036621094,86030300
1548340200,2019-01-24,263.2099914550781,264.20001220703125,262.0799865722656,263.54998779296875,59204100
1548426600,2019-01-25,265.6099853515625,266.70001220703125,263.6600036621094,265.7799987792969,96883400
1548685800,2019-01-28,263.3900146484375,263.8299865722656,261.7900085449219,263.760009765625,85613700
1548772200,2019-01-29,263.9200134277344,264.54998779296875,262.4800109863281,263.4100036621094,66136300
1548858600,2019-01-30,265.1000061035156,268.5199890136719,264.25,267.5799865722656,92473700
1548945000,2019-01-31,267.510009765625,270.4700012207031,267.2699890136719,269.92999267578125,104012100
1549031400,2019-02-01,270.1499938964844,271.20001220703125,269.17999267578125,270.05999755859375,85782500
1549290600,2019-02-04,270.1099853515625,272.0299987792969,269.3599853515625,271.9599914550781,60744800
1549377000,2019-02-05,272.44000244140625,273.44000244140625,271.8800048828125,273.1000061035156,79552800
1549463400,2019-02-06,272.7900085449219,273.3399963378906,271.9200134277344,272.739990234375,58347800
1549549800,2019-02-07,270.94000244140625,271.54998779296875,268.2900085449219,270.1400146484375,95482000
1549636200,2019-02-08,268.75,270.5799865722656,267.8299865722656,270.4700012207031,75788900
1549895400,2019-02-11,271.20001220703125,271.489990234375,270.0299987792969,270.6199951171875,68021400
1549981800,2019-02-12,272.4200134277344,274.5199890136719,272.3399963378906,274.1000061035156,72270200
1550068200,2019-02-13,275.0299987792969,275.92999267578125,274.55999755859375,274.989990234375,65277200
1550154600,2019-02-14,273.7799987792969,275.6400146484375,272.8699951171875,274.3800048828125,83234400
1550241000,2019-02-15,276.3599853515625,277.4100036621094,276.1300048828125,277.3699951171875,97088700
1550586600,2019-02-19,276.4800109863281,278.5799865722656,276.4700012207031,277.8500061035156,59120800
1550673000,2019-02-20,277.80999755859375,278.9200134277344,277.25,278.4100036621094,76610800
1550759400,2019-02-21,277.70001220703125,278.1000061035156,276.3500061035156,277.4200134277344,64214700
1550845800,2019-02-22,278.1099853515625,279.3599853515625,277.3999938964844,279.1400146484375,78114600
1551105000,2019-02-25,280.7300109863281,281.30999755859375,279.42999267578125,279.5199890136719,69030700
1551191400,2019-02-26,279.1300048828125,280.29998779296875,278.8999938964844,279.32000732421875,56844100
1551277800,2019-02-27,278.5199890136719,279.5899963378906,277.4800109863281,279.20001220703125,56921600
1551364200,2019-02-28,278.9599914550781,279.45001220703125,278.32000732421875,278.67999267578125,69268300
1551450600,2019-03-01,280.44000244140625,280.8800048828125,278.82000732421875,280.4200134277344,78880500
1551709800,2019-03-04,281.6000061035156,281.8699951171875,276.8399963378906,279.3999938964844,106494600
1551796200,2019-03-05,279.5400085449219,279.760009765625,278.4100036621094,279.0199890136719,59114600
1551882600,2019-03-06,279.1499938964844,279.1600036621094,276.9700012207031,277.3299865722656,75039800
1551969000,2019-03-07,276.8299865722656,276.989990234375,274.07000732421875,275.010009765625,94885100
1552055400,2019-03-08,272.94000244140625,274.6499938964844,272.4200134277344,274.4599914550781,85795800
1552311000,2019-03-11,275.260009765625,278.6199951171875,275.2300109863281,278.44000244140625,65098900
1552397400,2019-03-12,279.05999755859375,280.07000732421875,278.8500061035156,279.489990234375,79667500
1552483800,2019-03-13,280.4800109863281,282.3800048828125,280.29998779296875,281.3399963378906,80639200
1552570200,2019-03-14,281.3699951171875,281.8399963378906,280.6700134277344,281.1600036621094,67518400
1552656600,2019-03-15,280.5400085449219,282.2099914550781,280.3299865722656,281.30999755859375,81309000
1552915800,2019-03-18,281.54998779296875,282.6600036621094,281.29998779296875,282.3299865722656,62199800
1553002200,2019-03-19,283.510009765625,284.3599853515625,281.4100036621094,282.3999938964844,90268100
1553088600,2019-03-20,282.1600036621094,283.5,280.32000732421875,281.54998779296875,84609200
1553175000,2019-03-21,280.6400146484375,285.17999267578125,280.5899963378906,284.7300109863281,79550400
1553261400,2019-03-22,283.2200012207031,283.79998779296875,279.17999267578125,279.25,122659300
1553520600,2019-03-25,278.8699951171875,280.19000244140625,277.6400146484375,279.0400085449219,85575200
1553607000,2019-03-26,280.989990234375,282.17999267578125,279.55999755859375,281.1199951171875,68125900
1553693400,2019-03-27,281.1099853515625,281.760009765625,277.92999267578125,279.6499938964844,72224700
1553779800,2019-03-28,280.3500061035156,281.2099914550781,279.07000732421875,280.7099914550781,56238500
1553866200,2019-03-29,282.3900146484375,282.8399963378906,281.1400146484375,282.4800109863281,82186800
1554125400,2019-04-01,284.70001220703125,286.1600036621094,284.3999938964844,285.8299865722656,77617900
1554211800,2019-04-02,286.0400085449219,286.2300109863281,285.0899963378906,285.9700012207031,40070400
1554298200,2019-04-03,287.32000732421875,287.760009765625,285.75,286.4200134277344,68243200
1554384600,2019-04-04,286.7799987792969,287.4599914550781,286.010009765625,287.17999267578125,48997500
1554471000,2019-04-05,287.9200134277344,288.6300048828125,287.6000061035156,288.57000732421875,58621700
1554730200,2019-04-08,288.1000061035156,288.9100036621094,287.3699951171875,288.7900085449219,53566300
1554816600,2019-04-09,287.7200012207031,288.0799865722656,286.70001220703125,287.30999755859375,66142300
1554903000,2019-04-10,287.7699890136719,288.3900146484375,287.30999755859375,288.2900085449219,52601500
1554989400,2019-04-11,288.8299865722656,288.8399963378906,287.5799865722656,288.2099914550781,55093100
1555075800,2019-04-12,290,290.4700012207031,288.260009765625,290.1600036621094,69727800
1555335000,2019-04-15,290.239990234375,290.3500061035156,289.0799865722656,289.9700012207031,49596700
1555421400,2019-04-16,290.95001220703125,291.010009765625,289.5,290.1600036621094,52153200
1555507800,2019-04-17,291.3999938964844,291.42999267578125,288.989990234375,289.45001220703125,58268300
1555594200,2019-04-18,290.1000061035156,290.32000732421875,288.6600036621094,290.0199890136719,68708500
1555939800,2019-04-22,289.1700134277344,290.44000244140625,289.07000732421875,290.2699890136719,40160100
1556026200,2019-04-23,290.67999267578125,293.1400146484375,290.4200134277344,292.8800048828125,52246600
1556112600,2019-04-24,292.7900085449219,293.1600036621094,292.07000732421875,292.2300109863281,50392900
1556199000,2019-04-25,292.1199951171875,292.7799987792969,290.7300109863281,292.04998779296875,57770900
1556285400,2019-04-26,292.1000061035156,293.489990234375,291.239990234375,293.4100036621094,50916400
1556544600,2019-04-29,293.510009765625,294.45001220703125,293.4100036621094,293.8699951171875,57197700
1556631000,2019-04-30,293.489990234375,294.3399963378906,291.9200134277344,294.0199890136719,81111700
1556717400,2019-05-01,294.7200012207031,294.95001220703125,291.79998779296875,291.80999755859375,71671900
1556803800,2019-05-02,291.67999267578125,292.70001220703125,289.5199890136719,291.17999267578125,65030200
1556890200,2019-05-03,292.82000732421875,294.3399963378906,291.29998779296875,294.0299987792969,56543700
1557149400,2019-05-06,289.25,293.30999755859375,288.8999938964844,292.82000732421875,107198100
1557235800,2019-05-07,290.1499938964844,290.80999755859375,285.80999755859375,287.92999267578125,144729900
1557322200,2019-05-08,287.5299987792969,289.42999267578125,286.8699951171875,287.5299987792969,91568300
1557408600,2019-05-09,285.2300109863281,287.3299865722656,283.29998779296875,286.6600036621094,103471100
1557495000,2019-05-10,285.6199951171875,288.94000244140625,282.29998779296875,288.1000061035156,112429300
1557754200,2019-05-13,282.4200134277344,283.489990234375,279.92999267578125,280.8599853515625,127290500
1557840600,2019-05-14,281.989990234375,285.1000061035156,281.8500061035156,283.3999938964844,77003200
1557927000,2019-05-15,281.5899963378906,285.7699890136719,281.3599853515625,285.05999755859375,73956400
1558013400,2019-05-16,285.8399963378906,289.2099914550781,285.760009765625,287.70001220703125,76749600
1558099800,2019-05-17,285.1400146484375,288.6000061035156,285.1199951171875,285.8399963378906,100353000
1558359000,2019-05-20,284.05999755859375,285.9599914550781,283.1199951171875,283.95001220703125,62877600
1558445400,2019-05-21,285.8299865722656,286.92999267578125,285.54998779296875,286.510009765625,46847100
1558531800,2019-05-22,285.45001220703125,286.69000244140625,285.1000061035156,285.6300048828125,49482500
1558618200,2019-05-23,283.1600036621094,283.2099914550781,280.57000732421875,282.1400146484375,98733800
1558704600,2019-05-24,283.739990234375,284.20001220703125,282.0899963378906,282.7799987792969,55268100
1559050200,2019-05-28,283.0899963378906,284.1499938964844,280.1300048828125,280.1499938964844,70029400
1559136600,2019-05-29,278.9100036621094,279.3599853515625,276.7099914550781,278.2699890136719,104972900
1559223000,2019-05-30,279.1099853515625,280.0400085449219,277.80999755859375,279.0299987792969,62523800
1559309400,2019-05-31,276.20001220703125,277.1199951171875,275.239990234375,275.2699890136719,86862800
1559568600,2019-06-03,275.30999755859375,276.54998779296875,273.0899963378906,274.57000732421875,96428000
1559655000,2019-06-04,277.1199951171875,280.67999267578125,276.6199951171875,280.5299987792969,77231900
1559741400,2019-06-05,282.3299865722656,282.989990234375,280.32000732421875,282.9599914550781,71169700
1559827800,2019-06-06,283.2900085449219,285.54998779296875,282.57000732421875,284.79998779296875,69430400
1559914200,2019-06-07,285.92999267578125,288.8500061035156,285.739990234375,287.6499938964844,74272200
1560173400,2019-06-10,289.3699951171875,290.82000732421875,288.8699951171875,288.9700012207031,60799100
1560259800,2019-06-11,290.989990234375,291.3999938964844,288.17999267578125,288.8999938964844,58641300
1560346200,2019-06-12,288.6400146484375,289.260009765625,287.82000732421875,288.3900146484375,47096300
1560432600,2019-06-13,289.3999938964844,289.9800109863281,288.6199951171875,289.5799865722656,48945200
1560519000,2019-06-14,289.260009765625,289.92999267578125,288.4100036621094,289.260009765625,52324700
1560778200,2019-06-17,289.5199890136719,290.2200012207031,289.17999267578125,289.3699951171875,39205700
1560864600,2019-06-18,291.3900146484375,293.57000732421875,290.989990234375,292.3999938964844,85434800
1560951000,2019-06-19,292.54998779296875,293.6499938964844,291.4700012207031,293.05999755859375,78674400
1561037400,2019-06-20,296.0400085449219,296.30999755859375,293.1300048828125,295.8599853515625,116570000
1561123800,2019-06-21,294.1300048828125,295.5199890136719,293.760009765625,294,83309500
1561383000,2019-06-24,294.2300109863281,294.5799865722656,293.4700012207031,293.6400146484375,47582700
1561469400,2019-06-25,293.70001220703125,293.7300109863281,290.6400146484375,290.760009765625,82028700
1561555800,2019-06-26,291.75,292.30999755859375,290.3500061035156,290.4700012207031,51584900
1561642200,2019-06-27,291.30999755859375,292.05999755859375,290.8900146484375,291.5,40355200
1561728600,2019-06-28,292.5799865722656,293.54998779296875,292.010009765625,293,59350900
1561987800,2019-07-01,296.67999267578125,296.9200134277344,294.3299865722656,295.6600036621094,78705600
1562074200,2019-07-02,295.6099853515625,296.489990234375,294.67999267578125,296.42999267578125,61504500
1562160600,2019-07-03,297.17999267578125,298.82000732421875,297.0199890136719,298.79998779296875,40898900
1562333400,2019-07-05,297.44000244140625,298.6400146484375,296.010009765625,298.4599914550781,51677300
1562592600,2019-07-08,297.010009765625,298.260009765625,296.2200012207031,296.82000732421875,45841800
1562679000,2019-07-09,295.5400085449219,297.5199890136719,295.4800109863281,297.19000244140625,41101300
1562765400,2019-07-10,298.3699951171875,299.6600036621094,297.7799987792969,298.6099853515625,58448500
1562851800,2019-07-11,299.32000732421875,299.5799865722656,298.20001220703125,299.30999755859375,50826100
1562938200,2019-07-12,299.8500061035156,300.7300109863281,299.510009765625,300.6499938964844,40326000
1563197400,2019-07-15,301.1300048828125,301.1300048828125,300.19000244140625,300.75,33900000
1563283800,2019-07-16,300.6499938964844,300.8800048828125,299.44000244140625,299.7799987792969,36650100
1563370200,2019-07-17,299.75,299.92999267578125,297.739990234375,297.739990234375,36036300
1563456600,2019-07-18,297.19000244140625,299.25,296.70001220703125,298.8299865722656,51392600
1563543000,2019-07-19,300.0400085449219,300.07000732421875,296.9800109863281,297.1700134277344,58678600
1563802200,2019-07-22,297.6099853515625,298.5,297.0400085449219,297.8999938964844,43638100
1563888600,2019-07-23,299.1400146484375,300.0299987792969,298.2200012207031,300.0299987792969,44564500
1563975000,2019-07-24,299.19000244140625,301.44000244140625,299.0899963378906,301.44000244140625,47213200
1564061400,2019-07-25,300.94000244140625,301,299.1099853515625,300,55394100
1564147800,2019-07-26,300.760009765625,302.2300109863281,300.6199951171875,302.010009765625,45084100
1564407000,2019-07-29,301.8800048828125,302.010009765625,300.8500061035156,301.4599914550781,38126500
1564493400,2019-07-30,299.9100036621094,301.1700134277344,299.489990234375,300.7200012207031,45849000
1564579800,2019-07-31,300.989990234375,301.20001220703125,295.20001220703125,297.42999267578125,104245200
1564666200,2019-08-01,297.6000061035156,300.8699951171875,293.9599914550781,294.8399963378906,142646600
1564752600,2019-08-02,293.8500061035156,294.1199951171875,290.8999938964844,292.6199951171875,116749700
1565011800,2019-08-05,288.0899963378906,288.2099914550781,281.7200012207031,283.82000732421875,178745400
1565098200,2019-08-06,285.9100036621094,288.0400085449219,284.2799987792969,287.79998779296875,120711700
1565184600,2019-08-07,284.3999938964844,288.82000732421875,282.0400085449219,287.9700012207031,140572300
1565271000,2019-08-08,289.6199951171875,293.6199951171875,289.010009765625,293.6199951171875,87713900
1565357400,2019-08-09,292.5799865722656,293.239990234375,289.6499938964844,291.6199951171875,93730000
1565616600,2019-08-12,289.9599914550781,291.6099853515625,287.0199890136719,288.07000732421875,65527600
1565703000,2019-08-13,287.739990234375,294.1499938964844,287.3599853515625,292.54998779296875,94299800
1565789400,2019-08-14,288.07000732421875,288.739990234375,283.760009765625,283.8999938964844,135622100
1565875800,2019-08-15,284.8800048828125,285.6400146484375,282.3900146484375,284.6499938964844,99556600
1565962200,2019-08-16,286.4800109863281,289.3299865722656,284.7099914550781,288.8500061035156,83018300
1566221400,2019-08-19,292.19000244140625,293.0799865722656,291.44000244140625,292.3299865722656,53571800
1566307800,2019-08-20,291.7699890136719,292.3599853515625,289.95001220703125,290.0899963378906,51596400
1566394200,2019-08-21,292.4800109863281,292.8599853515625,291.7200012207031,292.45001220703125,49524700
1566480600,2019-08-22,293.2300109863281,293.92999267578125,290.3999938964844,292.3599853515625,51666400
1566567000,2019-08-23,290.9200134277344,292.760009765625,283.4700012207031,284.8500061035156,149161500
1566826200,2019-08-26,287.2699890136719,288,285.5799865722656,288,72423800
1566912600,2019-08-27,289.5400085449219,289.95001220703125,286.0299987792969,286.8699951171875,66668900
1566999000,2019-08-28,286.1400146484375,289.07000732421875,285.25,288.8900146484375,59696700
1567085400,2019-08-29,291.7200012207031,293.1600036621094,290.6099853515625,292.5799865722656,57899400
1567171800,2019-08-30,294.2200012207031,294.239990234375,291.4200134277344,292.45001220703125,62901200
1567517400,2019-09-03,290.57000732421875,291.5799865722656,289.2699890136719,290.739990234375,69101400
1567603800,2019-09-04,293.1400146484375,294.05999755859375,292.30999755859375,294.0400085449219,46887300
1567690200,2019-09-05,296.7900085449219,298.8299865722656,294,297.82000732421875,83258100
1567776600,2019-09-06,298.1700134277344,298.760009765625,297.4200134277344,298.04998779296875,49584300
1568035800,2019-09-09,299.1400146484375,299.239990234375,297.1600036621094,298.20001220703125,51260300
1568122200,2019-09-10,297.3599853515625,298.20001220703125,295.9700012207031,298.1300048828125,57947100
1568208600,2019-09-11,298.4700012207031,300.3399963378906,297.75,300.25,68821100
1568295000,2019-09-12,301.25,302.4599914550781,300.4100036621094,301.2900085449219,72908700
1568381400,2019-09-13,301.7799987792969,302.1700134277344,300.67999267578125,301.0899963378906,62104800
1568640600,2019-09-16,299.8399963378906,301.1400146484375,299.45001220703125,300.1600036621094,58191200
1568727000,2019-09-17,299.94000244140625,301.0199890136719,299.75,300.9200134277344,41475500
1568813400,2019-09-18,300.489990234375,301.2200012207031,298.239990234375,301.1000061035156,73375800
1568899800,2019-09-19,301.5299987792969,302.6300048828125,300.7099914550781,301.0799865722656,76560500
1568986200,2019-09-20,300.3599853515625,300.6700134277344,297.4100036621094,298.2799987792969,89565000
1569245400,2019-09-23,297.54998779296875,299,297.2699890136719,298.2099914550781,43476800
1569331800,2019-09-24,299.4100036621094,299.8399963378906,294.80999755859375,295.8699951171875,94869400
1569418200,2019-09-25,295.9599914550781,298.1099853515625,294.3299865722656,297.6199951171875,71854000
1569504600,2019-09-26,297.6300048828125,297.8599853515625,295.45001220703125,297,56179700
1569591000,2019-09-27,297.8299865722656,297.95001220703125,293.69000244140625,295.3999938964844,84746600
1569850200,2019-09-30,295.9700012207031,297.54998779296875,295.9200134277344,296.7699890136719,51662400
1569936600,2019-10-01,297.739990234375,298.4599914550781,293,293.239990234375,88242400
1570023000,2019-10-02,291.5,291.510009765625,286.6400146484375,288.05999755859375,122539500
1570109400,2019-10-03,287.80999755859375,290.45001220703125,284.82000732421875,290.4200134277344,85278800
1570195800,2019-10-04,291.1400146484375,294.6300048828125,291.0799865722656,294.3500061035156,65091200
1570455000,2019-10-07,293.4700012207031,295.260009765625,292.7699890136719,293.0799865722656,59610500
1570541400,2019-10-08,291.0400085449219,291.8500061035156,288.489990234375,288.5299987792969,95708100
1570627800,2019-10-09,290.75,292.29998779296875,290.05999755859375,291.2699890136719,62359400
1570714200,2019-10-10,291.17999267578125,294.2099914550781,291,293.239990234375,55296300
1570800600,2019-10-11,296.2699890136719,298.739990234375,296.1400146484375,296.2799987792969,98720400
1571059800,2019-10-14,295.92999267578125,296.6700134277344,295.57000732421875,295.95001220703125,40394800
1571146200,2019-10-15,297.1000061035156,299.70001220703125,296.9700012207031,298.8800048828125,46754500
1571232600,2019-10-16,298.3699951171875,299.1600036621094,297.9200134277344,298.3999938964844,48928200
1571319000,2019-10-17,299.67999267578125,300.239990234375,298.5199890136719,299.2799987792969,45736600
1571405400,2019-10-18,298.69000244140625,299.3999938964844,297.0299987792969,297.9700012207031,64304000
1571664600,2019-10-21,299.4200134277344,300.2099914550781,298.94000244140625,299.989990234375,39048600
1571751000,2019-10-22,300.5799865722656,300.8999938964844,298.9100036621094,299.010009765625,48594700
1571837400,2019-10-23,298.7300109863281,299.94000244140625,298.5,299.8800048828125,34352200
1571923800,2019-10-24,300.9100036621094,301.07000732421875,299.4599914550781,300.3699951171875,35453100
1572010200,2019-10-25,299.739990234375,302.20001220703125,299.67999267578125,301.6000061035156,45205400
1572269400,2019-10-28,302.94000244140625,303.8500061035156,302.9100036621094,303.29998779296875,42147000
1572355800,2019-10-29,303,304.2300109863281,302.8599853515625,303.2099914550781,44284900
1572442200,2019-10-30,303.42999267578125,304.54998779296875,301.989990234375,304.1400146484375,49643900
1572528600,2019-10-31,304.1300048828125,304.1300048828125,301.7300109863281,303.3299865722656,69053800
1572615000,2019-11-01,304.9200134277344,306.19000244140625,304.739990234375,306.1400146484375,71141500
1572877800,2019-11-04,307.8500061035156,308,306.9599914550781,307.3699951171875,60606900
1572964200,2019-11-05,307.5899963378906,307.9200134277344,306.7099914550781,307.0299987792969,42933200
1573050600,2019-11-06,307.0299987792969,307.3999938964844,306.05999755859375,307.1000061035156,46487100
1573137000,2019-11-07,308.57000732421875,309.6499938964844,307.6600036621094,308.17999267578125,54272300
1573223400,2019-11-08,307.79998779296875,309,307.0299987792969,308.94000244140625,49032100
1573482600,2019-11-11,307.4200134277344,308.5400085449219,307.2699890136719,308.3500061035156,35797300
1573569000,2019-11-12,308.75,309.989990234375,308.1499938964844,309,46484600
1573655400,2019-11-13,307.9100036621094,309.5400085449219,307.6600036621094,309.1000061035156,53917700
1573741800,2019-11-14,308.7900085449219,309.6400146484375,308.0899963378906,309.54998779296875,51219900
1573828200,2019-11-15,311.0199890136719,311.8399963378906,310.260009765625,311.7900085449219,62023600
1574087400,2019-11-18,311.5299987792969,312.2799987792969,311.0299987792969,312.0199890136719,49228000
1574173800,2019-11-19,312.67999267578125,312.69000244140625,311.2200012207031,311.92999267578125,67804700
1574260200,2019-11-20,311.2799987792969,311.8500061035156,309.05999755859375,310.7699890136719,79406200
1574346600,2019-11-21,310.8900146484375,311.010009765625,309.3900146484375,310.2699890136719,54664700
1574433000,2019-11-22,311.0899963378906,311.239990234375,309.8500061035156,310.9599914550781,44850200
1574692200,2019-11-25,311.9800109863281,313.3699951171875,311.9800109863281,313.3699951171875,48647200
1574778600,2019-11-26,313.4100036621094,314.2799987792969,313.05999755859375,314.0799865722656,37569000
1574865000,2019-11-27,314.6099853515625,315.4800109863281,314.3699951171875,315.4800109863281,44444600
1575037800,2019-11-29,314.8599853515625,315.1300048828125,314.05999755859375,314.30999755859375,36592700
1575297000,2019-12-02,314.5899963378906,314.6600036621094,311.1700134277344,311.6400146484375,75767800
1575383400,2019-12-03,308.6499938964844,309.6400146484375,307.1300048828125,309.54998779296875,73941700
1575469800,2019-12-04,310.70001220703125,312.1199951171875,310.32000732421875,311.4599914550781,49080000
1575556200,2019-12-05,312.2300109863281,312.25,310.5799865722656,312.0199890136719,40709000
1575642600,2019-12-06,314.1199951171875,315.30999755859375,314.1099853515625,314.8699951171875,48927000
1575901800,2019-12-09,314.44000244140625,315.17999267578125,313.79998779296875,313.8800048828125,34838500
1575988200,2019-12-10,313.82000732421875,314.54998779296875,312.80999755859375,313.5299987792969,52649800
1576074600,2019-12-11,314.0299987792969,314.70001220703125,313.44000244140625,314.4200134277344,53429100
1576161000,2019-12-12,314.42999267578125,317.989990234375,314.1700134277344,317.1300048828125,96389600
1576247400,2019-12-13,316.8699951171875,318.6700134277344,316.0199890136719,317.32000732421875,81503900
1576506600,2019-12-16,319.2200012207031,320.1499938964844,317.25,319.5,82749700
1576593000,2019-12-17,319.9200134277344,320.25,319.4800109863281,319.57000732421875,61097700
1576679400,2019-12-18,320,320.25,319.5299987792969,319.5899963378906,48133000
1576765800,2019-12-19,319.79998779296875,320.9800109863281,319.5199890136719,320.8999938964844,85310500
1576852200,2019-12-20,320.4599914550781,321.9700012207031,319.3900146484375,320.7300109863281,147142100
1577111400,2019-12-23,321.5899963378906,321.6499938964844,321.05999755859375,321.2200012207031,52990000
1577197800,2019-12-24,321.4700012207031,321.5199890136719,320.8999938964844,321.2300109863281,20270000
1577370600,2019-12-26,321.6499938964844,322.95001220703125,321.6400146484375,322.94000244140625,30911200
1577457000,2019-12-27,323.739990234375,323.79998779296875,322.2799987792969,322.8599853515625,42528800
1577716200,2019-12-30,322.95001220703125,323.1000061035156,320.54998779296875,321.0799865722656,49729100
1577802600,2019-12-31,320.5299987792969,322.1300048828125,320.1499938964844,321.8599853515625,57077300
1577975400,2020-01-02,323.5400085449219,324.8900146484375,322.5299987792969,324.8699951171875,59151200
1578061800,2020-01-03,321.1600036621094,323.6400146484375,321.1000061035156,322.4100036621094,77709700
1578321000,2020-01-06,320.489990234375,323.7300109863281,320.3599853515625,323.6400146484375,55653900
1578407400,2020-01-07,323.0199890136719,323.5400085449219,322.239990234375,322.7300109863281,40496400
1578493800,2020-01-08,322.94000244140625,325.7799987792969,322.6700134277344,324.45001220703125,68296000
1578580200,2020-01-09,326.1600036621094,326.7300109863281,325.5199890136719,326.6499938964844,48473300
1578666600,2020-01-10,327.2900085449219,327.4599914550781,325.20001220703125,325.7099914550781,53029300
1578925800,2020-01-13,326.3900146484375,327.9599914550781,325.9200134277344,327.95001220703125,47086800
1579012200,2020-01-14,327.4700012207031,328.6199951171875,326.8399963378906,327.45001220703125,62832800
1579098600,2020-01-15,327.3500061035156,329.0199890136719,327.260009765625,328.19000244140625,72056600
1579185000,2020-01-16,329.70001220703125,330.9200134277344,329.45001220703125,330.9200134277344,54050300
1579271400,2020-01-17,331.70001220703125,332.17999267578125,330.8500061035156,331.95001220703125,95846000
1579617000,2020-01-21,330.8999938964844,332.17999267578125,330.82000732421875,331.29998779296875,77742400
1579703400,2020-01-22,332.239990234375,332.95001220703125,331.1700134277344,331.3399963378906,48914900
1579789800,2020-01-23,330.6300048828125,332.1700134277344,329.4100036621094,331.7200012207031,51963000
1579876200,2020-01-24,332.44000244140625,332.5299987792969,327.3599853515625,328.7699890136719,87578400
1580135400,2020-01-27,323.0299987792969,325.1199951171875,322.6600036621094,323.5,84062500
1580221800,2020-01-28,325.05999755859375,327.8500061035156,323.6000061035156,326.8900146484375,63834000
1580308200,2020-01-29,328.3800048828125,328.6300048828125,326.3999938964844,326.6199951171875,53888900
1580394600,2020-01-30,324.3599853515625,327.9100036621094,323.5400085449219,327.67999267578125,75491800
1580481000,2020-01-31,327,327.1700134277344,320.7300109863281,321.7300109863281,113845600
1580740200,2020-02-03,323.3500061035156,326.1600036621094,323.2200012207031,324.1199951171875,69083000
1580826600,2020-02-04,328.07000732421875,330.010009765625,327.7200012207031,329.05999755859375,62573200
1580913000,2020-02-05,332.2699890136719,333.0899963378906,330.6700134277344,332.8599853515625,65951100
1580999400,2020-02-06,333.9100036621094,334.19000244140625,332.79998779296875,333.9800109863281,50359700
1581085800,2020-02-07,332.82000732421875,333.989990234375,331.6000061035156,332.20001220703125,64139400
1581345000,2020-02-10,331.2300109863281,334.75,331.19000244140625,334.67999267578125,42070000
1581431400,2020-02-11,336.1600036621094,337.0199890136719,334.67999267578125,335.260009765625,54864500
1581517800,2020-02-12,336.8299865722656,337.6499938964844,336.42999267578125,337.4200134277344,43992700
1581604200,2020-02-13,335.8599853515625,338.1199951171875,335.55999755859375,337.05999755859375,54501900
1581690600,2020-02-14,337.510009765625,337.7300109863281,336.20001220703125,337.6000061035156,64582200
1582036200,2020-02-18,336.510009765625,337.6700134277344,335.2099914550781,336.7300109863281,57226200
1582122600,2020-02-19,337.7900085449219,339.0799865722656,337.4800109863281,338.3399963378906,48814700
1582209000,2020-02-20,337.739990234375,338.6400146484375,333.67999267578125,336.95001220703125,74163400
1582295400,2020-02-21,335.4700012207031,335.80999755859375,332.5799865722656,333.4800109863281,113788200
1582554600,2020-02-24,323.1400146484375,333.55999755859375,321.239990234375,322.4200134277344,161088400
1582641000,2020-02-25,323.94000244140625,324.6099853515625,311.69000244140625,312.6499938964844,218913200
1582727400,2020-02-26,314.17999267578125,318.1099853515625,310.70001220703125,311.5,194773800
1582813800,2020-02-27,305.4599914550781,311.55999755859375,297.510009765625,297.510009765625,284353500
1582900200,2020-02-28,288.70001220703125,297.8900146484375,285.5400085449219,296.260009765625,384975800
1583159400,2020-03-02,298.2099914550781,309.1600036621094,294.4599914550781,309.0899963378906,238703600
1583245800,2020-03-03,309.5,313.8399963378906,297.57000732421875,300.239990234375,300139100
1583332200,2020-03-04,306.1199951171875,313.1000061035156,303.3299865722656,312.8599853515625,176613400
1583418600,2020-03-05,304.9800109863281,308.4700012207031,300.010009765625,302.4599914550781,186366800
1583505000,2020-03-06,293.1499938964844,298.7799987792969,290.2300109863281,297.4599914550781,228667200
1583760600,2020-03-09,275.29998779296875,284.19000244140625,273.45001220703125,274.2300109863281,309417300
1583847000,2020-03-10,284.6400146484375,288.5199890136719,273.5,288.4200134277344,276444100
1583933400,2020-03-11,280.70001220703125,281.94000244140625,270.8800048828125,274.3599853515625,255316300
1584019800,2020-03-12,256,266.6600036621094,247.67999267578125,248.11000061035156,392220700
1584106200,2020-03-13,263.0899963378906,271.4800109863281,248.52000427246094,269.32000732421875,329566100
1584365400,2020-03-16,241.17999267578125,256.8999938964844,237.36000061035156,239.85000610351562,297240000
1584451800,2020-03-17,245.0399932861328,256.1700134277344,237.07000732421875,252.8000030517578,262070500
1584538200,2020-03-18,236.25,248.3699951171875,228.02000427246094,240,327597100
1584624600,2020-03-19,239.25,247.3800048828125,232.22000122070312,240.50999450683594,289322000
1584711000,2020-03-20,242.52999877929688,244.47000122070312,228.5,228.8000030517578,347158800
1584970200,2020-03-23,228.19000244140625,229.67999267578125,218.25999450683594,222.9499969482422,326025200
1585056600,2020-03-24,234.4199981689453,244.10000610351562,233.8000030517578,243.14999389648438,235494500
1585143000,2020-03-25,244.8699951171875,256.3500061035156,239.75,246.7899932861328,299430300
1585229400,2020-03-26,249.52000427246094,262.79998779296875,249.0500030517578,261.20001220703125,257632800
1585315800,2020-03-27,253.27000427246094,260.80999755859375,251.0500030517578,253.4199981689453,224341200
1585575000,2020-03-30,255.6999969482422,262.42999267578125,253.52999877929688,261.6499938964844,171369500
1585661400,2020-03-31,260.55999755859375,263.3299865722656,256.2200012207031,257.75,194881100
1585747800,2020-04-01,247.97999572753906,257.6600036621094,243.89999389648438,246.14999389648438,189554600
1585834200,2020-04-02,245.19000244140625,252.67999267578125,244.58999633789062,251.8300018310547,177660400
1585920600,2020-04-03,250.75999450683594,253.32000732421875,245.22000122070312,248.19000244140625,135561200
1586179800,2020-04-06,257.8399963378906,267,248.1699981689453,264.8599853515625,188061200
1586266200,2020-04-07,274.2099914550781,275.0299987792969,264.8900146484375,265.1300048828125,201427200
1586352600,2020-04-08,267.9599914550781,276,265.25,274.0299987792969,153774500
1586439000,2020-04-09,277.5799865722656,281.20001220703125,275.4700012207031,278.20001220703125,189999200
1586784600,2020-04-13,277.1400146484375,277.510009765625,271.4100036621094,275.6600036621094,114839100
1586871000,2020-04-14,280.9800109863281,284.8999938964844,275.510009765625,283.7900085449219,134143400
1586957400,2020-04-15,277.57000732421875,283.94000244140625,275.4599914550781,277.760009765625,121775000
1587043800,2020-04-16,279.1499938964844,280.0299987792969,275.760009765625,279.1000061035156,131798300
1587130200,2020-04-17,285.3800048828125,287.29998779296875,282.3999938964844,286.6400146484375,146684800
1587389400,2020-04-20,282.6099853515625,286.7900085449219,281.3500061035156,281.5899963378906,100109300
1587475800,2020-04-21,276.7300109863281,278.0400085449219,272.0199890136719,273.0400085449219,126385700
1587562200,2020-04-22,278.3500061035156,281,276.9100036621094,279.1000061035156,92951600
1587648600,2020-04-23,280.489990234375,283.94000244140625,278.75,279.0799865722656,104709700
1587735000,2020-04-24,280.7300109863281,283.70001220703125,278.5,282.9700012207031,85063200
1587994200,2020-04-27,285.1199951171875,288.2699890136719,284.6199951171875,287.04998779296875,77896600
1588080600,2020-04-28,291.0199890136719,291.3999938964844,285.3999938964844,285.7300109863281,105270000
1588167000,2020-04-29,291.5299987792969,294.8800048828125,290.4100036621094,293.2099914550781,118745600
1588253400,2020-04-30,291.7099914550781,293.32000732421875,288.5899963378906,290.4800109863281,122901700
1588339800,2020-05-01,285.30999755859375,290.6600036621094,281.5199890136719,282.7900085449219,125180000
1588599000,2020-05-04,280.739990234375,283.8999938964844,279.1300048828125,283.57000732421875,80873200
1588685400,2020-05-05,286.6400146484375,289.25,283.7099914550781,286.19000244140625,79569900
1588771800,2020-05-06,288.0400085449219,288.4599914550781,283.7799987792969,284.25,73632600
1588858200,2020-05-07,287.75,289.7799987792969,287.1300048828125,287.67999267578125,75250400
1588944600,2020-05-08,291.0899963378906,292.95001220703125,289.8599853515625,292.44000244140625,76452400
1589203800,2020-05-11,290.3399963378906,294,289.8800048828125,292.5,79514200
1589290200,2020-05-12,293.7900085449219,294.239990234375,286.5199890136719,286.6700134277344,95870800
1589376600,2020-05-13,286.05999755859375,287.19000244140625,278.9599914550781,281.6000061035156,144721100
1589463000,2020-05-14,278.95001220703125,285.1099853515625,272.989990234375,284.9700012207031,121977900
1589549400,2020-05-15,282.3699951171875,286.3299865722656,281.3399963378906,286.2799987792969,111146300
1589808600,2020-05-18,293.04998779296875,296.75,292.70001220703125,295,119703800
1589895000,2020-05-19,294.3500061035156,296.2099914550781,291.95001220703125,291.9700012207031,95189300
1589981400,2020-05-20,295.82000732421875,297.8699951171875,295.57000732421875,296.92999267578125,85861700
1590067800,2020-05-21,296.7900085449219,297.6700134277344,293.69000244140625,294.8800048828125,78293900
1590154200,2020-05-22,294.57000732421875,295.6300048828125,293.2200012207031,295.44000244140625,63958200
1590499800,2020-05-26,301.92999267578125,302.19000244140625,295.4599914550781,299.0799865722656,88951400
1590586200,2020-05-27,302.1199951171875,303.57000732421875,296.8699951171875,303.5299987792969,104817400
1590672600,2020-05-28,304.6499938964844,306.8399963378906,302.239990234375,302.9700012207031,90405200
1590759000,2020-05-29,302.4599914550781,304.9599914550781,299.4700012207031,304.32000732421875,119090800
1591018200,2020-06-01,303.6199951171875,306.2099914550781,303.05999755859375,305.54998779296875,55758300
1591104600,2020-06-02,306.54998779296875,308.1300048828125,305.1000061035156,308.0799865722656,74267200
1591191000,2020-06-03,310.239990234375,313.2200012207031,309.94000244140625,312.17999267578125,92567600
1591277400,2020-06-04,311.1099853515625,313,309.0799865722656,311.3599853515625,75794400
1591363800,2020-06-05,317.2300109863281,321.2699890136719,317.1600036621094,319.3399963378906,150524700
1591623000,2020-06-08,320.2200012207031,323.4100036621094,319.6300048828125,323.20001220703125,73641200
1591709400,2020-06-09,320.29998779296875,323.2799987792969,319.3599853515625,320.7900085449219,77479200
1591795800,2020-06-10,321.4200134277344,322.3900146484375,318.2200012207031,319,95000800
1591882200,2020-06-11,311.4599914550781,312.1499938964844,300.010009765625,300.6099853515625,209243600
1591968600,2020-06-12,308.239990234375,309.0799865722656,298.6000061035156,304.2099914550781,194678900
1592227800,2020-06-15,298.0199890136719,308.2799987792969,296.739990234375,307.04998779296875,135782700
1592314200,2020-06-16,315.4800109863281,315.6400146484375,307.6700134277344,312.9599914550781,137627500
1592400600,2020-06-17,314.07000732421875,314.3900146484375,310.8599853515625,311.6600036621094,83398900
1592487000,2020-06-18,310.010009765625,312.29998779296875,309.510009765625,311.7799987792969,80828700
1592573400,2020-06-19,314.1700134277344,314.3800048828125,306.5299987792969,308.6400146484375,135549600
1592832600,2020-06-22,307.989990234375,311.04998779296875,306.75,310.6199951171875,74649400
1592919000,2020-06-23,313.489990234375,314.5,311.6099853515625,312.04998779296875,68471200
1593005400,2020-06-24,309.8399963378906,310.510009765625,302.1000061035156,304.0899963378906,132813500
1593091800,2020-06-25,303.4700012207031,307.6400146484375,301.2799987792969,307.3500061035156,89468000
1593178200,2020-06-26,306.1600036621094,306.3900146484375,299.4200134277344,300.04998779296875,127961000
1593437400,2020-06-29,301.4100036621094,304.6099853515625,298.92999267578125,304.4599914550781,79773300
1593523800,2020-06-30,303.989990234375,310.20001220703125,303.82000732421875,308.3599853515625,113394800
1593610200,2020-07-01,309.57000732421875,311.8900146484375,309.07000732421875,310.5199890136719,72396500
1593696600,2020-07-02,314.239990234375,315.70001220703125,311.510009765625,312.2300109863281,69344200
1594042200,2020-07-06,316.3699951171875,317.67999267578125,315.55999755859375,317.04998779296875,61713800
1594128600,2020-07-07,315.3800048828125,317.5199890136719,313.3699951171875,313.7799987792969,82910000
1594215000,2020-07-08,314.6099853515625,316.29998779296875,312.70001220703125,316.17999267578125,54638600
1594301400,2020-07-09,316.8399963378906,317.1000061035156,310.67999267578125,314.3800048828125,83354200
1594387800,2020-07-10,314.30999755859375,317.8800048828125,312.760009765625,317.5899963378906,57550400
1594647000,2020-07-13,320.1300048828125,322.7099914550781,314.1300048828125,314.8399963378906,102997500
1594733400,2020-07-14,313.29998779296875,319.760009765625,312,318.9200134277344,93657000
1594819800,2020-07-15,322.4100036621094,323.0400085449219,319.2699890136719,321.8500061035156,87196500
1594906200,2020-07-16,319.7900085449219,321.2799987792969,319.0899963378906,320.7900085449219,54622500
1594992600,2020-07-17,321.8800048828125,322.57000732421875,319.739990234375,321.7200012207031,62774900
1595251800,2020-07-20,321.42999267578125,325.1300048828125,320.6199951171875,324.32000732421875,56308800
1595338200,2020-07-21,326.45001220703125,326.92999267578125,323.94000244140625,325.010009765625,57292200
1595424600,2020-07-22,324.6199951171875,327.20001220703125,324.5,326.8599853515625,57792900
1595511000,2020-07-23,326.4700012207031,327.2300109863281,321.4800109863281,322.9599914550781,75738000
1595597400,2020-07-24,320.95001220703125,321.989990234375,319.25,320.8800048828125,73766600
1595856600,2020-07-27,321.6300048828125,323.4100036621094,320.7699890136719,323.2200012207031,48293000
1595943000,2020-07-28,322.42999267578125,323.6400146484375,320.8500061035156,321.1700134277344,57495000
1596029400,2020-07-29,322.1199951171875,325.7300109863281,322.0799865722656,325.1199951171875,48454200
1596115800,2020-07-30,321.8999938964844,324.4100036621094,319.6400146484375,323.9599914550781,61861700
1596202200,2020-07-31,325.8999938964844,326.6300048828125,321.3299865722656,326.5199890136719,84986800
1596461400,2020-08-03,328.32000732421875,329.6199951171875,327.7300109863281,328.7900085449219,53077900
1596547800,2020-08-04,327.8599853515625,330.05999755859375,327.8599853515625,330.05999755859375,41917900
1596634200,2020-08-05,331.4700012207031,332.3900146484375,331.17999267578125,332.1099853515625,42697700
1596720600,2020-08-06,331.4800109863281,334.4599914550781,331.1300048828125,334.3299865722656,43679400
1596807000,2020-08-07,333.2799987792969,334.8800048828125,332.29998779296875,334.57000732421875,57308300
1597066200,2020-08-10,335.05999755859375,335.7699890136719,332.9599914550781,335.57000732421875,44282100
1597152600,2020-08-11,336.8500061035156,337.5400085449219,332.010009765625,332.79998779296875,69601100
1597239000,2020-08-12,335.44000244140625,338.2799987792969,335.4100036621094,337.44000244140625,53774400
1597325400,2020-08-13,336.6099853515625,338.25,335.8299865722656,336.8299865722656,41816100
1597411800,2020-08-14,336.4100036621094,337.4200134277344,335.6199951171875,336.8399963378906,47260400
1597671000,2020-08-17,337.94000244140625,338.3399963378906,336.8500061035156,337.9100036621094,35481000
1597757400,2020-08-18,338.3399963378906,339.1000061035156,336.6099853515625,338.6400146484375,38733900
1597843800,2020-08-19,339.04998779296875,339.6099853515625,336.6199951171875,337.2300109863281,68054200
1597930200,2020-08-20,335.3599853515625,338.79998779296875,335.2200012207031,338.2799987792969,42207800
1598016600,2020-08-21,337.9200134277344,339.7200012207031,337.54998779296875,339.4800109863281,55106600
1598275800,2020-08-24,342.1199951171875,343,339.45001220703125,342.9200134277344,48588700
1598362200,2020-08-25,343.5299987792969,344.2099914550781,342.2699890136719,344.1199951171875,38463400
1598448600,2020-08-26,344.760009765625,347.8599853515625,344.1700134277344,347.57000732421875,50790200
1598535000,2020-08-27,348.510009765625,349.8999938964844,346.5299987792969,348.3299865722656,58034100
1598621400,2020-08-28,349.44000244140625,350.7200012207031,348.1499938964844,350.5799865722656,48588900
1598880600,2020-08-31,350.3500061035156,351.29998779296875,349.05999755859375,349.30999755859375,66099200
1598967000,2020-09-01,350.2099914550781,352.7099914550781,349.239990234375,352.6000061035156,54908700
1599053400,2020-09-02,354.6700134277344,358.75,353.42999267578125,357.70001220703125,69540000
1599139800,2020-09-03,355.8699951171875,356.3800048828125,342.5899963378906,345.3900146484375,148011100
1599226200,2020-09-04,346.1300048828125,347.8299865722656,334.8699951171875,342.57000732421875,139156300
1599571800,2020-09-08,336.7099914550781,342.6400146484375,332.8800048828125,333.2099914550781,114465300
1599658200,2020-09-09,337.54998779296875,342.4599914550781,336.6099853515625,339.7900085449219,91462300
1599744600,2020-09-10,341.82000732421875,342.5299987792969,332.8500061035156,333.8900146484375,90569500
