AXIOM TRADING BOT - SPY HISTORICAL DATA EXPORT - PART 4/4
(paste parts in order 1/4 -> 4/4)

1599831000,2020-09-11,335.82000732421875,336.9700012207031,331,334.05999755859375,84680200
1600090200,2020-09-14,337.489990234375,340.3800048828125,334.2200012207031,338.4599914550781,65605700
1600176600,2020-09-15,341.1199951171875,342.0199890136719,338.4700012207031,340.1700134277344,52920900
1600263000,2020-09-16,341.510009765625,343.05999755859375,338.5199890136719,338.82000732421875,82096000
1600349400,2020-09-17,333.55999755859375,337.70001220703125,332.989990234375,335.8399963378906,91523300
1600435800,2020-09-18,335.3699951171875,335.489990234375,327.9700012207031,330.6499938964844,105877900
1600695000,2020-09-21,325.70001220703125,327.1300048828125,321.7300109863281,326.9700012207031,99450800
1600781400,2020-09-22,328.57000732421875,330.8999938964844,325.8599853515625,330.29998779296875,63612100
1600867800,2020-09-23,330.8999938964844,331.20001220703125,322.1000061035156,322.6400146484375,93112200
1600954200,2020-09-24,321.2200012207031,326.79998779296875,319.79998779296875,323.5,76681300
1601040600,2020-09-25,322.5799865722656,329.5799865722656,321.6400146484375,328.7300109863281,71069400
1601299800,2020-09-28,333.2200012207031,334.9599914550781,332.1499938964844,334.19000244140625,64584600
1601386200,2020-09-29,333.9700012207031,334.7699890136719,331.6199951171875,332.3699951171875,51304000
1601472600,2020-09-30,333.0899963378906,338.2900085449219,332.8800048828125,334.8900146484375,104081100
1601559000,2020-10-01,337.69000244140625,338.739990234375,335.010009765625,337.0400085449219,88698700
1601645400,2020-10-02,331.70001220703125,337.010009765625,331.19000244140625,333.8399963378906,89431100
1601904600,2020-10-05,336.05999755859375,339.9599914550781,336.010009765625,339.760009765625,45713100
1601991000,2020-10-06,339.9100036621094,342.1700134277344,334.3800048828125,334.92999267578125,90128900
1602077400,2020-10-07,338.1199951171875,341.6300048828125,338.0899963378906,340.760009765625,56999600
1602163800,2020-10-08,342.8500061035156,343.8500061035156,341.8599853515625,343.7799987792969,45242500
1602250200,2020-10-09,345.55999755859375,347.3500061035156,344.8900146484375,346.8500061035156,59528600
1602509400,2020-10-12,349.5899963378906,354.0199890136719,349.05999755859375,352.42999267578125,80388500
1602595800,2020-10-13,352.2799987792969,352.4700012207031,349.0899963378906,350.1300048828125,73255500
1602682200,2020-10-14,350.75,351.92999267578125,347.1400146484375,347.92999267578125,57727900
1602768600,2020-10-15,343.7099914550781,348.0199890136719,343.1300048828125,347.5,60357700
1602855000,2020-10-16,348.9599914550781,350.75,347.1000061035156,347.2900085449219,89501900
1603114200,2020-10-19,348.6499938964844,349.3299865722656,341.0400085449219,342.010009765625,68425600
1603200600,2020-10-20,343.4599914550781,346.8800048828125,342.6400146484375,343.3800048828125,60051900
1603287000,2020-10-21,343.3299865722656,345.6700134277344,342.3999938964844,342.7300109863281,63575000
1603373400,2020-10-22,342.9599914550781,345.239990234375,340.6499938964844,344.6099853515625,55399300
1603459800,2020-10-23,345.92999267578125,345.989990234375,343.1300048828125,345.7799987792969,49143900
1603719000,2020-10-26,342.1300048828125,342.9800109863281,335.6199951171875,339.3900146484375,91473000
1603805400,2020-10-27,339.760009765625,340.1199951171875,337.989990234375,338.2200012207031,65994100
1603891800,2020-10-28,332.1000061035156,338.25,326.1300048828125,326.6600036621094,127094300
1603978200,2020-10-29,326.9100036621094,333.3999938964844,325.0899963378906,329.9800109863281,90597700
1604064600,2020-10-30,328.2799987792969,329.69000244140625,322.6000061035156,326.5400085449219,120287300
1604327400,2020-11-02,330.20001220703125,332.3599853515625,327.239990234375,330.20001220703125,86068300
1604413800,2020-11-03,333.69000244140625,338.25,330.2900085449219,336.0299987792969,93294200
1604500200,2020-11-04,340.8599853515625,347.94000244140625,339.5899963378906,343.5400085449219,126959700
1604586600,2020-11-05,349.239990234375,352.19000244140625,348.8599853515625,350.239990234375,82039700
1604673000,2020-11-06,349.92999267578125,351.510009765625,347.6499938964844,350.1600036621094,74973000
1604932200,2020-11-09,363.9700012207031,364.3800048828125,354.05999755859375,354.55999755859375,172304200
1605018600,2020-11-10,353.489990234375,355.17999267578125,350.510009765625,354.0400085449219,85552000
1605105000,2020-11-11,356.3999938964844,357.55999755859375,355.05999755859375,356.6700134277344,58649000
1605191400,2020-11-12,355.5799865722656,356.7200012207031,351.260009765625,353.2099914550781,67546200
1605277800,2020-11-13,355.2699890136719,358.8999938964844,354.7099914550781,358.1000061035156,62892200
1605537000,2020-11-16,360.9800109863281,362.7799987792969,359.5899963378906,362.57000732421875,74541100
1605623400,2020-11-17,359.9700012207031,361.9200134277344,358.3399963378906,360.6199951171875,66111000
1605709800,2020-11-18,360.9100036621094,361.5,356.239990234375,356.2799987792969,70591300
1605796200,2020-11-19,355.6000061035156,358.17999267578125,354.1499938964844,357.7799987792969,59940900
1605882600,2020-11-20,357.5,357.7200012207031,355.25,355.3299865722656,70417300
1606141800,2020-11-23,357.2799987792969,358.82000732421875,354.8699951171875,357.4599914550781,63230600
1606228200,2020-11-24,360.2099914550781,363.80999755859375,359.2900085449219,363.2200012207031,62415900
1606314600,2020-11-25,363.1300048828125,363.1600036621094,361.4800109863281,362.6600036621094,45330900
1606487400,2020-11-27,363.8399963378906,364.17999267578125,362.5799865722656,363.6700134277344,28514100
1606746600,2020-11-30,362.8299865722656,363.1199951171875,359.1700134277344,362.05999755859375,83872700
1606833000,2020-12-01,365.57000732421875,367.67999267578125,364.92999267578125,366.0199890136719,74231400
1606919400,2020-12-02,364.82000732421875,366.9599914550781,364.20001220703125,366.7900085449219,45927000
1607005800,2020-12-03,366.67999267578125,368.19000244140625,365.5,366.69000244140625,62882000
1607092200,2020-12-04,367.32000732421875,369.8500061035156,367.2200012207031,369.8500061035156,50749900
1607351400,2020-12-07,369.0199890136719,369.6199951171875,367.7200012207031,369.0899963378906,48944300
1607437800,2020-12-08,367.7200012207031,370.7799987792969,367.6700134277344,370.1700134277344,42458900
1607524200,2020-12-09,370.8800048828125,371.04998779296875,365.95001220703125,366.8500061035156,74098300
1607610600,2020-12-10,365.3699951171875,367.8599853515625,364.42999267578125,366.7300109863281,57735400
1607697000,2020-12-11,364.8999938964844,366.739990234375,363.260009765625,366.29998779296875,57698600
1607956200,2020-12-14,368.6400146484375,369.79998779296875,364.4700012207031,364.6600036621094,69216200
1608042600,2020-12-15,367.3999938964844,369.5899963378906,365.9200134277344,369.5899963378906,63865300
1608129000,2020-12-16,369.82000732421875,371.1600036621094,368.8699951171875,370.1700134277344,58420500
1608215400,2020-12-17,371.94000244140625,372.4599914550781,371.04998779296875,372.239990234375,64119500
1608301800,2020-12-18,370.9700012207031,371.1499938964844,367.0199890136719,369.17999267578125,136542300
1608561000,2020-12-21,364.9700012207031,378.4599914550781,362.0299987792969,367.8599853515625,96386700
1608647400,2020-12-22,368.2099914550781,368.3299865722656,366.0299987792969,367.239990234375,47949000
1608733800,2020-12-23,368.2799987792969,369.6199951171875,367.2200012207031,367.57000732421875,46201400
1608820200,2020-12-24,368.0799865722656,369.0299987792969,367.45001220703125,369,26457900
1609165800,2020-12-28,371.739990234375,372.5899963378906,371.07000732421875,372.1700134277344,39000400
1609252200,2020-12-29,373.80999755859375,374,370.8299865722656,371.4599914550781,53680500
1609338600,2020-12-30,372.3399963378906,373.1000061035156,371.57000732421875,371.989990234375,49455300
1609425000,2020-12-31,371.7799987792969,374.6600036621094,371.2300109863281,373.8800048828125,78520700
1609770600,2021-01-04,375.30999755859375,375.45001220703125,364.82000732421875,368.7900085449219,110210800
1609857000,2021-01-05,368.1000061035156,372.5,368.04998779296875,371.3299865722656,66426200
1609943400,2021-01-06,369.7099914550781,376.9800109863281,369.1199951171875,373.54998779296875,107997700
1610029800,2021-01-07,376.1000061035156,379.8999938964844,375.9100036621094,379.1000061035156,68766800
1610116200,2021-01-08,380.5899963378906,381.489990234375,377.1000061035156,381.260009765625,71677200
1610375400,2021-01-11,377.8500061035156,380.5799865722656,377.7200012207031,378.69000244140625,51034700
1610461800,2021-01-12,378.8900146484375,379.8599853515625,376.3599853515625,378.7699890136719,52547700
1610548200,2021-01-13,378.69000244140625,380.8599853515625,377.8500061035156,379.7900085449219,45303600
1610634600,2021-01-14,380.5899963378906,381.1300048828125,378.1000061035156,378.4599914550781,49989100
1610721000,2021-01-15,376.7200012207031,377.5799865722656,373.70001220703125,375.70001220703125,107160000
1611066600,2021-01-19,378.3399963378906,379.2300109863281,376.75,378.6499938964844,51233300
1611153000,2021-01-20,381.1099853515625,384.7900085449219,380.69000244140625,383.8900146484375,61836100
1611239400,2021-01-21,384.489990234375,384.95001220703125,383.25,384.239990234375,47840100
1611325800,2021-01-22,382.25,384.1300048828125,381.8399963378906,382.8800048828125,52860500
1611585000,2021-01-25,383.6700134277344,384.7699890136719,378.4599914550781,384.3900146484375,70402000
1611671400,2021-01-26,385.4100036621094,385.8500061035156,383.5400085449219,383.7900085449219,42665300
1611757800,2021-01-27,380.2200012207031,380.32000732421875,372.010009765625,374.4100036621094,123351100
1611844200,2021-01-28,376.3599853515625,381.92999267578125,375.8900146484375,377.6300048828125,94198100
1611930600,2021-01-29,375.6300048828125,376.6700134277344,368.2699890136719,370.07000732421875,126765100
1612189800,2021-02-01,373.7200012207031,377.3399963378906,370.3800048828125,376.2300109863281,75817600
1612276200,2021-02-02,379.6499938964844,383.2200012207031,376.32000732421875,381.54998779296875,64450700
1612362600,2021-02-03,382.44000244140625,383.70001220703125,380.4800109863281,381.8500061035156,52427100
1612449000,2021-02-04,382.9599914550781,386.239990234375,381.9700012207031,386.19000244140625,47142600
1612535400,2021-02-05,388.20001220703125,388.4700012207031,386.1400146484375,387.7099914550781,48669800
1612794600,2021-02-08,389.2699890136719,390.55999755859375,388.3500061035156,390.510009765625,38365200
1612881000,2021-02-09,389.6099853515625,390.8900146484375,389.1700134277344,390.25,35551100
1612967400,2021-02-10,392.1199951171875,392.2799987792969,387.5,390.0799865722656,59154400
1613053800,2021-02-11,391.239990234375,391.69000244140625,388.1000061035156,390.7099914550781,42913300
1613140200,2021-02-12,389.8500061035156,392.8999938964844,389.7699890136719,392.6400146484375,50593300
1613485800,2021-02-16,393.9599914550781,394.1700134277344,391.5299987792969,392.29998779296875,50972400
1613572200,2021-02-17,390.4200134277344,392.6600036621094,389.3299865722656,392.3900146484375,52290600
1613658600,2021-02-18,389.5899963378906,391.5199890136719,387.739990234375,390.7200012207031,59712800
1613745000,2021-02-19,392.07000732421875,392.3800048828125,389.54998779296875,390.0299987792969,83241000
1614004200,2021-02-22,387.05999755859375,389.6199951171875,386.739990234375,387.0299987792969,67414200
1614090600,2021-02-23,384.6600036621094,388.95001220703125,380.20001220703125,387.5,107284100
1614177000,2021-02-24,386.3299865722656,392.2300109863281,385.2699890136719,391.7699890136719,72433900
1614263400,2021-02-25,390.4100036621094,391.8800048828125,380.7799987792969,382.3299865722656,146670500
1614349800,2021-02-26,384.3500061035156,385.5799865722656,378.2300109863281,380.3599853515625,152701600
1614609000,2021-03-01,385.5899963378906,390.9200134277344,380.57000732421875,389.5799865722656,105348800
1614695400,2021-03-02,389.82000732421875,390.07000732421875,386,386.5400085449219,79595300
1614781800,2021-03-03,385.7900085449219,386.8299865722656,381.30999755859375,381.4200134277344,119940200
1614868200,2021-03-04,381.2200012207031,384,371.8800048828125,376.70001220703125,183433000
1614954600,2021-03-05,380.4599914550781,384.760009765625,372.6400146484375,383.6300048828125,152039600
1615213800,2021-03-08,384.6600036621094,387.67999267578125,381.4200134277344,381.7200012207031,123149200
1615300200,2021-03-09,385.8500061035156,389.9100036621094,385.30999755859375,387.1700134277344,113633600
1615386600,2021-03-10,389.69000244140625,391.3999938964844,388.1700134277344,389.5799865722656,109899400
1615473000,2021-03-11,392.2300109863281,395.6499938964844,391.739990234375,393.5299987792969,86245000
1615559400,2021-03-12,392.07000732421875,394.2099914550781,391.20001220703125,394.05999755859375,64653600
1615815000,2021-03-15,394.3299865722656,396.69000244140625,392.0299987792969,396.4100036621094,73427200
1615901400,2021-03-16,397.07000732421875,397.8299865722656,395.0799865722656,395.9100036621094,73722500
1615987800,2021-03-17,394.5299987792969,398.1199951171875,393.29998779296875,397.260009765625,97959300
1616074200,2021-03-18,394.4800109863281,396.7200012207031,390.75,391.4800109863281,115349100
1616160600,2021-03-19,389.8800048828125,391.57000732421875,387.1499938964844,389.4800109863281,113624500
1616419800,2021-03-22,390.0299987792969,394.07000732421875,389.9700012207031,392.5899963378906,73778600
1616506200,2021-03-23,391.9100036621094,393.4599914550781,388.6600036621094,389.5,90686600
1616592600,2021-03-24,391,392.75,387.4700012207031,387.5199890136719,97588600
1616679000,2021-03-25,385.9800109863281,390.54998779296875,383.8999938964844,389.70001220703125,116128600
1616765400,2021-03-26,390.92999267578125,396.4100036621094,390.2900085449219,395.9800109863281,114409100
1617024600,2021-03-29,394.3999938964844,396.75,392.80999755859375,395.7799987792969,108107600
1617111000,2021-03-30,394.4200134277344,395.45001220703125,393.0199890136719,394.7300109863281,76262200
1617197400,2021-03-31,395.3399963378906,398,395.30999755859375,396.3299865722656,112734200
1617283800,2021-04-01,398.3999938964844,400.6700134277344,398.17999267578125,400.6099853515625,99682900
1617629400,2021-04-05,403.4599914550781,406.94000244140625,403.3800048828125,406.3599853515625,91684800
1617715800,2021-04-06,405.760009765625,407.239990234375,405.3999938964844,406.1199951171875,62021000
1617802200,2021-04-07,405.94000244140625,406.9599914550781,405.45001220703125,406.5899963378906,55836300
1617888600,2021-04-08,407.92999267578125,408.5799865722656,406.92999267578125,408.5199890136719,57863100
1617975000,2021-04-09,408.3900146484375,411.6700134277344,408.260009765625,411.489990234375,61104600
1618234200,2021-04-12,410.8500061035156,411.92999267578125,410.20001220703125,411.6400146484375,56704900
1618320600,2021-04-13,411.5299987792969,413.5299987792969,411.1199951171875,412.8599853515625,56551000
1618407000,2021-04-14,412.8299865722656,413.9599914550781,410.8699951171875,411.45001220703125,61659900
1618493400,2021-04-15,413.739990234375,416.1600036621094,413.69000244140625,415.8699951171875,60229800
1618579800,2021-04-16,417.25,417.9100036621094,415.7300109863281,417.260009765625,82037300
1618839000,2021-04-19,416.260009765625,416.739990234375,413.7900085449219,415.2099914550781,78498500
1618925400,2021-04-20,413.9100036621094,415.0899963378906,410.5899963378906,412.1700134277344,81851800
1619011800,2021-04-21,411.510009765625,416.2900085449219,411.3599853515625,416.07000732421875,66793000
1619098200,2021-04-22,415.8900146484375,416.7799987792969,411.1300048828125,412.2699890136719,97582800
1619184600,2021-04-23,412.8699951171875,418.25,412.7900085449219,416.739990234375,73209200
1619443800,2021-04-26,417.44000244140625,418.2200012207031,416.80999755859375,417.6099853515625,52182400
1619530200,2021-04-27,417.92999267578125,418.1400146484375,416.29998779296875,417.5199890136719,51303100
1619616600,2021-04-28,417.80999755859375,419.010009765625,416.8999938964844,417.3999938964844,51238900
1619703000,2021-04-29,420.32000732421875,420.7200012207031,416.44000244140625,420.05999755859375,78544300
1619789400,2021-04-30,417.6300048828125,418.5400085449219,416.3399963378906,417.29998779296875,85527000
1620048600,2021-05-03,419.42999267578125,419.8399963378906,417.6700134277344,418.20001220703125,68128300
1620135000,2021-05-04,416.07000732421875,416.6000061035156,411.6700134277344,415.6199951171875,101591200
1620221400,2021-05-05,417.3800048828125,417.6300048828125,415.1499938964844,415.75,60162200
1620307800,2021-05-06,415.8299865722656,419.2099914550781,413.67999267578125,419.07000732421875,74321400
1620394200,2021-05-07,419.8900146484375,422.82000732421875,419.1600036621094,422.1199951171875,67733800
1620653400,2021-05-10,422.5,422.739990234375,417.80999755859375,417.94000244140625,81852400
1620739800,2021-05-11,413.1000061035156,415.2699890136719,410.05999755859375,414.2099914550781,116888000
1620826200,2021-05-12,411.2300109863281,412.5899963378906,404,405.4100036621094,134811000
1620912600,2021-05-13,407.07000732421875,412.3500061035156,407.0199890136719,410.2799987792969,106394000
1620999000,2021-05-14,413.2099914550781,417.489990234375,413.17999267578125,416.5799865722656,82201600
1621258200,2021-05-17,415.3900146484375,416.3900146484375,413.3599853515625,415.5199890136719,65129200
1621344600,2021-05-18,415.79998779296875,416.05999755859375,411.7699890136719,411.94000244140625,59810200
1621431000,2021-05-19,406.9200134277344,411.04998779296875,405.3299865722656,410.8599853515625,106467100
1621517400,2021-05-20,411.79998779296875,416.6300048828125,411.6700134277344,415.2799987792969,78022200
1621603800,2021-05-21,416.8699951171875,418.20001220703125,414.45001220703125,414.94000244140625,76578700
1621863000,2021-05-24,417.3399963378906,420.32000732421875,417.0799865722656,419.1700134277344,51376700
1621949400,2021-05-25,420.3299865722656,420.7099914550781,417.6199951171875,418.239990234375,57451400
1622035800,2021-05-26,418.8699951171875,419.6099853515625,417.760009765625,419.07000732421875,43088600
1622122200,2021-05-27,420.1700134277344,420.7200012207031,418.989990234375,419.2900085449219,56707700
1622208600,2021-05-28,420.9700012207031,421.25,419.7900085449219,420.0400085449219,58520200
1622554200,2021-06-01,422.57000732421875,422.7200012207031,419.20001220703125,419.6700134277344,54216600
1622640600,2021-06-02,420.3699951171875,421.2300109863281,419.2900085449219,420.3299865722656,49097100
1622727000,2021-06-03,417.8500061035156,419.989990234375,416.2799987792969,418.7699890136719,58138800
1622813400,2021-06-04,420.75,422.9200134277344,418.8399963378906,422.6000061035156,55938800
1623072600,2021-06-07,422.5899963378906,422.7799987792969,421.19000244140625,422.19000244140625,51555000
1623159000,2021-06-08,423.1099853515625,423.2099914550781,420.32000732421875,422.2799987792969,47134300
1623245400,2021-06-09,423.17999267578125,423.260009765625,421.4100036621094,421.6499938964844,48436300
1623331800,2021-06-10,422.9599914550781,424.6300048828125,421.54998779296875,423.6099853515625,51020100
1623418200,2021-06-11,424.20001220703125,424.42999267578125,422.82000732421875,424.30999755859375,45570800
1623677400,2021-06-14,424.42999267578125,425.3699951171875,423.1000061035156,425.260009765625,42358500
1623763800,2021-06-15,425.4200134277344,425.4599914550781,423.5400085449219,424.4800109863281,51508500
1623850200,2021-06-16,424.6300048828125,424.8699951171875,419.9200134277344,422.1099853515625,80386100
1623936600,2021-06-17,421.6700134277344,423.0199890136719,419.32000732421875,421.9700012207031,90949700
1624023000,2021-06-18,417.0899963378906,417.8299865722656,414.70001220703125,414.9200134277344,118676300
1624282200,2021-06-21,416.79998779296875,421.05999755859375,415.92999267578125,420.8599853515625,72822000
1624368600,2021-06-22,420.8500061035156,424,420.0799865722656,423.1099853515625,57700300
1624455000,2021-06-23,423.19000244140625,424.04998779296875,422.510009765625,422.6000061035156,49445400
1624541400,2021-06-24,424.8900146484375,425.54998779296875,424.6199951171875,425.1000061035156,45110300
1624627800,2021-06-25,425.8999938964844,427.0899963378906,425.54998779296875,426.6099853515625,58129500
1624887000,2021-06-28,427.1700134277344,427.6499938964844,425.8900146484375,427.4700012207031,53159600
1624973400,2021-06-29,427.8800048828125,428.55999755859375,427.1300048828125,427.70001220703125,35970500
1625059800,2021-06-30,427.2099914550781,428.7799987792969,427.17999267578125,428.05999755859375,64827900
1625146200,2021-07-01,428.8699951171875,430.6000061035156,428.79998779296875,430.42999267578125,53441000
1625232600,2021-07-02,431.6700134277344,434.1000061035156,430.5199890136719,433.7200012207031,57697700
1625578200,2021-07-06,433.7799987792969,434.010009765625,430.010009765625,432.92999267578125,68710400
1625664600,2021-07-07,433.6600036621094,434.760009765625,431.510009765625,434.4599914550781,63549500
1625751000,2021-07-08,428.7799987792969,431.7300109863281,427.5199890136719,430.9200134277344,97595200
1625837400,2021-07-09,432.5299987792969,435.8399963378906,430.7099914550781,435.5199890136719,76238600
1626096600,2021-07-12,435.42999267578125,437.3500061035156,434.9700012207031,437.0799865722656,52889600
1626183000,2021-07-13,436.239990234375,437.8399963378906,435.30999755859375,435.5899963378906,52911300
1626269400,2021-07-14,437.3999938964844,437.9200134277344,434.9100036621094,436.239990234375,64130400
1626355800,2021-07-15,434.80999755859375,435.5299987792969,432.7200012207031,434.75,55126400
1626442200,2021-07-16,436.010009765625,436.05999755859375,430.9200134277344,431.3399963378906,75874700
1626701400,2021-07-19,426.19000244140625,431.4100036621094,421.9700012207031,424.9700012207031,147987000
1626787800,2021-07-20,425.67999267578125,432.4200134277344,424.8299865722656,431.05999755859375,99608200
1626874200,2021-07-21,432.3399963378906,434.70001220703125,431.010009765625,434.54998779296875,64724400
1626960600,2021-07-22,434.739990234375,435.7200012207031,433.69000244140625,435.4599914550781,47878500
1627047000,2021-07-23,437.5199890136719,440.29998779296875,436.7900085449219,439.94000244140625,63766600
1627306200,2021-07-26,439.30999755859375,441.0299987792969,439.260009765625,441.0199890136719,43719200
1627392600,2021-07-27,439.9100036621094,439.94000244140625,435.989990234375,439.010009765625,67397100
1627479000,2021-07-28,439.67999267578125,440.29998779296875,437.30999755859375,438.8299865722656,52472400
1627565400,2021-07-29,439.82000732421875,441.79998779296875,439.80999755859375,440.6499938964844,47435300
1627651800,2021-07-30,437.9100036621094,440.05999755859375,437.7699890136719,438.510009765625,68951200
1627911000,2021-08-02,440.3399963378906,440.92999267578125,437.2099914550781,437.5899963378906,58783300
1627997400,2021-08-03,438.44000244140625,441.2799987792969,436.1000061035156,441.1499938964844,58053900
1628083800,2021-08-04,439.7799987792969,441.1199951171875,438.7300109863281,438.9800109863281,46732200
1628170200,2021-08-05,440.2200012207031,441.8500061035156,439.8800048828125,441.760009765625,38969700
1628256600,2021-08-06,442.1000061035156,442.94000244140625,441.79998779296875,442.489990234375,46930000
1628515800,2021-08-09,442.4599914550781,442.79998779296875,441.30999755859375,442.1300048828125,41222600
1628602200,2021-08-10,442.6099853515625,443.44000244140625,441.8800048828125,442.67999267578125,43339300
1628688600,2021-08-11,443.82000732421875,443.8800048828125,442.6199951171875,443.7799987792969,44034300
1628775000,2021-08-12,443.6199951171875,445.260009765625,442.6600036621094,445.1099853515625,38909400
1628861400,2021-08-13,445.5899963378906,445.94000244140625,445.07000732421875,445.9200134277344,39470300
1629120600,2021-08-16,444.5299987792969,447.1099853515625,442.8699951171875,446.9700012207031,73740000
1629207000,2021-08-17,444.239990234375,444.9599914550781,440.8500061035156,444.0400085449219,92673900
1629293400,2021-08-18,442.9599914550781,444.6300048828125,438.9200134277344,439.17999267578125,89351900
1629379800,2021-08-19,436.2699890136719,441.1400146484375,436.1199951171875,439.8599853515625,92812200
1629466200,2021-08-20,440.2300109863281,443.7099914550781,439.7099914550781,443.3599853515625,72008700
1629725400,2021-08-23,445.1600036621094,448.2300109863281,443.44000244140625,447.260009765625,54973000
1629811800,2021-08-24,447.9700012207031,448.5400085449219,447.4200134277344,447.9700012207031,38744700
1629898200,2021-08-25,448.1700134277344,449.4599914550781,447.7699890136719,448.9100036621094,40529700
1629984600,2021-08-26,448.6099853515625,448.8599853515625,446.1600036621094,446.260009765625,57829600
1630071000,2021-08-27,447.1199951171875,450.6499938964844,447.05999755859375,450.25,77235100
1630330200,2021-08-30,450.9700012207031,453.07000732421875,450.7099914550781,452.2300109863281,48357400
1630416600,2021-08-31,452.1300048828125,452.489990234375,450.9200134277344,451.55999755859375,59300200
1630503000,2021-09-01,452.55999755859375,453.1099853515625,451.54998779296875,451.79998779296875,48721400
1630589400,2021-09-02,453.32000732421875,454.04998779296875,451.9100036621094,453.19000244140625,42501000
1630675800,2021-09-03,451.9800109863281,453.6300048828125,451.54998779296875,453.0799865722656,47170500
1631021400,2021-09-07,452.7099914550781,452.80999755859375,450.739990234375,451.4599914550781,51671500
1631107800,2021-09-08,450.8900146484375,451.6700134277344,448.8599853515625,450.9100036621094,56181900
1631194200,2021-09-09,450.70001220703125,452.57000732421875,448.7200012207031,448.9800109863281,57970400
1631280600,2021-09-10,451.0400085449219,451.489990234375,445.30999755859375,445.44000244140625,89948200
1631539800,2021-09-13,448.6400146484375,448.9200134277344,444.1099853515625,446.5799865722656,83738600
1631626200,2021-09-14,448.1199951171875,448.3399963378906,443.2200012207031,444.1700134277344,78197100
1631712600,2021-09-15,444.6199951171875,448.4100036621094,443.44000244140625,447.8800048828125,78792200
1631799000,2021-09-16,447.32000732421875,448.3599853515625,444.0199890136719,447.1700134277344,77786700
1631885400,2021-09-17,444.9200134277344,445.3699951171875,441.0199890136719,441.3999938964844,118425000
1632144600,2021-09-20,434.8800048828125,436.55999755859375,428.8599853515625,434.0400085449219,166445500
1632231000,2021-09-21,436.5299987792969,437.9100036621094,433.07000732421875,433.6300048828125,92526100
1632317400,2021-09-22,436.04998779296875,440.0299987792969,433.75,437.8599853515625,102350100
1632403800,2021-09-23,439.8500061035156,444.8900146484375,439.6000061035156,443.17999267578125,76396000
1632490200,2021-09-24,441.44000244140625,444.6700134277344,441.2099914550781,443.9100036621094,62094800
1632749400,2021-09-27,442.80999755859375,444.04998779296875,441.8999938964844,442.6400146484375,61371100
1632835800,2021-09-28,439.69000244140625,440.0400085449219,432.94000244140625,433.7200012207031,130436300
1632922200,2021-09-29,435.19000244140625,437.0400085449219,433.8500061035156,434.45001220703125,82329200
1633008600,2021-09-30,436.0199890136719,436.7699890136719,428.7799987792969,429.1400146484375,140506000
1633095000,2021-10-01,430.9800109863281,436.0299987792969,427.2300109863281,434.239990234375,129240100
1633354200,2021-10-04,433,433.9599914550781,426.3599853515625,428.6400146484375,128570000
1633440600,2021-10-05,430.239990234375,435.489990234375,429.3900146484375,433.1000061035156,90682500
1633527000,2021-10-06,429.2699890136719,435.1199951171875,427.5400085449219,434.8999938964844,113032200
1633613400,2021-10-07,438.3900146484375,441.67999267578125,438.20001220703125,438.6600036621094,72437500
1633699800,2021-10-08,439.4800109863281,439.8900146484375,437.19000244140625,437.8599853515625,74557400
1633959000,2021-10-11,437.1600036621094,440.260009765625,434.6199951171875,434.69000244140625,65233300
1634045400,2021-10-12,435.6700134277344,436.1000061035156,432.7799987792969,433.6199951171875,71181200
1634131800,2021-10-13,434.7099914550781,436.04998779296875,431.5400085449219,435.17999267578125,72974000
1634218200,2021-10-14,439.0799865722656,442.6600036621094,438.5799865722656,442.5,70236800
1634304600,2021-10-15,444.75,446.260009765625,444.0899963378906,445.8699951171875,66260200
1634563800,2021-10-18,443.9700012207031,447.54998779296875,443.2699890136719,447.19000244140625,62213200
1634650200,2021-10-19,448.9200134277344,450.7099914550781,448.2699890136719,450.6400146484375,46996800
1634736600,2021-10-20,451.1300048828125,452.7300109863281,451.010009765625,452.4100036621094,49571600
1634823000,2021-10-21,451.7699890136719,453.8299865722656,451.30999755859375,453.5899963378906,41305400
1634909400,2021-10-22,453.1300048828125,454.6700134277344,451.04998779296875,453.1199951171875,58845100
1635168600,2021-10-25,454.2799987792969,455.8999938964844,452.3900146484375,455.54998779296875,45214500
1635255000,2021-10-26,457.20001220703125,458.489990234375,455.55999755859375,455.9599914550781,56075100
1635341400,2021-10-27,456.45001220703125,457.1600036621094,453.8599853515625,453.94000244140625,72438000
1635427800,2021-10-28,455.4599914550781,458.3999938964844,455.45001220703125,458.32000732421875,51437900
1635514200,2021-10-29,455.8699951171875,459.55999755859375,455.55999755859375,459.25,70162400
1635773400,2021-11-01,460.29998779296875,460.70001220703125,458.20001220703125,460.0400085449219,48433600
1635859800,2021-11-02,460.2200012207031,462.2300109863281,460.0799865722656,461.8999938964844,48908400
1635946200,2021-11-03,461.29998779296875,465.1499938964844,460.8299865722656,464.7200012207031,52509800
1636032600,2021-11-04,465.3599853515625,467,464.989990234375,466.9100036621094,52847100
1636119000,2021-11-05,469.2799987792969,470.6499938964844,466.9200134277344,468.5299987792969,66390600
1636381800,2021-11-08,469.70001220703125,470.2300109863281,468.20001220703125,468.92999267578125,50405200
1636468200,2021-11-09,469.32000732421875,469.57000732421875,465.8800048828125,467.3800048828125,51149100
1636554600,2021-11-10,465.5799865722656,467.3800048828125,462.0400085449219,463.6199951171875,69429700
1636641000,2021-11-11,465.2099914550781,465.2900085449219,463.75,463.7699890136719,34848500
1636727400,2021-11-12,465.1199951171875,467.8599853515625,464.1099853515625,467.2699890136719,53466700
1636986600,2021-11-15,468.6400146484375,468.80999755859375,466.2300109863281,467.42999267578125,46980500
1637073000,2021-11-16,467.1499938964844,470.489990234375,467.07000732421875,469.2799987792969,48857500
1637159400,2021-11-17,469,469.19000244140625,467.4800109863281,468.1400146484375,47858300
1637245800,2021-11-18,469.239990234375,470.010009765625,466.3399963378906,469.7300109863281,50625600
1637332200,2021-11-19,469.6099853515625,470.94000244140625,468.5,468.8900146484375,57315600
1637591400,2021-11-22,470.8900146484375,473.5400085449219,467.3500061035156,467.57000732421875,72762000
1637677800,2021-11-23,467.2200012207031,469.1000061035156,464.45001220703125,468.19000244140625,73206500
1637764200,2021-11-24,466.05999755859375,469.57000732421875,465.19000244140625,469.44000244140625,61858800
1637937000,2021-11-26,462.3399963378906,463.8999938964844,457.7699890136719,458.9700012207031,112669600
1638196200,2021-11-29,464.07000732421875,466.55999755859375,461.7300109863281,464.6000061035156,86268800
1638282600,2021-11-30,462,464.0299987792969,455.29998779296875,455.55999755859375,148559600
1638369000,2021-12-01,461.6400146484375,464.6700134277344,450.2900085449219,450.5,131939200
1638455400,2021-12-02,450.7300109863281,459.07000732421875,450.30999755859375,457.3999938964844,127637800
1638541800,2021-12-03,459.1700134277344,460.29998779296875,448.9200134277344,453.4200134277344,137331600
1638801000,2021-12-06,456.1300048828125,460.7900085449219,453.55999755859375,458.7900085449219,98977500
1638887400,2021-12-07,464.4100036621094,468.8800048828125,458.6499938964844,468.2799987792969,95484700
1638973800,2021-12-08,468.70001220703125,470,466.8299865722656,469.5199890136719,72238800
1639060200,2021-12-09,468.1499938964844,469.6300048828125,466.1400146484375,466.3500061035156,61272600
1639146600,2021-12-10,469.2300109863281,470.8999938964844,466.510009765625,470.739990234375,77159800
1639405800,2021-12-13,470.19000244140625,470.55999755859375,466.2699890136719,466.57000732421875,87724700
1639492200,2021-12-14,463.0899963378906,465.739990234375,460.25,463.3599853515625,97264100
1639578600,2021-12-15,463.4200134277344,470.8599853515625,460.739990234375,470.6000061035156,116899300
1639665000,2021-12-16,472.57000732421875,472.8699951171875,464.79998779296875,466.45001220703125,116568600
1639751400,2021-12-17,461.54998779296875,464.739990234375,458.05999755859375,459.8699951171875,135511600
1640010600,2021-12-20,454.4800109863281,455.3999938964844,451.1400146484375,454.9800109863281,107134800
1640097000,2021-12-21,458.6099853515625,463.2099914550781,456.30999755859375,463.05999755859375,69806300
1640183400,2021-12-22,462.7900085449219,467.80999755859375,462.5799865722656,467.69000244140625,58890200
1640269800,2021-12-23,468.75,472.19000244140625,468.6400146484375,470.6000061035156,56439700
1640615400,2021-12-27,472.05999755859375,477.30999755859375,472.010009765625,477.260009765625,56808600
1640701800,2021-12-28,477.7200012207031,478.80999755859375,476.05999755859375,476.8699951171875,47274600
1640788200,2021-12-29,476.9800109863281,478.55999755859375,475.9200134277344,477.4800109863281,54503000
1640874600,2021-12-30,477.92999267578125,479,475.6700134277344,476.1600036621094,55329000
1640961000,2021-12-31,475.6400146484375,476.8599853515625,474.6700134277344,474.9599914550781,65237400
1641220200,2022-01-03,476.29998779296875,477.8500061035156,473.8500061035156,477.7099914550781,72668200
1641306600,2022-01-04,479.2200012207031,479.9800109863281,475.5799865722656,477.54998779296875,71178700
1641393000,2022-01-05,477.1600036621094,477.9800109863281,468.2799987792969,468.3800048828125,104538900
1641479400,2022-01-06,467.8900146484375,470.82000732421875,465.42999267578125,467.94000244140625,86858900
1641565800,2022-01-07,467.95001220703125,469.20001220703125,464.6499938964844,466.0899963378906,85111600
1641825000,2022-01-10,462.70001220703125,465.739990234375,456.6000061035156,465.510009765625,119362000
1641911400,2022-01-11,465.2300109863281,469.8500061035156,462.04998779296875,469.75,74303100
1641997800,2022-01-12,471.5899963378906,473.20001220703125,468.94000244140625,471.0199890136719,67605400
1642084200,2022-01-13,472.19000244140625,472.8800048828125,463.44000244140625,464.5299987792969,91173100
1642170600,2022-01-14,461.19000244140625,465.0899963378906,459.8999938964844,464.7200012207031,95890900
1642516200,2022-01-18,459.739990234375,459.9599914550781,455.30999755859375,456.489990234375,109709100
1642602600,2022-01-19,458.1300048828125,459.6099853515625,451.4599914550781,451.75,109357600
1642689000,2022-01-20,453.75,458.739990234375,444.5,446.75,122379700
1642775400,2022-01-21,445.55999755859375,448.05999755859375,437.95001220703125,437.9800109863281,202271200
1643034600,2022-01-24,432.0299987792969,440.3800048828125,420.760009765625,439.8399963378906,251783900
1643121000,2022-01-25,433.05999755859375,439.7200012207031,427.1499938964844,434.4700012207031,167997300
1643207400,2022-01-26,440.7200012207031,444.0400085449219,428.8599853515625,433.3800048828125,186391100
1643293800,2022-01-27,438.260009765625,441.5899963378906,429.45001220703125,431.239990234375,149878300
1643380200,2022-01-28,432.67999267578125,442,427.82000732421875,441.95001220703125,164457400
1643639400,2022-01-31,441.239990234375,450.2799987792969,439.80999755859375,449.9100036621094,152251400
1643725800,2022-02-01,450.67999267578125,453.6300048828125,446.94000244140625,452.95001220703125,123155400
1643812200,2022-02-02,455.5,458.1199951171875,453.04998779296875,457.3500061035156,117361000
1643898600,2022-02-03,450.95001220703125,452.9700012207031,445.7099914550781,446.6000061035156,118024400
1643985000,2022-02-04,446.3500061035156,452.7799987792969,443.8299865722656,448.70001220703125,118454400
1644244200,2022-02-07,449.510009765625,450.989990234375,445.8500061035156,447.260009765625,84472900
1644330600,2022-02-08,446.7300109863281,451.9200134277344,445.2200012207031,450.94000244140625,81012000
1644417000,2022-02-09,455.2200012207031,457.8800048828125,455.010009765625,457.5400085449219,92589900
1644503400,2022-02-10,451.3399963378906,457.7099914550781,447.20001220703125,449.32000732421875,140103700
1644589800,2022-02-11,449.4100036621094,451.6099853515625,438.94000244140625,440.4599914550781,153214600
1644849000,2022-02-14,439.9200134277344,441.6000061035156,435.3399963378906,439.0199890136719,123006300
1644935400,2022-02-15,443.7300109863281,446.2799987792969,443.17999267578125,446.1000061035156,88482700
1645021800,2022-02-16,443.92999267578125,448.05999755859375,441.94000244140625,446.6000061035156,84863600
1645108200,2022-02-17,443.2200012207031,446.57000732421875,436.4200134277344,437.05999755859375,102259100
1645194600,2022-02-18,437.3299865722656,438.6600036621094,431.82000732421875,434.2300109863281,132642900
1645540200,2022-02-22,431.8900146484375,435.5,425.8599853515625,429.57000732421875,124391800
1645626600,2022-02-23,432.6600036621094,433.260009765625,421.3500061035156,421.95001220703125,132578000
1645713000,2022-02-24,411.0199890136719,428.760009765625,410.6400146484375,428.29998779296875,213942900
1645799400,2022-02-25,429.6099853515625,437.8399963378906,427.8599853515625,437.75,121804500
1646058600,2022-02-28,432.0299987792969,438.20001220703125,430.70001220703125,436.6300048828125,145615000
1646145000,2022-03-01,435.0400085449219,437.1700134277344,427.1099853515625,429.9800109863281,137785900
1646231400,2022-03-02,432.3699951171875,439.7200012207031,431.57000732421875,437.8900146484375,117726500
1646317800,2022-03-03,440.4700012207031,441.1099853515625,433.79998779296875,435.7099914550781,105501700
1646404200,2022-03-04,431.75,433.3699951171875,427.8800048828125,432.1700134277344,113978200
1646663400,2022-03-07,431.54998779296875,432.29998779296875,419.3599853515625,419.42999267578125,137896600
1646749800,2022-03-08,419.6199951171875,427.2099914550781,415.1199951171875,416.25,164772700
1646836200,2022-03-09,425.1400146484375,429.510009765625,422.82000732421875,427.4100036621094,116990800
1646922600,2022-03-10,422.5199890136719,426.42999267578125,420.44000244140625,425.4800109863281,93972700
1647009000,2022-03-11,428.1199951171875,428.7699890136719,419.5299987792969,420.07000732421875,95636300
1647264600,2022-03-14,420.8900146484375,424.54998779296875,415.7900085449219,417,95729200
1647351000,2022-03-15,419.7699890136719,426.8399963378906,418.4200134277344,426.1700134277344,106219100
1647437400,2022-03-16,429.8900146484375,435.67999267578125,424.79998779296875,435.6199951171875,144954800
1647523800,2022-03-17,433.5899963378906,441.07000732421875,433.19000244140625,441.07000732421875,102676900
1647610200,2022-03-18,438,444.8599853515625,437.2200012207031,444.5199890136719,106345500
1647869400,2022-03-21,444.3399963378906,446.4599914550781,440.67999267578125,444.3900146484375,88349800
1647955800,2022-03-22,445.8599853515625,450.5799865722656,445.8599853515625,449.5899963378906,74650400
1648042200,2022-03-23,446.9100036621094,448.489990234375,443.7099914550781,443.79998779296875,79426100
1648128600,2022-03-24,445.94000244140625,450.5,444.760009765625,450.489990234375,64736900
1648215000,2022-03-25,451.1600036621094,452.9800109863281,448.42999267578125,452.69000244140625,77101300
1648474200,2022-03-28,452.05999755859375,455.9100036621094,450.05999755859375,455.9100036621094,68529800
1648560600,2022-03-29,460.0199890136719,462.07000732421875,457.17999267578125,461.54998779296875,86581500
1648647000,2022-03-30,460.3399963378906,461.20001220703125,456.4700012207031,458.70001220703125,79666900
1648733400,2022-03-31,457.8900146484375,458.760009765625,451.1600036621094,451.6400146484375,121699900
1648819800,2022-04-01,453.30999755859375,453.4599914550781,449.1400146484375,452.9200134277344,89048800
1649079000,2022-04-04,453.1300048828125,456.9100036621094,452.260009765625,456.79998779296875,59601000
1649165400,2022-04-05,455.2200012207031,457.8299865722656,449.82000732421875,451.0299987792969,74214500
1649251800,2022-04-06,446.8900146484375,448.92999267578125,443.4700012207031,446.5199890136719,106898000
1649338200,2022-04-07,445.5899963378906,450.69000244140625,443.5299987792969,448.7699890136719,78097200
1649424600,2022-04-08,447.9700012207031,450.6300048828125,445.94000244140625,447.57000732421875,79272700
1649683800,2022-04-11,444.1099853515625,445,439.3900146484375,439.9200134277344,89770500
1649770200,2022-04-12,443.0799865722656,445.75,436.6499938964844,438.2900085449219,84363600
1649856600,2022-04-13,438.0299987792969,444.1099853515625,437.8399963378906,443.30999755859375,74070400
1649943000,2022-04-14,443.54998779296875,444.7300109863281,437.67999267578125,437.7900085449219,97869500
1650288600,2022-04-18,436.80999755859375,439.75,435.6099853515625,437.9700012207031,66002500
1650375000,2022-04-19,437.8599853515625,445.79998779296875,437.67999267578125,445.0400085449219,77821000
1650461400,2022-04-20,446.9200134277344,447.57000732421875,443.4800109863281,444.7099914550781,65224400
1650547800,2022-04-21,448.5400085449219,450.010009765625,437.1000061035156,438.05999755859375,85417300
1650634200,2022-04-22,436.9100036621094,438.0799865722656,425.44000244140625,426.0400085449219,132471800
1650893400,2022-04-25,423.6700134277344,428.69000244140625,418.8399963378906,428.510009765625,119647700
1650979800,2022-04-26,425.8299865722656,426.0400085449219,416.07000732421875,416.1000061035156,103996300
1651066200,2022-04-27,417.239990234375,422.9200134277344,415.010009765625,417.2699890136719,122030000
1651152600,2022-04-28,422.2900085449219,429.6400146484375,417.6000061035156,427.80999755859375,105449100
1651239000,2022-04-29,423.5899963378906,425.8699951171875,411.2099914550781,412,145491100
1651498200,2022-05-02,412.07000732421875,415.9200134277344,405.0199890136719,414.4800109863281,158312500
1651584600,2022-05-03,415.010009765625,418.92999267578125,413.3599853515625,416.3800048828125,100028200
1651671000,2022-05-04,417.0799865722656,429.6600036621094,413.7099914550781,429.05999755859375,144247900
1651757400,2022-05-05,424.54998779296875,425,409.44000244140625,413.80999755859375,172929100
1651843800,2022-05-06,411.1000061035156,414.79998779296875,405.7300109863281,411.3399963378906,151770800
1652103000,2022-05-09,405.1000061035156,406.4100036621094,396.5,398.1700134277344,155586100
1652189400,2022-05-10,404.489990234375,406.0799865722656,394.82000732421875,399.0899963378906,132497200
1652275800,2022-05-11,398.07000732421875,404.0400085449219,391.9599914550781,392.75,142361000
1652362200,2022-05-12,389.3699951171875,395.79998779296875,385.1499938964844,392.3399963378906,125090800
1652448600,2022-05-13,396.7099914550781,403.17999267578125,395.6099853515625,401.7200012207031,104174400
1652707800,2022-05-16,399.9800109863281,403.9700012207031,397.6000061035156,400.0899963378906,78622400
1652794200,2022-05-17,406.5299987792969,408.57000732421875,402.5799865722656,408.32000732421875,83029700
1652880600,2022-05-18,403.5,403.79998779296875,390.54998779296875,391.8599853515625,117674500
1652967000,2022-05-19,388.6199951171875,394.1400146484375,387.1099853515625,389.4599914550781,98510700
1653053400,2022-05-20,393.25,397.0299987792969,380.5400085449219,389.6300048828125,131432200
1653312600,2022-05-23,392.8299865722656,397.7300109863281,390.3800048828125,396.9200134277344,76414900
1653399000,2022-05-24,392.55999755859375,395.1499938964844,386.9599914550781,393.8900146484375,91448800
1653485400,2022-05-25,392.30999755859375,399.45001220703125,391.8900146484375,397.3699951171875,91472900
1653571800,2022-05-26,398.6700134277344,407.0400085449219,398.45001220703125,405.30999755859375,82168300
1653658200,2022-05-27,407.9100036621094,415.3800048828125,407.70001220703125,415.260009765625,84768700
1654003800,2022-05-31,413.54998779296875,416.4599914550781,410.0299987792969,412.92999267578125,95937000
1654090200,2022-06-01,415.1700134277344,416.239990234375,406.92999267578125,409.5899963378906,86585800
1654176600,2022-06-02,409.4200134277344,417.44000244140625,407.0400085449219,417.3900146484375,79609600
1654263000,2022-06-03,412.3999938964844,414.0400085449219,409.510009765625,410.5400085449219,71874300
1654522200,2022-06-06,414.7799987792969,416.6099853515625,410.54998779296875,411.7900085449219,57508900
1654608600,2022-06-07,408.1000061035156,416.2200012207031,407.6099853515625,415.739990234375,59272400
1654695000,2022-06-08,413.92999267578125,415.82000732421875,410.3800048828125,411.2200012207031,64350000
1654781400,2022-06-09,409.3399963378906,411.739990234375,401.44000244140625,401.44000244140625,86289800
1654867800,2022-06-10,394.8800048828125,395.7799987792969,389.75,389.79998779296875,132893900
1655127000,2022-06-13,379.8500061035156,381.80999755859375,373.29998779296875,375,170004900
1655213400,2022-06-14,376.8500061035156,377.94000244140625,370.5899963378906,373.8699951171875,104011800
1655299800,2022-06-15,377.3599853515625,383.8999938964844,372.1199951171875,379.20001220703125,125666800
1655386200,2022-06-16,370.510009765625,370.94000244140625,364.0799865722656,366.6499938964844,134473300
1655472600,2022-06-17,365.510009765625,369.3800048828125,362.1700134277344,365.8599853515625,111113900
1655818200,2022-06-21,371.8900146484375,376.5299987792969,371.80999755859375,375.07000732421875,76811900
1655904600,2022-06-22,370.6199951171875,378.7200012207031,370.17999267578125,374.3900146484375,90059400
1655991000,2022-06-23,376.6400146484375,378.8299865722656,372.8900146484375,378.05999755859375,79292100
1656077400,2022-06-24,381.3999938964844,390.0899963378906,381.3699951171875,390.0799865722656,98050300
1656336600,2022-06-27,391.04998779296875,391.3599853515625,387.44000244140625,388.5899963378906,66009600
1656423000,2022-06-28,390.2300109863281,393.1600036621094,380.5299987792969,380.6499938964844,86548900
1656509400,2022-06-29,381.2300109863281,382.2699890136719,378.4200134277344,380.3399963378906,65676000
1656595800,2022-06-30,376.239990234375,380.6600036621094,372.55999755859375,377.25,112508300
1656682200,2022-07-01,376.55999755859375,381.70001220703125,373.79998779296875,381.239990234375,74839700
1657027800,2022-07-05,375.8800048828125,381.9800109863281,372.8999938964844,381.9599914550781,81438000
1657114200,2022-07-06,382.1099853515625,385.8699951171875,379.6000061035156,383.25,70426200
1657200600,2022-07-07,385.1199951171875,389.8299865722656,383.2699890136719,388.989990234375,64525900
1657287000,2022-07-08,387.2699890136719,390.6400146484375,385.6600036621094,388.6700134277344,72397800
1657546200,2022-07-11,385.8500061035156,386.8699951171875,383.5,384.2300109863281,58366900
1657632600,2022-07-12,383.6499938964844,386.1600036621094,378.989990234375,380.8299865722656,62219200
1657719000,2022-07-13,375.1000061035156,381.9200134277344,374.6600036621094,378.8299865722656,84224600
1657805400,2022-07-14,373.6099853515625,379.04998779296875,371.0400085449219,377.9100036621094,89704800
1657891800,2022-07-15,382.54998779296875,385.25,380.5400085449219,385.1300048828125,79060400
1658151000,2022-07-18,388.3800048828125,389.0899963378906,380.6600036621094,381.95001220703125,63203600
1658237400,2022-07-19,386.0799865722656,392.8699951171875,385.3900146484375,392.2699890136719,78506000
1658323800,2022-07-20,392.4700012207031,396.260009765625,391.0299987792969,394.7699890136719,71843800
1658410200,2022-07-21,394.1600036621094,398.8399963378906,391.6300048828125,398.7900085449219,64903900
1658496600,2022-07-22,398.9200134277344,400.17999267578125,392.75,395.0899963378906,72197300
1658755800,2022-07-25,395.75,396.4700012207031,393.2099914550781,395.57000732421875,53631500
1658842200,2022-07-26,393.8399963378906,394.05999755859375,389.95001220703125,390.8900146484375,52946400
1658928600,2022-07-27,394.3599853515625,402.8800048828125,394.04998779296875,401.0400085449219,82342100
1659015000,2022-07-28,401.8900146484375,406.79998779296875,398.1499938964844,406.07000732421875,73966600
1659101400,2022-07-29,407.5799865722656,413.0299987792969,406.7699890136719,411.989990234375,87003700
1659360600,2022-08-01,409.1499938964844,413.4100036621094,408.3999938964844,410.7699890136719,69997500
1659447000,2022-08-02,409.1199951171875,413,406.82000732421875,408.05999755859375,63435400
1659533400,2022-08-03,410.29998779296875,415.67999267578125,410,414.45001220703125,67820600
1659619800,2022-08-04,414.3699951171875,415.0899963378906,412.44000244140625,414.1700134277344,45656600
1659706200,2022-08-05,409.6600036621094,414.1499938964844,409.6000061035156,413.4700012207031,56814900
1659965400,2022-08-08,415.25,417.6199951171875,411.8299865722656,412.989990234375,53886100
1660051800,2022-08-09,412.2200012207031,412.75,410.2200012207031,411.3500061035156,44931800
1660138200,2022-08-10,418.7799987792969,420.1400146484375,416.7200012207031,419.989990234375,68665700
1660224600,2022-08-11,422.989990234375,424.95001220703125,419.2099914550781,419.989990234375,59489700
1660311000,2022-08-12,422.0299987792969,427.2099914550781,421.0299987792969,427.1000061035156,61694500
1660570200,2022-08-15,424.7699890136719,429.4100036621094,424.7099914550781,428.8599853515625,54048300
1660656600,2022-08-16,427.7300109863281,431.7300109863281,426.8800048828125,429.70001220703125,59289000
1660743000,2022-08-17,425.9100036621094,429.5,424.5400085449219,426.6499938964844,63563400
1660829400,2022-08-18,426.8599853515625,428.6099853515625,425.5,427.8900146484375,49023200
1660915800,2022-08-19,424.9800109863281,425.260009765625,421.2200012207031,422.1400146484375,68016900
1661175000,2022-08-22,417.04998779296875,417.2300109863281,412.3999938964844,413.3500061035156,77695600
1661261400,2022-08-23,412.8999938964844,415.4200134277344,411.7699890136719,412.3500061035156,49105200
1661347800,2022-08-24,412.1099853515625,415.1099853515625,411.3900146484375,413.6700134277344,49177800
1661434200,2022-08-25,415.239990234375,419.55999755859375,414.0899963378906,419.510009765625,50942300
1661520600,2022-08-26,419.3900146484375,419.9599914550781,405.25,405.30999755859375,103087000
1661779800,2022-08-29,402.20001220703125,405.8399963378906,401.20001220703125,402.6300048828125,65370800
1661866200,2022-08-30,403.8500061035156,404.1000061035156,396,398.2099914550781,85652400
1661952600,2022-08-31,399.92999267578125,401.239990234375,395.0400085449219,395.17999267578125,76029700
1662039000,2022-09-01,392.8900146484375,396.7799987792969,390.0400085449219,396.4200134277344,78740100
1662125400,2022-09-02,400.2799987792969,401.55999755859375,390.3299865722656,392.239990234375,99632100
1662471000,2022-09-06,393.1300048828125,394.1199951171875,388.4200134277344,390.760009765625,76637400
1662557400,2022-09-07,390.42999267578125,398.5899963378906,390.20001220703125,397.7799987792969,70964200
1662643800,2022-09-08,395.3900146484375,400.8599853515625,394.1199951171875,400.3800048828125,80821700
1662730200,2022-09-09,402.739990234375,407.510009765625,402.4599914550781,406.6000061035156,76706900
1662989400,2022-09-12,408.7799987792969,411.7300109863281,408.4599914550781,410.9700012207031,69256300
1663075800,2022-09-13,401.8299865722656,403.1000061035156,391.9200134277344,393.1000061035156,122947100
1663162200,2022-09-14,394.4700012207031,396.20001220703125,391.1199951171875,394.6000061035156,85023700
1663248600,2022-09-15,392.9599914550781,395.9599914550781,388.7799987792969,390.1199951171875,87633800
1663335000,2022-09-16,384.1400146484375,386.25,382.1099853515625,385.55999755859375,103084800
1663594200,2022-09-19,382.260009765625,388.54998779296875,382.17999267578125,388.54998779296875,73278500
1663680600,2022-09-20,385.05999755859375,386.1199951171875,381.20001220703125,384.0899963378906,77274900
1663767000,2022-09-21,386.1099853515625,389.30999755859375,377.3800048828125,377.3900146484375,106746600
1663853400,2022-09-22,376.5799865722656,378.29998779296875,373.44000244140625,374.2200012207031,89472600
1663939800,2022-09-23,370.5799865722656,370.6199951171875,363.2900085449219,367.95001220703125,122346900
1664199000,2022-09-26,366.4100036621094,370.2099914550781,363.0299987792969,364.30999755859375,92581200
1664285400,2022-09-27,368.0199890136719,370.3999938964844,360.8699951171875,363.3800048828125,108294100
1664371800,2022-09-28,364.3800048828125,372.29998779296875,362.6000061035156,370.5299987792969,110802200
1664458200,2022-09-29,366.80999755859375,367.1099853515625,359.70001220703125,362.7900085449219,112952300
1664544600,2022-09-30,361.79998779296875,365.9100036621094,357.0400085449219,357.17999267578125,153711200
1664803800,2022-10-03,361.0799865722656,368.54998779296875,359.2099914550781,366.6099853515625,89756500
1664890200,2022-10-04,372.3999938964844,378,366.57000732421875,377.9700012207031,103602800
1664976600,2022-10-05,373.3900146484375,379.4599914550781,370.95001220703125,377.0899963378906,88065700
1665063000,2022-10-06,375.6199951171875,378.7200012207031,372.67999267578125,373.20001220703125,82333500
1665149400,2022-10-07,368.9700012207031,373.2900085449219,360.94000244140625,362.7900085449219,107789500
1665408600,2022-10-10,363.9599914550781,364.2099914550781,357.6700134277344,360.0199890136719,76042800
1665495000,2022-10-11,358.239990234375,363.0299987792969,355.7099914550781,357.739990234375,92482800
1665581400,2022-10-12,358.1700134277344,359.82000732421875,356.29998779296875,356.55999755859375,76991800
1665667800,2022-10-13,349.2099914550781,367.510009765625,348.1099853515625,365.9700012207031,147254500
1665754200,2022-10-14,368.54998779296875,370.260009765625,356.9599914550781,357.6300048828125,123737000
1666013400,2022-10-17,364.010009765625,367.9800109863281,357.2799987792969,366.82000732421875,93168200
1666099800,2022-10-18,375.1300048828125,375.45001220703125,367.5199890136719,371.1300048828125,97162900
1666186200,2022-10-19,368.989990234375,371.8500061035156,365.54998779296875,368.5,79746900
1666272600,2022-10-20,368.0299987792969,372.6700134277344,364.6099853515625,365.4100036621094,88283100
1666359000,2022-10-21,365.1199951171875,374.79998779296875,363.5400085449219,374.2900085449219,131038400
1666618200,2022-10-24,375.8900146484375,380.05999755859375,373.1099853515625,378.8699951171875,85436900
1666704600,2022-10-25,378.7900085449219,385.25,378.6700134277344,384.9200134277344,78846300
1666791000,2022-10-26,381.6199951171875,387.5799865722656,381.3500061035156,382.0199890136719,104087300
1666877400,2022-10-27,383.07000732421875,385,379.3299865722656,379.9800109863281,81971800
1666963800,2022-10-28,379.8699951171875,389.5199890136719,379.67999267578125,389.0199890136719,100302000
1667223000,2022-10-31,386.44000244140625,388.3999938964844,385.260009765625,386.2099914550781,96631300
1667309400,2022-11-01,390.1400146484375,390.3900146484375,383.2900085449219,384.5199890136719,85407600
1667395800,2022-11-02,383.8999938964844,388.6300048828125,374.760009765625,374.8699951171875,126990400
1667482200,2022-11-03,371.4700012207031,374.20001220703125,368.7900085449219,371.010009765625,87100100
1667568600,2022-11-04,377,378.8699951171875,370,376.3500061035156,103505200
1667831400,2022-11-07,377.7099914550781,380.57000732421875,375.5299987792969,379.95001220703125,68286900
1667917800,2022-11-08,381.1099853515625,385.1199951171875,377.7200012207031,382,84641100
1668004200,2022-11-09,379.92999267578125,381.1400146484375,373.6099853515625,374.1300048828125,78495500
1668090600,2022-11-10,388.04998779296875,395.0400085449219,385.6400146484375,394.69000244140625,141455800
1668177000,2022-11-11,395.5899963378906,399.3500061035156,393.6099853515625,398.510009765625,93839900
1668436200,2022-11-14,396.6600036621094,400.17999267578125,394.8299865722656,395.1199951171875,71903500
1668522600,2022-11-15,401.1499938964844,402.30999755859375,394.489990234375,398.489990234375,93194500
1668609000,2022-11-16,396.7799987792969,397.7799987792969,394.7900085449219,395.45001220703125,68508500
1668695400,2022-11-17,390.4599914550781,394.95001220703125,390.1400146484375,394.239990234375,74496300
1668781800,2022-11-18,397.739990234375,397.80999755859375,393.0400085449219,396.0299987792969,92922500
1669041000,2022-11-21,394.6400146484375,395.82000732421875,392.6600036621094,394.5899963378906,51243200
1669127400,2022-11-22,396.6300048828125,400.07000732421875,395.1499938964844,399.8999938964844,60429000
1669213800,2022-11-23,399.54998779296875,402.92999267578125,399.30999755859375,402.4200134277344,68261600
1669386600,2022-11-25,401.8299865722656,402.9100036621094,401.5400085449219,402.3299865722656,30545400
1669645800,2022-11-28,399.0899963378906,400.80999755859375,395.1099853515625,395.9100036621094,67881600
1669732200,2022-11-29,396.04998779296875,397.29998779296875,393.29998779296875,395.2300109863281,52310000
1669818600,2022-11-30,395.489990234375,407.67999267578125,393.4800109863281,407.67999267578125,144566700
1669905000,2022-12-01,408.7699890136719,410,404.75,407.3800048828125,76398200
1669991400,2022-12-02,402.25,407.8599853515625,402.1400146484375,406.9100036621094,85342700
1670250600,2022-12-05,403.95001220703125,404.92999267578125,398.1700134277344,399.5899963378906,77289800
1670337000,2022-12-06,399.4200134277344,399.989990234375,391.6400146484375,393.8299865722656,77972200
1670423400,2022-12-07,392.94000244140625,395.6400146484375,391.9700012207031,393.1600036621094,65927900
1670509800,2022-12-08,395.1400146484375,397.3599853515625,393.2699890136719,396.239990234375,60737900
1670596200,2022-12-09,394.94000244140625,397.6199951171875,393.1499938964844,393.2799987792969,81447700
1670855400,2022-12-12,394.1099853515625,398.95001220703125,393.4100036621094,398.95001220703125,75405800
1670941800,2022-12-13,410.2200012207031,410.489990234375,399.07000732421875,401.9700012207031,123782500
1671028200,2022-12-14,401.6099853515625,405.5,396.30999755859375,399.3999938964844,108111300
1671114600,2022-12-15,394.29998779296875,395.25,387.8900146484375,389.6300048828125,117705900
1671201000,2022-12-16,385.17999267578125,386.5799865722656,381.0400085449219,383.2699890136719,119858000
1671460200,2022-12-19,383.4700012207031,383.82000732421875,378.2799987792969,380.0199890136719,79878100
1671546600,2022-12-20,379.2300109863281,382.2300109863281,377.8500061035156,380.5400085449219,74427200
1671633000,2022-12-21,383.25,387.4100036621094,382.69000244140625,386.2300109863281,78167400
1671719400,2022-12-22,383.04998779296875,386.2099914550781,374.7699890136719,380.7200012207031,100120900
1671805800,2022-12-23,379.6499938964844,383.05999755859375,378.0299987792969,382.9100036621094,59857300
1672151400,2022-12-27,382.7900085449219,383.1499938964844,379.6499938964844,381.3999938964844,51638200
1672237800,2022-12-28,381.3299865722656,383.3900146484375,376.4200134277344,376.6600036621094,70911500
1672324200,2022-12-29,379.6300048828125,384.3500061035156,379.0799865722656,383.44000244140625,66970900
1672410600,2022-12-30,380.6400146484375,382.5799865722656,378.42999267578125,382.42999267578125,84022200
1672756200,2023-01-03,384.3699951171875,386.42999267578125,377.8299865722656,380.82000732421875,74850700
1672842600,2023-01-04,383.17999267578125,385.8800048828125,380,383.760009765625,85934100
1672929000,2023-01-05,381.7200012207031,381.8399963378906,378.760009765625,379.3800048828125,76970500
1673015400,2023-01-06,382.6099853515625,389.25,379.4100036621094,388.0799865722656,104189600
1673274600,2023-01-09,390.3699951171875,393.70001220703125,387.6700134277344,387.8599853515625,73978100
1673361000,2023-01-10,387.25,390.6499938964844,386.2699890136719,390.5799865722656,65358100
1673447400,2023-01-11,392.2300109863281,395.6000061035156,391.3800048828125,395.5199890136719,68881100
1673533800,2023-01-12,396.6700134277344,398.489990234375,392.4200134277344,396.9599914550781,90157700
1673620200,2023-01-13,393.6199951171875,399.1000061035156,393.3399963378906,398.5,63903900
1673965800,2023-01-17,398.4800109863281,400.2300109863281,397.05999755859375,397.7699890136719,62677300
1674052200,2023-01-18,399.010009765625,400.1199951171875,391.2799987792969,391.489990234375,99632300
1674138600,2023-01-19,389.3599853515625,391.0799865722656,387.260009765625,388.6400146484375,86958900
1674225000,2023-01-20,390.1000061035156,396.0400085449219,388.3800048828125,395.8800048828125,91806400
1674484200,2023-01-23,396.7200012207031,402.6499938964844,395.7200012207031,400.6300048828125,84178800
1674570600,2023-01-24,398.8800048828125,401.1499938964844,397.6400146484375,400.20001220703125,59524900
1674657000,2023-01-25,395.95001220703125,400.70001220703125,393.55999755859375,400.3500061035156,84800300
1674743400,2023-01-26,403.1300048828125,404.9200134277344,400.0299987792969,404.75,72287400
1674829800,2023-01-27,403.6600036621094,408.1600036621094,403.44000244140625,405.67999267578125,68346200
1675089000,2023-01-30,402.79998779296875,405.1300048828125,400.2799987792969,400.5899963378906,74202000
1675175400,2023-01-31,401.1300048828125,406.5299987792969,400.7699890136719,406.4800109863281,86811800
1675261800,2023-02-01,405.2099914550781,413.6700134277344,402.3500061035156,410.79998779296875,101459200
1675348200,2023-02-02,414.8599853515625,418.30999755859375,412.8800048828125,416.7799987792969,101654500
1675434600,2023-02-03,411.5899963378906,416.9700012207031,411.0899963378906,412.3500061035156,94736800
1675693800,2023-02-06,409.7900085449219,411.2900085449219,408.1000061035156,409.8299865722656,60295300
1675780200,2023-02-07,408.8699951171875,416.489990234375,407.57000732421875,415.19000244140625,90990700
1675866600,2023-02-08,413.1300048828125,414.5299987792969,409.92999267578125,410.6499938964844,76227500
1675953000,2023-02-09,414.4100036621094,414.57000732421875,405.80999755859375,407.0899963378906,78694900
1676039400,2023-02-10,405.8599853515625,408.44000244140625,405.010009765625,408.0400085449219,70769700
1676298600,2023-02-13,408.7200012207031,412.9700012207031,408.239990234375,412.8299865722656,64913500
1676385000,2023-02-14,411.239990234375,415.04998779296875,408.510009765625,412.6400146484375,88389300
1676471400,2023-02-15,410.3500061035156,414.05999755859375,409.4700012207031,413.9800109863281,61555700
1676557800,2023-02-16,408.7900085449219,412.9100036621094,408.1400146484375,408.2799987792969,76431500
1676644200,2023-02-17,406.05999755859375,407.510009765625,404.04998779296875,407.260009765625,89257800
1676989800,2023-02-21,403.05999755859375,404.1600036621094,398.82000732421875,399.0899963378906,82655900
1677076200,2023-02-22,399.5199890136719,401.1300048828125,397.0199890136719,398.5400085449219,83742300
1677162600,2023-02-23,401.55999755859375,402.20001220703125,396.25,400.6600036621094,96242400
1677249000,2023-02-24,395.4200134277344,397.25,393.6400146484375,396.3800048828125,108194400
1677508200,2023-02-27,399.8699951171875,401.2900085449219,396.75,397.7300109863281,80444700
1677594600,2023-02-28,397.2300109863281,399.2799987792969,396.1499938964844,396.260009765625,96438600
1677681000,2023-03-01,395.4100036621094,396.69000244140625,393.3800048828125,394.739990234375,99706800
1677767400,2023-03-02,392.67999267578125,398.69000244140625,392.3299865722656,397.80999755859375,85127800
1677853800,2023-03-03,399.7099914550781,404.45001220703125,399.0299987792969,404.19000244140625,90120000
1678113000,2023-03-06,405.04998779296875,407.45001220703125,404.010009765625,404.4700012207031,72795900
1678199400,2023-03-07,404.4200134277344,404.6700134277344,397.6300048828125,398.2699890136719,108310600
1678285800,2023-03-08,398.3900146484375,399.7099914550781,396.5899963378906,398.9200134277344,74746600
1678372200,2023-03-09,399.739990234375,401.4800109863281,390.5299987792969,391.55999755859375,111945300
1678458600,2023-03-10,390.989990234375,393.1600036621094,384.32000732421875,385.9100036621094,189253000
1678714200,2023-03-13,381.80999755859375,390.3900146484375,380.6499938964844,385.3599853515625,157790000
1678800600,2023-03-14,390.5,393.45001220703125,387.04998779296875,391.7300109863281,149752400
1678887000,2023-03-15,385.8900146484375,389.489990234375,383.7099914550781,389.2799987792969,172996900
1678973400,2023-03-16,386.82000732421875,396.4700012207031,386.2900085449219,396.1099853515625,143254200
1679059800,2023-03-17,393.2200012207031,394.3999938964844,388.54998779296875,389.989990234375,140553400
1679319000,2023-03-20,390.79998779296875,394.1700134277344,390.07000732421875,393.739990234375,93055800
1679405400,2023-03-21,397.239990234375,399.4100036621094,395.5799865722656,398.9100036621094,91524200
1679491800,2023-03-22,398.7300109863281,402.489990234375,392.07000732421875,392.1099853515625,111746600
1679578200,2023-03-23,395.0899963378906,399.2900085449219,390.3500061035156,393.1700134277344,119351300
1679664600,2023-03-24,391.8399963378906,395.8399963378906,389.3999938964844,395.75,107682400
1679923800,2023-03-27,398.1199951171875,398.9200134277344,395.55999755859375,396.489990234375,74010400
1680010200,2023-03-28,395.7699890136719,396.489990234375,393.69000244140625,395.6000061035156,62871700
1680096600,2023-03-29,399.92999267578125,401.6000061035156,398.67999267578125,401.3500061035156,77497900
1680183000,2023-03-30,404.0899963378906,404.3500061035156,401.760009765625,403.70001220703125,69840000
1680269400,2023-03-31,404.6600036621094,409.70001220703125,404.54998779296875,409.3900146484375,112062600
1680528600,2023-04-03,408.8500061035156,411.3699951171875,408.44000244140625,410.95001220703125,67391100
1680615000,2023-04-04,411.6199951171875,411.9200134277344,407.239990234375,408.6700134277344,66601500
1680701400,2023-04-05,407.9100036621094,408.70001220703125,405.8800048828125,407.6000061035156,65200200
1680787800,2023-04-06,406.7699890136719,409.4800109863281,405.67999267578125,409.19000244140625,63743300
1681133400,2023-04-10,406.6099853515625,409.69000244140625,405.9700012207031,409.6099853515625,63681000
1681219800,2023-04-11,410.260009765625,411.17999267578125,408.9200134277344,409.7200012207031,59297900
1681306200,2023-04-12,411.8699951171875,412.1700134277344,407.44000244140625,408.04998779296875,86420400
1681392600,2023-04-13,409.17999267578125,413.8399963378906,407.989990234375,413.4700012207031,85814800
1681479000,2023-04-14,412.80999755859375,415.0899963378906,410.05999755859375,412.4599914550781,78161500
1681738200,2023-04-17,412.3699951171875,413.9599914550781,411.0899963378906,413.94000244140625,66436400
1681824600,2023-04-18,415.5799865722656,415.7200012207031,412.7799987792969,414.2099914550781,63560000
1681911000,2023-04-19,412.2200012207031,415.0799865722656,412.1600036621094,414.1400146484375,55227300
1681997400,2023-04-20,411.2099914550781,413.70001220703125,410.2699890136719,411.8800048828125,75840400
1682083800,2023-04-21,412.19000244140625,412.67999267578125,410.1700134277344,412.20001220703125,73457400
1682343000,2023-04-24,411.989990234375,413.07000732421875,410.6000061035156,412.6300048828125,64332100
1682429400,2023-04-25,410.5799865722656,411.1600036621094,406.0199890136719,406.0799865722656,97766700
1682515800,2023-04-26,406.7200012207031,407.8399963378906,403.7799987792969,404.3599853515625,80447000
1682602200,2023-04-27,407,412.69000244140625,406.739990234375,412.4100036621094,92968400
1682688600,2023-04-28,411.489990234375,415.94000244140625,411.42999267578125,415.92999267578125,89433100
1682947800,2023-05-01,415.4700012207031,417.6199951171875,415.2699890136719,415.510009765625,62122300
1683034200,2023-05-02,414.7699890136719,414.82000732421875,407.82000732421875,410.8399963378906,103998500
1683120600,2023-05-03,411.3599853515625,413.8699951171875,407.7699890136719,408.0199890136719,91531800
1683207000,2023-05-04,406.92999267578125,407.2699890136719,403.739990234375,405.1300048828125,94901900
1683293400,2023-05-05,408.9100036621094,413.7200012207031,408.6400146484375,412.6300048828125,87891800
1683552600,2023-05-08,412.9700012207031,413.239990234375,411.2799987792969,412.739990234375,50046800
1683639000,2023-05-09,411.1300048828125,412.0899963378906,410.69000244140625,410.92999267578125,49220100
1683725400,2023-05-10,413.8800048828125,414.5400085449219,408.8699951171875,412.8500061035156,96142900
1683811800,2023-05-11,411.95001220703125,412.42999267578125,409.9700012207031,412.1300048828125,70157100
1683898200,2023-05-12,413.4200134277344,413.6400146484375,409.07000732421875,411.5899963378906,70481500
1684157400,2023-05-15,412.2200012207031,413.42999267578125,410.2300109863281,413.010009765625,54289400
1684243800,2023-05-16,411.8599853515625,412.82000732421875,410.239990234375,410.25,57705500
1684330200,2023-05-17,412.3500061035156,415.8599853515625,410.6400146484375,415.2300109863281,87287000
1684416600,2023-05-18,414.8999938964844,419.6700134277344,414.6700134277344,419.2300109863281,97177200
1684503000,2023-05-19,420.1700134277344,420.7200012207031,417.3500061035156,418.6199951171875,103793300
1684762200,2023-05-22,418.6400146484375,420.3900146484375,417.3500061035156,418.7900085449219,60745400
1684848600,2023-05-23,417.0799865722656,418.7200012207031,413.67999267578125,414.0899963378906,86383500
1684935000,2023-05-24,412.4200134277344,412.82000732421875,409.8800048828125,411.0899963378906,89213700
1685021400,2023-05-25,414.739990234375,416.1600036621094,412.4100036621094,414.6499938964844,90961600
1685107800,2023-05-26,415.3299865722656,420.7699890136719,415.25,420.0199890136719,93830000
1685453400,2023-05-30,422.0299987792969,422.5799865722656,418.739990234375,420.17999267578125,72216000
1685539800,2023-05-31,418.2799987792969,419.2200012207031,416.2200012207031,417.8500061035156,110811800
1685626200,2023-06-01,418.0899963378906,422.9200134277344,416.7900085449219,421.82000732421875,88865000
1685712600,2023-06-02,424.5,428.739990234375,423.95001220703125,427.9200134277344,91426200
1685971800,2023-06-05,428.2799987792969,429.6199951171875,426.3699951171875,427.1000061035156,65460200
1686058200,2023-06-06,426.6700134277344,428.5799865722656,425.989990234375,428.0299987792969,64022200
1686144600,2023-06-07,428.44000244140625,429.6199951171875,426.1099853515625,426.54998779296875,85373300
1686231000,2023-06-08,426.6199951171875,429.6000061035156,425.82000732421875,429.1300048828125,61952800
1686317400,2023-06-09,429.9599914550781,431.989990234375,428.8699951171875,429.8999938964844,85742800
1686576600,2023-06-12,430.9200134277344,433.8800048828125,430.1700134277344,433.79998779296875,76104300
1686663000,2023-06-13,435.32000732421875,437.3299865722656,434.6300048828125,436.6600036621094,95899700
1686749400,2023-06-14,437.010009765625,439.05999755859375,433.5899963378906,437.17999267578125,100612100
1686835800,2023-06-15,436.3299865722656,443.8999938964844,436.2300109863281,442.6000061035156,110303100
1686922200,2023-06-16,443.0199890136719,443.6099853515625,438.9700012207031,439.4599914550781,114165800
1687267800,2023-06-20,437.45001220703125,438.3699951171875,435.0299987792969,437.17999267578125,76160400
1687354200,2023-06-21,436.1600036621094,436.989990234375,434.3299865722656,434.94000244140625,76982300
1687440600,2023-06-22,433.95001220703125,436.6199951171875,433.6000061035156,436.510009765625,70637200
1687527000,2023-06-23,432.92999267578125,435.05999755859375,432.4700012207031,433.2099914550781,92074500
1687786200,2023-06-26,432.6199951171875,434.6099853515625,431.19000244140625,431.44000244140625,72823600
1687872600,2023-06-27,432.3500061035156,436.80999755859375,431.8800048828125,436.1700134277344,72813700
1687959000,2023-06-28,435.04998779296875,437.44000244140625,434.4100036621094,436.3900146484375,75636000
1688045400,2023-06-29,435.9599914550781,438.2799987792969,435.5400085449219,438.1099853515625,67882300
1688131800,2023-06-30,441.44000244140625,444.29998779296875,441.1099853515625,443.2799987792969,104964000
1688391000,2023-07-03,442.9200134277344,444.0799865722656,442.6300048828125,443.7900085449219,32793400
1688563800,2023-07-05,441.9100036621094,443.8900146484375,441.8999938964844,443.1300048828125,58418400
1688650200,2023-07-06,439.4200134277344,440.1000061035156,437.05999755859375,439.6600036621094,80658300
1688736600,2023-07-07,438.6300048828125,442.6400146484375,438.29998779296875,438.54998779296875,86134200
1688995800,2023-07-10,438.17999267578125,439.8399963378906,437.5899963378906,439.6600036621094,62443500
1689082200,2023-07-11,440.45001220703125,442.9700012207031,439.44000244140625,442.4599914550781,64463800
1689168600,2023-07-12,446.3900146484375,447.4800109863281,444.9100036621094,446.0199890136719,91924500
1689255000,2023-07-13,447.8999938964844,450.3800048828125,447.45001220703125,449.55999755859375,72425200
1689341400,2023-07-14,450.4800109863281,451.3599853515625,448.489990234375,449.2799987792969,69815800
1689600600,2023-07-17,449.1300048828125,451.92999267578125,449.0799865722656,450.8399963378906,52680200
1689687000,2023-07-18,450.5,454.8599853515625,450.04998779296875,454.19000244140625,80668200
1689773400,2023-07-19,455.010009765625,456.42999267578125,454.1099853515625,455.20001220703125,65891700
1689859800,2023-07-20,454.1700134277344,455.1000061035156,451.44000244140625,452.17999267578125,70591600
1689946200,2023-07-21,453.9599914550781,454.1700134277344,452.1700134277344,452.17999267578125,71275600
1690205400,2023-07-24,453.3699951171875,455.0400085449219,452.29998779296875,454.20001220703125,54023400
1690291800,2023-07-25,453.9200134277344,456.739990234375,453.8699951171875,455.44000244140625,55191200
1690378200,2023-07-26,454.4700012207031,456.989990234375,453.3800048828125,455.510009765625,71052900
1690464600,2023-07-27,459.0199890136719,459.44000244140625,451.54998779296875,452.489990234375,92194400
1690551000,2023-07-28,455.8800048828125,457.7799987792969,452.489990234375,456.9200134277344,80011800
1690810200,2023-07-31,457.4100036621094,458.1600036621094,456.04998779296875,457.7900085449219,62040400
1690896600,2023-08-01,456.2699890136719,457.25,455.489990234375,456.4800109863281,55291500
1690983000,2023-08-02,453.25,453.5199890136719,449.3500061035156,450.1300048828125,93933400
1691069400,2023-08-03,448.0400085449219,450.7900085449219,447.3699951171875,448.8399963378906,64276100
1691155800,2023-08-04,450.7200012207031,452.8999938964844,446.2699890136719,446.80999755859375,100128900
1691415000,2023-08-07,448.7099914550781,450.8699951171875,447.989990234375,450.7099914550781,58357500
1691501400,2023-08-08,448.0799865722656,450.70001220703125,445.2699890136719,448.75,71361300
1691587800,2023-08-09,449.0299987792969,449.20001220703125,444.9599914550781,445.75,78789600
1691674200,2023-08-10,448.19000244140625,451.70001220703125,444.70001220703125,445.9100036621094,93005500
1691760600,2023-08-11,443.9700012207031,446.70001220703125,443.3500061035156,445.6499938964844,68690900
1692019800,2023-08-14,444.70001220703125,448.1099853515625,444.3800048828125,448.1099853515625,47867400
1692106200,2023-08-15,446.2699890136719,446.6400146484375,442.29998779296875,442.8900146484375,75707500
1692192600,2023-08-16,442.4599914550781,444.17999267578125,439.5299987792969,439.6400146484375,80107200
1692279000,2023-08-17,441.1600036621094,441.42999267578125,435.75,436.2900085449219,95711300
1692365400,2023-08-18,433.3699951171875,437.57000732421875,433.010009765625,436.5,98852000
1692624600,2023-08-21,437.54998779296875,440.1099853515625,435.32000732421875,439.3399963378906,68719000
1692711000,2023-08-22,441.17999267578125,441.17999267578125,437.57000732421875,438.1499938964844,64994200
1692797400,2023-08-23,439.25,443.6700134277344,439.1000061035156,443.0299987792969,68441000
1692883800,2023-08-24,444.69000244140625,445.2200012207031,436.8599853515625,436.8900146484375,88517300
1692970200,2023-08-25,438.67999267578125,441.29998779296875,435,439.9700012207031,102325100
1693229400,2023-08-28,442.239990234375,443.3999938964844,439.9700012207031,442.760009765625,61595400
1693315800,2023-08-29,442.6499938964844,449.45001220703125,442.4599914550781,449.1600036621094,83081900
1693402200,2023-08-30,449.510009765625,451.6700134277344,448.7799987792969,451.010009765625,69053900
1693488600,2023-08-31,451.6499938964844,452.8299865722656,450.1600036621094,450.3500061035156,66084600
1693575000,2023-09-01,453.1700134277344,453.6700134277344,449.67999267578125,451.19000244140625,58944100
1693920600,2023-09-05,450.7300109863281,451.05999755859375,449.1700134277344,449.239990234375,55166200
1694007000,2023-09-06,448.3999938964844,448.510009765625,443.80999755859375,446.2200012207031,70758500
1694093400,2023-09-07,443.1099853515625,445.54998779296875,442.75,444.8500061035156,70355400
1694179800,2023-09-08,444.8999938964844,447.1099853515625,444.5299987792969,445.5199890136719,61659700
1694439000,2023-09-11,448.239990234375,448.7699890136719,446.4700012207031,448.45001220703125,60180100
1694525400,2023-09-12,446.95001220703125,448.5299987792969,445.3900146484375,445.989990234375,67565400
1694611800,2023-09-13,446.2200012207031,447.7099914550781,445.0799865722656,446.510009765625,60199300
1694698200,2023-09-14,449.07000732421875,451.0799865722656,447.7200012207031,450.3599853515625,83430800
1694784600,2023-09-15,447.1400146484375,447.4800109863281,442.9200134277344,443.3699951171875,111848900
1695043800,2023-09-18,443.04998779296875,444.9700012207031,442.55999755859375,443.6300048828125,55752200
1695130200,2023-09-19,442.67999267578125,443.2900085449219,439.94000244140625,442.7099914550781,66514600
1695216600,2023-09-20,444.010009765625,444.44000244140625,438.42999267578125,438.6400146484375,82562600
1695303000,2023-09-21,435.70001220703125,435.9700012207031,431.2300109863281,431.3900146484375,104095800
1695389400,2023-09-22,432.45001220703125,434.1000061035156,429.989990234375,430.4200134277344,100829700
1695648600,2023-09-25,429.1700134277344,432.2699890136719,428.7200012207031,432.2300109863281,70874500
1695735000,2023-09-26,429.0899963378906,429.82000732421875,425.0199890136719,425.8800048828125,96168400
1695821400,2023-09-27,427.0899963378906,427.6700134277344,422.2900085449219,426.04998779296875,104705800
1695907800,2023-09-28,425.4800109863281,430.25,424.8699951171875,428.5199890136719,92258300
1695994200,2023-09-29,431.6700134277344,431.8500061035156,425.9100036621094,427.4800109863281,115111300
1696253400,2023-10-02,426.6199951171875,428.6000061035156,424.4599914550781,427.30999755859375,83798600
1696339800,2023-10-03,425.05999755859375,427.3699951171875,420.17999267578125,421.5899963378906,103760600
1696426200,2023-10-04,422.07000732421875,425.42999267578125,420.55999755859375,424.6600036621094,87453000
1696512600,2023-10-05,424.3599853515625,425.3699951171875,421.1700134277344,424.5,70142700
1696599000,2023-10-06,421.9700012207031,431.1300048828125,420.6000061035156,429.5400085449219,113273300
1696858200,2023-10-09,427.5799865722656,432.8800048828125,427.010009765625,432.2900085449219,80374400
1696944600,2023-10-10,432.94000244140625,437.2200012207031,432.5299987792969,434.5400085449219,78607300
1697031000,2023-10-11,435.6400146484375,436.5799865722656,433.17999267578125,436.32000732421875,62451700
1697117400,2023-10-12,436.95001220703125,437.3399963378906,431.2300109863281,433.6600036621094,81154200
1697203800,2023-10-13,435.2099914550781,436.45001220703125,429.8800048828125,431.5,95143100
1697463000,2023-10-16,433.82000732421875,437.1400146484375,433.57000732421875,436.0400085449219,75433200
1697549400,2023-10-17,432.80999755859375,438.1400146484375,432.45001220703125,436.0199890136719,75324700
1697635800,2023-10-18,434.19000244140625,435.17999267578125,429.0899963378906,430.2099914550781,93559800
1697722200,2023-10-19,430.95001220703125,432.82000732421875,425.7300109863281,426.42999267578125,121323000
1697808600,2023-10-20,425.9800109863281,426.5400085449219,421.0799865722656,421.19000244140625,123919900
1698067800,2023-10-23,419.6099853515625,424.45001220703125,417.79998779296875,420.4599914550781,92035100
1698154200,2023-10-24,422.6499938964844,424.82000732421875,420.739990234375,423.6300048828125,78564200
1698240600,2023-10-25,421.8900146484375,421.9200134277344,417.0199890136719,417.54998779296875,94223200
1698327000,2023-10-26,416.45001220703125,417.3299865722656,411.6000061035156,412.54998779296875,115156800
1698413400,2023-10-27,414.19000244140625,414.6000061035156,409.2099914550781,410.67999267578125,107367700
1698672600,2023-10-30,413.55999755859375,416.67999267578125,412.2200012207031,415.5899963378906,86562700
1698759000,2023-10-31,416.17999267578125,418.5299987792969,414.2099914550781,418.20001220703125,79665200
1698845400,2023-11-01,419.20001220703125,423.5,418.6499938964844,422.6600036621094,98068100
1698931800,2023-11-02,426.5799865722656,430.9200134277344,426.55999755859375,430.760009765625,94938900
1699018200,2023-11-03,433.1400146484375,436.2900085449219,433.010009765625,434.69000244140625,100167800
1699281000,2023-11-06,435.4700012207031,436.1499938964844,433.67999267578125,435.69000244140625,67831700
1699367400,2023-11-07,435.69000244140625,437.5899963378906,434.510009765625,436.92999267578125,64256100
1699453800,2023-11-08,437.54998779296875,438.0899963378906,434.8699951171875,437.25,61746000
1699540200,2023-11-09,438.42999267578125,438.4700012207031,433.3999938964844,433.8399963378906,83174400
1699626600,2023-11-10,435.9800109863281,440.92999267578125,433.8299865722656,440.6099853515625,89462200
1699885800,2023-11-13,439.2300109863281,441.3299865722656,438.4200134277344,440.19000244140625,52236100
1699972200,2023-11-14,446.32000732421875,450.05999755859375,446.0899963378906,448.7300109863281,97176900
1700058600,2023-11-15,450.1099853515625,451.3800048828125,448.79998779296875,449.67999267578125,77327600
1700145000,2023-11-16,449.2200012207031,450.55999755859375,448.1199951171875,450.2300109863281,66665800
1700231400,2023-11-17,450.239990234375,451.4200134277344,449.2900085449219,450.7900085449219,83133200
1700490600,2023-11-20,450.5299987792969,455.1300048828125,450.5199890136719,454.260009765625,69936200
1700577000,2023-11-21,453.17999267578125,454.1300048828125,451.9599914550781,453.2699890136719,49244600
1700663400,2023-11-22,454.9800109863281,456.3800048828125,453.8900146484375,455.0199890136719,59394900
1700836200,2023-11-24,455.07000732421875,455.5,454.7300109863281,455.29998779296875,29737400
1701095400,2023-11-27,454.6499938964844,455.489990234375,454.0799865722656,454.4800109863281,50506000
1701181800,2023-11-28,454.0799865722656,456.2699890136719,453.5,454.92999267578125,62115000
1701268200,2023-11-29,457.1499938964844,458.32000732421875,454.20001220703125,454.6099853515625,63146000
1701354600,2023-11-30,455.4800109863281,456.760009765625,453.3399963378906,456.3999938964844,79752700
1701441000,2023-12-01,455.7699890136719,459.6499938964844,455.1600036621094,459.1000061035156,89183400
1701700200,2023-12-04,455.6000061035156,459.1199951171875,454.3399963378906,456.69000244140625,72430900
1701786600,2023-12-05,455.260009765625,457.5899963378906,454.8699951171875,456.6000061035156,69793500
1701873000,2023-12-06,458.80999755859375,458.8399963378906,454.30999755859375,454.760009765625,69124700
1701959400,2023-12-07,456.9100036621094,458.8999938964844,456.2900085449219,458.2300109863281,66995400
1702045800,2023-12-08,457.4599914550781,460.75,457.2099914550781,460.20001220703125,83194400
1702305000,2023-12-11,459.69000244140625,462.1700134277344,459.4700012207031,461.989990234375,65002200
1702391400,2023-12-12,461.6300048828125,464.20001220703125,460.6000061035156,464.1000061035156,68327600
1702477800,2023-12-13,464.489990234375,470.760009765625,464.1199951171875,470.5,93278000
1702564200,2023-12-14,472.5,473.7300109863281,469.25,472.010009765625,119026000
1702650600,2023-12-15,469.489990234375,470.70001220703125,467.42999267578125,469.3299865722656,141553700
1702909800,2023-12-18,470.9800109863281,472.9800109863281,469.8900146484375,471.9700012207031,70375300
1702996200,2023-12-19,472.5299987792969,474.9200134277344,472.45001220703125,474.8399963378906,55761800
1703082600,2023-12-20,473.9599914550781,475.8999938964844,467.82000732421875,468.260009765625,102921000
1703169000,2023-12-21,471.3299865722656,472.9800109863281,468.8399963378906,472.70001220703125,86667500
1703255400,2023-12-22,473.8599853515625,475.3800048828125,471.70001220703125,473.6499938964844,67160400
1703601000,2023-12-26,474.07000732421875,476.5799865722656,473.989990234375,475.6499938964844,55387000
1703687400,2023-12-27,475.44000244140625,476.6600036621094,474.8900146484375,476.510009765625,68000300
1703773800,2023-12-28,476.8800048828125,477.54998779296875,476.260009765625,476.69000244140625,77158100
1703860200,2023-12-29,476.489990234375,477.0299987792969,473.29998779296875,475.30999755859375,122283100
1704205800,2024-01-02,472.1600036621094,473.6700134277344,470.489990234375,472.6499938964844,123623700
1704292200,2024-01-03,470.42999267578125,471.19000244140625,468.1700134277344,468.7900085449219,103585900
1704378600,2024-01-04,468.29998779296875,470.9599914550781,467.04998779296875,467.2799987792969,84232200
1704465000,2024-01-05,467.489990234375,470.44000244140625,466.42999267578125,467.9200134277344,86118900
1704724200,2024-01-08,468.42999267578125,474.75,468.29998779296875,474.6000061035156,74879100
1704810600,2024-01-09,471.8699951171875,474.92999267578125,471.3500061035156,473.8800048828125,65931400
1704897000,2024-01-10,474.1600036621094,477.45001220703125,473.8699951171875,476.55999755859375,67310600
1704983400,2024-01-11,477.5899963378906,478.1199951171875,472.260009765625,476.3500061035156,77940700
1705069800,2024-01-12,477.8399963378906,478.6000061035156,475.2300109863281,476.67999267578125,58026400
1705415400,2024-01-16,475.260009765625,476.6099853515625,473.05999755859375,474.92999267578125,85014900
1705501800,2024-01-17,471.82000732421875,472.7900085449219,469.8699951171875,472.2900085449219,68843900
1705588200,2024-01-18,474.010009765625,477.05999755859375,472.4200134277344,476.489990234375,91856200
1705674600,2024-01-19,477.6499938964844,482.7200012207031,476.5400085449219,482.42999267578125,110834500
1705933800,2024-01-22,484.010009765625,485.2200012207031,482.7799987792969,483.45001220703125,75844900
1706020200,2024-01-23,484.010009765625,485.1099853515625,482.8900146484375,484.8599853515625,49945300
1706106600,2024-01-24,487.80999755859375,488.7699890136719,484.8800048828125,485.3900146484375,81765000
1706193000,2024-01-25,487.5799865722656,488.30999755859375,485.3900146484375,488.0299987792969,72525000
1706279400,2024-01-26,487.5899963378906,489.1199951171875,486.5400085449219,487.4100036621094,76641600
1706538600,2024-01-29,487.7300109863281,491.4200134277344,487.1700134277344,491.2699890136719,61322800
1706625000,2024-01-30,490.55999755859375,491.6199951171875,490.1099853515625,490.8900146484375,58618400
1706711400,2024-01-31,488.6199951171875,489.0799865722656,482.8599853515625,482.8800048828125,126011100
1706797800,2024-02-01,484.6300048828125,489.2300109863281,483.79998779296875,489.20001220703125,91891600
1706884200,2024-02-02,489.6499938964844,496.04998779296875,489.29998779296875,494.3500061035156,99228200
1707143400,2024-02-05,493.70001220703125,494.3800048828125,490.2300109863281,492.54998779296875,75757100
1707229800,2024-02-06,493.5199890136719,494.32000732421875,492.04998779296875,493.9800109863281,55918600
1707316200,2024-02-07,496.2900085449219,498.5299987792969,495.3599853515625,498.1000061035156,70556500
1707402600,2024-02-08,498.1000061035156,498.7099914550781,497.260009765625,498.32000732421875,52343600
1707489000,2024-02-09,498.8399963378906,501.6499938964844,498.489990234375,501.20001220703125,63979400
1707748200,2024-02-12,501.1700134277344,503.5,500.239990234375,500.9800109863281,56502300
1707834600,2024-02-13,494.5299987792969,497.0899963378906,490.7200012207031,494.0799865722656,113099200
1707921000,2024-02-14,496.7900085449219,499.07000732421875,494.3999938964844,498.57000732421875,68387800
1708007400,2024-02-15,499.2900085449219,502.20001220703125,498.79998779296875,502.010009765625,61683000
1708093800,2024-02-16,501.70001220703125,502.8699951171875,498.75,499.510009765625,75532900
1708439400,2024-02-20,497.7200012207031,498.4100036621094,494.45001220703125,496.760009765625,71736700
1708525800,2024-02-21,495.4200134277344,497.3699951171875,493.55999755859375,497.2099914550781,59293400
1708612200,2024-02-22,504.010009765625,508.489990234375,503.0199890136719,507.5,76402500
1708698600,2024-02-23,509.2699890136719,510.1300048828125,507.1000061035156,507.8500061035156,61321800
1708957800,2024-02-26,508.29998779296875,508.75,505.8599853515625,505.989990234375,50386700
1709044200,2024-02-27,506.70001220703125,507.1600036621094,504.75,506.92999267578125,48854500
1709130600,2024-02-28,505.3299865722656,506.8599853515625,504.9599914550781,506.260009765625,56506600
1709217000,2024-02-29,508.07000732421875,509.739990234375,505.3500061035156,508.0799865722656,83924800
1709303400,2024-03-01,508.9800109863281,513.2899780273438,508.55999755859375,512.8499755859375,76844800
1709562600,2024-03-04,512.030029296875,514.2000122070312,512,512.2999877929688,49799300
1709649000,2024-03-05,510.239990234375,510.70001220703125,504.9100036621094,507.17999267578125,72855600
1709735400,2024-03-06,510.54998779296875,512.0700073242188,508.4200134277344,509.75,68382400
1709821800,2024-03-07,513.1400146484375,515.8900146484375,509.80999755859375,514.8099975585938,58652100
1709908200,2024-03-08,515.4600219726562,518.219970703125,511.1300048828125,511.7200012207031,86532500
1710163800,2024-03-11,510.4800109863281,511.8800048828125,508.5,511.2799987792969,62557200
1710250200,2024-03-12,513.4500122070312,517.3800048828125,510.8599853515625,516.780029296875,73114400
1710336600,2024-03-13,517.1099853515625,517.2899780273438,514.489990234375,515.969970703125,55104100
1710423000,2024-03-14,516.969970703125,517.1300048828125,511.82000732421875,514.9500122070312,110171800
1710509400,2024-03-15,510.2099914550781,511.70001220703125,508.1199951171875,509.8299865722656,107646300
1710768600,2024-03-18,514,515.47998046875,512.4400024414062,512.8599853515625,88893300
1710855000,2024-03-19,512.1500244140625,516,511.1199951171875,515.7100219726562,60755300
1710941400,2024-03-20,515.77001953125,520.6199951171875,515.0800170898438,520.47998046875,69594600
1711027800,2024-03-21,523.3900146484375,524.1099853515625,521.9099731445312,522.2000122070312,60256100
1711114200,2024-03-22,522.1099853515625,522.6099853515625,520.969970703125,521.2100219726562,79070800
1711373400,2024-03-25,519.7999877929688,520.9500122070312,519.6099853515625,519.77001953125,48512100
1711459800,2024-03-26,521.22998046875,521.5800170898438,518.4000244140625,518.8099975585938,65463700
1711546200,2024-03-27,521.7100219726562,523.2100219726562,519.489990234375,523.1699829101562,82999800
1711632600,2024-03-28,523.2100219726562,524.6099853515625,522.780029296875,523.0700073242188,96294900
1711978200,2024-04-01,523.8300170898438,524.3800048828125,520.969970703125,522.1599731445312,62477500
1712064600,2024-04-02,518.239990234375,518.97998046875,516.47998046875,518.8400268554688,74230300
1712151000,2024-04-03,517.719970703125,520.9500122070312,517.6699829101562,519.4099731445312,59155800
1712237400,2024-04-04,523.52001953125,523.8699951171875,512.760009765625,513.0700073242188,96858100
1712323800,2024-04-05,514.4600219726562,520.4400024414062,514.010009765625,518.4299926757812,74546500
1712583000,2024-04-08,519.1500244140625,520.1799926757812,517.8900146484375,518.719970703125,48401800
1712669400,2024-04-09,520.5,520.75,514.3499755859375,519.3200073242188,68049200
1712755800,2024-04-10,513.47998046875,516.1599731445312,512.0900268554688,514.1199951171875,82652800
1712842200,2024-04-11,515.6799926757812,519.47998046875,512.0800170898438,518,70099000
1712928600,2024-04-12,514.3699951171875,515.8200073242188,509.0799865722656,510.8500061035156,92561100
1713187800,2024-04-15,515.1300048828125,515.2999877929688,503.5799865722656,504.45001220703125,92101400
1713274200,2024-04-16,504.94000244140625,506.5,502.2099914550781,503.5299987792969,73484000
1713360600,2024-04-17,506.04998779296875,506.2200012207031,499.1199951171875,500.54998779296875,75910300
1713447000,2024-04-18,501.9800109863281,504.1300048828125,498.55999755859375,499.5199890136719,74548100
1713533400,2024-04-19,499.44000244140625,500.4599914550781,493.8599853515625,495.1600036621094,102212600
1713792600,2024-04-22,497.8299865722656,502.3800048828125,495.42999267578125,499.7200012207031,67961000
1713879000,2024-04-23,501.7799987792969,506.0899963378906,499.5299987792969,505.6499938964844,64633600
1713965400,2024-04-24,506.55999755859375,507.3699951171875,503.1300048828125,505.4100036621094,55928100
1714051800,2024-04-25,499.17999267578125,504.2699890136719,497.489990234375,503.489990234375,69122400
1714138200,2024-04-26,506.3500061035156,509.8800048828125,505.70001220703125,508.260009765625,64306100
1714397400,2024-04-29,510.0899963378906,510.75,507.25,510.05999755859375,46415400
1714483800,2024-04-30,508.55999755859375,509.55999755859375,501.9800109863281,501.9800109863281,77483600
1714570200,2024-05-01,501.3800048828125,508.19000244140625,499.8699951171875,500.3500061035156,80242800
1714656600,2024-05-02,504.1499938964844,505.8900146484375,499.54998779296875,505.0299987792969,62550200
1714743000,2024-05-03,511.1600036621094,512.5499877929688,508.55999755859375,511.2900085449219,72756700
1715002200,2024-05-06,513.75,516.6099853515625,513.2999877929688,516.5700073242188,47264700
1715088600,2024-05-07,517.5599975585938,518.5700073242188,516.4500122070312,517.1400146484375,52561300
1715175000,2024-05-08,515.260009765625,517.739990234375,515.1400146484375,517.1900024414062,42047200
1715261400,2024-05-09,517.3800048828125,520.2100219726562,516.7100219726562,520.1699829101562,43643700
1715347800,2024-05-10,521.8099975585938,522.6400146484375,519.5900268554688,520.8400268554688,52233200
1715607000,2024-05-13,522.5599975585938,522.6699829101562,519.739990234375,520.9099731445312,36716400
1715693400,2024-05-14,521.1099853515625,523.8300170898438,520.5599975585938,523.2999877929688,57535900
1715779800,2024-05-15,525.8300170898438,530.0800170898438,525.1799926757812,529.780029296875,59504900
1715866200,2024-05-16,529.8800048828125,531.52001953125,528.5399780273438,528.6900024414062,50244800
1715952600,2024-05-17,528.8099975585938,529.52001953125,527.3200073242188,529.4500122070312,59187600
1716211800,2024-05-20,529.5700073242188,531.5599975585938,529.1699829101562,530.0599975585938,37764200
1716298200,2024-05-21,529.280029296875,531.52001953125,529.0700073242188,531.3599853515625,33437000
1716384600,2024-05-22,530.6500244140625,531.3800048828125,527.5999755859375,529.8300170898438,48390000
1716471000,2024-05-23,532.9600219726562,533.0700073242188,524.719970703125,525.9600219726562,57211200
1716557400,2024-05-24,527.8499755859375,530.27001953125,526.8800048828125,529.4400024414062,41291100
1716903000,2024-05-28,530.27001953125,530.510009765625,527.1099853515625,529.8099975585938,36269600
1716989400,2024-05-29,525.6799926757812,527.3099975585938,525.3699951171875,526.0999755859375,45190300
1717075800,2024-05-30,524.52001953125,525.2000122070312,521.3300170898438,522.6099853515625,46377600
1717162200,2024-05-31,523.5900268554688,527.5,518.3599853515625,527.3699951171875,90785800
1717421400,2024-06-03,529.02001953125,529.3099975585938,522.5999755859375,527.7999877929688,46835700
1717507800,2024-06-04,526.4600219726562,529.1500244140625,524.9600219726562,528.3900146484375,34632700
1717594200,2024-06-05,530.77001953125,534.6900024414062,528.72998046875,534.6699829101562,47610400
1717680600,2024-06-06,534.97998046875,535.4199829101562,532.6799926757812,534.6599731445312,30808500
1717767000,2024-06-07,533.6599731445312,536.8900146484375,532.5399780273438,534.010009765625,43224500
1718026200,2024-06-10,533.1799926757812,535.989990234375,532.5700073242188,535.6599731445312,35686100
1718112600,2024-06-11,534.0700073242188,537.010009765625,532.0499877929688,536.9500122070312,36383400
1718199000,2024-06-12,541.6300048828125,544.1199951171875,540.2999877929688,541.3599853515625,63251300
1718285400,2024-06-13,543.1500244140625,543.3300170898438,539.5900268554688,542.4500122070312,44760900
1718371800,2024-06-14,540.8800048828125,542.8099975585938,539.8499755859375,542.780029296875,40089900
1718631000,2024-06-17,542.0800170898438,548.530029296875,541.6099853515625,547.0999755859375,55839500
1718717400,2024-06-18,547.1599731445312,548.6199951171875,546.72998046875,548.489990234375,41376400
1718890200,2024-06-20,549.4400024414062,550.1199951171875,545.1799926757812,547,70328200
1718976600,2024-06-21,544.4000244140625,545.6500244140625,543.02001953125,544.510009765625,64338600
1719235800,2024-06-24,544.3300170898438,546.9500122070312,542.6199951171875,542.739990234375,45528700
1719322200,2024-06-25,543.989990234375,545.2000122070312,542.4400024414062,544.8300170898438,37936200
1719408600,2024-06-26,543.6900024414062,546.239990234375,543.030029296875,545.510009765625,38550600
1719495000,2024-06-27,545.3699951171875,546.9600219726562,544.6099853515625,546.3699951171875,35041500
1719581400,2024-06-28,547.1599731445312,550.280029296875,542.9500122070312,544.219970703125,76144500
1719840600,2024-07-01,545.6300048828125,545.8800048828125,542.52001953125,545.3400268554688,40297800
1719927000,2024-07-02,543.7000122070312,549.010009765625,543.6500244140625,549.010009765625,40434800
1720013400,2024-07-03,548.6900024414062,551.8300170898438,548.6500244140625,551.4600219726562,32789900
1720186200,2024-07-05,551.77001953125,555.0499877929688,551.1199951171875,554.6400146484375,41488400
1720445400,2024-07-08,555.4400024414062,556.25,554.1900024414062,555.280029296875,36110500
1720531800,2024-07-09,556.260009765625,557.1799926757812,555.52001953125,555.8200073242188,27289700
1720618200,2024-07-10,557.0700073242188,561.6699829101562,556.77001953125,561.3200073242188,38701200
1720704600,2024-07-11,561.4400024414062,562.3300170898438,555.8300170898438,556.47998046875,53054200
1720791000,2024-07-12,557.6300048828125,563.6699829101562,557.1500244140625,559.989990234375,53084400
1721050200,2024-07-15,562.030029296875,564.8400268554688,559.6300048828125,561.530029296875,40584300
1721136600,2024-07-16,562.8699951171875,565.1599731445312,562.0999755859375,564.8599853515625,36475300
1721223000,2024-07-17,558.7999877929688,560.510009765625,556.6099853515625,556.9400024414062,57119000
1721309400,2024-07-18,558.510009765625,559.52001953125,550.4299926757812,552.6599731445312,56270400
1721395800,2024-07-19,552.4199829101562,554.0800170898438,547.9099731445312,548.989990234375,65509100
1721655000,2024-07-22,553,555.27001953125,551.02001953125,554.6500244140625,43346700
1721741400,2024-07-23,554.5399780273438,556.739990234375,553.280029296875,553.780029296875,34439600
1721827800,2024-07-24,548.8599853515625,549.1699829101562,540.2899780273438,541.22998046875,74515300
1721914200,2024-07-25,541.3499755859375,547.4600219726562,537.4500122070312,538.4099731445312,61158300
1722000600,2024-07-26,542.280029296875,547.1900024414062,541.489990234375,544.4400024414062,53763800
1722259800,2024-07-29,546.02001953125,547.0499877929688,542.719970703125,544.760009765625,39515800
1722346200,2024-07-30,546.260009765625,547.3400268554688,538.52001953125,542,46853600
1722432600,2024-07-31,548.97998046875,553.5,547.5800170898438,550.8099975585938,65663400
1722519000,2024-08-01,552.5700073242188,554.8699951171875,539.4299926757812,543.010009765625,76428700
1722605400,2024-08-02,535.75,536.989990234375,528.5999755859375,532.9000244140625,82789100
1722864600,2024-08-05,511.6400146484375,523.5800170898438,510.2699890136719,517.3800048828125,146267400
1722951000,2024-08-06,519.219970703125,529.75,517.8699951171875,522.1500244140625,84826300
1723037400,2024-08-07,528.469970703125,531.5900268554688,518.0499877929688,518.6599731445312,70698300
1723123800,2024-08-08,523.9099731445312,531.2899780273438,521.8400268554688,530.6500244140625,63276600
1723210200,2024-08-09,529.8099975585938,534.510009765625,528.5599975585938,532.989990234375,45619600
1723469400,2024-08-12,534.2100219726562,535.72998046875,530.9500122070312,533.27001953125,42542100
1723555800,2024-08-13,536.530029296875,542.280029296875,536.280029296875,542.0399780273438,52333100
1723642200,2024-08-14,542.8499755859375,544.9600219726562,540.1199951171875,543.75,42446900
1723728600,2024-08-15,549.5,553.3599853515625,548.8800048828125,553.0700073242188,60846800
1723815000,2024-08-16,551.4199829101562,555.02001953125,551.260009765625,554.3099975585938,44430700
1724074200,2024-08-19,554.72998046875,559.6099853515625,553.8599853515625,559.6099853515625,39121800
1724160600,2024-08-20,559.1500244140625,560.8400268554688,557.3300170898438,558.7000122070312,33732300
1724247000,2024-08-21,559.77001953125,562.1099853515625,554.72998046875,560.6199951171875,41514600
1724333400,2024-08-22,562.5599975585938,563.1799926757812,554.97998046875,556.219970703125,56121500
1724419800,2024-08-23,559.530029296875,563.0900268554688,557.2899780273438,562.1300048828125,50639400
1724679000,2024-08-26,563.1799926757812,563.9099731445312,559.0499877929688,560.7899780273438,35788600
1724765400,2024-08-27,559.489990234375,562.0599975585938,558.3200073242188,561.5599975585938,32693900
1724851800,2024-08-28,561.2100219726562,561.6500244140625,555.0399780273438,558.2999877929688,41066000
1724938200,2024-08-29,560.3099975585938,563.6799926757812,557.1799926757812,558.3499755859375,38715200
1725024600,2024-08-30,560.77001953125,564.2000122070312,557.1400146484375,563.6799926757812,62700100
1725370200,2024-09-03,560.469970703125,560.8099975585938,549.510009765625,552.0800170898438,60600100
1725456600,2024-09-04,550.2000122070312,554.4299926757812,549.4600219726562,550.9500122070312,47224900
1725543000,2024-09-05,550.8900146484375,553.7999877929688,547.0999755859375,549.6099853515625,44264300
1725629400,2024-09-06,549.9400024414062,551.5999755859375,539.4400024414062,540.3599853515625,68493800
1725888600,2024-09-09,544.6500244140625,547.7100219726562,542.6799926757812,546.4099731445312,40445800
1725975000,2024-09-10,548.3599853515625,549.1500244140625,543.3800048828125,548.7899780273438,36394600
1726061400,2024-09-11,548.7000122070312,555.3599853515625,539.9600219726562,554.4199829101562,75248600
1726147800,2024-09-12,555.010009765625,559.4000244140625,552.739990234375,559.0900268554688,51819600
1726234200,2024-09-13,559.7100219726562,563.030029296875,559.4500122070312,562.010009765625,39310500
1726493400,2024-09-16,561.739990234375,563.1099853515625,559.9000244140625,562.8400268554688,36656100
1726579800,2024-09-17,565.0999755859375,566.5800170898438,560.7899780273438,563.0700073242188,49321000
1726666200,2024-09-18,563.739990234375,568.6900024414062,560.8300170898438,561.4000244140625,59044900
1726752600,2024-09-19,571.010009765625,572.8800048828125,568.0800170898438,570.97998046875,75315500
1726839000,2024-09-20,567.8400268554688,569.3099975585938,565.1699829101562,568.25,77503100
1727098200,2024-09-23,569.3400268554688,570.3300170898438,568.0999755859375,569.6699829101562,44116900
1727184600,2024-09-24,570.47998046875,571.3599853515625,567.5999755859375,571.2999877929688,46805700
1727271000,2024-09-25,571.1400146484375,571.8900146484375,568.9099731445312,570.0399780273438,38428600
1727357400,2024-09-26,574.3800048828125,574.7100219726562,569.9000244140625,572.2999877929688,48336000
1727443800,2024-09-27,573.3900146484375,574.219970703125,570.4199829101562,571.469970703125,42100900
1727703000,2024-09-30,570.4199829101562,574.3800048828125,568.0800170898438,573.760009765625,63557400
1727789400,2024-10-01,573.4000244140625,574.0599975585938,566,568.6199951171875,72668800
1727875800,2024-10-02,567.7100219726562,569.9000244140625,565.27001953125,568.8599853515625,38097800
1727962200,2024-10-03,567.3599853515625,569.7999877929688,565.489990234375,567.8200073242188,40846500
1728048600,2024-10-04,572.3499755859375,573.3599853515625,568.0999755859375,572.97998046875,42939100
1728307800,2024-10-07,571.2999877929688,571.9600219726562,566.6300048828125,567.7999877929688,49964700
1728394200,2024-10-08,570.4199829101562,573.780029296875,569.530029296875,573.1699829101562,37398700
1728480600,2024-10-09,573.1599731445312,577.7100219726562,572.5499877929688,577.1400146484375,37912200
1728567000,2024-10-10,575.77001953125,577.5800170898438,574.489990234375,576.1300048828125,44138100
1728653400,2024-10-11,576.0499877929688,580.3300170898438,575.9099731445312,579.5800170898438,42268000
1728912600,2024-10-14,581.219970703125,585.27001953125,580.72998046875,584.3200073242188,36217200
1728999000,2024-10-15,584.5900268554688,584.9000244140625,578.5399780273438,579.780029296875,54203600
1729085400,2024-10-16,579.780029296875,582.8300170898438,578.9600219726562,582.2999877929688,30725400
1729171800,2024-10-17,585.9099731445312,586.1199951171875,582.1599731445312,582.3499755859375,34393700
1729258200,2024-10-18,584.0700073242188,585.3900146484375,582.5800170898438,584.5900268554688,37416800
1729517400,2024-10-21,583.8499755859375,584.8499755859375,580.5999755859375,583.6300048828125,36439000
1729603800,2024-10-22,581.0499877929688,584.5,580.3800048828125,583.3200073242188,34183800
1729690200,2024-10-23,581.260009765625,581.7100219726562,574.4199829101562,577.989990234375,49314600
1729776600,2024-10-24,579.97998046875,580.0599975585938,576.5700073242188,579.239990234375,34979900
1729863000,2024-10-25,581.510009765625,584.4600219726562,578.0800170898438,579.0399780273438,47268200
1730122200,2024-10-28,582.5800170898438,582.7100219726562,580.52001953125,580.8300170898438,30174700
1730208600,2024-10-29,579.8499755859375,582.9099731445312,578.4299926757812,581.77001953125,42899700
1730295000,2024-10-30,581.2899780273438,583.3200073242188,579.2899780273438,580.010009765625,41435800
1730381400,2024-10-31,575.5599975585938,575.6300048828125,568.4400024414062,568.6400146484375,60182500
1730467800,2024-11-01,571.3200073242188,575.5499877929688,570.6199951171875,571.0399780273438,45667500
1730730600,2024-11-04,571.1799926757812,572.5,567.8900146484375,569.8099975585938,38217000
1730817000,2024-11-05,570.739990234375,576.739990234375,570.52001953125,576.7000122070312,39478300
1730903400,2024-11-06,589.2000122070312,591.9299926757812,585.3900146484375,591.0399780273438,68182000
1730989800,2024-11-07,593.0800170898438,596.6500244140625,593,595.6099853515625,47233200
1731076200,2024-11-08,596.1699829101562,599.6400146484375,596.1699829101562,598.1900024414062,46444900
1731335400,2024-11-11,599.8099975585938,600.1699829101562,597,598.760009765625,37586800
1731421800,2024-11-12,598.6799926757812,599.2899780273438,594.3699951171875,596.9000244140625,43006100
1731508200,2024-11-13,597.3699951171875,599.22998046875,594.9600219726562,597.1900024414062,47388600
1731594600,2024-11-14,597.3200073242188,597.8099975585938,592.6500244140625,593.3499755859375,38904100
1731681000,2024-11-15,589.719970703125,590.2000122070312,583.8599853515625,585.75,75988800
1731940200,2024-11-18,586.219970703125,589.489990234375,585.3400268554688,588.1500244140625,37001700
1732026600,2024-11-19,584.7100219726562,591.0399780273438,584.030029296875,590.2999877929688,49412000
1732113000,2024-11-20,590.3800048828125,590.7899780273438,584.6300048828125,590.5,50032600
1732199400,2024-11-21,593.4000244140625,595.1199951171875,587.4500122070312,593.6699829101562,46750300
1732285800,2024-11-22,593.6599731445312,596.1500244140625,593.1500244140625,595.510009765625,38226400
1732545000,2024-11-25,599.52001953125,600.8599853515625,595.2000122070312,597.530029296875,42441400
1732631400,2024-11-26,598.7999877929688,601.3300170898438,598.0700073242188,600.6500244140625,45621300
1732717800,2024-11-27,600.4600219726562,600.8499755859375,597.280029296875,598.8300170898438,34000200
1732890600,2024-11-29,599.6599731445312,603.3499755859375,599.3800048828125,602.5499877929688,30177400
1733149800,2024-12-02,602.969970703125,604.3200073242188,602.469970703125,603.6300048828125,31746000
1733236200,2024-12-03,603.3900146484375,604.1599731445312,602.3400268554688,603.9099731445312,26906600
1733322600,2024-12-04,605.6300048828125,607.9099731445312,604.9500122070312,607.6599731445312,42787600
1733409000,2024-12-05,607.6599731445312,608.47998046875,606.2999877929688,606.6599731445312,28762200
1733495400,2024-12-06,607.4400024414062,609.0700073242188,607.02001953125,607.8099975585938,31241500
1733754600,2024-12-09,607.6900024414062,607.8599853515625,604.0800170898438,604.6799926757812,34742700
1733841000,2024-12-10,605.3699951171875,605.7999877929688,602.1300048828125,602.7999877929688,37234500
1733927400,2024-12-11,605.780029296875,608.4299926757812,605.5,607.4600219726562,28677700
1734013800,2024-12-12,606.5800170898438,607.1599731445312,604.3300170898438,604.3300170898438,31543800
1734100200,2024-12-13,606.4000244140625,607.1300048828125,602.8099975585938,604.2100219726562,35904700
1734359400,2024-12-16,606,607.780029296875,605.2100219726562,606.7899780273438,43695200
1734445800,2024-12-17,604.1900024414062,605.1699829101562,602.8900146484375,604.2899780273438,55773500
1734532200,2024-12-18,603.97998046875,606.4099731445312,585.8900146484375,586.280029296875,108248700
1734618600,2024-12-19,591.3599853515625,593,585.8499755859375,586.0999755859375,85919500
1734705000,2024-12-20,581.77001953125,595.75,580.9099731445312,591.1500244140625,125716700
1734964200,2024-12-23,590.8900146484375,595.2999877929688,587.6599731445312,594.6900024414062,57635800
1735050600,2024-12-24,596.0599975585938,601.3400268554688,595.469970703125,601.2999877929688,33160100
1735223400,2024-12-26,599.5,602.47998046875,598.0800170898438,601.3400268554688,41219100
1735309800,2024-12-27,597.5399780273438,597.780029296875,590.760009765625,595.010009765625,64969300
1735569000,2024-12-30,587.8900146484375,591.739990234375,584.4099731445312,588.219970703125,56578800
1735655400,2024-12-31,589.9099731445312,590.6400146484375,584.4199829101562,586.0800170898438,57052700
1735828200,2025-01-02,589.3900146484375,591.1300048828125,580.5,584.6400146484375,50204000
1735914600,2025-01-03,587.530029296875,592.5999755859375,586.4299926757812,591.9500122070312,37888500
1736173800,2025-01-06,596.27001953125,599.7000122070312,593.5999755859375,595.3599853515625,47679400
1736260200,2025-01-07,597.4199829101562,597.75,586.780029296875,588.6300048828125,60393100
1736346600,2025-01-08,588.7000122070312,590.5800170898438,585.2000122070312,589.489990234375,47304700
1736519400,2025-01-10,585.8800048828125,585.9500122070312,578.5499877929688,580.489990234375,73105000
1736778600,2025-01-13,575.77001953125,581.75,575.3499755859375,581.3900146484375,47910100
1736865000,2025-01-14,584.3599853515625,585,578.3499755859375,582.1900024414062,48420600
1736951400,2025-01-15,590.3300170898438,593.9400024414062,589.2000122070312,592.780029296875,56900200
1737037800,2025-01-16,594.1699829101562,594.3499755859375,590.9299926757812,591.6400146484375,43319700
1737124200,2025-01-17,596.9600219726562,599.3599853515625,595.6099853515625,597.5800170898438,58070600
1737469800,2025-01-21,600.6699829101562,603.0599975585938,598.6699829101562,603.0499877929688,42532900
1737556200,2025-01-22,605.9199829101562,607.8200073242188,605.3599853515625,606.4400024414062,48196000
1737642600,2025-01-23,605.7999877929688,609.75,605.52001953125,609.75,41152100
1737729000,2025-01-24,609.8099975585938,610.780029296875,606.7999877929688,607.969970703125,34604700
1737988200,2025-01-27,594.8099975585938,599.6900024414062,594.6400146484375,599.3699951171875,70361100
1738074600,2025-01-28,600.6199951171875,605.3699951171875,597.25,604.52001953125,44433300
1738161000,2025-01-29,603.719970703125,604.1300048828125,599.219970703125,601.8099975585938,37177400
1738247400,2025-01-30,603.9600219726562,606.5999755859375,600.719970703125,605.0399780273438,39281300
1738333800,2025-01-31,607.5,609.9600219726562,601.0499877929688,601.8200073242188,66566900
1738593000,2025-02-03,592.6699829101562,600.2899780273438,590.489990234375,597.77001953125,65857200
1738679400,2025-02-04,597.8300170898438,602.2999877929688,597.280029296875,601.780029296875,33457800
1738765800,2025-02-05,600.6400146484375,604.3699951171875,598.5800170898438,604.219970703125,30653100
1738852200,2025-02-06,605.989990234375,606.4500122070312,602.6300048828125,606.3200073242188,35771500
1738938600,2025-02-07,606.8900146484375,608.1300048828125,600.0499877929688,600.77001953125,50788500
1739197800,2025-02-10,604.030029296875,605.5,602.739990234375,604.8499755859375,26048700
1739284200,2025-02-11,602.5499877929688,605.8599853515625,602.4299926757812,605.3099975585938,30056700
1739370600,2025-02-12,599.2000122070312,604.5499877929688,598.510009765625,603.3599853515625,45076100
1739457000,2025-02-13,604.47998046875,609.9400024414062,603.2000122070312,609.72998046875,40921300
1739543400,2025-02-14,609.9400024414062,610.989990234375,609.0700073242188,609.7000122070312,26910400
1739889000,2025-02-18,610.8800048828125,611.489990234375,608.3800048828125,611.489990234375,26749000
1739975400,2025-02-19,610.0800170898438,613.22998046875,609.5599975585938,612.9299926757812,31011100
1740061800,2025-02-20,611.5399780273438,611.6799926757812,607.02001953125,610.3800048828125,36554000
1740148200,2025-02-21,610.1599731445312,610.2999877929688,599.469970703125,599.9400024414062,76519800
1740407400,2025-02-24,602.02001953125,603.030029296875,596.489990234375,597.2100219726562,50737200
1740493800,2025-02-25,597.1500244140625,597.8900146484375,589.5599975585938,594.239990234375,58266500
1740580200,2025-02-26,595.9299926757812,599.5800170898438,591.8599853515625,594.5399780273438,43321600
1740666600,2025-02-27,596.8499755859375,598.02001953125,584.6500244140625,585.0499877929688,74196700
1740753000,2025-02-28,585.5599975585938,594.719970703125,582.4400024414062,594.1799926757812,88744100
1741012200,2025-03-03,596.1799926757812,597.3400268554688,579.9000244140625,583.77001953125,74249200
1741098600,2025-03-04,579.7100219726562,585.3900146484375,572.25,576.8599853515625,109648200
1741185000,2025-03-05,576.6900024414062,584.8800048828125,573.0800170898438,583.0599975585938,71230500
1741271400,2025-03-06,575.47998046875,580.1699829101562,570.1199951171875,572.7100219726562,80094900
1741357800,2025-03-07,570.9000244140625,577.3900146484375,565.6300048828125,575.9199829101562,81158800
1741613400,2025-03-10,567.5900268554688,569.5399780273438,555.5900268554688,560.5800170898438,99326600
1741699800,2025-03-11,559.4000244140625,564.02001953125,552.02001953125,555.9199829101562,88102100
1741786200,2025-03-12,562.1699829101562,563.1099853515625,553.6900024414062,558.8699951171875,69588200
1741872600,2025-03-13,558.489990234375,559.1099853515625,549.6799926757812,551.4199829101562,74079400
1741959000,2025-03-14,556.1099853515625,563.8300170898438,551.489990234375,562.8099975585938,62660300
1742218200,2025-03-17,562.7899780273438,569.7100219726562,562.3499755859375,567.1500244140625,49008700
1742304600,2025-03-18,564.7999877929688,565.02001953125,559.0599975585938,561.02001953125,66041400
1742391000,2025-03-19,562.8300170898438,570.9500122070312,561.6300048828125,567.1300048828125,66556000
1742477400,2025-03-20,563.3300170898438,570.5700073242188,562.5999755859375,565.489990234375,62958200
1742563800,2025-03-21,559.280029296875,564.8900146484375,558.030029296875,563.97998046875,83763000
1742823000,2025-03-24,570.7999877929688,575.1500244140625,570.2000122070312,574.0800170898438,58766800
1742909400,2025-03-25,575.2999877929688,576.4099731445312,573.6900024414062,575.4600219726562,38355700
1742995800,2025-03-26,575.1900024414062,576.3300170898438,567.1900024414062,568.5900268554688,51848300
1743082200,2025-03-27,567.1799926757812,570.9000244140625,564.9400024414062,567.0800170898438,42164200
1743168600,2025-03-28,565.530029296875,566.27001953125,555.0700073242188,555.6599731445312,71662700
1743427800,2025-03-31,549.8300170898438,560.7100219726562,546.8699951171875,559.3900146484375,95328200
1743514200,2025-04-01,557.4500122070312,562.9400024414062,553.6799926757812,560.969970703125,54609600
1743600600,2025-04-02,555.0499877929688,567.4199829101562,554.8099975585938,564.52001953125,76014500
1743687000,2025-04-03,545.1099853515625,547.969970703125,536.7000122070312,536.7000122070312,125986000
1743773400,2025-04-04,523.6699829101562,525.8699951171875,505.05999755859375,505.2799987792969,217965100
1744032600,2025-04-07,489.19000244140625,523.1699829101562,481.79998779296875,504.3800048828125,256611400
1744119000,2025-04-08,521.8599853515625,524.97998046875,489.1600036621094,496.4800109863281,165816600
1744205400,2025-04-09,493.44000244140625,548.6199951171875,493.04998779296875,548.6199951171875,241867300
1744291800,2025-04-10,532.1699829101562,533.5,509.32000732421875,524.5800170898438,162331200
1744378200,2025-04-11,523.010009765625,536.4299926757812,520.0700073242188,533.9400024414062,97866300
1744637400,2025-04-14,544.0499877929688,544.280029296875,533.8599853515625,539.1199951171875,68034000
1744723800,2025-04-15,539.6699829101562,543.22998046875,536.8099975585938,537.6099853515625,56892900
1744810200,2025-04-16,531.6799926757812,537.8900146484375,520.2899780273438,525.6599731445312,83484800
1744896600,2025-04-17,527.6400146484375,531.1699829101562,523.9099731445312,526.4099731445312,79868100
1745242200,2025-04-21,521.1599731445312,521.7000122070312,508.4599914550781,513.8800048828125,69368100
1745328600,2025-04-22,520.1400146484375,529.2999877929688,519.1900024414062,527.25,75948100
1745415000,2025-04-23,540.4299926757812,545.4299926757812,533.8800048828125,535.4199829101562,90590700
1745501400,2025-04-24,536.719970703125,547.4299926757812,535.4500122070312,546.6900024414062,64150400
1745587800,2025-04-25,546.6500244140625,551.0499877929688,543.6900024414062,550.6400146484375,61119600
1745847000,2025-04-28,551.3900146484375,553.5499877929688,545.02001953125,550.8499755859375,47613800
1745933400,2025-04-29,548.9099731445312,555.4500122070312,548.5499877929688,554.3200073242188,47775100
1746019800,2025-04-30,547.5700073242188,556.52001953125,541.52001953125,554.5399780273438,93101500
1746106200,2025-05-01,560.3699951171875,564.0700073242188,557.8599853515625,558.469970703125,63186100
1746192600,2025-05-02,564.72998046875,568.3800048828125,562.3800048828125,566.760009765625,60717300
1746451800,2025-05-05,562.5700073242188,566.6500244140625,561.7000122070312,563.510009765625,38659200
1746538200,2025-05-06,557.9299926757812,563.3499755859375,556.9600219726562,558.7999877929688,48264700
1746624600,2025-05-07,560.1500244140625,563.8200073242188,556.0399780273438,561.1500244140625,55588000
1746711000,2025-05-08,565.239990234375,570.3099975585938,561.7000122070312,565.0599975585938,65130800
1746797400,2025-05-09,566.47998046875,567.5,562.760009765625,564.3400268554688,37603400
1747056600,2025-05-12,581.469970703125,583,577.0399780273438,582.989990234375,78993600
1747143000,2025-05-13,583.4099731445312,589.0800170898438,582.8400268554688,586.8400268554688,67947200
1747229400,2025-05-14,587.8099975585938,588.97998046875,585.5399780273438,587.5900268554688,66283500
1747315800,2025-05-15,585.5599975585938,590.969970703125,585.0999755859375,590.4600219726562,71268100
1747402200,2025-05-16,591.25,594.5,589.280029296875,594.2000122070312,76052100
1747661400,2025-05-19,588.0999755859375,595.5399780273438,588.0999755859375,594.8499755859375,68168500
1747747800,2025-05-20,593.0900268554688,594.0499877929688,589.5999755859375,592.8499755859375,60614500
1747834200,2025-05-21,588.4400024414062,592.5800170898438,581.8200073242188,582.8599853515625,95197700
1747920600,2025-05-22,582.6599731445312,586.6199951171875,581.4099731445312,583.0900268554688,70860400
1748007000,2025-05-23,575.97998046875,581.8099975585938,575.5999755859375,579.1099853515625,76029000
1748352600,2025-05-27,586.0700073242188,591.3099975585938,578.4299926757812,591.1500244140625,72588500
1748439000,2025-05-28,591.5599975585938,592.77001953125,586.989990234375,587.72998046875,68445500
1748525400,2025-05-29,593.0599975585938,593.2000122070312,586.0700073242188,590.0499877929688,69973300
1748611800,2025-05-30,588.9299926757812,591.1300048828125,583.239990234375,589.3900146484375,90601200
1748871000,2025-06-02,587.760009765625,592.7899780273438,585.0599975585938,592.7100219726562,61630500
1748957400,2025-06-03,592.3400268554688,597.0800170898438,591.8499755859375,596.0900268554688,63606200
1749043800,2025-06-04,596.9600219726562,597.9500122070312,595.489990234375,595.9299926757812,57314200
1749130200,2025-06-05,597.6300048828125,599,591.0499877929688,593.0499877929688,92278700
1749216600,2025-06-06,598.6599731445312,600.8300170898438,596.8599853515625,599.1400146484375,66588700
1749475800,2025-06-09,599.719970703125,601.25,598.489990234375,599.6799926757812,53016400
1749562200,2025-06-10,600.219970703125,603.469970703125,599.0900268554688,603.0800170898438,66247000
1749648600,2025-06-11,604.1900024414062,605.0599975585938,599.27001953125,601.3599853515625,73658200
1749735000,2025-06-12,600.010009765625,603.75,599.52001953125,603.75,64129000
1749821400,2025-06-13,598.5,601.8499755859375,595.47998046875,597,89506000
1750080600,2025-06-16,600.4000244140625,604.4500122070312,600.219970703125,602.6799926757812,79984100
1750167000,2025-06-17,600.2100219726562,601.75,596.760009765625,597.530029296875,82209400
1750253400,2025-06-18,598.4400024414062,601.219970703125,596.469970703125,597.4400024414062,76605000
1750426200,2025-06-20,598.3800048828125,599.4600219726562,592.8599853515625,594.280029296875,94051400
1750685400,2025-06-23,595.0399780273438,600.5399780273438,591.8900146484375,600.1500244140625,87426000
1750771800,2025-06-24,604.3300170898438,607.8499755859375,603.4099731445312,606.780029296875,67735300
1750858200,2025-06-25,607.9099731445312,608.6099853515625,605.5399780273438,607.1199951171875,62114800
1750944600,2025-06-26,608.989990234375,612.3099975585938,608.3699951171875,611.8699951171875,78548400
1751031000,2025-06-27,612.8800048828125,616.3900146484375,610.8300170898438,614.9099731445312,86258400
1751290200,2025-06-30,617.3800048828125,619.219970703125,615.0399780273438,617.8499755859375,92502500
1751376600,2025-07-01,616.3599853515625,618.8300170898438,615.52001953125,617.6500244140625,70030100
1751463000,2025-07-02,617.239990234375,620.489990234375,616.6099853515625,620.4500122070312,66510400
1751549400,2025-07-03,622.4500122070312,626.280029296875,622.4299926757812,625.3400268554688,51065800
1751895000,2025-07-07,623.3599853515625,624.030029296875,617.8699951171875,620.6799926757812,74814500
1751981400,2025-07-08,621.3499755859375,622.1099853515625,619.52001953125,620.3400268554688,59024600
1752067800,2025-07-09,622.77001953125,624.719970703125,620.9099731445312,624.0599975585938,66113300
1752154200,2025-07-10,624.2000122070312,626.8699951171875,623.010009765625,625.8200073242188,57529000
1752240600,2025-07-11,622.739990234375,624.8599853515625,621.530029296875,623.6199951171875,63670200
1752499800,2025-07-14,623.1599731445312,625.1599731445312,621.7999877929688,624.8099975585938,51898500
1752586200,2025-07-15,627.52001953125,627.8599853515625,622.0599975585938,622.1400146484375,74317300
1752672600,2025-07-16,623.739990234375,624.72998046875,618.0499877929688,624.219970703125,88987500
1752759000,2025-07-17,624.4000244140625,628.4000244140625,624.1799926757812,628.0399780273438,68885700
1752845400,2025-07-18,629.2999877929688,629.469970703125,626.4600219726562,627.5800170898438,65621600
1753104600,2025-07-21,628.77001953125,631.5399780273438,628.3400268554688,628.77001953125,63375000
1753191000,2025-07-22,629.0999755859375,629.72998046875,626.1900024414062,628.8599853515625,60046300
1753277400,2025-07-23,631.5499877929688,634.2100219726562,629.72998046875,634.2100219726562,70511000
1753363800,2025-07-24,634.5999755859375,636.1500244140625,633.989990234375,634.4199829101562,71307100
1753450200,2025-07-25,635.0900268554688,637.5800170898438,634.8400268554688,637.0999755859375,56865400
1753709400,2025-07-28,637.47998046875,638.0399780273438,635.5399780273438,636.9400024414062,54917100
1753795800,2025-07-29,638.3499755859375,638.6699829101562,634.3400268554688,635.260009765625,60556300
1753882200,2025-07-30,635.9199829101562,637.6799926757812,631.5399780273438,634.4600219726562,80418900
1753968600,2025-07-31,639.4600219726562,639.8499755859375,630.77001953125,632.0800170898438,103385200
1754055000,2025-08-01,626.2999877929688,626.3400268554688,619.2899780273438,621.719970703125,140103600
1754314200,2025-08-04,625.6699829101562,631.219970703125,625.5800170898438,631.1699829101562,73218000
1754400600,2025-08-05,631.7899780273438,632.6099853515625,627.0399780273438,627.969970703125,68051400
1754487000,2025-08-06,629.0499877929688,633.4400024414062,628.1300048828125,632.780029296875,64357500
1754573400,2025-08-07,636.239990234375,636.97998046875,629.1099853515625,632.25,74205800
1754659800,2025-08-08,634.0599975585938,637.6500244140625,633.739990234375,637.1799926757812,64051600
1754919000,2025-08-11,637.4600219726562,638.9500122070312,634.6599731445312,635.9199829101562,58742300
1755005400,2025-08-12,638.2899780273438,642.8499755859375,636.7899780273438,642.6900024414062,64730800
1755091800,2025-08-13,644.9099731445312,646.1900024414062,642.6799926757812,644.8900146484375,60092800
1755178200,2025-08-14,642.7899780273438,645.6199951171875,642.3400268554688,644.9500122070312,59327500
1755264600,2025-08-15,645.989990234375,646.0900268554688,642.52001953125,643.4400024414062,68592500
1755523800,2025-08-18,642.8599853515625,644,642.1799926757812,643.2999877929688,43804900
1755610200,2025-08-19,643.1199951171875,644.1099853515625,638.47998046875,639.8099975585938,69750700
1755696600,2025-08-20,639.4000244140625,639.6599731445312,632.9500122070312,638.1099853515625,88890300
1755783000,2025-08-21,636.280029296875,637.969970703125,633.8099975585938,635.5499877929688,54805800
1755869400,2025-08-22,637.760009765625,646.5,637.25,645.3099975585938,84083200
1756128600,2025-08-25,644.0399780273438,645.2899780273438,642.3499755859375,642.469970703125,51274300
1756215000,2025-08-26,642.2000122070312,645.510009765625,641.5700073242188,645.1599731445312,51581600
1756301400,2025-08-27,644.5700073242188,647.3699951171875,644.4199829101562,646.6300048828125,48341100
1756387800,2025-08-28,647.239990234375,649.47998046875,645.3400268554688,648.9199829101562,61519500
1756474200,2025-08-29,647.469970703125,647.8400268554688,643.1400146484375,645.0499877929688,74522200
1756819800,2025-09-02,637.5,640.489990234375,634.9199829101562,640.27001953125,81983500
1756906200,2025-09-03,642.6699829101562,644.2100219726562,640.4600219726562,643.739990234375,70820900
1756992600,2025-09-04,644.4199829101562,649.1500244140625,643.510009765625,649.1199951171875,65219200
1757079000,2025-09-05,651.47998046875,652.2100219726562,643.3300170898438,647.239990234375,85178900
1757338200,2025-09-08,648.6199951171875,649.8400268554688,647.22998046875,648.8300170898438,63133100
1757424600,2025-09-09,648.969970703125,650.8599853515625,647.219970703125,650.3300170898438,66133900
1757511000,2025-09-10,653.6199951171875,654.5499877929688,650.6300048828125,652.2100219726562,78034500
1757597400,2025-09-11,654.1799926757812,658.3300170898438,653.5900268554688,657.6300048828125,69934400
1757683800,2025-09-12,657.5999755859375,659.1099853515625,656.9000244140625,657.4099731445312,72780100
1757943000,2025-09-15,659.6400146484375,661.0399780273438,659.3400268554688,660.9099731445312,63772400
1758029400,2025-09-16,661.469970703125,661.780029296875,659.2100219726562,660,61169000
1758115800,2025-09-17,660.010009765625,661.719970703125,654.2999877929688,659.1799926757812,101952200
1758202200,2025-09-18,661.8900146484375,664.8900146484375,660.27001953125,662.260009765625,90459200
1758288600,2025-09-19,662.3300170898438,664.5499877929688,660.3699951171875,663.7000122070312,97945600
1758547800,2025-09-22,662.2000122070312,667.2899780273438,662.1699829101562,666.8400268554688,69452200
1758634200,2025-09-23,666.719970703125,667.3400268554688,661.97998046875,663.2100219726562,81708900
1758720600,2025-09-24,664.510009765625,664.6099853515625,659.6699829101562,661.0999755859375,68082200
1758807000,2025-09-25,657.9400024414062,659.4099731445312,654.4099731445312,658.0499877929688,89622100
1758893400,2025-09-26,659.510009765625,662.3699951171875,657.8800048828125,661.8200073242188,69179200
1759152600,2025-09-29,664.3599853515625,665.280029296875,661.8599853515625,663.6799926757812,73499000
1759239000,2025-09-30,662.9299926757812,666.6500244140625,661.6099853515625,666.1799926757812,86288000
1759325400,2025-10-01,663.1699829101562,669.3699951171875,663.0599975585938,668.4500122070312,72545400
1759411800,2025-10-02,670.4500122070312,670.5700073242188,666.780029296875,669.219970703125,56896000
1759498200,2025-10-03,669.989990234375,672.6799926757812,668.1599731445312,669.2100219726562,70494400
1759757400,2025-10-06,671.6199951171875,672.510009765625,669.4600219726562,671.6099853515625,54623300
1759843800,2025-10-07,672.5399780273438,672.989990234375,667.6699829101562,669.1199951171875,72020100
1759930200,2025-10-08,670.25,673.2100219726562,669.4199829101562,673.1099853515625,60702200
1760016600,2025-10-09,673.530029296875,673.9400024414062,669.2100219726562,671.1599731445312,66501900
1760103000,2025-10-10,672.1300048828125,673.9500122070312,652.8400268554688,653.02001953125,159422600
1760362200,2025-10-13,660.6500244140625,665.1300048828125,659.77001953125,663.0399780273438,79560500
1760448600,2025-10-14,657.1699829101562,665.8300170898438,653.1699829101562,662.22998046875,88779600
1760535000,2025-10-15,666.8200073242188,670.22998046875,658.9299926757812,665.1699829101562,81702600
1760621400,2025-10-16,666.8200073242188,668.7100219726562,657.1099853515625,660.6400146484375,110563300
1760707800,2025-10-17,659.5,665.760009765625,658.1400146484375,664.3900146484375,96500900
1760967000,2025-10-20,667.3200073242188,672.2100219726562,667.27001953125,671.2999877929688,60493400
1761053400,2025-10-21,671.4400024414062,672.989990234375,669.97998046875,671.2899780273438,56249000
1761139800,2025-10-22,672,672,663.2999877929688,667.7999877929688,80564000
1761226200,2025-10-23,668.1199951171875,672.7100219726562,667.7999877929688,671.760009765625,65604500
1761312600,2025-10-24,676.4600219726562,678.469970703125,675.6500244140625,677.25,74356500
1761571800,2025-10-27,682.72998046875,685.5399780273438,682.1199951171875,685.239990234375,63339800
1761658200,2025-10-28,687.0499877929688,688.9099731445312,684.8300170898438,687.0599975585938,61738100
1761744600,2025-10-29,688.719970703125,689.7000122070312,682.8699951171875,687.3900146484375,85657100
1761831000,2025-10-30,683.9000244140625,685.9400024414062,679.8300170898438,679.8300170898438,76335800
1761917400,2025-10-31,685.0399780273438,685.0800170898438,679.239990234375,682.0599975585938,87164100
1762180200,2025-11-03,685.6699829101562,685.7999877929688,679.9400024414062,683.3400268554688,57315000
1762266600,2025-11-04,676.1099853515625,679.9600219726562,674.5800170898438,675.239990234375,78427000
1762353000,2025-11-05,674.97998046875,680.8599853515625,674.1699829101562,677.5800170898438,74402400
1762439400,2025-11-06,676.469970703125,677.3800048828125,668.719970703125,670.3099975585938,85035300
1762525800,2025-11-07,667.9099731445312,671.0800170898438,661.2100219726562,670.969970703125,100592400
1762785000,2025-11-10,677.239990234375,682.1799926757812,675.030029296875,681.4400024414062,75842900
1762871400,2025-11-11,679.9500122070312,683.5700073242188,678.72998046875,683,58953400
1762957800,2025-11-12,684.7899780273438,684.9600219726562,680.9500122070312,683.3800048828125,62312500
1763044200,2025-11-13,680.5,680.8599853515625,670.52001953125,672.0399780273438,103457800
1763130600,2025-11-14,665.3800048828125,675.6599731445312,663.27001953125,671.9299926757812,96846700
1763389800,2025-11-17,669.7000122070312,673.7100219726562,662.1699829101562,665.6699829101562,90456100
1763476200,2025-11-18,662.0999755859375,665.1199951171875,655.8599853515625,660.0800170898438,114467500
1763562600,2025-11-19,660.780029296875,667.3400268554688,658.75,662.6300048828125,94703000
1763649000,2025-11-20,672.9099731445312,675.5599975585938,651.8900146484375,652.530029296875,165293500
1763735400,2025-11-21,655.0499877929688,664.5499877929688,650.8499755859375,659.030029296875,123956200
1763994600,2025-11-24,662.6900024414062,670.0599975585938,661.5900268554688,668.72998046875,80437900
1764081000,2025-11-25,668.6300048828125,676.2100219726562,664.47998046875,675.02001953125,81077100
1764167400,2025-11-26,677.6300048828125,681.7000122070312,676.719970703125,679.6799926757812,71879600
1764340200,2025-11-28,680.8599853515625,683.6699829101562,680.5,683.3900146484375,49212000
1764599400,2025-12-01,678.8099975585938,682.989990234375,678.739990234375,680.27001953125,61201200
1764685800,2025-12-02,681.9199829101562,683.8200073242188,679.3300170898438,681.530029296875,62953800
1764772200,2025-12-03,680.5700073242188,684.9099731445312,679.6900024414062,683.8900146484375,57238500
1764858600,2025-12-04,685.2999877929688,685.3699951171875,681.3400268554688,684.3900146484375,61970300
1764945000,2025-12-05,685.469970703125,688.3900146484375,684.5800170898438,685.6900024414062,79241000
1765204200,2025-12-08,686.5900268554688,686.6400146484375,681.5700073242188,683.6300048828125,55231500
1765290600,2025-12-09,683.1500244140625,685.3900146484375,682.5900268554688,683.0399780273438,58310100
1765377000,2025-12-10,682.5599975585938,688.969970703125,681.3099975585938,687.5700073242188,85671300
1765463400,2025-12-11,685.1400146484375,689.25,682.1699829101562,689.1699829101562,86173700
1765549800,2025-12-12,688.1699829101562,688.8800048828125,679.1699829101562,681.760009765625,113160300
1765809000,2025-12-15,685.739990234375,685.760009765625,679.25,680.72998046875,90811000
1765895400,2025-12-16,679.22998046875,681.0800170898438,674.97998046875,678.8699951171875,122030600
1765981800,2025-12-17,679.8900146484375,680.4400024414062,671.2000122070312,671.4000244140625,110625200
1766068200,2025-12-18,677.5999755859375,680.739990234375,674.9000244140625,676.469970703125,108650100
1766154600,2025-12-19,676.5900268554688,681.0900268554688,676.469970703125,680.5900268554688,103599500
1766413800,2025-12-22,683.9400024414062,685.3599853515625,680.5900268554688,684.8300170898438,69556700
1766500200,2025-12-23,683.9199829101562,688.2000122070312,683.8699951171875,687.9600219726562,64840000
1766586600,2025-12-24,687.9500122070312,690.8300170898438,687.7999877929688,690.3800048828125,39445600
1766759400,2025-12-26,690.6400146484375,691.6599731445312,689.27001953125,690.3099975585938,41613300
1767018600,2025-12-29,687.5399780273438,689.2000122070312,686.0700073242188,687.8499755859375,62559500
1767105000,2025-12-30,687.4500122070312,688.5599975585938,686.5800170898438,687.010009765625,47160700
1767191400,2025-12-31,687.1400146484375,687.3599853515625,681.7100219726562,681.9199829101562,74144800
1767364200,2026-01-02,685.7100219726562,686.8699951171875,679.8200073242188,683.1699829101562,89377200
1767623400,2026-01-05,686.5399780273438,689.4299926757812,686.3800048828125,687.719970703125,71927200
1767709800,2026-01-06,687.9299926757812,692.3200073242188,687.780029296875,691.8099975585938,69273800
1767796200,2026-01-07,692.1900024414062,693.9600219726562,689.3200073242188,689.5800170898438,75588300
1767882600,2026-01-08,688.8200073242188,690.6199951171875,687.489990234375,689.510009765625,64019200
1767969000,2026-01-09,690.6300048828125,695.3099975585938,689.1799926757812,694.0700073242188,80125500
1768228200,2026-01-12,690.6799926757812,696.0900268554688,690.6300048828125,695.1599731445312,63976000
1768314600,2026-01-13,695.489990234375,696.0900268554688,691.3499755859375,693.77001953125,78309700
1768401000,2026-01-14,691,691.719970703125,686.0399780273438,690.3599853515625,94676700
1768487400,2026-01-15,694.5700073242188,695.4500122070312,691.25,692.239990234375,77862000
1768573800,2026-01-16,693.6599731445312,694.25,690.0999755859375,691.6599731445312,79289200
1768919400,2026-01-20,681.489990234375,684.77001953125,676.5700073242188,677.5800170898438,111623300
1769005800,2026-01-21,679.6500244140625,688.739990234375,678.1300048828125,685.4000244140625,127844500
1769092200,2026-01-22,689.8499755859375,691.1300048828125,686.9199829101562,688.97998046875,77112200
1769178600,2026-01-23,688.1500244140625,690.9600219726562,687.1599731445312,689.22998046875,63059600
1769437800,2026-01-26,690.489990234375,694.1300048828125,689.9199829101562,692.72998046875,60473800
1769524200,2026-01-27,694.1799926757812,696.530029296875,693.5700073242188,695.489990234375,55506100
1769610600,2026-01-28,697.0499877929688,697.8400268554688,693.9400024414062,695.4199829101562,61172200
1769697000,2026-01-29,696.3900146484375,697.0599975585938,684.8300170898438,694.0399780273438,97486200
1769783400,2026-01-30,691.7899780273438,694.2100219726562,687.1199951171875,691.969970703125,101835100
1770042600,2026-02-02,689.5800170898438,696.9299926757812,689.4199829101562,695.4099731445312,79286500
1770129000,2026-02-03,696.2100219726562,696.9600219726562,684.030029296875,689.530029296875,107904600
1770215400,2026-02-04,690.3499755859375,691.4500122070312,681.760009765625,686.1900024414062,105204600
1770301800,2026-02-05,680.9400024414062,683.6900024414062,675.7899780273438,677.6199951171875,113610800
1770388200,2026-02-06,681.4600219726562,692.3099975585938,680.8499755859375,690.6199951171875,89127600
1770647400,2026-02-09,689.4199829101562,695.8699951171875,688.3400268554688,693.9500122070312,73885200
1770733800,2026-02-10,694.9500122070312,696.5399780273438,691.6599731445312,692.1199951171875,65185700
1770820200,2026-02-11,696.3900146484375,697.1400146484375,689.1799926757812,691.9600219726562,76353900
1770906600,2026-02-12,694.239990234375,695.3499755859375,680.3699951171875,681.27001953125,118829000
1770993000,2026-02-13,681.6900024414062,686.280029296875,677.52001953125,681.75,96267500
1771338600,2026-02-17,680.1400146484375,684.9400024414062,675.780029296875,682.8499755859375,81354700
1771425000,2026-02-18,684.02001953125,689.1500244140625,682.8300170898438,686.2899780273438,73570300
1771511400,2026-02-19,683.8400268554688,686.1799926757812,681.5499877929688,684.47998046875,58649400
1771597800,2026-02-20,682.3200073242188,690.0599975585938,681.72998046875,689.4299926757812,100034000
1771857000,2026-02-23,687.8300170898438,690,680.3699951171875,682.3900146484375,90558100
1771943400,2026-02-24,681.9000244140625,688.3499755859375,680,687.3499755859375,73798700
1772029800,2026-02-25,690.1799926757812,693.6799926757812,690.0999755859375,693.1500244140625,56369500
1772116200,2026-02-26,693.280029296875,693.2999877929688,684.3499755859375,689.2999877929688,71671000
1772202600,2026-02-27,683.0900268554688,686.8599853515625,681.6400146484375,685.989990234375,83308900
1772461800,2026-03-02,678.7000122070312,688.6199951171875,678.02001953125,686.3800048828125,87477200
1772548200,2026-03-03,675.0599975585938,682.6099853515625,669.6599731445312,680.3300170898438,105003100
1772634600,2026-03-04,681.6300048828125,687.0900268554688,679.6199951171875,685.1300048828125,79182200
1772721000,2026-03-05,682.0800170898438,685.530029296875,675.6099853515625,681.3099975585938,106606500
1772807400,2026-03-06,673.4099731445312,676.1099853515625,669.760009765625,672.3800048828125,100687000
1773063000,2026-03-09,666.3900146484375,679.9199829101562,662.3900146484375,678.27001953125,102667700
1773149400,2026-03-10,677.719970703125,683.3599853515625,674.760009765625,677.1799926757812,81505300
1773235800,2026-03-11,677.5800170898438,680.0800170898438,673.3400268554688,676.3300170898438,68441700
1773322200,2026-03-12,671.1599731445312,671.6500244140625,665.8699951171875,666.0599975585938,108882200
1773408600,2026-03-13,669.27001953125,672.3400268554688,661.3599853515625,662.2899780273438,97200200
1773667800,2026-03-16,668.3800048828125,672.0700073242188,667.1199951171875,669.030029296875,82023100
1773754200,2026-03-17,672.3900146484375,674.4400024414062,669.7000122070312,670.7899780273438,87128000
1773840600,2026-03-18,668.3599853515625,669.719970703125,661.1900024414062,661.4299926757812,82062600
1773927000,2026-03-19,656.969970703125,662.97998046875,655.1699829101562,659.7999877929688,111272500
1774013400,2026-03-20,656.510009765625,656.6900024414062,644.719970703125,648.5700073242188,163617500
1774272600,2026-03-23,658.0700073242188,662.6199951171875,653.9400024414062,655.3800048828125,134802700
1774359000,2026-03-24,651.3200073242188,657.030029296875,649.8800048828125,653.1799926757812,96457500
1774445400,2026-03-25,658.6699829101562,660.8900146484375,654.239990234375,656.8200073242188,90653800
1774531800,2026-03-26,652.0599975585938,654.8499755859375,644.8200073242188,645.0900268554688,96494400
1774618200,2026-03-27,642.5,642.6599731445312,633.1099853515625,634.0900268554688,103649400
1774877400,2026-03-30,640.1099853515625,640.3699951171875,629.280029296875,631.969970703125,99275900
1774963800,2026-03-31,638.9400024414062,651.5399780273438,637.97998046875,650.3400268554688,152534100
1775050200,2026-04-01,653.9000244140625,658.52001953125,653,655.239990234375,97841500
1775136600,2026-04-02,646.4199829101562,658.2000122070312,645.1099853515625,655.8300170898438,68358700
1775482200,2026-04-06,655.8599853515625,659.719970703125,655.52001953125,658.9299926757812,39105800
1775568600,2026-04-07,656.6500244140625,659.6099853515625,651.0599975585938,659.219970703125,69980400
1775655000,2026-04-08,676.3900146484375,677.0800170898438,671.4600219726562,676.010009765625,93606100
1775741400,2026-04-09,674.8400268554688,681.1599731445312,673.77001953125,679.9099731445312,57134400
1775827800,2026-04-10,681.3200073242188,682.030029296875,678.4500122070312,679.4600219726562,42253500
1776087000,2026-04-13,677.4099731445312,686.2999877929688,676.5800170898438,686.0999755859375,54185800
1776173400,2026-04-14,687.6900024414062,694.5800170898438,687.6599731445312,694.4600219726562,63480500
1776259800,2026-04-15,695.260009765625,700.280029296875,694.2000122070312,699.9400024414062,58240400
1776346200,2026-04-16,701.0599975585938,702.780029296875,698.530029296875,701.6599731445312,49972400
1776432600,2026-04-17,706.1400146484375,712.3900146484375,705.760009765625,710.1400146484375,70661900
1776691800,2026-04-20,708.780029296875,709.9099731445312,706.1400146484375,708.719970703125,43546800
1776778200,2026-04-21,710.280029296875,711.280029296875,702.6400146484375,704.0800170898438,58941400
1776864600,2026-04-22,709.1500244140625,711.4500122070312,708.219970703125,711.2100219726562,42518500
1776951000,2026-04-23,709.5,712.3599853515625,702.280029296875,708.4500122070312,56174000
1777037400,2026-04-24,710.75,714.469970703125,709.010009765625,713.9400024414062,45182000
1777296600,2026-04-27,713.1699829101562,715.6300048828125,712.2999877929688,715.1699829101562,33135900
1777383000,2026-04-28,711.8200073242188,712.8800048828125,709.25,711.6900024414062,43117400
1777469400,2026-04-29,711,712.2000122070312,708.3699951171875,711.5800170898438,41859200
1777555800,2026-04-30,714.6300048828125,719.7899780273438,710.4500122070312,718.6599731445312,67240900
1777642200,2026-05-01,721.25,724.8699951171875,720.469970703125,720.6500244140625,43049800
1777901400,2026-05-04,720.0700073242188,722.1199951171875,714.989990234375,718.010009765625,51950600
1777987800,2026-05-05,721.77001953125,725.0399780273438,721.489990234375,723.77001953125,36933200
1778074200,2026-05-06,728.1599731445312,734.5900268554688,727.8200073242188,733.8300170898438,53288900
1778160600,2026-05-07,735.0499877929688,736.1300048828125,729.75,731.5800170898438,51724600
1778247000,2026-05-08,734.9299926757812,738.0800170898438,734.5700073242188,737.6199951171875,47227100
1778506200,2026-05-11,736.4500122070312,740.7899780273438,736.4500122070312,739.2999877929688,44024000
1778592600,2026-05-12,736.8900146484375,738.8400268554688,731.8300170898438,738.1799926757812,54185300
1778679000,2026-05-13,738.469970703125,743.9099731445312,735.469970703125,742.3099975585938,44200200
1778765400,2026-05-14,743.6500244140625,749.530029296875,743.5599975585938,748.1699829101562,45307600
1778851800,2026-05-15,741.7899780273438,743.4600219726562,737.9600219726562,739.1699829101562,60410800
1779111000,2026-05-18,739.8300170898438,741.4199829101562,733.3900146484375,738.6500244140625,47843900
1779197400,2026-05-19,734.780029296875,737.6500244140625,731.530029296875,733.72998046875,54255900
1779283800,2026-05-20,735.7100219726562,741.8699951171875,733.8900146484375,741.25,45768000
1779370200,2026-05-21,738.6400146484375,744.8699951171875,737.030029296875,742.719970703125,43332200
1779456600,2026-05-22,746.239990234375,748.9400024414062,744.47998046875,745.6400146484375,41762000
1779802200,2026-05-26,750.010009765625,752.1300048828125,748.3699951171875,750.5900268554688,41123600
1779888600,2026-05-27,750.8800048828125,751.3800048828125,748.219970703125,750.4600219726562,42106300
1779975000,2026-05-28,750.25,755.1500244140625,749.22998046875,754.5999755859375,41562600
1780061400,2026-05-29,755.9000244140625,758.0800170898438,754.6900024414062,756.47998046875,55075700
1780320600,2026-06-01,755.3599853515625,760.280029296875,754.6900024414062,758.5399780273438,43634900
1780407000,2026-06-02,757.030029296875,760.4000244140625,756.75,759.5700073242188,31581900
1780493400,2026-06-03,758.1500244140625,758.7999877929688,753.5700073242188,754.239990234375,51402500
1780579800,2026-06-04,752.0999755859375,758.3099975585938,751.469970703125,757.0900268554688,49923000
1780666200,2026-06-05,752.3099975585938,752.8200073242188,735.530029296875,737.5499877929688,93989400
1780925400,2026-06-08,743.3599853515625,745.3400268554688,738.1900024414062,739.219970703125,49319100
1781011800,2026-06-09,743.6300048828125,746.9000244140625,722.5900268554688,737.0499877929688,87683500
1781098200,2026-06-10,733.3900146484375,738.3800048828125,725.3300170898438,725.4299926757812,60341300
1781184600,2026-06-11,728.760009765625,740,724.4099731445312,737.760009765625,86330500
1781271000,2026-06-12,740.7100219726562,744.4400024414062,735.030029296875,741.75,57079500
1781530200,2026-06-15,751.8499755859375,756.6799926757812,751.760009765625,754.8300170898438,60176400
1781616600,2026-06-16,754.5499877929688,755.4400024414062,749.8800048828125,750.3300170898438,67093100
1781703000,2026-06-17,751.2899780273438,752.1500244140625,739.219970703125,740.9600219726562,85945200
1781789400,2026-06-18,747.760009765625,748.22998046875,743.8599853515625,746.739990234375,80875700
1782135000,2026-06-22,747.7000122070312,750.1799926757812,743.1300048828125,744.3900146484375,46628100
1782221400,2026-06-23,733.8099975585938,739.6300048828125,732.2999877929688,733.5800170898438,66846800
1782307800,2026-06-24,735.1699829101562,739.9500122070312,730.8400268554688,733.239990234375,57439500
1782394200,2026-06-25,738.9099731445312,739.3699951171875,729.5999755859375,734.2999877929688,53934400
1782480600,2026-06-26,728.9500122070312,736.530029296875,716.5800170898438,728.989990234375,71034000
1782739800,2026-06-29,736.530029296875,741.5599975585938,732.0900268554688,741,58035200
1782826200,2026-06-30,741.2899780273438,748.02001953125,740.8900146484375,746.77001953125,55626000
1782912600,2026-07-01,745,749.4400024414062,742.3800048828125,745.760009765625,47100900
1782999000,2026-07-02,747.4000244140625,751.3099975585938,740.030029296875,744.780029296875,57447800
1783344600,2026-07-06,748.739990234375,752.4099731445312,747.4099731445312,751.280029296875,50673300
1783431000,2026-07-07,750.219970703125,750.9600219726562,745.2100219726562,747.7100219726562,43721500
1783517400,2026-07-08,743.1599731445312,746.1500244140625,739.510009765625,745.4000244140625,43767400
1783603800,2026-07-09,747.3499755859375,751.969970703125,745.5900268554688,751.7100219726562,41441700
1783690200,2026-07-10,752.0499877929688,755.4199829101562,748.0999755859375,754.9500122070312,42191300
1783949400,2026-07-13,752.469970703125,753.9099731445312,748,749.1699829101562,44013600
1784035800,2026-07-14,750.9099731445312,753.3400268554688,748.6599731445312,751.8300170898438,35143100
1784122200,2026-07-15,754.239990234375,755.5800170898438,750.2000122070312,754.8099975585938,43844800
1784208600,2026-07-16,752.760009765625,754.5700073242188,747.8800048828125,750.719970703125,46409800
1784295000,2026-07-17,742.0800170898438,747.2899780273438,740.7999877929688,743.2899780273438,62651000
1784554200,2026-07-20,747.0599975585938,748.72998046875,741.510009765625,742.0900268554688,50422300
1784640600,2026-07-21,746.2899780273438,749.0399780273438,744.1799926757812,748.280029296875,34324300
1784727000,2026-07-22,746.6199951171875,750.02001953125,746.3699951171875,747.4099731445312,32836200
1784813400,2026-07-23,739.3699951171875,742.5599975585938,735.2100219726562,738.1799926757812,55437300
1784899800,2026-07-24,738.510009765625,743.719970703125,737.2899780273438,738.9299926757812,44782000
1785159000,2026-07-27,744.9099731445312,745.530029296875,735.8699951171875,739.0900268554688,41461200
1785245400,2026-07-28,739.1900024414062,742.7899780273438,735.97998046875,740.8599853515625,47322200
1785331800,2026-07-29,739.969970703125,742.6799926757812,729.0999755859375,729.4600219726562,70697200
1785418200,2026-07-30,736.0499877929688,742.4500122070312,734.5900268554688,741.6900024414062,66811300
1785504600,2026-07-31,744.6799926757812,748.9000244140625,737.6799926757812,747.030029296875,62445900
1785763800,2026-08-03,749.4400024414062,758.5800170898438,748.7999877929688,757.6699829101562,59927500
1785850200,2026-08-04,760.6300048828125,773.4099731445312,760.52001953125,771.3300170898438,69154800
1785936600,2026-08-05,775.8499755859375,776.8499755859375,769.510009765625,769.7899780273438,44689100
1786023000,2026-08-06,770.2100219726562,771.8200073242188,767.4600219726562,768.5599975585938,38416900
1786109400,2026-08-07,771.02001953125,773.9199829101562,769.6099853515625,773.260009765625,43586300
1786368600,2026-08-10,772.5999755859375,775.0499877929688,771.6199951171875,773.030029296875,39249500
1786455000,2026-08-11,774.530029296875,774.6099853515625,769.2000122070312,770.5599975585938,36740600
1786541400,2026-08-12,774.7100219726562,774.9000244140625,771.280029296875,772.489990234375,33179100
1786627800,2026-08-13,774.8699951171875,779.3699951171875,774.1099853515625,777.8800048828125,35634500
1786714200,2026-08-14,778.5399780273438,778.7999877929688,775.4299926757812,776.3400268554688,31367900
1786973400,2026-08-17,776.1799926757812,776.780029296875,772.510009765625,772.6699829101562,34356600
1787059800,2026-08-18,768.7000122070312,769.5,766.9199829101562,767.4500122070312,43920900
1787146200,2026-08-19,770.3599853515625,772.469970703125,768.0999755859375,769.0599975585938,40306000
1787232600,2026-08-20,765.9600219726562,768.1500244140625,762.0399780273438,762.5999755859375,45520300
1787319000,2026-08-21,766.0499877929688,767.8499755859375,764.1699829101562,765.719970703125,39030400

===== DIVIDEND PAYMENTS, 2001-09-21 to 2026-06-18 (101 payments) =====
Columns: date,amountPerShare
date,amountPerShare
2001-09-21,0.369
2001-12-21,0.393
2002-03-15,0.331
2002-06-21,0.353
2002-09-20,0.378
2002-12-20,0.436
2003-03-21,0.354
2003-06-20,0.36
2003-09-19,0.4
2003-12-19,0.516
2004-03-19,0.395
2004-06-18,0.414
2004-09-17,0.469
2004-11-15,0.351
2004-12-17,0.568
2005-03-18,0.467
2005-06-17,0.488
2005-09-16,0.522
2005-12-16,0.672
2006-03-17,0.519
2006-06-16,0.555
2006-09-15,0.579
2006-12-15,0.793
2007-03-16,0.551
2007-06-15,0.656
2007-09-21,0.719
2007-12-21,0.775
2008-03-20,0.642
2008-06-20,0.669
2008-09-19,0.691
2008-12-19,0.719
2009-03-20,0.561
2009-06-19,0.518
2009-09-18,0.508
2009-12-18,0.59
2010-03-19,0.48
2010-06-18,0.531
2010-09-17,0.602
2010-12-17,0.653
2011-03-18,0.553
2011-06-17,0.628
2011-09-16,0.625
2011-12-16,0.77
2012-03-16,0.614
2012-06-15,0.688
2012-09-21,0.779
2012-12-21,1.022
2013-03-15,0.694
2013-06-21,0.839
2013-09-20,0.838
2013-12-20,0.98
2014-03-21,0.825
2014-06-20,0.937
2014-09-19,0.939
2014-12-19,1.135
2015-03-20,0.931
2015-06-19,1.03
2015-09-18,1.033
2015-12-18,1.212
2016-03-18,1.05
2016-06-17,1.078
2016-09-16,1.082
2016-12-16,1.329
2017-03-17,1.033
2017-06-16,1.183
2017-09-15,1.235
2017-12-15,1.351
2018-03-16,1.097
2018-06-15,1.246
2018-09-21,1.323
2018-12-21,1.435
2019-03-15,1.233
2019-06-21,1.432
2019-09-20,1.384
2019-12-20,1.57
2020-03-20,1.406
2020-06-19,1.366
2020-09-18,1.339
2020-12-18,1.58
2021-03-19,1.278
2021-06-18,1.376
2021-09-17,1.428
2021-12-17,1.633
2022-03-18,1.366
2022-06-17,1.577
2022-09-16,1.596
2022-12-16,1.781
2023-03-17,1.506
2023-06-16,1.638
2023-09-15,1.583
2023-12-15,1.906
2024-03-15,1.595
2024-06-21,1.759
2024-09-20,1.746
2024-12-20,1.966
2025-03-21,1.696
2025-06-20,1.761
2025-09-19,1.831
2025-12-19,1.993
2026-03-20,1.797
2026-06-18,1.904
