epoch,date,open,high,low,close,volume
998919000,2001-08-27,118.97000122070312,119.19999694824219,118.26000213623047,118.30999755859375,7425100
999005400,2001-08-28,118.27999877929688,118.48999786376953,116.58000183105469,116.58000183105469,12046600
999091800,2001-08-29,117.12999725341797,117.18000030517578,115.16999816894531,115.54000091552734,16180000
999178200,2001-08-30,114.8499984741211,115.73999786376953,112.04000091552734,113.31999969482422,17692600
999264600,2001-08-31,113.4000015258789,114.7699966430664,113.12999725341797,114.1500015258789,15985400
999610200,2001-09-04,113.8499984741211,116.16999816894531,113.37000274658203,113.41999816894531,24473400
999696600,2001-09-05,113.69999694824219,114.19000244140625,111.94999694824219,113.69999694824219,21477100
999783000,2001-09-06,112.6500015258789,113.30000305175781,110.7699966430664,110.7699966430664,21653000
999869400,2001-09-07,110.0199966430664,111.25,108.62999725341797,108.72000122070312,33133900
1000128600,2001-09-10,107.69999694824219,110.3499984741211,107.69999694824219,110.05000305175781,23408700
1000733400,2001-09-17,101,106.4000015258789,100,104.30000305175781,32388700
1000819800,2001-09-18,104.33000183105469,105.30000305175781,103.36000061035156,104.05000305175781,22029200
1000906200,2001-09-19,104.0999984741211,104.5,98.55999755859375,101.94999694824219,42771800
1000992600,2001-09-20,100.4000015258789,101.80999755859375,98.55999755859375,98.70999908447266,36210900
1001079000,2001-09-21,94.27999877929688,98.98999786376953,93.80000305175781,97.27999877929688,49782100
1001338200,2001-09-24,99.72000122070312,101.16000366210938,99.05999755859375,100.69999694824219,25549600
1001424600,2001-09-25,100.75,102,99.9000015258789,101.75,25466200
1001511000,2001-09-26,102.3499984741211,102.4000015258789,100.43000030517578,101.38999938964844,18587500
1001597400,2001-09-27,101.25,102.29000091552734,100,102.2699966430664,20536800
1001683800,2001-09-28,102.9800033569336,109.62000274658203,102.5,104.44000244140625,21687200
1001943000,2001-10-01,103.9000015258789,104.31999969482422,102.83000183105469,104.2699966430664,20457400
1002029400,2001-10-02,104,105.58000183105469,103.6500015258789,105.58000183105469,19833100
1002115800,2001-10-03,104.5999984741211,107.87999725341797,104.3499984741211,107.3499984741211,32045800
1002202200,2001-10-04,108.29000091552734,108.97000122070312,106.75,107.44000244140625,32674100
1002288600,2001-10-05,107.25,107.62000274658203,105.5199966430664,107.2300033569336,29796100
1002547800,2001-10-08,106.2699966430664,107.30000305175781,105.87000274658203,106.52999877929688,12970300
1002634200,2001-10-09,106.61000061035156,106.75,105.5999984741211,105.95999908447266,15976300
1002720600,2001-10-10,105.80000305175781,108.55000305175781,105.5199966430664,108.31999969482422,19987400
1002807000,2001-10-11,108.94999694824219,110.30000305175781,108.94999694824219,110,23006300
1002893400,2001-10-12,109.1500015258789,109.88999938964844,107.30000305175781,109.5,31360500
1003152600,2001-10-15,108.62999725341797,109.44999694824219,108.05999755859375,109.30000305175781,16873000
1003239000,2001-10-16,109.80000305175781,110.61000061035156,108.94999694824219,109.98999786376953,15877100
1003325400,2001-10-17,111.06999969482422,111.1500015258789,107.6500015258789,107.6500015258789,28542300
1003411800,2001-10-18,107.81999969482422,108.16000366210938,106.75,107.41999816894531,16510000
1003498200,2001-10-19,107,107.91000366210938,106.01000213623047,107.3499984741211,21912500
1003757400,2001-10-22,107.30000305175781,109.56999969482422,107.20999908447266,109.47000122070312,17540600
1003843800,2001-10-23,109.95999908447266,110.27999877929688,108.37999725341797,108.91000366210938,22062500
1003930200,2001-10-24,108.9800033569336,109.44999694824219,108.22000122070312,108.62000274658203,16065200
1004016600,2001-10-25,107.44999694824219,110.5999984741211,106.73999786376953,110.56999969482422,27467900
1004103000,2001-10-26,109.94999694824219,111.79000091552734,109.66999816894531,110.31999969482422,18623300
1004365800,2001-10-29,110.16000366210938,110.55000305175781,107.44999694824219,107.44999694824219,18727500
1004452200,2001-10-30,107.3499984741211,107.69999694824219,105.55999755859375,106.16000366210938,26178600
1004538600,2001-10-31,106.9000015258789,107.86000061035156,105.80000305175781,105.80000305175781,28124200
1004625000,2001-11-01,106.5999984741211,109.01000213623047,105.69999694824219,108.51000213623047,29806800
1004711400,2001-11-02,108.44000244140625,109.37999725341797,107.87000274658203,109.25,17575900
1004970600,2001-11-05,110.12000274658203,111.08999633789062,109.94999694824219,110.68000030517578,15929500
1005057000,2001-11-06,110.3499984741211,112.4800033569336,109.8499984741211,112.4000015258789,23245800
1005143400,2001-11-07,111.7699966430664,113.12000274658203,111.63999938964844,112.25,19716000
1005229800,2001-11-08,112.87000274658203,114.08000183105469,111.9000015258789,112.5999984741211,22563500
1005316200,2001-11-09,112.25,112.95999908447266,111.44000244140625,112.72000122070312,15895800
1005575400,2001-11-12,111,112.6500015258789,110,112.02999877929688,26068800
1005661800,2001-11-13,113.44000244140625,114.55000305175781,113.18000030517578,114.55000305175781,15296200
1005748200,2001-11-14,115.16999816894531,115.4000015258789,113.70999908447266,114.66000366210938,17571300
1005834600,2001-11-15,114.37000274658203,115.18000030517578,113.93000030517578,114.87000274658203,19470200
1005921000,2001-11-16,115.08000183105469,115.0999984741211,113.4000015258789,114.36000061035156,18134900
1006180200,2001-11-19,114.91999816894531,115.8499984741211,114.44999694824219,115.7699966430664,13625400
1006266600,2001-11-20,115.37000274658203,115.80000305175781,114.63999938964844,114.80000305175781,16209700
1006353000,2001-11-21,114.5,114.66999816894531,113.51000213623047,114.04000091552734,11470200
1006525800,2001-11-23,114.04000091552734,115.75,114,115.68000030517578,6717100
1006785000,2001-11-26,115.75,116.33999633789062,115.06999969482422,115.93000030517578,13726000
1006871400,2001-11-27,115.62000274658203,116.9000015258789,114.08999633789062,115.43000030517578,19261400
1006957800,2001-11-28,114.73999786376953,115.16999816894531,113.25,113.33999633789062,20195500
1007044200,2001-11-29,113.66000366210938,114.91999816894531,113,114.87000274658203,16354700
1007130600,2001-11-30,114.4000015258789,114.91000366210938,114.0199966430664,114.05000305175781,13680300
1007389800,2001-12-03,113.6500015258789,114.08000183105469,113.01000213623047,113.37000274658203,15220400
1007476200,2001-12-04,113.91999816894531,115.30000305175781,113.3499984741211,115.29000091552734,17239900
1007562600,2001-12-05,115.61000061035156,118,115.55999755859375,117.4000015258789,25204000
1007649000,2001-12-06,117.33999633789062,117.94000244140625,116.93000030517578,117.33999633789062,17972900
1007735400,2001-12-07,116.9000015258789,117.08999633789062,115.69999694824219,116.55999755859375,18857800
1007994600,2001-12-10,115.8499984741211,116.38999938964844,114.3499984741211,114.37999725341797,13862700
1008081000,2001-12-11,114.9000015258789,115.72000122070312,113.9000015258789,114.1500015258789,20833300
1008167400,2001-12-12,114.55000305175781,114.77999877929688,113.11000061035156,114.27999877929688,16171500
1008253800,2001-12-13,113.44999694824219,113.69999694824219,112.04000091552734,112.05999755859375,19026700
1008340200,2001-12-14,112.33000183105469,113.48999786376953,112,113.12999725341797,16721900
1008599400,2001-12-17,112.98999786376953,114.36000061035156,112.9000015258789,114.30000305175781,13925900
1008685800,2001-12-18,114.62999725341797,115.1500015258789,114.33999633789062,114.9800033569336,13663700
1008772200,2001-12-19,114.08999633789062,115.91999816894531,114,115.79000091552734,20143400
1008858600,2001-12-20,115.5,115.80000305175781,114.55000305175781,114.6500015258789,14867900
1008945000,2001-12-21,115.02999877929688,115.06999969482422,114.19999694824219,114.94999694824219,14037700
1009204200,2001-12-24,114.83000183105469,115.04000091552734,114.61000061035156,114.7300033569336,5728800
1009377000,2001-12-26,114.6500015258789,116.20999908447266,114.6500015258789,115.36000061035156,10304800
1009463400,2001-12-27,115.30000305175781,116.08000183105469,115.25,116.05999755859375,9407300
1009549800,2001-12-28,116.29000091552734,116.75,115.91999816894531,116,10593800
1009809000,2001-12-31,116.1500015258789,116.38999938964844,114.2300033569336,114.30000305175781,14619500
1009981800,2002-01-02,115.11000061035156,115.75,113.80999755859375,115.52999877929688,18651900
1010068200,2002-01-03,115.6500015258789,116.94999694824219,115.54000091552734,116.83999633789062,15743000
1010154600,2002-01-04,117.16999816894531,117.9800033569336,116.55000305175781,117.62000274658203,20140700
1010413800,2002-01-07,117.69999694824219,117.98999786376953,116.55999755859375,116.79000091552734,13106500
1010500200,2002-01-08,116.79000091552734,117.05999755859375,115.97000122070312,116.5199966430664,12683700
1010586600,2002-01-09,116.68000030517578,117.77999877929688,115.33999633789062,115.56999969482422,16610300
1010673000,2002-01-10,115.69000244140625,116.3499984741211,115.30000305175781,116.08000183105469,12823400
1010759400,2002-01-11,116.20999908447266,116.27999877929688,114.69999694824219,114.94000244140625,13708400
1011018600,2002-01-14,114.6500015258789,114.83999633789062,113.95999908447266,114.22000122070312,12301100
1011105000,2002-01-15,114.55000305175781,115.38999938964844,113.9000015258789,115.1500015258789,20219900
1011191400,2002-01-16,114.30000305175781,114.4000015258789,112.69000244140625,112.81999969482422,17067000
1011277800,2002-01-17,113.76000213623047,114.23999786376953,113.4000015258789,113.66999816894531,17283400
1011364200,2002-01-18,113,113.8499984741211,112.66999816894531,113.1500015258789,17028000
1011709800,2002-01-22,113.75,113.93000030517578,112.0199966430664,112.37000274658203,11689300
1011796200,2002-01-23,112.62999725341797,113.55000305175781,112.0199966430664,113.2300033569336,12438900
1011882600,2002-01-24,113.63999938964844,114.25,113.31999969482422,113.58000183105469,12142800
1011969000,2002-01-25,113.12000274658203,114.18000030517578,113.04000091552734,113.55000305175781,12810700
1012228200,2002-01-28,113.9000015258789,114.19000244140625,112.91999816894531,113.86000061035156,10589200
1012314600,2002-01-29,113.8499984741211,114.12999725341797,110.05000305175781,110.27999877929688,27720800
1012401000,2002-01-30,110.38999938964844,113.38999938964844,108.4000015258789,111.87000274658203,34711800
1012487400,2002-01-31,112.1500015258789,113.30000305175781,111.62000274658203,113.18000030517578,19909200
1012573800,2002-02-01,113.08999633789062,113.30000305175781,112.16999816894531,112.6500015258789,15838500
1012833000,2002-02-04,112.2300033569336,112.2300033569336,109.44000244140625,109.8499984741211,24243400
1012919400,2002-02-05,109.4000015258789,110.48999786376953,108.52999877929688,109.16999816894531,33614000
1013005800,2002-02-06,109.6500015258789,109.73999786376953,108.05999755859375,108.69999694824219,29486000
1013092200,2002-02-07,108.72000122070312,109.86000061035156,108,108.0199966430664,23445400
1013178600,2002-02-08,108.62999725341797,110.75,108.30000305175781,110.08999633789062,19277800
1013437800,2002-02-11,110.05000305175781,111.63999938964844,109.81999969482422,111.44000244140625,18792400
1013524200,2002-02-12,110.95999908447266,111.70999908447266,110.02999877929688,111.08999633789062,13942500
1013610600,2002-02-13,111.4800033569336,112.54000091552734,111.3499984741211,112.2699966430664,16781100
1013697000,2002-02-14,112.51000213623047,112.97000122070312,111.58999633789062,112.05999755859375,20453800
1013783400,2002-02-15,112.1500015258789,112.23999786376953,110.70999908447266,110.88999938964844,18366800
1014129000,2002-02-19,110.1500015258789,110.29000091552734,108.61000061035156,108.76000213623047,15988100
1014215400,2002-02-20,109.05000305175781,110.58999633789062,107.81999969482422,110.58999633789062,29242800
1014301800,2002-02-21,109.93000030517578,110.62999725341797,108.26000213623047,108.30000305175781,26288600
1014388200,2002-02-22,108.3499984741211,109.94000244140625,107.87000274658203,109.63999938964844,26572900
1014647400,2002-02-25,109.73999786376953,111.80999755859375,109.69999694824219,111.44999694824219,17458700
1014733800,2002-02-26,111.5999984741211,112.04000091552734,110.56999969482422,111.22000122070312,22346500
1014820200,2002-02-27,111.95999908447266,112.86000061035156,110.6500015258789,111.6500015258789,28597900
1014906600,2002-02-28,111.83000183105469,112.75,111.02999877929688,111.1500015258789,23755400
1014993000,2002-03-01,111.72000122070312,113.8499984741211,111.51000213623047,113.73999786376953,26273600
1015252200,2002-03-04,113.9000015258789,115.98999786376953,113.6500015258789,115.75,27184600
1015338600,2002-03-05,115.33000183105469,116.4000015258789,114.97000122070312,115.37999725341797,22718900
1015425000,2002-03-06,115.0999984741211,117.1500015258789,115.06999969482422,116.75,20143200
1015511400,2002-03-07,117.36000061035156,117.5,115.56999969482422,116.5,19330800
1015597800,2002-03-08,117.37999725341797,117.9000015258789,116.4800033569336,116.98999786376953,19930100
1015857000,2002-03-11,116.88999938964844,117.9000015258789,116.43000030517578,117.23999786376953,15621800
1015943400,2002-03-12,116.0999984741211,117.25,115.94000244140625,117.16999816894531,17153600
1016029800,2002-03-13,116.62999725341797,116.75,115.63999938964844,116.04000091552734,17175300
1016116200,2002-03-14,116.04000091552734,116.43000030517578,115.62999725341797,115.87999725341797,11168100
1016202600,2002-03-15,115.97000122070312,116.94999694824219,115.9000015258789,116.6500015258789,21220100
1016461800,2002-03-18,117.0999984741211,117.55999755859375,116.0999984741211,116.66999816894531,17548900
1016548200,2002-03-19,117.30000305175781,117.73999786376953,116.81999969482422,117.44999694824219,17912000
1016634600,2002-03-20,116.5,116.58000183105469,115.19000244140625,115.23999786376953,17114500
1016721000,2002-03-21,115.30000305175781,115.9000015258789,114.12000274658203,115.29000091552734,25846800
1016807400,2002-03-22,115.5,115.94000244140625,114.69999694824219,115.04000091552734,15235400
1017066600,2002-03-25,115.08999633789062,115.36000061035156,113.30000305175781,113.61000061035156,17499600
1017153000,2002-03-26,113.5199966430664,115.0199966430664,113.47000122070312,114.2699966430664,19947600
1017239400,2002-03-27,114.02999877929688,115.01000213623047,113.76000213623047,114.56999969482422,19020300
1017325800,2002-03-28,114.97000122070312,115.7699966430664,114.5,114.5199966430664,17532900
1017671400,2002-04-01,114.2300033569336,115.0999984741211,113.5,114.56999969482422,17711000
1017757800,2002-04-02,113.9800033569336,114.94999694824219,113.7699966430664,113.94000244140625,15669500
1017844200,2002-04-03,114.01000213623047,114.20999908447266,112.16000366210938,113.13999938964844,25658500
1017930600,2002-04-04,112.5999984741211,113.4000015258789,112.2300033569336,112.66999816894531,23549000
1018017000,2002-04-05,113.19000244140625,113.62999725341797,112.18000030517578,112.69000244140625,19404900
1018272600,2002-04-08,111.31999969482422,113.02999877929688,111.2300033569336,112.93000030517578,16470100
1018359000,2002-04-09,113.18000030517578,113.18000030517578,111.93000030517578,112.13999938964844,15122700
1018445400,2002-04-10,112.0999984741211,113.54000091552734,112.08999633789062,113.41000366210938,17199300
1018531800,2002-04-11,112.88999938964844,113.05000305175781,110.5,110.58999633789062,25453700
1018618200,2002-04-12,111.0199966430664,111.6500015258789,110.04000091552734,111.41999816894531,14950600
1018877400,2002-04-15,111.62000274658203,111.86000061035156,110.19999694824219,110.56999969482422,17394900
1018963800,2002-04-16,111.69999694824219,113.31999969482422,111.66999816894531,113.19999694824219,15040900
1019050200,2002-04-17,113.38999938964844,113.66999816894531,112.5999984741211,112.95999908447266,12920100
1019136600,2002-04-18,112.9000015258789,113.45999908447266,111.1500015258789,112.47000122070312,25204800
1019223000,2002-04-19,113.19999694824219,113.23999786376953,112.55999755859375,112.87999725341797,10499200
1019482200,2002-04-22,112.37999725341797,112.43000030517578,110.83999633789062,111,13922900
1019568600,2002-04-23,111.08999633789062,111.4800033569336,110.16999816894531,110.5199966430664,16967000
1019655000,2002-04-24,110.55999755859375,111.80999755859375,109.4000015258789,109.41000366210938,18902700
1019741400,2002-04-25,109.20999908447266,109.73999786376953,108.72000122070312,109.47000122070312,25451500
1019827800,2002-04-26,109.79000091552734,110.01000213623047,107.29000091552734,107.38999938964844,19769800
1020087000,2002-04-29,107.93000030517578,108.26000213623047,106.62999725341797,106.86000061035156,17724400
1020173400,2002-04-30,107.0199966430664,108.63999938964844,106.63999938964844,107.86000061035156,19473500
1020259800,2002-05-01,107.97000122070312,109.25,106.80000305175781,109.18000030517578,24575600
1020346200,2002-05-02,109.0999984741211,109.91000366210938,107.77999877929688,108.76000213623047,15666800
1020432600,2002-05-03,108.5999984741211,108.76000213623047,107.19999694824219,107.58000183105469,18185500
1020691800,2002-05-06,107.63999938964844,107.98999786376953,105.30999755859375,105.47000122070312,23630400
1020778200,2002-05-07,106.0999984741211,106.31999969482422,104.9000015258789,105.0999984741211,21910000
1020864600,2002-05-08,107.05000305175781,109.36000061035156,106.79000091552734,109.01000213623047,27917400
1020951000,2002-05-09,108.6500015258789,109.0999984741211,107.58000183105469,107.75,18085600
1021037400,2002-05-10,107.97000122070312,108.05000305175781,105.5999984741211,105.72000122070312,18958900
1021296600,2002-05-13,106.22000122070312,107.94999694824219,105.79000091552734,107.87000274658203,14677700
1021383000,2002-05-14,109.62000274658203,110.37000274658203,109,110.22000122070312,34201200
1021469400,2002-05-15,109.5,110.91000366210938,109.29000091552734,109.79000091552734,29535300
1021555800,2002-05-16,109.69999694824219,110.4800033569336,109.33000183105469,110.36000061035156,28092000
1021642200,2002-05-17,110.66000366210938,111.25,110.0999984741211,110.9000015258789,27823700
1021901400,2002-05-20,110.63999938964844,110.69000244140625,109.48999786376953,109.69999694824219,13833800
1021987800,2002-05-21,110.11000061035156,110.4800033569336,108.31999969482422,108.69999694824219,16877200
1022074200,2002-05-22,108.22000122070312,109.12000274658203,108,108.94000244140625,15844200
1022160600,2002-05-23,109.26000213623047,110.36000061035156,108.4800033569336,110.0999984741211,13879800
1022247000,2002-05-24,109.9800033569336,110.19999694824219,108.61000061035156,108.69000244140625,11877000
1022592600,2002-05-28,109.05000305175781,109.12999725341797,107.44999694824219,108.0999984741211,24236900
1022679000,2002-05-29,107.62000274658203,108.0199966430664,107.12999725341797,107.30000305175781,14773300
1022765400,2002-05-30,106.55000305175781,107.51000213623047,105.9000015258789,107,18217900
1022851800,2002-05-31,107.4000015258789,108.55999755859375,106.8499984741211,107.22000122070312,19826300
1023111000,2002-06-03,107.08999633789062,107.5999984741211,104.12999725341797,104.37000274658203,26056300
1023197400,2002-06-04,104.1500015258789,105.19999694824219,103.55000305175781,104.62999725341797,25856200
1023283800,2002-06-05,104.94999694824219,105.66999816894531,104.3499984741211,105.61000061035156,19695900
1023370200,2002-06-06,105.54000091552734,105.5999984741211,103.1500015258789,103.45999908447266,22998500
1023456600,2002-06-07,101.77999877929688,103.91999816894531,101.72000122070312,103.33999633789062,24011600
1023715800,2002-06-10,103.23999786376953,104.45999908447266,103.0199966430664,103.73999786376953,18759900
1023802200,2002-06-11,104.12999725341797,104.54000091552734,101.7300033569336,101.95999908447266,19990700
1023888600,2002-06-12,101.70999908447266,102.80999755859375,100.77999877929688,102.58000183105469,31266000
1023975000,2002-06-13,102.12999725341797,103,101.33999633789062,101.55000305175781,21043900
1024061400,2002-06-14,100.30999755859375,101.55999755859375,98.5,101.4000015258789,39267500
1024320600,2002-06-17,101.91999816894531,104.33999633789062,101.8499984741211,104.12000274658203,17647200
1024407000,2002-06-18,103.73999786376953,105.02999877929688,103.62999725341797,104.97000122070312,21628500
1024493400,2002-06-19,103.5,104.43000030517578,102.23999786376953,102.5199966430664,21540700
1024579800,2002-06-20,102.26000213623047,103.05000305175781,100.95999908447266,101.20999908447266,25691000
1024666200,2002-06-21,100.47000122070312,100.93000030517578,98.68000030517578,99.27999877929688,31190700
1024925400,2002-06-24,98.61000061035156,100.69000244140625,97.25,99.80000305175781,37169700
1025011800,2002-06-25,100.30000305175781,100.88999938964844,97.54000091552734,97.55999755859375,33355000
1025098200,2002-06-26,95.19999694824219,98.1500015258789,95.19000244140625,97.72000122070312,37913600
1025184600,2002-06-27,98.5,99.48999786376953,96.56999969482422,99.43000030517578,31616400
1025271000,2002-06-28,99.23999786376953,100.5,98.87999725341797,98.95999908447266,28184200
1025530200,2002-07-01,99.18000030517578,99.80000305175781,96.88999938964844,97.02999877929688,20270200
1025616600,2002-07-02,96.86000061035156,97.19999694824219,94.7699966430664,94.97000122070312,34213900
1025703000,2002-07-03,94.62000274658203,95.83999633789062,93.72000122070312,95.51000213623047,30565800
1025875800,2002-07-05,96.77999877929688,99.52999877929688,96.66000366210938,99.30999755859375,19013500
1026135000,2002-07-08,98.9800033569336,99.69999694824219,97.55999755859375,98.06999969482422,19118600
1026221400,2002-07-09,97.7300033569336,98.33999633789062,95.01000213623047,95.5999984741211,28620400
1026307800,2002-07-10,96,96.06999969482422,92.04000091552734,92.12000274658203,50522500
1026394200,2002-07-11,91.76000213623047,93.3499984741211,90.31999969482422,92.87000274658203,59476500
1026480600,2002-07-12,93.33000183105469,93.88999938964844,91.5199966430664,91.8499984741211,39018600
1026739800,2002-07-15,91.63999938964844,92.4000015258789,87.88999938964844,92.33999633789062,77317200
1026826200,2002-07-16,91.12000274658203,92.37999725341797,89.87000274658203,90.55999755859375,53282400
1026912600,2002-07-17,92.45999908447266,93.30000305175781,89.75,90.73999786376953,48880600
1026999000,2002-07-18,90.69999694824219,91.0999984741211,87.75,87.80000305175781,32656700
1027085400,2002-07-19,86.76000213623047,87.55000305175781,84.30000305175781,84.70999908447266,77572600
1027344600,2002-07-22,84.0999984741211,85.91000366210938,81.44999694824219,82.19999694824219,78134000
1027431000,2002-07-23,82.55000305175781,83.23999786376953,79.75,79.94999694824219,74484100
1027517400,2002-07-24,78.12999725341797,85.12000274658203,77.68000030517578,84.72000122070312,107022800
1027603800,2002-07-25,84.2699966430664,85.8499984741211,81.5999984741211,84,87176600
1027690200,2002-07-26,84.6500015258789,85.93000030517578,83.80000305175781,85.5999984741211,41206800
1027949400,2002-07-29,87.5,90.33999633789062,87.30000305175781,89.7699966430664,53492900
1028035800,2002-07-30,89.31999969482422,91.4000015258789,88.72000122070312,90.94000244140625,47532200
1028122200,2002-07-31,90.48999786376953,91.55000305175781,89.25,91.16000366210938,44669900
1028208600,2002-08-01,90.87999725341797,91.3499984741211,88.33000183105469,88.77999877929688,66571900
1028295000,2002-08-02,88.5,88.91000366210938,85.62000274658203,86.79000091552734,51772900
1028554200,2002-08-05,86.48999786376953,86.93000030517578,83.55000305175781,83.7699966430664,47191300
1028640600,2002-08-06,85.2300033569336,87.9000015258789,85.11000061035156,86.58999633789062,64730000
1028727000,2002-08-07,87.87000274658203,88.5,85.7699966430664,88.0999984741211,43289400
1028813400,2002-08-08,88.41999816894531,91.0999984741211,87.80000305175781,90.94999694824219,48339800
1028899800,2002-08-09,90.0999984741211,91.94000244140625,89.3499984741211,91.29000091552734,41879200
1029159000,2002-08-12,89.98999786376953,91.2699966430664,89.55000305175781,90.62000274658203,25841700
1029245400,2002-08-13,90.1500015258789,91.66000366210938,88.6500015258789,88.97000122070312,49690500
1029331800,2002-08-14,89.0199966430664,92.62999725341797,88.0199966430664,92.22000122070312,57423600
1029418200,2002-08-15,92.83999633789062,93.98999786376953,92.19999694824219,93.5,45551500
1029504600,2002-08-16,92.81999969482422,94.08000183105469,92,93.22000122070312,36517300
1029763800,2002-08-19,93.45999908447266,95.75,93.0999984741211,95.4000015258789,33669900
1029850200,2002-08-20,94.81999969482422,95.4000015258789,93.62000274658203,94.38999938964844,30508300
1029936600,2002-08-21,95.05999755859375,95.77999877929688,93.56999969482422,95.75,39628900
1030023000,2002-08-22,95.48999786376953,97.1500015258789,95.06999969482422,96.68000030517578,38399800
1030109400,2002-08-23,96.01000213623047,96.1500015258789,94.1500015258789,94.5999984741211,33716400
1030368600,2002-08-26,94.91000366210938,95.63999938964844,93.5,95.26000213623047,33830100
1030455000,2002-08-27,95.69999694824219,96.25,93.5,94.16000366210938,35335700
1030541400,2002-08-28,93.27999877929688,93.48999786376953,91.80000305175781,92.0999984741211,38970600
1030627800,2002-08-29,91.2699966430664,93.05000305175781,90.80999755859375,92.13999938964844,42965700
1030714200,2002-08-30,91.68000030517578,93.38999938964844,91.4000015258789,91.77999877929688,30366700
1031059800,2002-09-03,90.7300033569336,91,88.1500015258789,88.27999877929688,76586400
1031146200,2002-09-04,88.61000061035156,90.25,88.05999755859375,89.54000091552734,51099500
1031232600,2002-09-05,88.48999786376953,89.43000030517578,87.5,88.77999877929688,67250900
1031319000,2002-09-06,89.75,90.56999969482422,89.33999633789062,90,38622200
1031578200,2002-09-09,89.0999984741211,91.3499984741211,88.80000305175781,90.66000366210938,33998400
1031664600,2002-09-10,91.13999938964844,91.77999877929688,90.55999755859375,91.69999694824219,41416600
1031751000,2002-09-11,92.47000122070312,93.33000183105469,91.0999984741211,91.12999725341797,27711200
1031837400,2002-09-12,90.75,90.83999633789062,88.98999786376953,89.44999694824219,43601700
1031923800,2002-09-13,88.69000244140625,89.9000015258789,88.25,89.66999816894531,41131000
1032183000,2002-09-16,89.30999755859375,89.88999938964844,88.45999908447266,89.88999938964844,28167600
1032269400,2002-09-17,90.88999938964844,91.19000244140625,87.75,87.83000183105469,47609700
1032355800,2002-09-18,87.01000213623047,88.5,86.27999877929688,86.94999694824219,54719400
1032442200,2002-09-19,85.98999786376953,86.80000305175781,84.69999694824219,84.69999694824219,48510500
1032528600,2002-09-20,84.91999816894531,85.19999694824219,84.05000305175781,84.3499984741211,46325600
1032787800,2002-09-23,83.6500015258789,84.05999755859375,82.69000244140625,83.66000366210938,46893800
1032874200,2002-09-24,82.44000244140625,83.6500015258789,81.8499984741211,82.30999755859375,69507000
1032960600,2002-09-25,83.37000274658203,84.7699966430664,82.04000091552734,84.3499984741211,59294400
1033047000,2002-09-26,85.0199966430664,85.97000122070312,84.44999694824219,85.7300033569336,53638000
1033133400,2002-09-27,85,85.62999725341797,82.75,82.75,64648300
1033392600,2002-09-30,82,82.80000305175781,80.9000015258789,81.79000091552734,73096400
1033479000,2002-10-01,82.43000030517578,85.7699966430664,81.47000122070312,85.72000122070312,67198100
1033565400,2002-10-02,84.69000244140625,85.52999877929688,82.5999984741211,83.1500015258789,56749100
1033651800,2002-10-03,83.13999938964844,84.5999984741211,81.94999694824219,82.30999755859375,55547000
1033738200,2002-10-04,82.80000305175781,82.91999816894531,79.58000183105469,80.80000305175781,68483700
1033997400,2002-10-07,80.05999755859375,81.19999694824219,78.55000305175781,79.12999725341797,53188000
1034083800,2002-10-08,79.80999755859375,81.30999755859375,78.19999694824219,80.37000274658203,79531000
1034170200,2002-10-09,79.08999633789062,79.69999694824219,77.77999877929688,78.0999984741211,79956400
1034256600,2002-10-10,77.94000244140625,81.06999969482422,77.06999969482422,80.62999725341797,76749000
1034343000,2002-10-11,82.0999984741211,84.7300033569336,81.81999969482422,84.16000366210938,82308300
1034602200,2002-10-14,83.19999694824219,84.8499984741211,83.04000091552734,84.62999725341797,40631900
1034688600,2002-10-15,86.98999786376953,88.72000122070312,86.8499984741211,88.69999694824219,82320300
1034775000,2002-10-16,87.41000366210938,87.80000305175781,85.91999816894531,86.55000305175781,62977800
1034861400,2002-10-17,88.87000274658203,89.30000305175781,87.8499984741211,88.2699966430664,68534100
1034947800,2002-10-18,87.6500015258789,89.11000061035156,86.93000030517578,88.63999938964844,47448700
1035207000,2002-10-21,88.12000274658203,90.5,87.56999969482422,90.16999816894531,45859100
1035293400,2002-10-22,89.05000305175781,90.01000213623047,88.5199966430664,89.5199966430664,40966800
1035379800,2002-10-23,88.7699966430664,90.2699966430664,87.68000030517578,90.19999694824219,54905800
1035466200,2002-10-24,90.75,90.9000015258789,88.0999984741211,88.36000061035156,54987400
1035552600,2002-10-25,88.20999908447266,90.38999938964844,87.94000244140625,90.19999694824219,43672100
1035815400,2002-10-28,91.1500015258789,91.29000091552734,88.8499984741211,89.61000061035156,39416100
1035901800,2002-10-29,89.08000183105469,89.48999786376953,87,88.56999969482422,59508200
1035988200,2002-10-30,88.68000030517578,89.95999908447266,88.2300033569336,89.43000030517578,41688600
1036074600,2002-10-31,89.66000366210938,90.30000305175781,88.19000244140625,88.5199966430664,41620600
1036161000,2002-11-01,88.3499984741211,90.81999969482422,88.05000305175781,90.2699966430664,51878900
1036420200,2002-11-04,91.80000305175781,92.94000244140625,90.9000015258789,91.12999725341797,49080600
1036506600,2002-11-05,90.83999633789062,92.06999969482422,90.83999633789062,91.8499984741211,37270800
1036593000,2002-11-06,92.4800033569336,93.06999969482422,90.79000091552734,93.04000091552734,65013100
1036679400,2002-11-07,92.0199966430664,92.22000122070312,90.22000122070312,90.76000213623047,51572000
1036765800,2002-11-08,90.52999877929688,91.56999969482422,89.5199966430664,89.6500015258789,37905400
1037025000,2002-11-11,89.51000213623047,89.55999755859375,87.80000305175781,88.26000213623047,33505100
1037111400,2002-11-12,88.66000366210938,89.93000030517578,88.37000274658203,88.95999908447266,37724500
1037197800,2002-11-13,88.31999969482422,89.73999786376953,87.44999694824219,89.05000305175781,63891500
1037284200,2002-11-14,90.06999969482422,91,89.75,90.7300033569336,31896800
1037370600,2002-11-15,90,91.55000305175781,89.94999694824219,91.4000015258789,39152100
1037629800,2002-11-18,92.1500015258789,92.1500015258789,90.3499984741211,90.4800033569336,28934800
1037716200,2002-11-19,90.0199966430664,91.0999984741211,89.76000213623047,90.36000061035156,32806600
1037802600,2002-11-20,89.9800033569336,92.41999816894531,89.94999694824219,92.37000274658203,36688400
1037889000,2002-11-21,92.5999984741211,94.19000244140625,92.43000030517578,94.08999633789062,55128200
1037975400,2002-11-22,93.4800033569336,94.2699966430664,93.2699966430664,93.41999816894531,32513800
1038234600,2002-11-25,93.43000030517578,94.26000213623047,92.7699966430664,93.4800033569336,33846400
1038321000,2002-11-26,93.06999969482422,93.44999694824219,91.62000274658203,91.69999694824219,42284700
1038407400,2002-11-27,92.5199966430664,94.6500015258789,92.43000030517578,94.27999877929688,37764000
1038580200,2002-11-29,94.80000305175781,94.94999694824219,93.7699966430664,93.9800033569336,19385700
1038839400,2002-12-02,95.47000122070312,96.05000305175781,93.22000122070312,94.12999725341797,49911900
1038925800,2002-12-03,93.25,93.4000015258789,92.3499984741211,92.87000274658203,34407700
1039012200,2002-12-04,91.7699966430664,93.13999938964844,91.43000030517578,92.44999694824219,64040800
1039098600,2002-12-05,92.7300033569336,92.80000305175781,91.0999984741211,91.43000030517578,36724900
1039185000,2002-12-06,90.12000274658203,92.16999816894531,89.9800033569336,92.02999877929688,49824100
1039444200,2002-12-09,91.06999969482422,91.45999908447266,89.4800033569336,89.5,36789600
1039530600,2002-12-10,90.0199966430664,91.0999984741211,89.76000213623047,90.69999694824219,33319900
1039617000,2002-12-11,90.41999816894531,91.62000274658203,90.16000366210938,90.77999877929688,39201000
1039703400,2002-12-12,91.19999694824219,91.48999786376953,90.19999694824219,90.7699966430664,34465600
1039789800,2002-12-13,89.91000366210938,90.4800033569336,89.2699966430664,89.33999633789062,36862200
1040049000,2002-12-16,89.81999969482422,91.79000091552734,89.66000366210938,91.6500015258789,37098400
1040135400,2002-12-17,91.37000274658203,91.73999786376953,90.73999786376953,90.8499984741211,32353900
1040221800,2002-12-18,90.31999969482422,90.4000015258789,89.33000183105469,89.80000305175781,35612600
1040308200,2002-12-19,89.3499984741211,90.69999694824219,88.5999984741211,89.16000366210938,39264200
1040394600,2002-12-20,89.19999694824219,90.0199966430664,89.0999984741211,89.98999786376953,31176900
1040653800,2002-12-23,89.58999633789062,90.47000122070312,89.30999755859375,90.0199966430664,22599300
1040740200,2002-12-24,89.58999633789062,89.86000061035156,89.25,89.3499984741211,10937000
1040913000,2002-12-26,89.69999694824219,90.61000061035156,88.83999633789062,89.38999938964844,17485600
1040999400,2002-12-27,88.95999908447266,89.29000091552734,87.37999725341797,87.37999725341797,22205700
1041258600,2002-12-30,87.79000091552734,88.47000122070312,87.22000122070312,88.11000061035156,29968000
1041345000,2002-12-31,87.98999786376953,88.43000030517578,87.11000061035156,88.2300033569336,34036600
1041517800,2003-01-02,88.8499984741211,91.30000305175781,88.54000091552734,91.06999969482422,44516300
1041604200,2003-01-03,90.91000366210938,91.37999725341797,90.5,91.3499984741211,32222600
1041863400,2003-01-06,91.23999786376953,93.48999786376953,91.16999816894531,92.95999908447266,40984500
1041949800,2003-01-07,92.9000015258789,93.37000274658203,92.19999694824219,92.7300033569336,38640400
1042036200,2003-01-08,92.19999694824219,92.4000015258789,91.05000305175781,91.38999938964844,38702200
1042122600,2003-01-09,91.81999969482422,93.18000030517578,91.41000366210938,92.80999755859375,34804900
1042209000,2003-01-10,91.94999694824219,93.63999938964844,91.80000305175781,93.05999755859375,37768900
1042468200,2003-01-13,93.54000091552734,93.86000061035156,92.44000244140625,93.02999877929688,31649900
1042554600,2003-01-14,92.69000244140625,93.83000183105469,92.41000366210938,93.33000183105469,30733000
1042641000,2003-01-15,93.54000091552734,93.56999969482422,91.91000366210938,92.4000015258789,33511800
1042727400,2003-01-16,92.5,92.93000030517578,91.44999694824219,92.0199966430664,44812100
1042813800,2003-01-17,90.98999786376953,92.30000305175781,90.1500015258789,90.66000366210938,35618300
1043159400,2003-01-21,90.87000274658203,90.91999816894531,88.94999694824219,89.25,36826200
1043245800,2003-01-22,88.7699966430664,89.80000305175781,88,88.16999816894531,42286500
1043332200,2003-01-23,88.75,89.37999725341797,87.94999694824219,88.70999908447266,55919800
1043418600,2003-01-24,88.58999633789062,88.68000030517578,86.16999816894531,86.37999725341797,68633900
1043677800,2003-01-27,85.7300033569336,86.80000305175781,84.5,85.19999694824219,57884400
1043764200,2003-01-28,85.62999725341797,86.4000015258789,85.12999725341797,85.83000183105469,46929100
1043850600,2003-01-29,85.41999816894531,87.18000030517578,84.7699966430664,86.4800033569336,53712200
1043937000,2003-01-30,86.79000091552734,86.87999725341797,84.4000015258789,84.43000030517578,49845900
1044023400,2003-01-31,84.1500015258789,86.20999908447266,84.1500015258789,86.05999755859375,55317000
1044282600,2003-02-03,86.13999938964844,86.80999755859375,85.91999816894531,86.2300033569336,39696000
1044369000,2003-02-04,85.30999755859375,85.75,84.30000305175781,85.37999725341797,43633400
1044455400,2003-02-05,85.75,86.54000091552734,84.4800033569336,84.8499984741211,55270600
1044541800,2003-02-06,84.37000274658203,84.88999938964844,83.6500015258789,84.44999694824219,53638000
1044628200,2003-02-07,84.91000366210938,84.98999786376953,82.97000122070312,83.41999816894531,43165000
1044887400,2003-02-10,83.45999908447266,84.12999725341797,82.6500015258789,84.01000213623047,45455900
1044973800,2003-02-11,84.37000274658203,84.87999725341797,82.83000183105469,83.43000030517578,46861000
1045060200,2003-02-12,83.16000366210938,83.62000274658203,82.08999633789062,82.0999984741211,35873600
1045146600,2003-02-13,82.1500015258789,82.66000366210938,81,82.3499984741211,57934100
1045233000,2003-02-14,82.37000274658203,84.19999694824219,81.81999969482422,84.1500015258789,59580900
1045578600,2003-02-18,84.52999877929688,85.80000305175781,84.38999938964844,85.62999725341797,39492700
1045665000,2003-02-19,85.31999969482422,85.47000122070312,84.27999877929688,85.18000030517578,31432000
1045751400,2003-02-20,85.20999908447266,85.41999816894531,84.05000305175781,84.33000183105469,29280100
1045837800,2003-02-21,84.37999725341797,85.73999786376953,83.45999908447266,85.18000030517578,60955800
1046097000,2003-02-24,84.93000030517578,85,83.58999633789062,83.80000305175781,30628600
1046183400,2003-02-25,82.94999694824219,84.48999786376953,82.22000122070312,84.47000122070312,56770600
1046269800,2003-02-26,84.0199966430664,84.52999877929688,83.08000183105469,83.23999786376953,37787200
1046356200,2003-02-27,83.69999694824219,84.75,83.16000366210938,84.33999633789062,51126000
1046442600,2003-02-28,84.47000122070312,85.2300033569336,84.16000366210938,84.9000015258789,43666800
1046701800,2003-03-03,85.26000213623047,85.77999877929688,83.72000122070312,84.08999633789062,42923100
1046788200,2003-03-04,83.94999694824219,84.01000213623047,82.6500015258789,82.75,31440500
1046874600,2003-03-05,82.61000061035156,83.54000091552734,82.36000061035156,83.44999694824219,43974700
1046961000,2003-03-06,82.87000274658203,83.5199966430664,82.47000122070312,82.75,41217700
1047047400,2003-03-07,81.61000061035156,83.98999786376953,81.43000030517578,83.31999969482422,63538000
1047306600,2003-03-10,82.5999984741211,82.86000061035156,81.0999984741211,81.31999969482422,41014100
1047393000,2003-03-11,81.4800033569336,82,80.4800033569336,80.5199966430664,48102700
1047479400,2003-03-12,80.37999725341797,81.0999984741211,79.37999725341797,81.05999755859375,62459800
1047565800,2003-03-13,82.18000030517578,83.91000366210938,81.52999877929688,83.86000061035156,72117800
1047652200,2003-03-14,84.19999694824219,84.7699966430664,83.3499984741211,84.12999725341797,63951800
1047911400,2003-03-17,83.45999908447266,86.94999694824219,83.22000122070312,86.77999877929688,88217500
1047997800,2003-03-18,87.1500015258789,87.3499984741211,86.27999877929688,87.29000091552734,50792300
1048084200,2003-03-19,87.27999877929688,88.16000366210938,86.68000030517578,87.95999908447266,49630800
1048170600,2003-03-20,87.33000183105469,88.58999633789062,86.3499984741211,88.1500015258789,67321600
1048257000,2003-03-21,88.80000305175781,89.87999725341797,87.93000030517578,89.66999816894531,71165300
1048516200,2003-03-24,88.0199966430664,88.13999938964844,86.3499984741211,86.69000244140625,65398900
1048602600,2003-03-25,86.73999786376953,88.26000213623047,86.44000244140625,87.5199966430664,61040100
1048689000,2003-03-26,87.55999755859375,87.8499984741211,86.80000305175781,87.08000183105469,45740800
1048775400,2003-03-27,86.4000015258789,87.66000366210938,85.98999786376953,87.1500015258789,53120200
1048861800,2003-03-28,86.47000122070312,87.27999877929688,86.25,86.70999908447266,32583000
1049121000,2003-03-31,85.3499984741211,86.58999633789062,84.4000015258789,84.73999786376953,61119500
1049207400,2003-04-01,85.25,86.38999938964844,84.91000366210938,86.04000091552734,53574000
1049293800,2003-04-02,87.54000091552734,88.7699966430664,87.5,88.12000274658203,50431200
1049380200,2003-04-03,88.87000274658203,88.98999786376953,87.6500015258789,87.69999694824219,48755500
1049466600,2003-04-04,88.43000030517578,88.58999633789062,87.62000274658203,88.22000122070312,36250100
1049722200,2003-04-07,90.33999633789062,90.8499984741211,87.97000122070312,88.05000305175781,69776200
1049808600,2003-04-08,88.30000305175781,88.6500015258789,87.70999908447266,88.19000244140625,39712700
1049895000,2003-04-09,88.36000061035156,89.0999984741211,86.7699966430664,87.02999877929688,55647300
1049981400,2003-04-10,87.08999633789062,87.62999725341797,85.70999908447266,87.51000213623047,41812400
1050067800,2003-04-11,88.16000366210938,88.69999694824219,86.86000061035156,87.1500015258789,47730100
1050327000,2003-04-14,87.47000122070312,89,87,88.94999694824219,36711700
1050413400,2003-04-15,88.83999633789062,89.77999877929688,88.41999816894531,89.77999877929688,49709800
1050499800,2003-04-16,89.91000366210938,90.05999755859375,88.02999877929688,88.25,51788000
1050586200,2003-04-17,88.30000305175781,89.72000122070312,88.19000244140625,89.55999755859375,37403100
1050931800,2003-04-21,89.86000061035156,90.16000366210938,89.05999755859375,89.6500015258789,32052700
1051018200,2003-04-22,89.0999984741211,91.55999755859375,88.88999938964844,91.33999633789062,59763600
1051104600,2003-04-23,91.62000274658203,92.3499984741211,91.23999786376953,92.18000030517578,44227100
1051191000,2003-04-24,91.52999877929688,92.08000183105469,90.95999908447266,91.36000061035156,49692400
1051277400,2003-04-25,91.30000305175781,91.47000122070312,90.0199966430664,90.2300033569336,43917200
1051536600,2003-04-28,90.44000244140625,92.19000244140625,90.30000305175781,91.79000091552734,46432900
1051623000,2003-04-29,92.13999938964844,92.80000305175781,91.4000015258789,92.11000061035156,52017100
1051709400,2003-04-30,91.91000366210938,92.56999969482422,91.41000366210938,91.91000366210938,48709100
1051795800,2003-05-01,91.91999816894531,92.7300033569336,90.5,91.9000015258789,50240400
1051882200,2003-05-02,91.55999755859375,93.47000122070312,91.48999786376953,93.20999908447266,50201500
1052141400,2003-05-05,93.47000122070312,93.77999877929688,92.5,93.02999877929688,35437800
1052227800,2003-05-06,93.04000091552734,94.37999725341797,93,93.91000366210938,44401000
1052314200,2003-05-07,93.41999816894531,94.13999938964844,92.97000122070312,93.38999938964844,41413100
1052400600,2003-05-08,92.5199966430664,93.33000183105469,92.27999877929688,92.44999694824219,40570700
1052487000,2003-05-09,92.83000183105469,93.80000305175781,92.61000061035156,93.7300033569336,33608100
1052746200,2003-05-12,93.5,95.12000274658203,93.27999877929688,94.87999725341797,35662300
1052832600,2003-05-13,94.52999877929688,95.18000030517578,94.26000213623047,94.70999908447266,39253600
1052919000,2003-05-14,95.08999633789062,95.23999786376953,93.91000366210938,94.51000213623047,32195100
1053005400,2003-05-15,94.88999938964844,95.33000183105469,94.25,95.11000061035156,43879200
1053091800,2003-05-16,94.88999938964844,95.44999694824219,94.26000213623047,94.87000274658203,38905000
1053351000,2003-05-19,94.1500015258789,94.41999816894531,92.33000183105469,92.6500015258789,41606000
1053437400,2003-05-20,92.81999969482422,93.02999877929688,91.58999633789062,92.45999908447266,55404600
1053523800,2003-05-21,92.11000061035156,92.87999725341797,91.91000366210938,92.6500015258789,49333800
1053610200,2003-05-22,92.94999694824219,94.05000305175781,92.68000030517578,93.56999969482422,38421800
1053696600,2003-05-23,93.52999877929688,93.9800033569336,93.13999938964844,93.76000213623047,26155900
1054042200,2003-05-27,93.30000305175781,95.83999633789062,93.06999969482422,95.4000015258789,43719200
1054128600,2003-05-28,95.8499984741211,96.47000122070312,95.43000030517578,95.66999816894531,37727100
1054215000,2003-05-29,95.87999725341797,96.81999969482422,95.08000183105469,95.41999816894531,50844200
1054301400,2003-05-30,95.9000015258789,97.08999633789062,95.55999755859375,96.94999694824219,52529500
1054560600,2003-06-02,97.52999877929688,98.44999694824219,96.66999816894531,97.3499984741211,50305500
1054647000,2003-06-03,97.1500015258789,97.83999633789062,96.8499984741211,97.75,38254500
1054733400,2003-06-04,97.66000366210938,99.3499984741211,97.56999969482422,99.16000366210938,49360700
1054819800,2003-06-05,98.58000183105469,99.6500015258789,98.2699966430664,99.6500015258789,46262400
1054906200,2003-06-06,100.4000015258789,101.4000015258789,99.12999725341797,99.26000213623047,60356800
1055165400,2003-06-09,98.7699966430664,99.0999984741211,97.7699966430664,98.25,37808500
1055251800,2003-06-10,98.45999908447266,99.26000213623047,98.19000244140625,99.25,29965900
1055338200,2003-06-11,99.16000366210938,100.38999938964844,98.70999908447266,100.30000305175781,37610200
1055424600,2003-06-12,100.75,100.9000015258789,99.62000274658203,100.61000061035156,36442000
1055511000,2003-06-13,100.61000061035156,100.75,98.94999694824219,99.55999755859375,48628300
1055770200,2003-06-16,99.95999908447266,101.69999694824219,99.80000305175781,101.66000366210938,36326300
1055856600,2003-06-17,102.06999969482422,102.18000030517578,101.2300033569336,101.66000366210938,36801800
1055943000,2003-06-18,101.29000091552734,102.13999938964844,101,101.56999969482422,35521000
1056029400,2003-06-19,101.63999938964844,101.7300033569336,99.83999633789062,100.0199966430664,43551700
1056115800,2003-06-20,100.38999938964844,100.5,99.41999816894531,99.44000244140625,41545000
1056375000,2003-06-23,99.44999694824219,99.66000366210938,97.91999816894531,98.41999816894531,34237500
1056461400,2003-06-24,98.22000122070312,99.08999633789062,98.0199966430664,98.5199966430664,36213600
1056547800,2003-06-25,98.52999877929688,99.44000244140625,97.52999877929688,97.52999877929688,47743400
1056634200,2003-06-26,97.77999877929688,98.9800033569336,96.95999908447266,98.80000305175781,33477300
1056720600,2003-06-27,98.75,99.19000244140625,97.58000183105469,97.66000366210938,54208800
1056979800,2003-06-30,98.22000122070312,98.66999816894531,97.47000122070312,97.62999725341797,33349000
1057066200,2003-07-01,97.25,98.8499984741211,96.43000030517578,98.52999877929688,51322800
1057152600,2003-07-02,98.7699966430664,99.79000091552734,98.56999969482422,99.7699966430664,34662100
1057239000,2003-07-03,99.06999969482422,99.8499984741211,97.9000015258789,98.73999786376953,30792800
1057584600,2003-07-07,99.6500015258789,100.9000015258789,99.6500015258789,100.69999694824219,31391100
1057671000,2003-07-08,100.5,101.29000091552734,100.16999816894531,101.1500015258789,30952500
1057757400,2003-07-09,100.91999816894531,101.4000015258789,100.02999877929688,100.58000183105469,36528500
1057843800,2003-07-10,99.83999633789062,100.04000091552734,98.62999725341797,99.30000305175781,49777700
1057930200,2003-07-11,99.38999938964844,100.44999694824219,99.38999938964844,100.23999786376953,39976300
1058189400,2003-07-14,101.19999694824219,101.9000015258789,100.44999694824219,100.7300033569336,42114900
1058275800,2003-07-15,101.37999725341797,101.45999908447266,99.94999694824219,100.51000213623047,42573600
1058362200,2003-07-16,100.80999755859375,100.87000274658203,99.2300033569336,99.91999816894531,39894200
1058448600,2003-07-17,99.1500015258789,99.87999725341797,98.16000366210938,98.5,52253500
1058535000,2003-07-18,99.0199966430664,99.80000305175781,98.45999908447266,99.51000213623047,35698100
1058794200,2003-07-21,99.44999694824219,99.48999786376953,97.8499984741211,98.27999877929688,34786000
1058880600,2003-07-22,98.69000244140625,99.41000366210938,97.91999816894531,99.16999816894531,49968300
1058967000,2003-07-23,99.20999908447266,99.44999694824219,98.27999877929688,99.23999786376953,37275400
1059053400,2003-07-24,99.98999786376953,100.33999633789062,98.37000274658203,98.48999786376953,40896200
1059139800,2003-07-25,98.66000366210938,100.29000091552734,98.04000091552734,100.2300033569336,43241100
1059399000,2003-07-28,100.37000274658203,100.9800033569336,99.66999816894531,99.86000061035156,34382800
1059485400,2003-07-29,100.13999938964844,100.26000213623047,98.68000030517578,99.4000015258789,53472100
1059571800,2003-07-30,99.5999984741211,99.75,98.93000030517578,99.16000366210938,28363300
1059658200,2003-07-31,99.9800033569336,100.91000366210938,99.16999816894531,99.38999938964844,54937200
1059744600,2003-08-01,99.19000244140625,99.52999877929688,98.23999786376953,98.51000213623047,49321000
1060003800,2003-08-04,98.30999755859375,99,97,98.51000213623047,55214100
1060090200,2003-08-05,98.41000366210938,98.76000213623047,96.33999633789062,96.41999816894531,61415600
1060176600,2003-08-06,96.69000244140625,98.05999755859375,96.41999816894531,96.9800033569336,50096900
1060263000,2003-08-07,97.16999816894531,98.06999969482422,96.76000213623047,98,43427400
1060349400,2003-08-08,98.31999969482422,98.55000305175781,97.76000213623047,98.27999877929688,27357300
1060608600,2003-08-11,98.26000213623047,99.04000091552734,97.83999633789062,98.6500015258789,34631400
1060695000,2003-08-12,98.70999908447266,99.58999633789062,98.41999816894531,99.55000305175781,43285600
1060781400,2003-08-13,99.81999969482422,99.8499984741211,98.52999877929688,99.04000091552734,36152000
1060867800,2003-08-14,99.0999984741211,99.75,98.44999694824219,99.30999755859375,35525100
1060954200,2003-08-15,99.36000061035156,99.79000091552734,99.12000274658203,99.62000274658203,12567000
1061213400,2003-08-18,99.93000030517578,100.5999984741211,99.73999786376953,100.4800033569336,22873800
1061299800,2003-08-19,100.69000244140625,100.94000244140625,100,100.86000061035156,37437700
1061386200,2003-08-20,100.29000091552734,100.88999938964844,100.16000366210938,100.44999694824219,21295300
1061472600,2003-08-21,101.05000305175781,101.5199966430664,100.4000015258789,100.7699966430664,46494200
1061559000,2003-08-22,101.75,101.81999969482422,99.7300033569336,99.7699966430664,52040300
1061818200,2003-08-25,99.70999908447266,100.83000183105469,99.27999877929688,99.93000030517578,23473000
1061904600,2003-08-26,99.5,100.38999938964844,98.83000183105469,100.11000061035156,45065800
1061991000,2003-08-27,100.05000305175781,100.36000061035156,99.56999969482422,100.13999938964844,18919500
1062077400,2003-08-28,100.4000015258789,101,99.66000366210938,100.76000213623047,27402400
1062163800,2003-08-29,100.61000061035156,101.4800033569336,100.4800033569336,101.44000244140625,28706600
1062509400,2003-09-02,101.63999938964844,102.87999725341797,101.05000305175781,102.80000305175781,49419100
1062595800,2003-09-03,103.02999877929688,103.69999694824219,102.77999877929688,103.36000061035156,44912400
1062682200,2003-09-04,103.0999984741211,103.55000305175781,102.76000213623047,103.41000366210938,28381000
1062768600,2003-09-05,102.94000244140625,103.55000305175781,102.4000015258789,102.83000183105469,31637300
1063027800,2003-09-08,103.04000091552734,103.87999725341797,102.93000030517578,103.68000030517578,32632800
1063114200,2003-09-09,103.37000274658203,103.45999908447266,102.68000030517578,103,35053200
1063200600,2003-09-10,102.52999877929688,102.80000305175781,101.55000305175781,101.95999908447266,45904900
1063287000,2003-09-11,102.0999984741211,102.76000213623047,101.83999633789062,102.26000213623047,38396300
1063373400,2003-09-12,101.91000366210938,102.63999938964844,101.3499984741211,102.44999694824219,42524800
1063632600,2003-09-15,102.5199966430664,102.62999725341797,101.94999694824219,102.08999633789062,21312800
1063719000,2003-09-16,102.2300033569336,103.63999938964844,102.16999816894531,103.58000183105469,37892600
1063805400,2003-09-17,103.4800033569336,103.79000091552734,103.05000305175781,103.37999725341797,31885800
1063891800,2003-09-18,103.4000015258789,104.69999694824219,103.16999816894531,104.5999984741211,30243600
1063978200,2003-09-19,104.2699966430664,104.5999984741211,103.4000015258789,103.66999816894531,34331600
1064237400,2003-09-22,102.8499984741211,102.95999908447266,102.02999877929688,102.55000305175781,36677400
1064323800,2003-09-23,102.58999633789062,103.29000091552734,102.36000061035156,102.94000244140625,32489200
1064410200,2003-09-24,103.12000274658203,103.22000122070312,101.06999969482422,101.11000061035156,41694700
1064496600,2003-09-25,101.41000366210938,101.87999725341797,100.19999694824219,100.27999877929688,52673100
1064583000,2003-09-26,100.44000244140625,100.66000366210938,99.8499984741211,99.94999694824219,42914700
1064842200,2003-09-29,100.30000305175781,100.98999786376953,99.79000091552734,100.93000030517578,36771600
1064928600,2003-09-30,100.4800033569336,100.76000213623047,99.25,99.94999694824219,70764500
1065015000,2003-10-01,100.23999786376953,102.18000030517578,100.19999694824219,102.08000183105469,65797600
1065101400,2003-10-02,101.93000030517578,102.55999755859375,101.62999725341797,102.44999694824219,44591500
1065187800,2003-10-03,103.66999816894531,104.27999877929688,103.08000183105469,103.38999938964844,48806900
1065447000,2003-10-06,103.4800033569336,103.98999786376953,103.19999694824219,103.86000061035156,20226500
1065533400,2003-10-07,103.26000213623047,104.30999755859375,102.91000366210938,104.26000213623047,42602900
1065619800,2003-10-08,104.33000183105469,104.38999938964844,103.41000366210938,104,30920800
1065706200,2003-10-09,104.87999725341797,105.22000122070312,103.83000183105469,104.27999877929688,40066500
1065792600,2003-10-10,104.2699966430664,104.5999984741211,103.91000366210938,104.56999969482422,22682800
1066051800,2003-10-13,104.70999908447266,105.29000091552734,104.51000213623047,104.9000015258789,23825600
1066138200,2003-10-14,104.80000305175781,105.43000030517578,104.36000061035156,105.2699966430664,38484400
1066224600,2003-10-15,105.86000061035156,105.88999938964844,104.63999938964844,104.98999786376953,39021700
1066311000,2003-10-16,104.68000030517578,105.7300033569336,104.6500015258789,105.41000366210938,32772200
1066397400,2003-10-17,105.47000122070312,105.62999725341797,103.9800033569336,104.26000213623047,32790300
1066656600,2003-10-20,104.44999694824219,105.04000091552734,103.94000244140625,105.04000091552734,27657000
1066743000,2003-10-21,104.81999969482422,105.27999877929688,104.31999969482422,104.86000061035156,26729100
1066829400,2003-10-22,104.02999877929688,104.19000244140625,103.19000244140625,103.54000091552734,33914500
1066915800,2003-10-23,102.88999938964844,103.94999694824219,102.83999633789062,103.3499984741211,45830500
1067002200,2003-10-24,102.83000183105469,103.58000183105469,102.18000030517578,103.58000183105469,51723600
1067265000,2003-10-27,103.73999786376953,104.18000030517578,103.2699966430664,103.62999725341797,32460200
1067351400,2003-10-28,103.9800033569336,105.1500015258789,103.81999969482422,105.04000091552734,34956200
1067437800,2003-10-29,104.7699966430664,105.43000030517578,103.87000274658203,105.18000030517578,30955400
1067524200,2003-10-30,105.79000091552734,105.97000122070312,104.80000305175781,105.4000015258789,39123100
1067610600,2003-10-31,105.4000015258789,105.73999786376953,105.22000122070312,105.30000305175781,25761600
1067869800,2003-11-03,105.75,106.61000061035156,105.70999908447266,105.98999786376953,37589300
1067956200,2003-11-04,105.98999786376953,106.2699966430664,105.58000183105469,105.76000213623047,31421600
1068042600,2003-11-05,105.48999786376953,105.97000122070312,104.9000015258789,105.83999633789062,33558800
1068129000,2003-11-06,105.5999984741211,106.44000244140625,105.0999984741211,106.4000015258789,28392300
1068215400,2003-11-07,106.63999938964844,106.72000122070312,105.56999969482422,105.61000061035156,31723200
1068474600,2003-11-10,105.73999786376953,105.83999633789062,105.01000213623047,105.18000030517578,25530800
1068561000,2003-11-11,105.08999633789062,105.33000183105469,104.80000305175781,105.1500015258789,26558600
1068647400,2003-11-12,105.2300033569336,106.47000122070312,105.16000366210938,106.33000183105469,28000000
1068733800,2003-11-13,106.01000213623047,106.54000091552734,105.77999877929688,106.36000061035156,29714800
1068820200,2003-11-14,106.4000015258789,106.94999694824219,105.29000091552734,105.45999908447266,49158500
1069079400,2003-11-17,104.91000366210938,105.13999938964844,104.04000091552734,104.93000030517578,44382100
1069165800,2003-11-18,105.23999786376953,105.44999694824219,103.69999694824219,103.83999633789062,41155000
1069252200,2003-11-19,104.02999877929688,105.01000213623047,103.91999816894531,104.72000122070312,29827000
1069338600,2003-11-20,104,105.23999786376953,103.75,103.77999877929688,53578700
1069425000,2003-11-21,104.23999786376953,104.33000183105469,103.62000274658203,104.20999908447266,30016000
1069684200,2003-11-24,104.69000244140625,105.77999877929688,104.68000030517578,105.58999633789062,28906400
1069770600,2003-11-25,105.7300033569336,106.41999816894531,105.44999694824219,105.98999786376953,37580000
1069857000,2003-11-26,106.41999816894531,106.44999694824219,105.38999938964844,106.37000274658203,33053600
1070029800,2003-11-28,106.27999877929688,106.66000366210938,106.19999694824219,106.44999694824219,10507500
1070289000,2003-12-01,106.8499984741211,107.68000030517578,106.80000305175781,107.5999984741211,38699000
1070375400,2003-12-02,107.37999725341797,107.7699966430664,107.06999969482422,107.33000183105469,35352000
1070461800,2003-12-03,107.6500015258789,108.08000183105469,107.06999969482422,107.16000366210938,39078600
1070548200,2003-12-04,107.16999816894531,107.72000122070312,106.94000244140625,107.5999984741211,36089500
1070634600,2003-12-05,107.12000274658203,107.80000305175781,106.62000274658203,106.8499984741211,28824400
1070893800,2003-12-08,106.73999786376953,107.63999938964844,106.68000030517578,107.56999969482422,32482900
1070980200,2003-12-09,107.9000015258789,107.93000030517578,106.54000091552734,106.73999786376953,43596100
1071066600,2003-12-10,106.7699966430664,106.9800033569336,105.95999908447266,106.7300033569336,36915400
1071153000,2003-12-11,106.68000030517578,108.0999984741211,106.66999816894531,107.93000030517578,45304000
1071239400,2003-12-12,107.97000122070312,108.19999694824219,107.38999938964844,108.13999938964844,34142200
1071498600,2003-12-15,109.16999816894531,109.2300033569336,107.4800033569336,107.5999984741211,38693400
1071585000,2003-12-16,107.68000030517578,108.5,107.5199966430664,108.16000366210938,32894200
1071671400,2003-12-17,108.05999755859375,108.5,107.80000305175781,108.5,23198800
1071757800,2003-12-18,108.55000305175781,109.7300033569336,108.38999938964844,109.72000122070312,29353100
1071844200,2003-12-19,109.30000305175781,109.37000274658203,108.58000183105469,108.9000015258789,41465100
1072103400,2003-12-22,108.79000091552734,109.66000366210938,108.77999877929688,109.66000366210938,27611300
1072189800,2003-12-23,109.4800033569336,109.94999694824219,109.37999725341797,109.7300033569336,24741200
1072276200,2003-12-24,109.5199966430664,109.87999725341797,109.43000030517578,109.62000274658203,8055800
1072449000,2003-12-26,109.70999908447266,110.08000183105469,109.62999725341797,109.69999694824219,8308400
1072708200,2003-12-29,110.0999984741211,111.2699966430664,109.77999877929688,111.16000366210938,22483700
1072794600,2003-12-30,111.08999633789062,111.2699966430664,110.8499984741211,111.18000030517578,19559500
1072881000,2003-12-31,111.22000122070312,111.5199966430664,110.83999633789062,111.27999877929688,31501800
1073053800,2004-01-02,111.73999786376953,112.19000244140625,110.7300033569336,111.2300033569336,38072300
1073313000,2004-01-05,111.69000244140625,112.5199966430664,111.58999633789062,112.44000244140625,27959800
1073399400,2004-01-06,112.16000366210938,112.7300033569336,112,112.55000305175781,20472800
1073485800,2004-01-07,112.38999938964844,113.05999755859375,111.88999938964844,112.93000030517578,30170400
1073572200,2004-01-08,113.25,113.41000366210938,112.7699966430664,113.37999725341797,36438400
1073658600,2004-01-09,112.83000183105469,113.5,112.2699966430664,112.38999938964844,54084300
1073917800,2004-01-12,112.55000305175781,113.25,112.36000061035156,113.22000122070312,31564100
1074004200,2004-01-13,113.08999633789062,113.2300033569336,111.76000213623047,112.55999755859375,54239700
1074090600,2004-01-14,112.76000213623047,113.66000366210938,112.66999816894531,113.5,30112800
1074177000,2004-01-15,113.56999969482422,114.05999755859375,112.58000183105469,113.77999877929688,38408700
1074263400,2004-01-16,114.04000091552734,114.30999755859375,113.62999725341797,114.2300033569336,31922700
1074609000,2004-01-20,114.52999877929688,114.6500015258789,113.81999969482422,114.19999694824219,29863000
1074695400,2004-01-21,114.12999725341797,115.30000305175781,113.72000122070312,115.0999984741211,30725000
1074781800,2004-01-22,115.13999938964844,115.37999725341797,114.58000183105469,114.80000305175781,29888500
1074868200,2004-01-23,115,115.37000274658203,113.94999694824219,114.43000030517578,44245300
1075127400,2004-01-26,114.38999938964844,115.93000030517578,114.37999725341797,115.87000274658203,30460600
1075213800,2004-01-27,115.75,116.5,114.6500015258789,114.68000030517578,35322800
1075300200,2004-01-28,114.9800033569336,115.27999877929688,112.94000244140625,113.37000274658203,52621300
1075386600,2004-01-29,113.55999755859375,113.8499984741211,112.55999755859375,113.4800033569336,60117100
1075473000,2004-01-30,113.5199966430664,113.72000122070312,113.08999633789062,113.4800033569336,30984400
1075732200,2004-02-02,113.69999694824219,114.68000030517578,113.12000274658203,113.97000122070312,38832400
1075818600,2004-02-03,113.73999786376953,114.13999938964844,113.44000244140625,113.77999877929688,25093500
1075905000,2004-02-04,113.19000244140625,113.7300033569336,112.79000091552734,112.8499984741211,39332600
1075991400,2004-02-05,113.16999816894531,113.54000091552734,112.77999877929688,113.18000030517578,37226800
1076077800,2004-02-06,113.41999816894531,114.69999694824219,113.19999694824219,114.44999694824219,37216000
1076337000,2004-02-09,114.66999816894531,114.87000274658203,114.29000091552734,114.4800033569336,24851300
1076423400,2004-02-10,114.27999877929688,115.13999938964844,114.26000213623047,114.8499984741211,27908100
1076509800,2004-02-11,114.8499984741211,116.38999938964844,114.16999816894531,116.06999969482422,42965700
1076596200,2004-02-12,115.97000122070312,116.2699966430664,115.58000183105469,115.6500015258789,27814700
1076682600,2004-02-13,115.81999969482422,116.19999694824219,114.75,115.12999725341797,44739900
1077028200,2004-02-17,115.8499984741211,116.43000030517578,115.7699966430664,116.16999816894531,23984300
1077114600,2004-02-18,116.19999694824219,116.5999984741211,115.3499984741211,115.66000366210938,28618000
1077201000,2004-02-19,116.33000183105469,116.38999938964844,115.05999755859375,115.2300033569336,51146200
1077287400,2004-02-20,115.4800033569336,115.55999755859375,114.31999969482422,114.87999725341797,46728800
1077546600,2004-02-23,115.22000122070312,115.26000213623047,114.16999816894531,114.58999633789062,36357000
1077633000,2004-02-24,114.2699966430664,114.98999786376953,113.02999877929688,114.38999938964844,43953000
1077719400,2004-02-25,114.45999908447266,115.05999755859375,114.31999969482422,114.87000274658203,31213600
1077805800,2004-02-26,114.61000061035156,115.29000091552734,114.33999633789062,114.94000244140625,29683000
1077892200,2004-02-27,115.19000244140625,115.73999786376953,114.62999725341797,115.0199966430664,39312000
1078151400,2004-03-01,115.43000030517578,116.33999633789062,115.25,116.16000366210938,33130800
1078237800,2004-03-02,115.94000244140625,116.97000122070312,115.2300033569336,115.4800033569336,38556400
1078324200,2004-03-03,115.25,115.87000274658203,114.91999816894531,115.69000244140625,31346200
1078410600,2004-03-04,115.72000122070312,116.0999984741211,115.5199966430664,115.98999786376953,21060000
1078497000,2004-03-05,115.41999816894531,116.94999694824219,115.27999877929688,116.37999725341797,55905600
1078756200,2004-03-08,116.33999633789062,116.62000274658203,114.91000366210938,114.95999908447266,39281600
1078842600,2004-03-09,115.0999984741211,115.20999908447266,114.23999786376953,114.5,39746100
1078929000,2004-03-10,114.72000122070312,114.7699966430664,112.55999755859375,112.58000183105469,67671800
1079015400,2004-03-11,112.4000015258789,113.2699966430664,111.0999984741211,111.12000274658203,89134800
1079101800,2004-03-12,111.7300033569336,112.70999908447266,111.58000183105469,112.58000183105469,54012200
1079361000,2004-03-15,112.2699966430664,112.3499984741211,110.9000015258789,111.19999694824219,57677200
1079447400,2004-03-16,111.77999877929688,112.05999755859375,110.83999633789062,111.79000091552734,59832600
1079533800,2004-03-17,112.18000030517578,113.26000213623047,112.0999984741211,113.04000091552734,41607300
1079620200,2004-03-18,112.69999694824219,113.2699966430664,111.93000030517578,113.06999969482422,60014300
1079706600,2004-03-19,112.41000366210938,112.56999969482422,111.04000091552734,111.05999755859375,48636200
1079965800,2004-03-22,110.54000091552734,110.56999969482422,109.0999984741211,109.6500015258789,62752100
1080052200,2004-03-23,110.25,110.4000015258789,109.36000061035156,109.45999908447266,54080200
1080138600,2004-03-24,109.58000183105469,110.13999938964844,108.8499984741211,109.55000305175781,51584300
1080225000,2004-03-25,110.08000183105469,111.30000305175781,109.79000091552734,111,49873600
1080311400,2004-03-26,110.95999908447266,111.79000091552734,110.80000305175781,111.02999877929688,37409500
1080570600,2004-03-29,111.62999725341797,112.73999786376953,111.58000183105469,112.58999633789062,44113600
1080657000,2004-03-30,112.30000305175781,113.06999969482422,112.22000122070312,112.97000122070312,39059900
1080743400,2004-03-31,112.98999786376953,113.4000015258789,112.37999725341797,113.0999984741211,48517600
1080829800,2004-04-01,113.06999969482422,113.87000274658203,113.05000305175781,113.77999877929688,45103800
1080916200,2004-04-02,114.80999755859375,114.83999633789062,113.9000015258789,114.63999938964844,50987700
1081171800,2004-04-05,114.45999908447266,115.37999725341797,114.44000244140625,115.2699966430664,30251800
1081258200,2004-04-06,114.83000183105469,115.18000030517578,114.62000274658203,114.9000015258789,28420900
1081344600,2004-04-07,114.94999694824219,114.9800033569336,114.11000061035156,114.62999725341797,45890500
1081431000,2004-04-08,115.41000366210938,115.41000366210938,113.73999786376953,114.37000274658203,46929700
1081776600,2004-04-12,114.58000183105469,115.08000183105469,114.56999969482422,114.81999969482422,23085200
1081863000,2004-04-13,115.26000213623047,115.30000305175781,113.0199966430664,113.20999908447266,56210300
1081949400,2004-04-14,112.61000061035156,113.63999938964844,112.55000305175781,113.38999938964844,62322300
1082035800,2004-04-15,113.44999694824219,113.77999877929688,112.36000061035156,112.95999908447266,61602500
1082122200,2004-04-16,113.37999725341797,114.05000305175781,112.9800033569336,113.83000183105469,47059200
1082381400,2004-04-19,113.55000305175781,113.98999786376953,113.2699966430664,113.83000183105469,28277600
1082467800,2004-04-20,114.08000183105469,114.31999969482422,111.77999877929688,111.91999816894531,53299400
1082554200,2004-04-21,112.19999694824219,112.94999694824219,111.87000274658203,112.66999816894531,50177300
1082640600,2004-04-22,112.4800033569336,114.66999816894531,112.44000244140625,114.25,62071500
1082727000,2004-04-23,114.41999816894531,114.56999969482422,113.79000091552734,114.36000061035156,29395700
1082986200,2004-04-26,114.5,114.94000244140625,113.5999984741211,114.19999694824219,35515200
1083072600,2004-04-27,114.2300033569336,115.12000274658203,113.95999908447266,114.30000305175781,43485500
1083159000,2004-04-28,113.88999938964844,114.01000213623047,112.5,112.81999969482422,50165800
1083245400,2004-04-29,112.72000122070312,113.31999969482422,111.16000366210938,111.83000183105469,69687600
1083331800,2004-04-30,112.16999816894531,112.37999725341797,110.9000015258789,110.95999908447266,48681400
1083591000,2004-05-03,111.37000274658203,112.29000091552734,111.3499984741211,112.1500015258789,33758000
1083677400,2004-05-04,112.25,113.26000213623047,111.66000366210938,112.05999755859375,51185100
1083763800,2004-05-05,112.41000366210938,112.95999908447266,112.16000366210938,112.77999877929688,34405000
1083850200,2004-05-06,112.0199966430664,112.58999633789062,111,111.80999755859375,54997000
1083936600,2004-05-07,111.22000122070312,112.2300033569336,109.95999908447266,109.95999908447266,60950000
1084195800,2004-05-10,109.44000244140625,109.75,108.36000061035156,108.83000183105469,75279400
1084282200,2004-05-11,109.45999908447266,110.05000305175781,109.33000183105469,109.75,48300600
1084368600,2004-05-12,109.56999969482422,110.54000091552734,108.05999755859375,110.44999694824219,90830500
1084455000,2004-05-13,109.76000213623047,110.80999755859375,109.62999725341797,109.98999786376953,57393700
1084541400,2004-05-14,109.94999694824219,110.73999786376953,109.2699966430664,110.04000091552734,54123100
1084800600,2004-05-17,108.88999938964844,109.5,108.41000366210938,109.0999984741211,55020400
1084887000,2004-05-18,109.48999786376953,109.94000244140625,109.33000183105469,109.6500015258789,30193100
1084973400,2004-05-19,110.5,111.18000030517578,109.1500015258789,109.2699966430664,54804100
1085059800,2004-05-20,109.44999694824219,109.87000274658203,109.04000091552734,109.62000274658203,38082900
1085146200,2004-05-21,109.97000122070312,110.55000305175781,109.47000122070312,109.80999755859375,47480400
1085405400,2004-05-24,110.52999877929688,110.76000213623047,109.68000030517578,110.2699966430664,40961500
1085491800,2004-05-25,109.9000015258789,111.9800033569336,109.5999984741211,111.8499984741211,48668000
1085578200,2004-05-26,111.66000366210938,112.29000091552734,111.51000213623047,112.23999786376953,35977000
1085664600,2004-05-27,112.54000091552734,113.02999877929688,112.05999755859375,112.87000274658203,45306900
1085751000,2004-05-28,112.7300033569336,112.87999725341797,112.36000061035156,112.86000061035156,23367200
1086096600,2004-06-01,112.45999908447266,112.86000061035156,111.87000274658203,112.70999908447266,41044700
1086183000,2004-06-02,113.02999877929688,113.4800033569336,112.45999908447266,113.12999725341797,39774200
1086269400,2004-06-03,112.80999755859375,113.19000244140625,112.06999969482422,112.08999633789062,38688300
1086355800,2004-06-04,112.9800033569336,113.58000183105469,112.70999908447266,112.9800033569336,32739500
1086615000,2004-06-07,113.43000030517578,114.80999755859375,113.41999816894531,114.69999694824219,31643800
1086701400,2004-06-08,114.37000274658203,114.91999816894531,114.16999816894531,114.86000061035156,32846500
1086787800,2004-06-09,114.51000213623047,114.69999694824219,113.72000122070312,113.79000091552734,36737600
1086874200,2004-06-10,114.04000091552734,114.3499984741211,113.93000030517578,114.3499984741211,21711000
1087219800,2004-06-14,113.81999969482422,113.8499984741211,112.87000274658203,113.22000122070312,34633000
1087306200,2004-06-15,113.9000015258789,114.44999694824219,113.51000213623047,114.0199966430664,37445000
1087392600,2004-06-16,114,114.19999694824219,113.69999694824219,114,26633400
1087479000,2004-06-17,113.8499984741211,114.06999969482422,113.33000183105469,113.83000183105469,28402400
1087565400,2004-06-18,113.2699966430664,114.22000122070312,113.18000030517578,113.62999725341797,31799800
1087824600,2004-06-21,113.75,114.13999938964844,113.12999725341797,113.19999694824219,25284000
1087911000,2004-06-22,113.12999725341797,113.87999725341797,112.66999816894531,113.7699966430664,37334000
1087997400,2004-06-23,113.61000061035156,114.83999633789062,113.41999816894531,114.75,35580000
1088083800,2004-06-24,114.55999755859375,114.93000030517578,114.26000213623047,114.38999938964844,35272100
1088170200,2004-06-25,114.41000366210938,114.94000244140625,113.68000030517578,113.83999633789062,32837900
1088429400,2004-06-28,114.5199966430664,114.61000061035156,113.41000366210938,113.44999694824219,40824500
1088515800,2004-06-29,113.52999877929688,114.16999816894531,113.41999816894531,113.91999816894531,28418100
1088602200,2004-06-30,114.06999969482422,114.79000091552734,113.6500015258789,114.52999877929688,52230600
1088688600,2004-07-01,114.25,114.4000015258789,112.58000183105469,112.94000244140625,57734700
1088775000,2004-07-02,113.16000366210938,113.29000091552734,112.5999984741211,112.87999725341797,34615100
1089120600,2004-07-06,112.37000274658203,112.44999694824219,111.62999725341797,111.88999938964844,38698200
1089207000,2004-07-07,111.80999755859375,112.56999969482422,111.75,112.22000122070312,29839800
1089293400,2004-07-08,111.80999755859375,112.31999969482422,111.19999694824219,111.44000244140625,45291100
1089379800,2004-07-09,111.72000122070312,111.94000244140625,111.37999725341797,111.7300033569336,27412900
1089639000,2004-07-12,111.5199966430664,112.04000091552734,111,111.77999877929688,35691300
1089725400,2004-07-13,111.91999816894531,112.0199966430664,111.5999984741211,111.86000061035156,26752000
1089811800,2004-07-14,111.26000213623047,112.38999938964844,111.12000274658203,111.5199966430664,54089400
1089898200,2004-07-15,111.73999786376953,111.91000366210938,110.69999694824219,110.80000305175781,38403500
1089984600,2004-07-16,111.56999969482422,111.66999816894531,110.44000244140625,110.70999908447266,40871200
1090243800,2004-07-19,110.75,110.95999908447266,109.98999786376953,110.23999786376953,39592800
1090330200,2004-07-20,110.52999877929688,111.9000015258789,110.25,111.63999938964844,46679800
1090416600,2004-07-21,111.81999969482422,112.05999755859375,109.44999694824219,109.58000183105469,56241100
1090503000,2004-07-22,109.36000061035156,110.38999938964844,108.7699966430664,109.87999725341797,72477100
1090589400,2004-07-23,109.62000274658203,109.70999908447266,108.69000244140625,108.95999908447266,49610500
1090848600,2004-07-26,109.19000244140625,109.43000030517578,108.20999908447266,108.75,49679100
1090935000,2004-07-27,109.05000305175781,110.11000061035156,108.97000122070312,109.7699966430664,51295100
1091021400,2004-07-28,109.55000305175781,110.37000274658203,108.58999633789062,110.0999984741211,65862300
1091107800,2004-07-29,110.54000091552734,110.87000274658203,110,110.56999969482422,52200500
1091194200,2004-07-30,110.31999969482422,110.9000015258789,110.0999984741211,110.83999633789062,41581700
1091453400,2004-08-02,110.19000244140625,111.36000061035156,110.05000305175781,111.06999969482422,38263100
1091539800,2004-08-03,110.93000030517578,111.05999755859375,110.16000366210938,110.20999908447266,40948800
1091626200,2004-08-04,109.88999938964844,110.75,109.63999938964844,110.19999694824219,40763200
1091712600,2004-08-05,110.29000091552734,110.37999725341797,108.2699966430664,108.4000015258789,50772000
1091799000,2004-08-06,107.62999725341797,107.95999908447266,106.62000274658203,106.8499984741211,74729000
1092058200,2004-08-09,107.0199966430664,107.4800033569336,106.87000274658203,107,37476300
1092144600,2004-08-10,107.30999755859375,108.41000366210938,107.26000213623047,108.37999725341797,55870600
1092231000,2004-08-11,107.68000030517578,108.33000183105469,107.0999984741211,108.16000366210938,52933200
1092317400,2004-08-12,107.68000030517578,107.94999694824219,106.62999725341797,106.9800033569336,50015900
1092403800,2004-08-13,107.0999984741211,107.3499984741211,106.58999633789062,107.19000244140625,41634700
1092663000,2004-08-16,107.13999938964844,108.63999938964844,107.0999984741211,108.30000305175781,45731900
1092749400,2004-08-17,108.75,109.27999877929688,108.52999877929688,108.91000366210938,40701600
1092835800,2004-08-18,108.5199966430664,110.16999816894531,108.48999786376953,110.02999877929688,43165400
1092922200,2004-08-19,109.80999755859375,110.0199966430664,109.18000030517578,109.70999908447266,39881600
1093008600,2004-08-20,109.61000061035156,110.62999725341797,109.51000213623047,110.4800033569336,44870900
1093267800,2004-08-23,110.55000305175781,110.7699966430664,110.05000305175781,110.19999694824219,33745100
1093354200,2004-08-24,110.63999938964844,110.7300033569336,109.8499984741211,110.3499984741211,30453100
1093440600,2004-08-25,110.33000183105469,111.2699966430664,109.9000015258789,111.0999984741211,38551400
1093527000,2004-08-26,110.95999908447266,111.30999755859375,110.8499984741211,111.0999984741211,26629500
1093613400,2004-08-27,111.19999694824219,111.62999725341797,111.05000305175781,111.44999694824219,24902900
1093872600,2004-08-30,111.22000122070312,111.33999633789062,110.44999694824219,110.52999877929688,26726500
1093959000,2004-08-31,110.66000366210938,111.16000366210938,110.0999984741211,111.11000061035156,44125300
1094045400,2004-09-01,110.94999694824219,111.63999938964844,110.4800033569336,111.31999969482422,52778300
1094131800,2004-09-02,111.23999786376953,112.69999694824219,111.23999786376953,112.58000183105469,42736600
1094218200,2004-09-03,112.33000183105469,112.81999969482422,112.01000213623047,112.12000274658203,30480500
1094563800,2004-09-07,112.54000091552734,113.12999725341797,112.31999969482422,112.86000061035156,37338800
1094650200,2004-09-08,112.62000274658203,113.05999755859375,112.30999755859375,112.58000183105469,32963100
1094736600,2004-09-09,112.56999969482422,112.87999725341797,112.02999877929688,112.4800033569336,34314800
1094823000,2004-09-10,112.5199966430664,113.2699966430664,112.08000183105469,113.05999755859375,27900600
1095082200,2004-09-13,113.30999755859375,113.73999786376953,113.01000213623047,113.43000030517578,44398100
1095168600,2004-09-14,113.30000305175781,113.69000244140625,113.19000244140625,113.66000366210938,28048900
1095255000,2004-09-15,113.30000305175781,113.36000061035156,112.68000030517578,112.80000305175781,38295000
1095341400,2004-09-16,112.8499984741211,113.37000274658203,112.80000305175781,113.13999938964844,23911700
1095427800,2004-09-17,112.94999694824219,113.36000061035156,112.69000244140625,113.1500015258789,33683000
1095687000,2004-09-20,112.66999816894531,112.98999786376953,112.27999877929688,112.47000122070312,37149400
1095773400,2004-09-21,112.75,113.47000122070312,112.54000091552734,112.95999908447266,40920800
1095859800,2004-09-22,112.5,112.5199966430664,111.47000122070312,111.55000305175781,49042100
1095946200,2004-09-23,111.5999984741211,111.69999694824219,110.94999694824219,110.94999694824219,44068700
1096032600,2004-09-24,111.16999816894531,111.7300033569336,111.12999725341797,111.45999908447266,34981100
1096291800,2004-09-27,111.0999984741211,111.19999694824219,110.58000183105469,110.75,39355100
1096378200,2004-09-28,110.91000366210938,111.51000213623047,110.41000366210938,111.27999877929688,41662900
1096464600,2004-09-29,111.20999908447266,111.8499984741211,111,111.83999633789062,33325700
1096551000,2004-09-30,111.55000305175781,111.9800033569336,111.26000213623047,111.76000213623047,43536700
1096637400,2004-10-01,112.26000213623047,113.6500015258789,112.20999908447266,113.6500015258789,62824300
1096896600,2004-10-04,114.0999984741211,114.44000244140625,113.80000305175781,113.83999633789062,33082400
1096983000,2004-10-05,113.8499984741211,114.16000366210938,113.54000091552734,113.9000015258789,36910600
1097069400,2004-10-06,113.7699966430664,114.68000030517578,113.68000030517578,114.68000030517578,42297800
1097155800,2004-10-07,114.37999725341797,114.4000015258789,113.36000061035156,113.44999694824219,39388800
1097242200,2004-10-08,113.1500015258789,113.7699966430664,112.3499984741211,112.51000213623047,51872600
1097501400,2004-10-11,112.77999877929688,113.0199966430664,112.63999938964844,112.97000122070312,20229100
1097587800,2004-10-12,112.19999694824219,112.83000183105469,111.94000244140625,112.52999877929688,41754700
1097674200,2004-10-13,113,113.06999969482422,111.31999969482422,111.54000091552734,54212600
1097760600,2004-10-14,111.68000030517578,111.93000030517578,110.58000183105469,110.63999938964844,64082200
1097847000,2004-10-15,111.0199966430664,111.73999786376953,110.56999969482422,111.26000213623047,63482200
1098106200,2004-10-18,110.88999938964844,111.9000015258789,110.69999694824219,111.68000030517578,43535100
1098192600,2004-10-19,112.0199966430664,112.2300033569336,110.58999633789062,110.73999786376953,55851900
1098279000,2004-10-20,110.37999725341797,110.81999969482422,109.75,110.5199966430664,57118500
1098365400,2004-10-21,110.79000091552734,111.31999969482422,110.20999908447266,111.23999786376953,53218300
1098451800,2004-10-22,111.19000244140625,111.25,109.86000061035156,109.98999786376953,48752400
1098711000,2004-10-25,109.75,110.12000274658203,109.3499984741211,109.86000061035156,43990900
1098797400,2004-10-26,110.12999725341797,111.5999984741211,109.87999725341797,111.54000091552734,54337400
1098883800,2004-10-27,111.37999725341797,113.0999984741211,111.12000274658203,112.87999725341797,73896000
1098970200,2004-10-28,112.77999877929688,113.55999755859375,112.48999786376953,113.22000122070312,54413300
1099056600,2004-10-29,113.12000274658203,113.63999938964844,112.9000015258789,113.19999694824219,48820200
1099319400,2004-11-01,113.55999755859375,113.83999633789062,113.19999694824219,113.51000213623047,36720900
1099405800,2004-11-02,113.66999816894531,114.56999969482422,113.22000122070312,113.55000305175781,56210000
1099492200,2004-11-03,115.02999877929688,115.36000061035156,114.23999786376953,114.9800033569336,76960200
1099578600,2004-11-04,114.77999877929688,116.66999816894531,114.68000030517578,116.55000305175781,55350300
1099665000,2004-11-05,117.05000305175781,117.63999938964844,116.48999786376953,117.27999877929688,63287200
1099924200,2004-11-08,116.9800033569336,117.2300033569336,116.72000122070312,117.11000061035156,33863800
1100010600,2004-11-09,117.08000183105469,117.5,116.76000213623047,116.87999725341797,44658100
1100097000,2004-11-10,117.05999755859375,117.55000305175781,116.76000213623047,116.97000122070312,45265400
1100183400,2004-11-11,117.18000030517578,118.12000274658203,117.0999984741211,117.86000061035156,37863200
1100269800,2004-11-12,117.97000122070312,119,117.68000030517578,118.79000091552734,55583700
1100529000,2004-11-15,118.5,118.7699966430664,118.2300033569336,118.7300033569336,35297900
1100615400,2004-11-16,118.36000061035156,118.41000366210938,117.7300033569336,117.87999725341797,40028700
1100701800,2004-11-17,118.37000274658203,119.13999938964844,118.06999969482422,118.58000183105469,54494000
1100788200,2004-11-18,118.52999877929688,118.80000305175781,118.2300033569336,118.73999786376953,31854300
1100874600,2004-11-19,118.69999694824219,118.72000122070312,117.13999938964844,117.41999816894531,54276500
1101133800,2004-11-22,117.16999816894531,118.12000274658203,117.02999877929688,117.9800033569336,37560200
1101220200,2004-11-23,117.93000030517578,118.26000213623047,117.37000274658203,118.16000366210938,41968800
1101306600,2004-11-24,118.2699966430664,118.58999633789062,118.05000305175781,118.44000244140625,29724800
1101479400,2004-11-26,118.51000213623047,118.9800033569336,118.30000305175781,118.3499984741211,15487700
1101738600,2004-11-29,118.79000091552734,119.01000213623047,117.4800033569336,117.80999755859375,61460800
1101825000,2004-11-30,118,118.23999786376953,117.63999938964844,117.88999938964844,53685200
1101911400,2004-12-01,118.16000366210938,119.5,118.0999984741211,119.2300033569336,49898300
1101997800,2004-12-02,119.0999984741211,119.87000274658203,119.01000213623047,119.33000183105469,60163500
1102084200,2004-12-03,119.30999755859375,120.13999938964844,119.08999633789062,119.25,49067900
1102343400,2004-12-06,119.20999908447266,119.63999938964844,118.83999633789062,119.20999908447266,33030500
1102429800,2004-12-07,119.48999786376953,119.62000274658203,118.04000091552734,118.0999984741211,52047200
1102516200,2004-12-08,118.20999908447266,118.81999969482422,118.01000213623047,118.79000091552734,43895100
1102602600,2004-12-09,118.13999938964844,119.45999908447266,117.7300033569336,119.20999908447266,60922800
1102689000,2004-12-10,118.91999816894531,119.55999755859375,118.8499984741211,119.33000183105469,47828600
1102948200,2004-12-13,119.76000213623047,120.4000015258789,119.3499984741211,120.37000274658203,38541000
1103034600,2004-12-14,120.18000030517578,120.95999908447266,120.18000030517578,120.79000091552734,41500700
1103121000,2004-12-15,120.69999694824219,121.11000061035156,120.30999755859375,120.87999725341797,46699200
1103207400,2004-12-16,120.72000122070312,121.23999786376953,120.04000091552734,120.80999755859375,51641800
1103293800,2004-12-17,119.45999908447266,119.97000122070312,119.16000366210938,119.44000244140625,70761900
1103553000,2004-12-20,119.75,120.29000091552734,119.16999816894531,119.47000122070312,47187400
1103639400,2004-12-21,119.5999984741211,120.4800033569336,119.45999908447266,120.38999938964844,33094200
1103725800,2004-12-22,120.37999725341797,121.08000183105469,120.30000305175781,120.68000030517578,31500700
1103812200,2004-12-23,120.87000274658203,121.27999877929688,120.66000366210938,120.7699966430664,25646100
1104157800,2004-12-27,121.19999694824219,121.36000061035156,120.38999938964844,120.5199966430664,29944100
1104244200,2004-12-28,120.63999938964844,121.33000183105469,120.5999984741211,121.18000030517578,23422900
1104330600,2004-12-29,121.08000183105469,121.4000015258789,120.94999694824219,121.36000061035156,22650600
1104417000,2004-12-30,121.4000015258789,121.56999969482422,121.04000091552734,121.12999725341797,21076900
1104503400,2004-12-31,121.30000305175781,121.66000366210938,120.80000305175781,120.87000274658203,28648800
1104762600,2005-01-03,121.55999755859375,121.76000213623047,119.9000015258789,120.30000305175781,55748000
1104849000,2005-01-04,120.45999908447266,120.54000091552734,118.44000244140625,118.83000183105469,69167600
1104935400,2005-01-05,118.73999786376953,119.25,118,118.01000213623047,65667300
1105021800,2005-01-06,118.44000244140625,119.1500015258789,118.26000213623047,118.61000061035156,47814700
1105108200,2005-01-07,118.97000122070312,119.2300033569336,118.12999725341797,118.44000244140625,55847700
1105367400,2005-01-10,118.33999633789062,119.45999908447266,118.33999633789062,119,56563300
1105453800,2005-01-11,118.63999938964844,118.73999786376953,117.98999786376953,118.18000030517578,63099700
1105540200,2005-01-12,118.4000015258789,118.83999633789062,117.5199966430664,118.56999969482422,72720500
1105626600,2005-01-13,118.63999938964844,118.7300033569336,117.5,117.62000274658203,55537500
1105713000,2005-01-14,117.97000122070312,118.52999877929688,117.76000213623047,118.23999786376953,42032500
1106058600,2005-01-18,118.05000305175781,119.62000274658203,117.94999694824219,119.47000122070312,57391700
1106145000,2005-01-19,119.43000030517578,119.5199966430664,118.20999908447266,118.22000122070312,54378900
1106231400,2005-01-20,117.88999938964844,118.19999694824219,117.29000091552734,117.5,72049300
1106317800,2005-01-21,117.79000091552734,118,116.6500015258789,116.77999877929688,63160400
1106577000,2005-01-24,117.08999633789062,117.33999633789062,116.37000274658203,116.55000305175781,58441900
1106663400,2005-01-25,116.91000366210938,117.47000122070312,116.72000122070312,116.87999725341797,68245000
1106749800,2005-01-26,117.31999969482422,117.5999984741211,117.04000091552734,117.2300033569336,57195100
1106836200,2005-01-27,117.19000244140625,117.75,116.9800033569336,117.43000030517578,55878800
1106922600,2005-01-28,117.48999786376953,117.55000305175781,116.61000061035156,117.43000030517578,60738900
1107181800,2005-01-31,117.94999694824219,118.25,117.70999908447266,118.16000366210938,52532700
1107268200,2005-02-01,118.25,119.08000183105469,118.0999984741211,118.91000366210938,49841200
1107354600,2005-02-02,119.05999755859375,119.58999633789062,118.9000015258789,119.2699966430664,52468900
1107441000,2005-02-03,119.05999755859375,119.16000366210938,118.56999969482422,118.95999908447266,48837100
1107527400,2005-02-04,119,120.43000030517578,118.9800033569336,120.2300033569336,50024600
1107786600,2005-02-07,120.25,120.5199966430664,119.95999908447266,120.06999969482422,45412000
1107873000,2005-02-08,120.16999816894531,120.6500015258789,120.06999969482422,120.20999908447266,39263500
1107959400,2005-02-09,120.41999816894531,120.48999786376953,119.25,119.30999755859375,55279400
1108045800,2005-02-10,119.66000366210938,120.0199966430664,119.26000213623047,119.73999786376953,45858600
1108132200,2005-02-11,119.69999694824219,121.04000091552734,119.45999908447266,120.7699966430664,53133000
1108391400,2005-02-14,120.69000244140625,120.86000061035156,120.4800033569336,120.68000030517578,32432100
1108477800,2005-02-15,120.80000305175781,121.43000030517578,120.68000030517578,121.12999725341797,43852700
1108564200,2005-02-16,120.93000030517578,121.45999908447266,120.66999816894531,121.20999908447266,55523000
1108650600,2005-02-17,121.2300033569336,121.33000183105469,120.22000122070312,120.2300033569336,58124000
1108737000,2005-02-18,120.23999786376953,120.4800033569336,119.9000015258789,120.38999938964844,47723300
1109082600,2005-02-22,119.9000015258789,120.47000122070312,118.58000183105469,118.5999984741211,80697600
1109169000,2005-02-23,118.93000030517578,119.56999969482422,118.62000274658203,119.44999694824219,68292600
1109255400,2005-02-24,119.23999786376953,120.31999969482422,118.9800033569336,120.23999786376953,68563600
1109341800,2005-02-25,120.2699966430664,121.66999816894531,120.18000030517578,121.43000030517578,60899900
1109601000,2005-02-28,121.1500015258789,121.30000305175781,120.04000091552734,120.62999725341797,69381300
1109687400,2005-03-01,120.81999969482422,121.5199966430664,120.77999877929688,121.2300033569336,47294400
1109773800,2005-03-02,120.76000213623047,121.93000030517578,120.6500015258789,121.16999816894531,64226500
1109860200,2005-03-03,121.66000366210938,121.9000015258789,120.69999694824219,121.22000122070312,61230800
1109946600,2005-03-04,122.05000305175781,122.83000183105469,121.79000091552734,122.7300033569336,56168500
1110205800,2005-03-07,122.66000366210938,123.25,122.4000015258789,122.79000091552734,43442400
1110292200,2005-03-08,122.66999816894531,123,122.11000061035156,122.33000183105469,44362000
1110378600,2005-03-09,121.97000122070312,122.29000091552734,120.95999908447266,120.97000122070312,73263600
1110465000,2005-03-10,121.19999694824219,121.5,120.4000015258789,121.23999786376953,65149000
1110551400,2005-03-11,121.30999755859375,121.72000122070312,120.16000366210938,120.38999938964844,57976500
1110810600,2005-03-14,120.61000061035156,121.16000366210938,120.27999877929688,121.13999938964844,36336400
1110897000,2005-03-15,121.41999816894531,121.45999908447266,120.08000183105469,120.13999938964844,62438500
1110983400,2005-03-16,119.69999694824219,120.16000366210938,118.9000015258789,119.12000274658203,74874200
1111069800,2005-03-17,119.30999755859375,119.73999786376953,118.9800033569336,119.36000061035156,62584200
1111156200,2005-03-18,119.11000061035156,119.52999877929688,118.1500015258789,118.54000091552734,60232000
1111415400,2005-03-21,118.70999908447266,118.77999877929688,117.76000213623047,118.0999984741211,61244300
1111501800,2005-03-22,118.37000274658203,118.93000030517578,116.9000015258789,116.9000015258789,92472400
1111588200,2005-03-23,116.94999694824219,117.72000122070312,116.75,117,70817300
1111674600,2005-03-24,117.45999908447266,117.98999786376953,117.05999755859375,117.13999938964844,51932500
1112020200,2005-03-28,117.41999816894531,117.94000244140625,117.30999755859375,117.30999755859375,46765500
1112106600,2005-03-29,117.13999938964844,117.9000015258789,116.25,116.52999877929688,71160300
1112193000,2005-03-30,116.77999877929688,118.19999694824219,116.7699966430664,118.18000030517578,62002100
1112279400,2005-03-31,118.19000244140625,118.45999908447266,117.87000274658203,117.95999908447266,64575400
1112365800,2005-04-01,118.62999725341797,118.98999786376953,116.91000366210938,117.43000030517578,95255300
1112621400,2005-04-04,117.36000061035156,117.86000061035156,116.73999786376953,117.62999725341797,71581200
1112707800,2005-04-05,117.77999877929688,118.37999725341797,117.66999816894531,118.19000244140625,46853900
1112794200,2005-04-06,118.44999694824219,118.94999694824219,118.18000030517578,118.5999984741211,53268200
1112880600,2005-04-07,118.41000366210938,119.26000213623047,118.31999969482422,119.23999786376953,46734600
1112967000,2005-04-08,119.16999816894531,119.20999908447266,118,118,63772900
1113226200,2005-04-11,118.29000091552734,118.41999816894531,117.83000183105469,118.08999633789062,44945000
1113312600,2005-04-12,117.88999938964844,119.05999755859375,117.06999969482422,118.69999694824219,86144800
1113399000,2005-04-13,118.55999755859375,118.80000305175781,117.12999725341797,117.30000305175781,65949000
1113485400,2005-04-14,117.4000015258789,117.5,115.7699966430664,115.7699966430664,96119800
1113571800,2005-04-15,115.73999786376953,116.19999694824219,114.0999984741211,114.1500015258789,128677300
1113831000,2005-04-18,114.12000274658203,114.95999908447266,113.95999908447266,114.5,100035200
1113917400,2005-04-19,115.0999984741211,115.52999877929688,114.83000183105469,115.41000366210938,64930100
1114003800,2005-04-20,115.37999725341797,115.62999725341797,113.55000305175781,113.80000305175781,107735900
1114090200,2005-04-21,114.79000091552734,116.20999908447266,114.37999725341797,116.01000213623047,86952200
1114176600,2005-04-22,115.73999786376953,116.5,114.2699966430664,115.56999969482422,88845800
1114435800,2005-04-25,115.86000061035156,116.5,115.72000122070312,116.33000183105469,52284100
1114522200,2005-04-26,115.95999908447266,116.7699966430664,115.1500015258789,115.19999694824219,72626000
1114608600,2005-04-27,114.86000061035156,116.06999969482422,114.44000244140625,115.6500015258789,84131900
1114695000,2005-04-28,115.2699966430664,115.68000030517578,114.19999694824219,114.19999694824219,72481500
1114781400,2005-04-29,115.06999969482422,115.87000274658203,113.97000122070312,115.75,103993800
1115040600,2005-05-02,116.06999969482422,116.41000366210938,115.5199966430664,116.4000015258789,56026400
1115127000,2005-05-03,116.06999969482422,116.8499984741211,115.69000244140625,116.5999984741211,86000300
1115213400,2005-05-04,116.6500015258789,117.75,116.27999877929688,117.5,81055700
1115299800,2005-05-05,117.66999816894531,118,116.73999786376953,117.45999908447266,96906700
1115386200,2005-05-06,117.93000030517578,117.98999786376953,117.05999755859375,117.08999633789062,67415400
1115645400,2005-05-09,117.20999908447266,118.08000183105469,117.05000305175781,117.81999969482422,43750500
1115731800,2005-05-10,117.36000061035156,117.5,116.38999938964844,116.5999984741211,74613500
1115818200,2005-05-11,116.93000030517578,117.4000015258789,115.8499984741211,117.23999786376953,91647400
1115904600,2005-05-12,117.31999969482422,117.58999633789062,115.94999694824219,115.94999694824219,95086800
1115991000,2005-05-13,116.30000305175781,116.62000274658203,114.80000305175781,115.72000122070312,85267000
1116250200,2005-05-16,115.69999694824219,116.83999633789062,115.66000366210938,116.80000305175781,49207000
1116336600,2005-05-17,116.41000366210938,117.69999694824219,116.16000366210938,117.58000183105469,61071800
1116423000,2005-05-18,118.08999633789062,119.08000183105469,118.01000213623047,118.79000091552734,77944900
1116509400,2005-05-19,119.0199966430664,119.41000366210938,118.69999694824219,119.29000091552734,61768100
1116595800,2005-05-20,119.33999633789062,119.38999938964844,118.73999786376953,119.12000274658203,46345500
1116855000,2005-05-23,119.20999908447266,120.04000091552734,119.19000244140625,119.77999877929688,51047900
1116941400,2005-05-24,119.44000244140625,119.83000183105469,119.19999694824219,119.5,50654100
1117027800,2005-05-25,119.3499984741211,119.87000274658203,118.83000183105469,119.41000366210938,47608800
1117114200,2005-05-26,119.79000091552734,120.20999908447266,119.62000274658203,120.05000305175781,43256200
1117200600,2005-05-27,120.05999755859375,120.25,119.80000305175781,120.25,24596100
1117546200,2005-05-31,120.08000183105469,120.16999816894531,119.4000015258789,119.4800033569336,43377200
1117632600,2005-06-01,119.5199966430664,120.91999816894531,119.44999694824219,120.5,69611000
1117719000,2005-06-02,120.2300033569336,120.83999633789062,120.0999984741211,120.76000213623047,39704500
1117805400,2005-06-03,120.55000305175781,120.88999938964844,119.7300033569336,120.1500015258789,60999400
1118064600,2005-06-06,119.94999694824219,120.19999694824219,119.55000305175781,120.04000091552734,36046400
1118151000,2005-06-07,120.38999938964844,121.25,120.01000213623047,120.12999725341797,66501300
1118237400,2005-06-08,120.43000030517578,120.58999633789062,119.66999816894531,119.91000366210938,46881200
1118323800,2005-06-09,119.73999786376953,120.58000183105469,119.44000244140625,120.4800033569336,56653300
1118410200,2005-06-10,120.55999755859375,120.6500015258789,119.5999984741211,120.19999694824219,36465300
1118669400,2005-06-13,119.94000244140625,121.08000183105469,119.80999755859375,120.58000183105469,49383200
1118755800,2005-06-14,120.44999694824219,121.19999694824219,120.37999725341797,120.86000061035156,33857100
1118842200,2005-06-15,121.16000366210938,121.23999786376953,120.2300033569336,121.08999633789062,53195600
1118928600,2005-06-16,121.05999755859375,121.63999938964844,120.91999816894531,121.4000015258789,46564500
1119015000,2005-06-17,121.54000091552734,121.9000015258789,121.22000122070312,121.36000061035156,51529400
1119274200,2005-06-20,121.08000183105469,121.83999633789062,120.94000244140625,121.4000015258789,41019400
1119360600,2005-06-21,121.5,121.6500015258789,121.02999877929688,121.47000122070312,39879800
1119447000,2005-06-22,121.68000030517578,121.94000244140625,121.06999969482422,121.56999969482422,46310100
1119533400,2005-06-23,121.31999969482422,121.5999984741211,119.83000183105469,119.86000061035156,62185600
1119619800,2005-06-24,119.87999725341797,120.01000213623047,118.83999633789062,118.9800033569336,58572500
1119879000,2005-06-27,118.97000122070312,119.41000366210938,118.75,119.1500015258789,48183800
1119965400,2005-06-28,119.4000015258789,120.23999786376953,119.37000274658203,120.1500015258789,41174200
1120051800,2005-06-29,120.37000274658203,120.4000015258789,119.76000213623047,119.83000183105469,42316500
1120138200,2005-06-30,120.22000122070312,120.31999969482422,118.94999694824219,119.18000030517578,62288800
1120224600,2005-07-01,119.44999694824219,119.80000305175781,119.20999908447266,119.52999877929688,49737500
1120570200,2005-07-05,119.25,120.6500015258789,119.19000244140625,120.48999786376953,51549000
1120656600,2005-07-06,120.38999938964844,120.6500015258789,119.41000366210938,119.4800033569336,52363600
1120743000,2005-07-07,118.29000091552734,119.94999694824219,118.26000213623047,119.94999694824219,103268800
1120829400,2005-07-08,119.97000122070312,121.31999969482422,119.72000122070312,121.31999969482422,64491200
1121088600,2005-07-11,121.33000183105469,122.0999984741211,121.30999755859375,121.94000244140625,49688300
1121175000,2005-07-12,121.98999786376953,122.62999725341797,121.63999938964844,122.26000213623047,51871100
1121261400,2005-07-13,122.2699966430664,122.5199966430664,121.98999786376953,122.43000030517578,41182300
1121347800,2005-07-14,122.9800033569336,123.44000244140625,122.48999786376953,122.91000366210938,63638800
1121434200,2005-07-15,122.79000091552734,123.04000091552734,122.36000061035156,122.83999633789062,56075900
1121693400,2005-07-18,122.5,122.62999725341797,122.05000305175781,122.3499984741211,56598400
1121779800,2005-07-19,122.70999908447266,123.11000061035156,122.41000366210938,123.0199966430664,59165700
1121866200,2005-07-20,122.58999633789062,123.7300033569336,122.30000305175781,123.44000244140625,69477000
1121952600,2005-07-21,123.55000305175781,123.61000061035156,122.47000122070312,122.72000122070312,101110900
1122039000,2005-07-22,122.87999725341797,123.55999755859375,122.62999725341797,123.54000091552734,52607100
1122298200,2005-07-25,123.41000366210938,123.94999694824219,122.8499984741211,123.19000244140625,57301600
1122384600,2005-07-26,123.2300033569336,123.52999877929688,122.94999694824219,123.33999633789062,42758800
1122471000,2005-07-27,123.5,123.88999938964844,123.05000305175781,123.79000091552734,43181600
1122557400,2005-07-28,123.95999908447266,124.63999938964844,123.63999938964844,124.56999969482422,47880700
1122643800,2005-07-29,124.41000366210938,124.62999725341797,123.5,123.73999786376953,62358100
1122903000,2005-08-01,123.83000183105469,124.04000091552734,123.44999694824219,123.6500015258789,40418200
1122989400,2005-08-02,123.87000274658203,124.5999984741211,123.73999786376953,124.38999938964844,45147400
1123075800,2005-08-03,124.25,124.73999786376953,124.12000274658203,124.72000122070312,36837200
1123162200,2005-08-04,124.2300033569336,124.30999755859375,123.56999969482422,123.72000122070312,50855600
1123248600,2005-08-05,123.44999694824219,123.9800033569336,122.66999816894531,122.87999725341797,53595500
1123507800,2005-08-08,123.1500015258789,123.41000366210938,122.37999725341797,122.6500015258789,47616000
1123594200,2005-08-09,123.05999755859375,123.58999633789062,122.87000274658203,123.38999938964844,47170000
1123680600,2005-08-10,123.81999969482422,124.5,122.81999969482422,123.33000183105469,72863700
1123767000,2005-08-11,123.2699966430664,124.02999877929688,123.01000213623047,123.81999969482422,58570200
1123853400,2005-08-12,123.56999969482422,123.69000244140625,122.75,123.05999755859375,54776900
1124112600,2005-08-15,123.22000122070312,123.87000274658203,122.83000183105469,123.81999969482422,36208500
1124199000,2005-08-16,123.44000244140625,123.5199966430664,122.08999633789062,122.20999908447266,71942100
1124285400,2005-08-17,122.19000244140625,122.87000274658203,122.02999877929688,122.19999694824219,62275100
1124371800,2005-08-18,122.05000305175781,122.55999755859375,121.83999633789062,122.19000244140625,53388600
1124458200,2005-08-19,122.62999725341797,122.81999969482422,122.19999694824219,122.47000122070312,39842100
1124717400,2005-08-22,122.58000183105469,123.2300033569336,121.87999725341797,122.47000122070312,69912000
1124803800,2005-08-23,122.5,122.61000061035156,121.1500015258789,122.23999786376953,55168600
1124890200,2005-08-24,121.94000244140625,122.7300033569336,121.08999633789062,121.1500015258789,79104600
1124976600,2005-08-25,121.3499984741211,121.66999816894531,121.20999908447266,121.58999633789062,35631100
1125063000,2005-08-26,121.4800033569336,121.48999786376953,120.68000030517578,120.76000213623047,61956800
1125322200,2005-08-29,120.41000366210938,121.77999877929688,120.37999725341797,121.69000244140625,56179200
1125408600,2005-08-30,121.25,121.30000305175781,120.38999938964844,121.05000305175781,74160200
1125495000,2005-08-31,121.19000244140625,122.66000366210938,120.73999786376953,122.58000183105469,102945200
1125581400,2005-09-01,122.5199966430664,123.1500015258789,121.13999938964844,122.48999786376953,74578700
1125667800,2005-09-02,122.8499984741211,122.87999725341797,122.04000091552734,122.2699966430664,47653400
1126013400,2005-09-06,122.66000366210938,123.80000305175781,122.6500015258789,123.69999694824219,57251300
1126099800,2005-09-07,123.62999725341797,124.12999725341797,123.45999908447266,123.91000366210938,41749700
1126186200,2005-09-08,123.66000366210938,124,123.30999755859375,123.5,39068700
1126272600,2005-09-09,123.83000183105469,124.73999786376953,123.80000305175781,124.5999984741211,43093900
1126531800,2005-09-12,124.44999694824219,124.66999816894531,124.2699966430664,124.3499984741211,33017600
1126618200,2005-09-13,124.12999725341797,124.41999816894531,123.5199966430664,123.66000366210938,58427500
1126704600,2005-09-14,123.73999786376953,123.91999816894531,123.0199966430664,123.20999908447266,57694600
1126791000,2005-09-15,123.58999633789062,123.6500015258789,122.9000015258789,123.1500015258789,73156900
1126877400,2005-09-16,123.30000305175781,123.73999786376953,122.87000274658203,123.5,75424100
1127136600,2005-09-19,123.47000122070312,123.55000305175781,122.63999938964844,123.08999633789062,53355300
1127223000,2005-09-20,123.19999694824219,123.61000061035156,121.87000274658203,122.05000305175781,84480300
1127309400,2005-09-21,121.79000091552734,121.87000274658203,120.77999877929688,120.91000366210938,94469100
1127395800,2005-09-22,120.94999694824219,121.66000366210938,120.44000244140625,121.33999633789062,84597200
1127482200,2005-09-23,121.23999786376953,121.88999938964844,120.9000015258789,121.44000244140625,59368100
1127741400,2005-09-26,122.0199966430664,122.23999786376953,121.08000183105469,121.58000183105469,70415400
1127827800,2005-09-27,121.5199966430664,121.98999786376953,121.0199966430664,121.55000305175781,66150800
1127914200,2005-09-28,121.93000030517578,122.12000274658203,121.19999694824219,121.66999816894531,58620500
1128000600,2005-09-29,121.55000305175781,122.86000061035156,121.08000183105469,122.66000366210938,66607700
1128087000,2005-09-30,122.62000274658203,123.04000091552734,121.73999786376953,123.04000091552734,47824200
1128346200,2005-10-03,122.95999908447266,123.33999633789062,122.44999694824219,122.5999984741211,50994800
1128432600,2005-10-04,122.79000091552734,123.02999877929688,121.16000366210938,121.22000122070312,60776300
1128519000,2005-10-05,121.25,121.30999755859375,119.56999969482422,119.62999725341797,106052100
1128605400,2005-10-06,119.77999877929688,120.26000213623047,118.16999816894531,119.19999694824219,140941800
1128691800,2005-10-07,119.69999694824219,120.05000305175781,119.12999725341797,119.61000061035156,75661400
1128951000,2005-10-10,119.68000030517578,119.70999908447266,118.30000305175781,118.5999984741211,52677000
1129037400,2005-10-11,118.98999786376953,119.38999938964844,118.31999969482422,118.43000030517578,75629800
1129123800,2005-10-12,118.38999938964844,119.12999725341797,117.41000366210938,117.5,100510400
1129210200,2005-10-13,117.45999908447266,118.08000183105469,116.87999725341797,117.43000030517578,99052900
1129296600,2005-10-14,118.12000274658203,118.80999755859375,117.55999755859375,118.66999816894531,88651000
1129555800,2005-10-17,118.80000305175781,119.2699966430664,118.44999694824219,119.11000061035156,68109300
1129642200,2005-10-18,118.94000244140625,118.95999908447266,117.80000305175781,117.81999969482422,74996900
1129728600,2005-10-19,117.5,119.80000305175781,117.12000274658203,119.77999877929688,116563800
1129815000,2005-10-20,119.48999786376953,119.80999755859375,117.30000305175781,117.66999816894531,131966700
1129901400,2005-10-21,118.29000091552734,118.77999877929688,117.51000213623047,118.12999725341797,96579500
1130160600,2005-10-24,118.44000244140625,120.08999633789062,118.41000366210938,119.95999908447266,71308400
1130247000,2005-10-25,119.72000122070312,120.23999786376953,118.94000244140625,119.72000122070312,76594500
1130333400,2005-10-26,119.51000213623047,120.54000091552734,119.19000244140625,119.37000274658203,80855800
1130419800,2005-10-27,119.19999694824219,119.37000274658203,117.93000030517578,118.0999984741211,66623100
1130506200,2005-10-28,118.43000030517578,119.94999694824219,118.0999984741211,119.80000305175781,72322000
1130769000,2005-10-31,120.29000091552734,121.30000305175781,120.12999725341797,120.12999725341797,77698900
1130855400,2005-11-01,120.58000183105469,120.9000015258789,120.22000122070312,120.48999786376953,66365100
1130941800,2005-11-02,120.16999816894531,121.75,120.12999725341797,121.75,74012300
1131028200,2005-11-03,122.1500015258789,122.66000366210938,121.75,122.2699966430664,84897600
1131114600,2005-11-04,122.4000015258789,122.45999908447266,121.55000305175781,122.11000061035156,59156000
1131373800,2005-11-07,122.37000274658203,122.62000274658203,121.8499984741211,122.2300033569336,46765400
1131460200,2005-11-08,121.93000030517578,122.41999816894531,121.79000091552734,122.2300033569336,42152800
1131546600,2005-11-09,122.08000183105469,122.94999694824219,121.86000061035156,122.38999938964844,57666800
1131633000,2005-11-10,122.33999633789062,123.5199966430664,121.75,123.33999633789062,79048100
1131719400,2005-11-11,123.3499984741211,123.83999633789062,122.43000030517578,123.76000213623047,34867000
1131978600,2005-11-14,123.79000091552734,124.0199966430664,123.37999725341797,123.69000244140625,45092200
1132065000,2005-11-15,123.55000305175781,124.08999633789062,122.86000061035156,123.23999786376953,69592500
1132151400,2005-11-16,123.37000274658203,123.55000305175781,122.9800033569336,123.48999786376953,51133000
1132237800,2005-11-17,123.68000030517578,124.6500015258789,123.13999938964844,124.63999938964844,55717500
1132324200,2005-11-18,125.05999755859375,125.27999877929688,124.33000183105469,125.12999725341797,72437200
1132583400,2005-11-21,125.1500015258789,125.91000366210938,124.9800033569336,125.76000213623047,50021200
1132669800,2005-11-22,125.55999755859375,126.5199966430664,125.41999816894531,126.30000305175781,66438800
1132756200,2005-11-23,126.25,127.41000366210938,126.20999908447266,127.02999877929688,50854700
1132929000,2005-11-25,126.9800033569336,127.22000122070312,126.80999755859375,127.12999725341797,15270000
1133188200,2005-11-28,127.25,127.2699966430664,126.04000091552734,126.2300033569336,54498500
1133274600,2005-11-29,126.6500015258789,126.9800033569336,126.08999633789062,126.08999633789062,51738900
1133361000,2005-11-30,126.16000366210938,126.5199966430664,125.29000091552734,125.41000366210938,56007200
1133447400,2005-12-01,126.0199966430664,127.02999877929688,125.9800033569336,126.69000244140625,65468200
1133533800,2005-12-02,126.7699966430664,127.08000183105469,126.5,126.8499984741211,46699400
1133793000,2005-12-05,126.69999694824219,126.7300033569336,126.18000030517578,126.58000183105469,59273400
1133879400,2005-12-06,127.05000305175781,127.73999786376953,126.62999725341797,126.81999969482422,57935200
1133965800,2005-12-07,126.7699966430664,126.87000274658203,125.68000030517578,126.08000183105469,66816500
1134052200,2005-12-08,126.22000122070312,126.81999969482422,125.4800033569336,126,62608600
1134138600,2005-12-09,126.16000366210938,126.77999877929688,125.81999969482422,126.33000183105469,50744500
1134397800,2005-12-12,126.70999908447266,126.86000061035156,125.95999908447266,126.44999694824219,48389900
1134484200,2005-12-13,126.41999816894531,127.69999694824219,126.29000091552734,127.30999755859375,88630900
1134570600,2005-12-14,127.19000244140625,128.08999633789062,127.13999938964844,127.80999755859375,64375000
1134657000,2005-12-15,127.83999633789062,128,127.18000030517578,127.44000244140625,55900300
1134743400,2005-12-16,127.27999877929688,127.36000061035156,126.36000061035156,126.36000061035156,46238300
1135002600,2005-12-19,126.7300033569336,126.87000274658203,125.69000244140625,125.70999908447266,48733000
1135089000,2005-12-20,125.86000061035156,126.58999633789062,125.4800033569336,125.83000183105469,46603200
1135175400,2005-12-21,126.22000122070312,126.76000213623047,125.80000305175781,126.02999877929688,51806900
1135261800,2005-12-22,126.30999755859375,126.69000244140625,126.08000183105469,126.69000244140625,32247900
1135348200,2005-12-23,126.77999877929688,126.86000061035156,126.41999816894531,126.76000213623047,27977300
1135693800,2005-12-27,126.95999908447266,127.05000305175781,125.37999725341797,125.47000122070312,44499500
1135780200,2005-12-28,125.73999786376953,125.98999786376953,125.5,125.75,30764300
1135866600,2005-12-29,125.72000122070312,125.95999908447266,125.05999755859375,125.19000244140625,32788900
1135953000,2005-12-30,124.80000305175781,125.05999755859375,124.36000061035156,124.51000213623047,44645600
1136298600,2006-01-03,125.19000244140625,127,124.38999938964844,126.69999694824219,73256700
1136385000,2006-01-04,126.86000061035156,127.48999786376953,126.69999694824219,127.30000305175781,51899600
1136471400,2006-01-05,127.1500015258789,127.58999633789062,126.87999725341797,127.37999725341797,47307500
1136557800,2006-01-06,128.02000427246094,128.5800018310547,127.36000061035156,128.44000244140625,62885900
1136817000,2006-01-09,128.4199981689453,129.05999755859375,128.3800048828125,128.77000427246094,43527400
1136903400,2006-01-10,128.38999938964844,128.97999572753906,128.25999450683594,128.89999389648438,44960800
1136989800,2006-01-11,129.02000427246094,129.44000244140625,128.72999572753906,129.30999755859375,49598900
1137076200,2006-01-12,129.0800018310547,129.27999877929688,128.44000244140625,128.8000030517578,40509200
1137162600,2006-01-13,128.57000732421875,128.89999389648438,128.1999969482422,128.67999267578125,44856700
1137508200,2006-01-17,128.1999969482422,128.4199981689453,127.80999755859375,128.3300018310547,52066600
1137594600,2006-01-18,127.58000183105469,128.89999389648438,127.16000366210938,127.81999969482422,75067600
1137681000,2006-01-19,128.1300048828125,128.77000427246094,127.80999755859375,128.30999755859375,81530400
1137767400,2006-01-20,128.27999877929688,128.30999755859375,125.97000122070312,125.97000122070312,114957800
1138026600,2006-01-23,126.20999908447266,126.81999969482422,126.12999725341797,126.41999816894531,67017400
1138113000,2006-01-24,126.62999725341797,127.1500015258789,126.41999816894531,126.55000305175781,53008800
1138199400,2006-01-25,127.04000091552734,127.18000030517578,125.83999633789062,126.66000366210938,87747700
1138285800,2006-01-26,127.25,127.66999816894531,126.76000213623047,127.36000061035156,71294000
1138372200,2006-01-27,127.66000366210938,128.66000366210938,127.44999694824219,128.5399932861328,65771200
1138631400,2006-01-30,128.44000244140625,128.80999755859375,128.35000610351562,128.44000244140625,33709600
1138717800,2006-01-31,128.32000732421875,128.5399932861328,127.48999786376953,127.5,72937000
1138804200,2006-02-01,127.81999969482422,128.42999267578125,127.72000122070312,128.38999938964844,63561000
1138890600,2006-02-02,128.10000610351562,128.13999938964844,126.80000305175781,126.9000015258789,83626900
1138977000,2006-02-03,126.58000183105469,128.38999938964844,126.13999938964844,126.2699966430664,86040400
1139236200,2006-02-06,126.44000244140625,126.80000305175781,126.16999816894531,126.5999984741211,45511900
1139322600,2006-02-07,126.37999725341797,126.66000366210938,125.4000015258789,125.4800033569336,71208100
1139409000,2006-02-08,125.8499984741211,128.10000610351562,125.5999984741211,126.62000274658203,59422200
1139495400,2006-02-09,126.91999816894531,127.5999984741211,126.37000274658203,126.41000366210938,62023300
1139581800,2006-02-10,126.43000030517578,127.12999725341797,125.44999694824219,126.63999938964844,64508700
1139841000,2006-02-13,126.5999984741211,126.79000091552734,125.94999694824219,126.41000366210938,52308700
1139927400,2006-02-14,126.45999908447266,128.02999877929688,126.20999908447266,127.75,90964400
1140013800,2006-02-15,127.68000030517578,128.32000732421875,127.23999786376953,128.1999969482422,85471300
1140100200,2006-02-16,128.33999633789062,129.2100067138672,128.17999267578125,129.16000366210938,61017900
1140186600,2006-02-17,129.0500030517578,129.16000366210938,128.5800018310547,128.80999755859375,40342600
1140532200,2006-02-21,129.11000061035156,129.39999389648438,128.2899932861328,128.49000549316406,46456300
1140618600,2006-02-22,128.77000427246094,129.64999389648438,128.64999389648438,129.27000427246094,42326700
1140705000,2006-02-23,129.27000427246094,129.63999938964844,128.27999877929688,129.0800018310547,43423200
1140791400,2006-02-24,129.11000061035156,129.47999572753906,128.75999450683594,129.41000366210938,36777400
1141050600,2006-02-27,129.39999389648438,130.0399932861328,129.27999877929688,129.4600067138672,35858600
1141137000,2006-02-28,129.1999969482422,129.91000366210938,128.1300048828125,128.22999572753906,74394800
1141223400,2006-03-01,128.60000610351562,129.49000549316406,128.5,129.3699951171875,48641600
1141309800,2006-03-02,128.89999389648438,129.4199981689453,128.61000061035156,129.36000061035156,60642300
1141396200,2006-03-03,128.6699981689453,130.07000732421875,128.64999389648438,128.75999450683594,73402500
1141655400,2006-03-06,129.13999938964844,129.17999267578125,127.8499984741211,128.1699981689453,57478400
1141741800,2006-03-07,127.86000061035156,128.05999755859375,127.4000015258789,127.97000122070312,61780800
1141828200,2006-03-08,127.69999694824219,128.44000244140625,127.18000030517578,128.24000549316406,66692400
1141914600,2006-03-09,128.27999877929688,128.67999267578125,127.37999725341797,127.37999725341797,56313600
1142001000,2006-03-10,127.70999908447266,128.83999633789062,127.44000244140625,128.58999633789062,60490800
1142260200,2006-03-13,128.83999633789062,129.16000366210938,128.52999877929688,128.8300018310547,45479100
1142346600,2006-03-14,128.7100067138672,130.22999572753906,128.61000061035156,130.17999267578125,69877300
1142433000,2006-03-15,130.14999389648438,130.86000061035156,129.85000610351562,130.75999450683594,53398900
1142519400,2006-03-16,131.00999450683594,131.47000122070312,130.83999633789062,131.02999877929688,65526400
1142605800,2006-03-17,130.67999267578125,130.89999389648438,130.3800048828125,130.6199951171875,47286800
1142865000,2006-03-20,130.63999938964844,130.89999389648438,130.2100067138672,130.41000366210938,45538500
1142951400,2006-03-21,130.3699951171875,130.99000549316406,129.4499969482422,129.58999633789062,87102700
1143037800,2006-03-22,129.50999450683594,130.50999450683594,129.4499969482422,130.3800048828125,51605700
1143124200,2006-03-23,130.25999450683594,130.38999938964844,129.66000366210938,130.11000061035156,46704200
1143210600,2006-03-24,129.99000549316406,130.57000732421875,129.74000549316406,130.2100067138672,43209200
1143469800,2006-03-27,130.02999877929688,130.27999877929688,129.74000549316406,130.02000427246094,32523000
1143556200,2006-03-28,129.92999267578125,130.52999877929688,129.0500030517578,129.22000122070312,82079900
1143642600,2006-03-29,129.41000366210938,130.5,129.2899932861328,130.02999877929688,61505700
1143729000,2006-03-30,130.11000061035156,130.97999572753906,129.5500030517578,129.8000030517578,70571700
1143815400,2006-03-31,130.02000427246094,130.24000549316406,129.3699951171875,129.8300018310547,62925600
1144071000,2006-04-03,130.07000732421875,130.8699951171875,129.49000549316406,129.72999572753906,61624700
1144157400,2006-04-04,129.72999572753906,130.72999572753906,129.36000061035156,130.55999755859375,54809300
1144243800,2006-04-05,130.61000061035156,131.27999877929688,130.3800048828125,131.00999450683594,50607200
1144330200,2006-04-06,130.85000610351562,131.2100067138672,130.19000244140625,130.8699951171875,57906200
1144416600,2006-04-07,131.05999755859375,131.39999389648438,129.35000610351562,129.5399932861328,80180900
1144675800,2006-04-10,129.74000549316406,130.0800018310547,129.25999450683594,129.74000549316406,41496500
1144762200,2006-04-11,129.85000610351562,130.05999755859375,128.25,128.63999938964844,72799400
1144848600,2006-04-12,128.77000427246094,129.1300048828125,128.61000061035156,128.8800048828125,43033700
1144935000,2006-04-13,128.58999633789062,129.25,128.30999755859375,128.7100067138672,51051800
1145280600,2006-04-17,128.8300018310547,129.30999755859375,128.02000427246094,128.66000366210938,64167700
1145367000,2006-04-18,128.92999267578125,130.94000244140625,128.92999267578125,130.6999969482422,92531800
1145453400,2006-04-19,130.75,131.07000732421875,130.24000549316406,130.9499969482422,87269000
1145539800,2006-04-20,131,131.86000061035156,130.60000610351562,131.1300048828125,86005500
1145626200,2006-04-21,131.69000244140625,131.7899932861328,130.6199951171875,131.14999389648438,72342600
1145885400,2006-04-24,130.88999938964844,131.07000732421875,130.3800048828125,130.91000366210938,52546400
1145971800,2006-04-25,131.0399932861328,131.1199951171875,129.9199981689453,130.3699951171875,84359800
1146058200,2006-04-26,130.5,131.13999938964844,130.3000030517578,130.39999389648438,67262400
1146144600,2006-04-27,129.89999389648438,131.6300048828125,129.58999633789062,131.02999877929688,124478600
1146231000,2006-04-28,130.7899932861328,131.75,130.7100067138672,131.47000122070312,55854400
1146490200,2006-05-01,131.47000122070312,131.8000030517578,130.32000732421875,130.39999389648438,64990300
1146576600,2006-05-02,131.00999450683594,131.4600067138672,130.74000549316406,131.3800048828125,49063500
1146663000,2006-05-03,131.14999389648438,131.32000732421875,130.4499969482422,130.88999938964844,60821300
1146749400,2006-05-04,131.0800018310547,131.6199951171875,130.97000122070312,131.36000061035156,42921400
1146835800,2006-05-05,132.0500030517578,132.8000030517578,131.85000610351562,132.52000427246094,62588200
1147095000,2006-05-08,132.50999450683594,132.77000427246094,132.36000061035156,132.36000061035156,30016700
1147181400,2006-05-09,132.4199981689453,132.77000427246094,132.30999755859375,132.6199951171875,29864000
1147267800,2006-05-10,132.41000366210938,132.75,131.88999938964844,132.5500030517578,64378200
1147354200,2006-05-11,132.50999450683594,132.5500030517578,130.52000427246094,130.9499969482422,80626900
1147440600,2006-05-12,130.36000061035156,130.72000122070312,129.19000244140625,129.24000549316406,91726500
1147699800,2006-05-15,128.7899932861328,129.74000549316406,128.61000061035156,129.5,84029300
1147786200,2006-05-16,129.75999450683594,130,129.00999450683594,129.30999755859375,62137600
1147872600,2006-05-17,128.6699981689453,129.10000610351562,126.7699966430664,126.8499984741211,144789500
1147959000,2006-05-18,127.3499984741211,127.75,126.11000061035156,126.20999908447266,87906300
1148045400,2006-05-19,126.87000274658203,127.48999786376953,125.80000305175781,127.0999984741211,124309400
1148304600,2006-05-22,126.27999877929688,127.16999816894531,125.5,126.12999725341797,110852800
1148391000,2006-05-23,127.18000030517578,127.62999725341797,125.16999816894531,125.16999816894531,92006500
1148477400,2006-05-24,125.68000030517578,126.88999938964844,124.76000213623047,126.16999816894531,168405000
1148563800,2006-05-25,126.91999816894531,127.7300033569336,126.43000030517578,127.7300033569336,78977900
1148650200,2006-05-26,128.00999450683594,128.3800048828125,127.51000213623047,128.3800048828125,62989700
1148995800,2006-05-30,127.97000122070312,128,126.05000305175781,126.0999984741211,72419900
1149082200,2006-05-31,126.62000274658203,127.51000213623047,126.19999694824219,127.51000213623047,86926200
1149168600,2006-06-01,127.37999725341797,128.94000244140625,127.2699966430664,128.72999572753906,73721700
1149255000,2006-06-02,129.25,129.42999267578125,128.32000732421875,129,91702600
1149514200,2006-06-05,128.85000610351562,128.86000061035156,126.7699966430664,127.12000274658203,86105100
1149600600,2006-06-06,127.20999908447266,127.37999725341797,125.76000213623047,126.80999755859375,130498600
1149687000,2006-06-07,126.91000366210938,127.6500015258789,125.79000091552734,125.86000061035156,108599400
1149773400,2006-06-08,125.58000183105469,126.5,123.87000274658203,125.75,204957200
1149859800,2006-06-09,126.36000061035156,126.95999908447266,125.29000091552734,125.3499984741211,94972200
1150119000,2006-06-12,125.87999725341797,125.93000030517578,123.81999969482422,123.98999786376953,95815900
1150205400,2006-06-13,123.73999786376953,124.83999633789062,122.55000305175781,122.55000305175781,185688800
1150291800,2006-06-14,122.83999633789062,123.62999725341797,122.33999633789062,123.5,163566400
1150378200,2006-06-15,123.94999694824219,126.36000061035156,123.86000061035156,126.12000274658203,134057000
1150464600,2006-06-16,125.29000091552734,125.55999755859375,124.45999908447266,124.6500015258789,94253500
1150723800,2006-06-19,125.4000015258789,125.4800033569336,123.55000305175781,123.66999816894531,95804400
1150810200,2006-06-20,124.01000213623047,124.80999755859375,123.72000122070312,124.08999633789062,65494700
1150896600,2006-06-21,124,125.69999694824219,123.95999908447266,125.01000213623047,75008200
1150983000,2006-06-22,124.94999694824219,125.05999755859375,124.04000091552734,124.45999908447266,74566100
1151069400,2006-06-23,124.33000183105469,125.30000305175781,124.02999877929688,124.44000244140625,54107000
1151328600,2006-06-26,124.54000091552734,125.05999755859375,124.25,124.98999786376953,37899600
1151415000,2006-06-27,125.01000213623047,125.29000091552734,123.7699966430664,123.91000366210938,69780200
1151501400,2006-06-28,124.19000244140625,124.7699966430664,123.6500015258789,124.75,62368100
1151587800,2006-06-29,125.19999694824219,127.3499984741211,125.16999816894531,127.2699966430664,110634800
1151674200,2006-06-30,127.54000091552734,127.66000366210938,126.95999908447266,127.27999877929688,54227800
1151933400,2006-07-03,127.43000030517578,128.00999450683594,127.30999755859375,127.80000305175781,23914000
1152106200,2006-07-05,127.29000091552734,127.44999694824219,126.5199966430664,127.06999969482422,69653400
1152192600,2006-07-06,127.19999694824219,127.8499984741211,127.08000183105469,127.44000244140625,50100300
1152279000,2006-07-07,127.19000244140625,127.55999755859375,126.29000091552734,126.61000061035156,81626500
1152538200,2006-07-10,126.94000244140625,127.43000030517578,126.41000366210938,126.8499984741211,60964100
1152624600,2006-07-11,126.61000061035156,127.41000366210938,125.94000244140625,127.41000366210938,73640800
1152711000,2006-07-12,127.1500015258789,127.4000015258789,125.72000122070312,126.05000305175781,82561300
1152797400,2006-07-13,125.44999694824219,125.68000030517578,124,124,102405700
1152883800,2006-07-14,124.12999725341797,124.26000213623047,122.83000183105469,123.5199966430664,103242500
1153143000,2006-07-17,123.5199966430664,124.0999984741211,123.1500015258789,123.33999633789062,81159000
1153229400,2006-07-18,123.70999908447266,124.05000305175781,122.38999938964844,123.97000122070312,122771000
1153315800,2006-07-19,124.18000030517578,126.26000213623047,123.72000122070312,125.69000244140625,133565300
1153402200,2006-07-20,126.12000274658203,126.30000305175781,124.66000366210938,124.83000183105469,112259800
1153488600,2006-07-21,125.1500015258789,125.19000244140625,123.81999969482422,123.94999694824219,101560000
1153747800,2006-07-24,124.44000244140625,126.31999969482422,124.44000244140625,126.20999908447266,92884000
1153834200,2006-07-25,125.9800033569336,127.30000305175781,125.72000122070312,126.66000366210938,95480700
1153920600,2006-07-26,126.58999633789062,127.44999694824219,126.18000030517578,126.83000183105469,84525800
1154007000,2006-07-27,127.37999725341797,127.69000244140625,126.19999694824219,126.70999908447266,87257100
1154093400,2006-07-28,127.04000091552734,128.13999938964844,126.86000061035156,127.9800033569336,82137000
1154352600,2006-07-31,127.66000366210938,127.95999908447266,127.44999694824219,127.8499984741211,49593100
1154439000,2006-08-01,127.33999633789062,127.37999725341797,126.5999984741211,127.22000122070312,65225600
1154525400,2006-08-02,127.58000183105469,128.4600067138672,127.55000305175781,128.0800018310547,64770900
1154611800,2006-08-03,127.33999633789062,128.5500030517578,127.1500015258789,128.4199981689453,63693800
1154698200,2006-08-04,129.0800018310547,129.42999267578125,127.4800033569336,128.1999969482422,96294200
1154957400,2006-08-07,127.9000015258789,128.0800018310547,127.4000015258789,127.9000015258789,45377300
1155043800,2006-08-08,128.08999633789062,128.4600067138672,126.94999694824219,127.41000366210938,90901300
1155130200,2006-08-09,128.17999267578125,128.60000610351562,126.61000061035156,126.9800033569336,78910600
1155216600,2006-08-10,126.58000183105469,127.5,126.27999877929688,127.37000274658203,69322300
1155303000,2006-08-11,127.16999816894531,127.19999694824219,126.38999938964844,127.01000213623047,47482200
1155562200,2006-08-14,127.62999725341797,128.16000366210938,126.91999816894531,127.11000061035156,57839000
1155648600,2006-08-15,128.25,128.8699951171875,127.9000015258789,128.6300048828125,68143000
1155735000,2006-08-16,129.32000732421875,129.88999938964844,129.0399932861328,129.6999969482422,71737600
1155821400,2006-08-17,129.5800018310547,130.3699951171875,129.49000549316406,130.02999877929688,70992800
1155907800,2006-08-18,130.19000244140625,130.69000244140625,129.58999633789062,130.69000244140625,58288400
1156167000,2006-08-21,130.17999267578125,130.27999877929688,129.8000030517578,130.1300048828125,42133600
1156253400,2006-08-22,129.99000549316406,130.52000427246094,129.67999267578125,130.1199951171875,60839900
1156339800,2006-08-23,130.17999267578125,130.44000244140625,129.19000244140625,129.75999450683594,66592100
1156426200,2006-08-24,129.99000549316406,130.10000610351562,129.39999389648438,129.64999389648438,57983000
1156512600,2006-08-25,129.63999938964844,130.25,129.5500030517578,129.80999755859375,41756000
1156771800,2006-08-28,129.64999389648438,130.82000732421875,129.63999938964844,130.42999267578125,52681500
1156858200,2006-08-29,130.49000549316406,130.8300018310547,129.80999755859375,130.5800018310547,61817800
1156944600,2006-08-30,130.8699951171875,131.0399932861328,130.5500030517578,130.66000366210938,50052200
1157031000,2006-08-31,130.85000610351562,130.99000549316406,130.5800018310547,130.63999938964844,37510300
1157117400,2006-09-01,131.13999938964844,131.5800018310547,130.83999633789062,131.4199981689453,48794500
1157463000,2006-09-05,131.50999450683594,131.85000610351562,131.1999969482422,131.6699981689453,52348300
1157549400,2006-09-06,131.11000061035156,131.16000366210938,130.3300018310547,130.50999450683594,53795600
1157635800,2006-09-07,130.05999755859375,130.57000732421875,129.35000610351562,129.91000366210938,86269400
1157722200,2006-09-08,130.0800018310547,130.4600067138672,129.8300018310547,130.27999877929688,45096300
1157981400,2006-09-11,129.86000061035156,130.69000244140625,129.47999572753906,130.41000366210938,68496600
1158067800,2006-09-12,130.55999755859375,131.83999633789062,130.3699951171875,131.69000244140625,69875600
1158154200,2006-09-13,131.63999938964844,132.4499969482422,131.52000427246094,132.22000122070312,62898400
1158240600,2006-09-14,131.9600067138672,132.24000549316406,131.75,132.22999572753906,57805400
1158327000,2006-09-15,132.30999755859375,132.38999938964844,131.67999267578125,131.9600067138672,76703100
1158586200,2006-09-18,131.7899932861328,132.38999938964844,131.64999389648438,132.13999938964844,64154100
1158672600,2006-09-19,132.1199951171875,132.1300048828125,131.07000732421875,131.80999755859375,92089100
1158759000,2006-09-20,132.25,132.77000427246094,132.05999755859375,132.50999450683594,75204100
1158845400,2006-09-21,132.61000061035156,132.75,131.4199981689453,131.8699951171875,88932500
1158931800,2006-09-22,131.6699981689453,131.67999267578125,131,131.47000122070312,65966800
1159191000,2006-09-25,131.72999572753906,132.85000610351562,131.0500030517578,132.47999572753906,92299100
1159277400,2006-09-26,132.5,133.60000610351562,132.39999389648438,133.5800018310547,73962700
1159363800,2006-09-27,133.49000549316406,133.97000122070312,133.27000427246094,133.74000549316406,82432200
1159450200,2006-09-28,133.74000549316406,133.99000549316406,133.27999877929688,133.69000244140625,58597500
1159536600,2006-09-29,133.8000030517578,133.94000244140625,133.47999572753906,133.5800018310547,47966600
1159795800,2006-10-02,133.5399932861328,133.8300018310547,132.9499969482422,133.0800018310547,51687400
1159882200,2006-10-03,132.88999938964844,133.8699951171875,132.64999389648438,133.36000061035156,73108100
1159968600,2006-10-04,133.22999572753906,135,133.0800018310547,134.9199981689453,80890500
1160055000,2006-10-05,134.9199981689453,135.41000366210938,134.75,135.17999267578125,60505900
1160141400,2006-10-06,134.9499969482422,135.10000610351562,134.39999389648438,135.00999450683594,64983600
1160400600,2006-10-09,134.85000610351562,135.3000030517578,134.63999938964844,135.08999633789062,41176800
1160487000,2006-10-10,135.10000610351562,135.4499969482422,134.83999633789062,135.27000427246094,56403700
1160573400,2006-10-11,134.83999633789062,135.42999267578125,134.3000030517578,135.11000061035156,104071800
1160659800,2006-10-12,135.4499969482422,136.38999938964844,135.39999389648438,136.27999877929688,59158600
1160746200,2006-10-13,136.16000366210938,136.7100067138672,136.0399932861328,136.6300048828125,53944000
1161005400,2006-10-16,136.52000427246094,137.0500030517578,136.4199981689453,136.83999633789062,42273000
1161091800,2006-10-17,136.47000122070312,136.6999969482422,135.6699981689453,136.41000366210938,90500600
1161178200,2006-10-18,137.0399932861328,137.3699951171875,136.10000610351562,136.58999633789062,86848600
1161264600,2006-10-19,136.38999938964844,136.8800048828125,136.22999572753906,136.80999755859375,64063200
1161351000,2006-10-20,136.83999633789062,136.9499969482422,136.3300018310547,136.83999633789062,48094500
1161610200,2006-10-23,136.55999755859375,137.8000030517578,136.38999938964844,137.47000122070312,66219900
1161696600,2006-10-24,137.27999877929688,137.92999267578125,137.22000122070312,137.8800048828125,53234900
1161783000,2006-10-25,137.74000549316406,138.41000366210938,137.50999450683594,138.35000610351562,78105400
1161869400,2006-10-26,138.66000366210938,139,137.97999572753906,138.77999877929688,66843700
1161955800,2006-10-27,138.61000061035156,138.75,137.6300048828125,137.91000366210938,80238000
1162218600,2006-10-30,137.66000366210938,138.1999969482422,137.39999389648438,137.80999755859375,49717800
1162305000,2006-10-31,138.07000732421875,138.25999450683594,137.25,137.7899932861328,71274100
1162391400,2006-11-01,138.22000122070312,138.30999755859375,136.72000122070312,136.86000061035156,83005600
1162477800,2006-11-02,136.50999450683594,137.00999450683594,136.36000061035156,136.77999877929688,60693100
1162564200,2006-11-03,137.27000427246094,137.38999938964844,135.6199951171875,136.5399932861328,71346400
1162823400,2006-11-06,136.9600067138672,138.27999877929688,136.9499969482422,138.0800018310547,63303300
1162909800,2006-11-07,138.1999969482422,138.97999572753906,138,138.61000061035156,63318900
1162996200,2006-11-08,138,139.0500030517578,136.86000061035156,138.91000366210938,87517800
1163082600,2006-11-09,139.00999450683594,139.13999938964844,137.89999389648438,138.17999267578125,95916300
1163169000,2006-11-10,138.13999938964844,138.33999633789062,137.72000122070312,138.24000549316406,48991500
1163428200,2006-11-13,138.17999267578125,139.0399932861328,138.07000732421875,138.5800018310547,59398200
1163514600,2006-11-14,138.97000122070312,139.74000549316406,138.1199951171875,139.6199951171875,96704000
1163601000,2006-11-15,139.57000732421875,140.4499969482422,139.52999877929688,140.02000427246094,76509600
1163687400,2006-11-16,140.44000244140625,140.67999267578125,139.49000549316406,140.3800048828125,76728800
1163773800,2006-11-17,139.92999267578125,140.42999267578125,139.72999572753906,140.4199981689453,56353800
1164033000,2006-11-20,140.3000030517578,140.74000549316406,139.94000244140625,140.5,69174200
1164119400,2006-11-21,140.49000549316406,140.6699981689453,140.2899932861328,140.63999938964844,51367900
1164205800,2006-11-22,140.75,141.16000366210938,140.5,140.9199981689453,45505300
1164378600,2006-11-24,140.24000549316406,140.83999633789062,140.1999969482422,140.35000610351562,30998000
1164637800,2006-11-27,140.27999877929688,140.35000610351562,138.3800048828125,138.4199981689453,84545100
1164724200,2006-11-28,138.24000549316406,139.16000366210938,138.11000061035156,139.02000427246094,106652900
1164810600,2006-11-29,139.47000122070312,140.52999877929688,139.0800018310547,140.47000122070312,90034900
1164897000,2006-11-30,140.44000244140625,141.0500030517578,139.75999450683594,140.52999877929688,83994300
1164983400,2006-12-01,140.52999877929688,140.66000366210938,138.97000122070312,140.22000122070312,126080000
1165242600,2006-12-04,140.25,141.5500030517578,140.22999572753906,141.2899932861328,87813200
1165329000,2006-12-05,141.55999755859375,141.9600067138672,141.25999450683594,141.89999389648438,73374400
1165415400,2006-12-06,141.8699951171875,142.07000732421875,141.5,141.77999877929688,53253200
1165501800,2006-12-07,142.02999877929688,142.3000030517578,141.11000061035156,141.16000366210938,62857400
1165588200,2006-12-08,141.1300048828125,141.89999389648438,140.77999877929688,141.4199981689453,79625500
1165847400,2006-12-11,141.4199981689453,142.08999633789062,141.33999633789062,141.8300018310547,39779400
1165933800,2006-12-12,141.69000244140625,141.8699951171875,140.88999938964844,141.72000122070312,77451600
1166020200,2006-12-13,142.22999572753906,142.33999633789062,141.55999755859375,141.8699951171875,55520200
1166106600,2006-12-14,141.86000061035156,143.24000549316406,141.83999633789062,143.1199951171875,64755200
1166193000,2006-12-15,142.63999938964844,142.88999938964844,142.24000549316406,142.33999633789062,70857400
1166452200,2006-12-18,142.5399932861328,142.8800048828125,141.75,141.9499969482422,48954600
1166538600,2006-12-19,141.5500030517578,142.55999755859375,141.19000244140625,142.22000122070312,65023600
1166625000,2006-12-20,142.27999877929688,142.66000366210938,142.00999450683594,142.13999938964844,41469600
1166711400,2006-12-21,142.27000427246094,142.42999267578125,141.32000732421875,141.6199951171875,48698400
1166797800,2006-12-22,141.63999938964844,141.64999389648438,140.6699981689453,140.75,62069100
1167143400,2006-12-26,140.80999755859375,141.61000061035156,140.77999877929688,141.5800018310547,32696900
1167229800,2006-12-27,141.8699951171875,142.60000610351562,141.8300018310547,142.50999450683594,39727100
1167316200,2006-12-28,142.41000366210938,142.6999969482422,141.99000549316406,142.2100067138672,37288800
1167402600,2006-12-29,142.05999755859375,142.5399932861328,141.42999267578125,141.6199951171875,45461200
1167834600,2007-01-03,142.25,142.86000061035156,140.57000732421875,141.3699951171875,94807600
1167921000,2007-01-04,141.22999572753906,142.0500030517578,140.61000061035156,141.6699981689453,69620600
1168007400,2007-01-05,141.3300018310547,141.39999389648438,140.3800048828125,140.5399932861328,76645300
1168266600,2007-01-08,140.82000732421875,141.41000366210938,140.25,141.19000244140625,71655000
1168353000,2007-01-09,141.30999755859375,141.60000610351562,140.39999389648438,141.07000732421875,75680100
1168439400,2007-01-10,140.5800018310547,141.57000732421875,140.3000030517578,141.5399932861328,72428000
1168525800,2007-01-11,141.5800018310547,142.6199951171875,141.5,142.16000366210938,54476800
1168612200,2007-01-12,142.14999389648438,143.24000549316406,142.11000061035156,143.24000549316406,55370600
1168957800,2007-01-16,143.07000732421875,143.44000244140625,142.72999572753906,142.9600067138672,44871300
1169044200,2007-01-17,142.85000610351562,143.4600067138672,142.72999572753906,143.02000427246094,50241400
1169130600,2007-01-18,143.1699981689453,143.25999450683594,142.30999755859375,142.5399932861328,68177300
1169217000,2007-01-19,142.5399932861328,143.10000610351562,142.4600067138672,142.82000732421875,56973000
1169476200,2007-01-22,143.07000732421875,143.10000610351562,141.92999267578125,142.3800048828125,60253600
1169562600,2007-01-23,142.25999450683594,143.0800018310547,142.05999755859375,142.8000030517578,54064400
1169649000,2007-01-24,142.97000122070312,143.97999572753906,142.91000366210938,143.9499969482422,55834700
1169735400,2007-01-25,143.86000061035156,143.9199981689453,142.00999450683594,142.25999450683594,73583800
1169821800,2007-01-26,142.57000732421875,142.64999389648438,141.5800018310547,142.1300048828125,67255600
1170081000,2007-01-29,142.19000244140625,142.8000030517578,141.74000549316406,142.0500030517578,66114600
1170167400,2007-01-30,142.35000610351562,142.86000061035156,142.05999755859375,142.7899932861328,70407600
1170253800,2007-01-31,142.6300048828125,144.1300048828125,142.39999389648438,143.75,91868600
1170340200,2007-02-01,144.14999389648438,144.66000366210938,143.91000366210938,144.61000061035156,69312400
1170426600,2007-02-02,144.72999572753906,144.9499969482422,144.3800048828125,144.80999755859375,49607000
1170685800,2007-02-05,144.6999969482422,144.94000244140625,144.33999633789062,144.85000610351562,45705300
1170772200,2007-02-06,144.97000122070312,145.02999877929688,144.3300018310547,144.88999938964844,57081300
1170858600,2007-02-07,145.1199951171875,145.36000061035156,144.57000732421875,145.2100067138672,55669700
1170945000,2007-02-08,144.77999877929688,145.1199951171875,144.27000427246094,145.02000427246094,70641000
1171031400,2007-02-09,145.05999755859375,145.3300018310547,143.38999938964844,143.94000244140625,79084400
1171290600,2007-02-12,143.94000244140625,144.0399932861328,143.19000244140625,143.4499969482422,65657000
1171377000,2007-02-13,143.77000427246094,144.89999389648438,143.75999450683594,144.66000366210938,64081800
1171463400,2007-02-14,144.8000030517578,145.89999389648438,144.77999877929688,145.61000061035156,66039400
1171549800,2007-02-15,145.6699981689453,145.9499969482422,145.42999267578125,145.8000030517578,38715200
1171636200,2007-02-16,145.44000244140625,145.75999450683594,145.22999572753906,145.72999572753906,39841800
1171981800,2007-02-20,145.55999755859375,146.1999969482422,145,146.0399932861328,56911800
1172068200,2007-02-21,145.61000061035156,146.07000732421875,145.35000610351562,145.97999572753906,63971600
1172154600,2007-02-22,146.0500030517578,146.4199981689453,145.1699981689453,145.8699951171875,79067400
1172241000,2007-02-23,145.74000549316406,145.7899932861328,145.02999877929688,145.3000030517578,71966200
1172500200,2007-02-26,145.8300018310547,145.9499969482422,144.75,145.1699981689453,69192800
1172586600,2007-02-27,143.8800048828125,144.1999969482422,139,139.5,274466500
1172673000,2007-02-28,140.38999938964844,141.97999572753906,139.8000030517578,140.92999267578125,177536300
1172759400,2007-03-01,139.33999633789062,141.25,138.0500030517578,140.50999450683594,212828600
1172845800,2007-03-02,140.0500030517578,140.66000366210938,138.66000366210938,138.6699981689453,162574000
1173105000,2007-03-05,137.92999267578125,139.5800018310547,137.3300018310547,137.35000610351562,143750400
1173191400,2007-03-06,138.77999877929688,140.1199951171875,137.72000122070312,139.6999969482422,143333300
1173277800,2007-03-07,139.58999633789062,140.4600067138672,139.39999389648438,139.55999755859375,115144900
1173364200,2007-03-08,140.5399932861328,141.16000366210938,140.07000732421875,140.74000549316406,117891600
1173450600,2007-03-09,141.30999755859375,141.4199981689453,140.0800018310547,140.77999877929688,107765100
1173706200,2007-03-12,140.4199981689453,141.33999633789062,140.16000366210938,140.99000549316406,80366900
1173792600,2007-03-13,140.17999267578125,140.77000427246094,138.0399932861328,138.25,190605200
1173879000,2007-03-14,138.42999267578125,139.36000061035156,136.75,139.27999877929688,231853800
1173965400,2007-03-15,138.97000122070312,139.99000549316406,138.8000030517578,139.47000122070312,132435900
1174051800,2007-03-16,139.30999755859375,139.6300048828125,138.1199951171875,138.52999877929688,121531600
1174311000,2007-03-19,139.25999450683594,140.3300018310547,139.14999389648438,140.1999969482422,96161200
1174397400,2007-03-20,140.0800018310547,141.0500030517578,139.9600067138672,140.97000122070312,82147400
1174483800,2007-03-21,141.10000610351562,143.64999389648438,140.82000732421875,143.2899932861328,152368700
1174570200,2007-03-22,143.47999572753906,143.67999267578125,142.7899932861328,143.17999267578125,118942200
1174656600,2007-03-23,143.27999877929688,143.80999755859375,143.14999389648438,143.38999938964844,74416800
1174915800,2007-03-26,143.5,143.64999389648438,142.08999633789062,143.1999969482422,113787500
1175002200,2007-03-27,143.1199951171875,143.16000366210938,142.38999938964844,142.86000061035156,99864600
1175088600,2007-03-28,142.13999938964844,142.47000122070312,141.25999450683594,141.82000732421875,152907900
1175175000,2007-03-29,142.5399932861328,142.61000061035156,141.19000244140625,141.97000122070312,139432700
1175261400,2007-03-30,142.24000549316406,142.83999633789062,140.55999755859375,142,128194100
1175520600,2007-04-02,142.16000366210938,142.4600067138672,141.47999572753906,142.16000366210938,79416400
1175607000,2007-04-03,142.97000122070312,143.97999572753906,142.91000366210938,143.69000244140625,82417800
1175693400,2007-04-04,143.69000244140625,143.9499969482422,143.16000366210938,143.85000610351562,63995200
1175779800,2007-04-05,143.6699981689453,144.44000244140625,143.61000061035156,144.24000549316406,46822800
1176125400,2007-04-09,144.64999389648438,144.8000030517578,144.14999389648438,144.44000244140625,50967400
1176211800,2007-04-10,144.3300018310547,144.85000610351562,144.27000427246094,144.61000061035156,56620000
1176298200,2007-04-11,144.82000732421875,144.86000061035156,143.5399932861328,144.02000427246094,106365700
1176384600,2007-04-12,143.74000549316406,144.9199981689453,143.33999633789062,144.66000366210938,115534400
1176471000,2007-04-13,144.89999389648438,145.32000732421875,144.36000061035156,145.32000732421875,84287000
1176730200,2007-04-16,145.8300018310547,146.86000061035156,145.82000732421875,146.6999969482422,83064600
1176816600,2007-04-17,146.97000122070312,147.39999389648438,146.64999389648438,147.08999633789062,108424100
1176903000,2007-04-18,146.60000610351562,147.6999969482422,146.57000732421875,147.27000427246094,88345300
1176989400,2007-04-19,146.5500030517578,147.39999389648438,146.36000061035156,147.22999572753906,102947700
1177075800,2007-04-20,148.22000122070312,148.6199951171875,147.0399932861328,148.6199951171875,124114100
1177335000,2007-04-23,148.3699951171875,148.72999572753906,147.97000122070312,148.05999755859375,77270800
1177421400,2007-04-24,148.22999572753906,148.39999389648438,147.32000732421875,148.1199951171875,114471000
1177507800,2007-04-25,148.72999572753906,149.66000366210938,148.02000427246094,149.47999572753906,108418800
1177594200,2007-04-26,149.49000549316406,149.8000030517578,149.10000610351562,149.64999389648438,88741600
1177680600,2007-04-27,149.08999633789062,149.74000549316406,148.83999633789062,149.52999877929688,108191100
1177939800,2007-04-30,149.63999938964844,149.74000549316406,148.2100067138672,148.2899932861328,100874100
1178026200,2007-05-01,148.4199981689453,149.47000122070312,147.6699981689453,148.6699981689453,134342700
1178112600,2007-05-02,148.89999389648438,149.9499969482422,148.75,149.5399932861328,87129800
1178199000,2007-05-03,149.97000122070312,150.39999389648438,149.72999572753906,150.35000610351562,86569700
1178285400,2007-05-04,150.75,151.1199951171875,150.22000122070312,150.9199981689453,96409000
1178544600,2007-05-07,150.8800048828125,151.1999969482422,150.80999755859375,150.9499969482422,63461400
1178631000,2007-05-08,150.5800018310547,150.9199981689453,150.1300048828125,150.75,80584000
1178717400,2007-05-09,150.63999938964844,152.82000732421875,150.3699951171875,151.16000366210938,102070100
1178803800,2007-05-10,150.72999572753906,151.02000427246094,149.27000427246094,149.5800018310547,153617800
1178890200,2007-05-11,149.75,150.92999267578125,149.72000122070312,150.86000061035156,113408900
1179149400,2007-05-14,150.86000061035156,151.3000030517578,149.7899932861328,150.52999877929688,108027500
1179235800,2007-05-15,150.6999969482422,151.66000366210938,150.19000244140625,150.57000732421875,180673300
1179322200,2007-05-16,150.8000030517578,151.6300048828125,150.3800048828125,151.60000610351562,114166500
1179408600,2007-05-17,151.3800048828125,151.9600067138672,151.11000061035156,151.3000030517578,101132800
1179495000,2007-05-18,152.00999450683594,152.6199951171875,151.80999755859375,152.6199951171875,99182000
1179754200,2007-05-21,152.5800018310547,153.22999572753906,152.5,152.5399932861328,174664600
1179840600,2007-05-22,152.6999969482422,153.16000366210938,152.3800048828125,152.4199981689453,82148800
1179927000,2007-05-23,152.9499969482422,153.5,152.36000061035156,152.44000244140625,133786600
1180013400,2007-05-24,152.52999877929688,153.2100067138672,150.74000549316406,151.05999755859375,187593000
1180099800,2007-05-25,151.5,152.02000427246094,151.17999267578125,151.69000244140625,83309200
1180445400,2007-05-29,151.94000244140625,152.5,151.4499969482422,152.24000549316406,82020000
1180531800,2007-05-30,151.4600067138672,153.5399932861328,151.33999633789062,153.47999572753906,129013600
1180618200,2007-05-31,153.6699981689453,153.88999938964844,153.1199951171875,153.32000732421875,114866700
1180704600,2007-06-01,153.8800048828125,154.39999389648438,153.50999450683594,154.0800018310547,107771700
1180963800,2007-06-04,153.5399932861328,154.38999938964844,153.47999572753906,154.10000610351562,78008800
1181050200,2007-06-05,153.74000549316406,153.89999389648438,152.86000061035156,153.49000549316406,126917900
1181136600,2007-06-06,152.86000061035156,152.9499969482422,151.75,151.83999633789062,164096800
1181223000,2007-06-07,151.55999755859375,152.5,149.05999755859375,149.10000610351562,232414600
1181309400,2007-06-08,149.5800018310547,151.19000244140625,149.08999633789062,151.0399932861328,175886000
1181568600,2007-06-11,150.92999267578125,151.9499969482422,150.6999969482422,151.3000030517578,102015600
1181655000,2007-06-12,150.6699981689453,151.5399932861328,149.5500030517578,149.64999389648438,233898000
1181741400,2007-06-13,150.5,152.07000732421875,149.72000122070312,151.88999938964844,193208200
1181827800,2007-06-14,152.05999755859375,153.1199951171875,152.02999877929688,152.86000061035156,146396500
1181914200,2007-06-15,153.13999938964844,153.66000366210938,152.92999267578125,153.07000732421875,154030800
1182173400,2007-06-18,153.3800048828125,153.38999938964844,152.66000366210938,152.88999938964844,88537500
1182259800,2007-06-19,152.5500030517578,153.3800048828125,152.36000061035156,153.27000427246094,110851700
1182346200,2007-06-20,153.5800018310547,153.5800018310547,150.9600067138672,151.13999938964844,177119700
1182432600,2007-06-21,151.0800018310547,152.11000061035156,150.25,151.97999572753906,205262000
1182519000,2007-06-22,151.52000427246094,151.77000427246094,149.85000610351562,150.5500030517578,204964700
1182778200,2007-06-25,150.24000549316406,151.25,149.02000427246094,149.8300018310547,232014400
1182864600,2007-06-26,150.2100067138672,150.4600067138672,148.27999877929688,148.2899932861328,198445700
1182951000,2007-06-27,148.1300048828125,150.57000732421875,148.05999755859375,150.39999389648438,213638000
1183037400,2007-06-28,150.3800048828125,151.41000366210938,149.6699981689453,150.3800048828125,157705000
1183123800,2007-06-29,150.89999389648438,151.64999389648438,149.14999389648438,150.42999267578125,199701800
1183383000,2007-07-02,150.8699951171875,151.9199981689453,150.77000427246094,151.7899932861328,103357000
1183469400,2007-07-03,152.17999267578125,152.5,151.99000549316406,152.33999633789062,54048400
1183642200,2007-07-05,152.39999389648438,152.55999755859375,151.6300048828125,152.17999267578125,89279000
1183728600,2007-07-06,152.3800048828125,153.1699981689453,151.92999267578125,152.97999572753906,81109000
1183987800,2007-07-09,153.16000366210938,153.36000061035156,152.6199951171875,153.10000610351562,72348100
1184074200,2007-07-10,152.2899932861328,152.61000061035156,150.77000427246094,150.9199981689453,180362600
1184160600,2007-07-11,150.75,152.0500030517578,150.52000427246094,151.99000549316406,175607600
1184247000,2007-07-12,152.3699951171875,154.75,152.33999633789062,154.38999938964844,133882500
1184333400,2007-07-13,154.57000732421875,155.4600067138672,154.38999938964844,154.85000610351562,111794300
1184592600,2007-07-16,154.99000549316406,155.52999877929688,154.5800018310547,154.8300018310547,98378700
1184679000,2007-07-17,154.92999267578125,155.47999572753906,154.67999267578125,154.75,126201300
1184765400,2007-07-18,154.22999572753906,154.8000030517578,153.3000030517578,154.47000122070312,237887400
1184851800,2007-07-19,155.1999969482422,155.52999877929688,154.75,155.07000732421875,145212700
1184938200,2007-07-20,154.88999938964844,154.99000549316406,152.8300018310547,153.5,245502500
1185197400,2007-07-23,154.17999267578125,154.72000122070312,153.3000030517578,153.97000122070312,121183900
1185283800,2007-07-24,153.1199951171875,154.27999877929688,150.75999450683594,151.3000030517578,256732400
1185370200,2007-07-25,152.02000427246094,152.38999938964844,150.25,151.61000061035156,265214500
1185456600,2007-07-26,150.19000244140625,150.8000030517578,146.38999938964844,148.02000427246094,467592500
1185543000,2007-07-27,148.2100067138672,148.8699951171875,145.0500030517578,145.11000061035156,422987600
1185802200,2007-07-30,145.92999267578125,147.80999755859375,145.2899932861328,147.3800048828125,283017500
1185888600,2007-07-31,148.3300018310547,149.4600067138672,145.0399932861328,145.72000122070312,316976700
1185975000,2007-08-01,145.17999267578125,147.00999450683594,143.9499969482422,146.42999267578125,467670000
1186061400,2007-08-02,146.75999450683594,147.75999450683594,145.25999450683594,147.60000610351562,294758400
1186147800,2007-08-03,147.27999877929688,147.5800018310547,143.1999969482422,143.8000030517578,359398200
1186407000,2007-08-06,144.2100067138672,146.8300018310547,142.52999877929688,146.2100067138672,324980000
1186493400,2007-08-07,145.94000244140625,149,145.22999572753906,147.77000427246094,232568700
1186579800,2007-08-08,148.41000366210938,150.58999633789062,147.33999633789062,149.8300018310547,274930600
1186666200,2007-08-09,147.42999267578125,148.9499969482422,145.2899932861328,145.38999938964844,357622100
1186752600,2007-08-10,144.38999938964844,146.5,143.1199951171875,144.7100067138672,411018400
1187011800,2007-08-13,146.5,146.88999938964844,145.02000427246094,145.22999572753906,181917200
1187098200,2007-08-14,145.6999969482422,146.05999755859375,142.72000122070312,143.00999450683594,264134500
1187184600,2007-08-15,142.72000122070312,144.4600067138672,140.6199951171875,141.0399932861328,323834000
1187271000,2007-08-16,139.7899932861328,142.94000244140625,137,142.10000610351562,546743700
1187357400,2007-08-17,145.5,145.80999755859375,141.38999938964844,144.7100067138672,388218100
1187616600,2007-08-20,145.1699981689453,145.47000122070312,143.2899932861328,144.63999938964844,187320400
1187703000,2007-08-21,144.60000610351562,145.97000122070312,144.13999938964844,144.92999267578125,157066400
1187789400,2007-08-22,146.00999450683594,146.8000030517578,145.3300018310547,146.64999389648438,173156700
1187875800,2007-08-23,147.33999633789062,147.64999389648438,145.61000061035156,146.52000427246094,203915300
1187962200,2007-08-24,146.47999572753906,148.3300018310547,146.27999877929688,148.3300018310547,128901900
1188221400,2007-08-27,147.85000610351562,148.3300018310547,146.72999572753906,146.9499969482422,113024300
1188307800,2007-08-28,146.16000366210938,146.25,143.4600067138672,143.72000122070312,219790700
1188394200,2007-08-29,144.3699951171875,146.74000549316406,143.9600067138672,146.5399932861328,207654200
1188480600,2007-08-30,145.4499969482422,147.19000244140625,145.30999755859375,146.14999389648438,191817300
1188567000,2007-08-31,147.64999389648438,148.5,146.8300018310547,147.58999633789062,185477500
1188912600,2007-09-04,147.4499969482422,149.97999572753906,147.39999389648438,149.0800018310547,120062000
1188999000,2007-09-05,148.1999969482422,148.36000061035156,147,147.7899932861328,166261800
1189085400,2007-09-06,147.9499969482422,148.61000061035156,147.1199951171875,148.1300048828125,127878400
1189171800,2007-09-07,146.47999572753906,146.88999938964844,145.25999450683594,146.07000732421875,235447600
1189431000,2007-09-10,146.52000427246094,146.72000122070312,144.3300018310547,145.7899932861328,192305900
1189517400,2007-09-11,146.24000549316406,147.6999969482422,146.1300048828125,147.49000549316406,162081900
1189603800,2007-09-12,147.2899932861328,148.44000244140625,146.97999572753906,147.8699951171875,149554600
1189690200,2007-09-13,148.5500030517578,149.4499969482422,148.1999969482422,148.91000366210938,154079000
1189776600,2007-09-14,147.9600067138672,149.08999633789062,147.74000549316406,148.89999389648438,121911000
1190035800,2007-09-17,148.30999755859375,148.64999389648438,147.6300048828125,148.10000610351562,109870800
1190122200,2007-09-18,148.8300018310547,152.5,148.1300048828125,152.4600067138672,263759500
1190208600,2007-09-19,153.41000366210938,154.38999938964844,152.7100067138672,153.36000061035156,193779900
1190295000,2007-09-20,153.33999633789062,153.42999267578125,152.11000061035156,152.27999877929688,175186800
1190381400,2007-09-21,152.7100067138672,153.1199951171875,151.74000549316406,151.97000122070312,141457500
1190640600,2007-09-24,152.4199981689453,152.82000732421875,151.36000061035156,151.69000244140625,139450200
1190727000,2007-09-25,150.80999755859375,151.66000366210938,150.47000122070312,151.38999938964844,142289900
1190813400,2007-09-26,152.25,152.77000427246094,151.38999938964844,152.19000244140625,135547000
1190899800,2007-09-27,152.91000366210938,153.10000610351562,152.19000244140625,153.08999633789062,102713300
1190986200,2007-09-28,152.85000610351562,153.19000244140625,151.97999572753906,152.5800018310547,133372100
1191245400,2007-10-01,152.60000610351562,154.75,152.5,154.3000030517578,148162300
1191331800,2007-10-02,154.61000061035156,154.64999389648438,153.80999755859375,154.08999633789062,112978800
1191418200,2007-10-03,153.80999755859375,154.41000366210938,153.00999450683594,153.77999877929688,119055900
1191504600,2007-10-04,154.11000061035156,154.25999450683594,153.58999633789062,154.02000427246094,76864400
1191591000,2007-10-05,155.02999877929688,156.10000610351562,154.6300048828125,155.85000610351562,134579700
1191850200,2007-10-08,155.38999938964844,155.49000549316406,154.77000427246094,155.02000427246094,71280400
1191936600,2007-10-09,155.60000610351562,156.5,155.02999877929688,156.47999572753906,94054300
1192023000,2007-10-10,156.0399932861328,156.44000244140625,155.41000366210938,156.22000122070312,101711100
1192109400,2007-10-11,156.92999267578125,157.52000427246094,154.5399932861328,155.47000122070312,233529100
1192195800,2007-10-12,155.4600067138672,156.35000610351562,155.27000427246094,156.3300018310547,124546700
1192455000,2007-10-15,156.27000427246094,156.36000061035156,153.94000244140625,155.00999450683594,161151900
1192541400,2007-10-16,154.41000366210938,154.52000427246094,153.47000122070312,153.77999877929688,166525700
1192627800,2007-10-17,154.97999572753906,155.08999633789062,152.47000122070312,154.25,216687300
1192714200,2007-10-18,153.4499969482422,154.19000244140625,153.0800018310547,153.69000244140625,148367500
1192800600,2007-10-19,153.08999633789062,156.47999572753906,149.66000366210938,149.6699981689453,297169900
1193059800,2007-10-22,148.86000061035156,150.75999450683594,148.66000366210938,150.5399932861328,261989800
1193146200,2007-10-23,151.4600067138672,151.9499969482422,150.25,151.75999450683594,180085100
1193232600,2007-10-24,151.2100067138672,151.74000549316406,148.83999633789062,151.47999572753906,326694200
1193319000,2007-10-25,151.64999389648438,152.2899932861328,149.8800048828125,151.83999633789062,237374500
1193405400,2007-10-26,153.05999755859375,153.6199951171875,151.89999389648438,153.6199951171875,176484000
1193664600,2007-10-29,153.92999267578125,154.44000244140625,153.5500030517578,154.1300048828125,106841000
1193751000,2007-10-30,153.4499969482422,153.75,152.8699951171875,153.05999755859375,132981600
1193837400,2007-10-31,153.97999572753906,155.27000427246094,152.83999633789062,154.64999389648438,220954400
1193923800,2007-11-01,153.2899932861328,153.41000366210938,150.58999633789062,151.02999877929688,333040800
1194010200,2007-11-02,151.52999877929688,152,149.2100067138672,151.1999969482422,331228200
1194273000,2007-11-05,149.63999938964844,151.16000366210938,148.97000122070312,150.0500030517578,226841000
1194359400,2007-11-06,150.86000061035156,152.11000061035156,149.89999389648438,152.07000732421875,177800500
1194445800,2007-11-07,150.44000244140625,151.1300048828125,147.5500030517578,147.91000366210938,306639700
1194532200,2007-11-08,147.99000549316406,148.39999389648438,145.07000732421875,147.16000366210938,374509900
1194618600,2007-11-09,145.69000244140625,147.5399932861328,144.88999938964844,145.13999938964844,277745100
1194877800,2007-11-12,145.2100067138672,146.61000061035156,143.6999969482422,143.6999969482422,243087800
1194964200,2007-11-13,145.3699951171875,148.30999755859375,145.22000122070312,148.0800018310547,191117400
1195050600,2007-11-14,149.22000122070312,149.39999389648438,146.77999877929688,147.6699981689453,230558800
1195137000,2007-11-15,146.57000732421875,147.49000549316406,144.52000427246094,145.5399932861328,263111100
1195223400,2007-11-16,146.30999755859375,146.47000122070312,144.57000732421875,145.7899932861328,308770600
1195482600,2007-11-19,145.27999877929688,145.36000061035156,143.19000244140625,143.75999450683594,267746000
1195569000,2007-11-20,144.02000427246094,145.52999877929688,142.11000061035156,144.63999938964844,414767500
1195655400,2007-11-21,143.0800018310547,143.91000366210938,141.6699981689453,141.67999267578125,259012400
1195828200,2007-11-23,143.07000732421875,144.33999633789062,142.6999969482422,144.1300048828125,77688400
1196087400,2007-11-26,144.42999267578125,144.8800048828125,140.66000366210938,140.9499969482422,214232000
1196173800,2007-11-27,141.74000549316406,143.22999572753906,140.9499969482422,142.57000732421875,293897900
1196260200,2007-11-28,144.19000244140625,147.47000122070312,144.13999938964844,147.1300048828125,258596900
1196346600,2007-11-29,146.6199951171875,147.72000122070312,146.10000610351562,147.17999267578125,199409900
1196433000,2007-11-30,149.0399932861328,149.8699951171875,147.3300018310547,148.66000366210938,222908000
1196692200,2007-12-03,148.19000244140625,148.4499969482422,147.2899932861328,147.67999267578125,146430400
1196778600,2007-12-04,146.66000366210938,147.5399932861328,146.30999755859375,146.36000061035156,136533900
1196865000,2007-12-05,147.92999267578125,149.1999969482422,147.8300018310547,148.80999755859375,171130000
1196951400,2007-12-06,148.6300048828125,151.2100067138672,148.57000732421875,150.94000244140625,154457400
1197037800,2007-12-07,151.4199981689453,151.5,150.5500030517578,150.91000366210938,148980100
1197297000,2007-12-10,151.27999877929688,152.25,150.86000061035156,152.0800018310547,123914300
1197383400,2007-12-11,152.13999938964844,152.88999938964844,147.8300018310547,147.91000366210938,250346400
1197469800,2007-12-12,151.05999755859375,151.77000427246094,147.1999969482422,149.3699951171875,322435600
1197556200,2007-12-13,148.32000732421875,149.38999938964844,147.3000030517578,149.05999755859375,237551300
1197642600,2007-12-14,147.92999267578125,149.10000610351562,147.10000610351562,147.1699981689453,159152900
1197901800,2007-12-17,146.61000061035156,146.8699951171875,144.86000061035156,145.07000732421875,177269400
1197988200,2007-12-18,146.10000610351562,146.47999572753906,143.9600067138672,145.8800048828125,245569300
1198074600,2007-12-19,145.94000244140625,146.88999938964844,144.94000244140625,145.8800048828125,198917200
1198161000,2007-12-20,146.83999633789062,146.86000061035156,145.17999267578125,146.8000030517578,214813800
1198247400,2007-12-21,147.3699951171875,148.4199981689453,147.08999633789062,148.1300048828125,146084400
1198506600,2007-12-24,148.82000732421875,149.47999572753906,148.47999572753906,149.22999572753906,45601400
1198679400,2007-12-26,148.64999389648438,149.67999267578125,148.5,149.5500030517578,67093100
1198765800,2007-12-27,149.02000427246094,149.02999877929688,147.32000732421875,147.6699981689453,122981700
1198852200,2007-12-28,148.5399932861328,148.61000061035156,146.89999389648438,147.3000030517578,116398100
1199111400,2007-12-31,147.10000610351562,147.61000061035156,146.05999755859375,146.2100067138672,108126800
1199284200,2008-01-02,146.52999877929688,146.99000549316406,143.8800048828125,144.92999267578125,204935600
1199370600,2008-01-03,144.91000366210938,145.49000549316406,144.07000732421875,144.86000061035156,125133300
1199457000,2008-01-04,143.33999633789062,143.44000244140625,140.91000366210938,141.30999755859375,232330900
1199716200,2008-01-07,141.80999755859375,142.22999572753906,140.10000610351562,141.19000244140625,234991000
1199802600,2008-01-08,142.0800018310547,142.89999389648438,138.44000244140625,138.91000366210938,326365700
1199889000,2008-01-09,139.08999633789062,140.7899932861328,137.6999969482422,140.3699951171875,301824900
1199975400,2008-01-10,139.67999267578125,142.8000030517578,139.3699951171875,141.2899932861328,335701200
1200061800,2008-01-11,140.77999877929688,141.89999389648438,139,140.14999389648438,267076600
1200321000,2008-01-14,141.16000366210938,141.86000061035156,140.39999389648438,141.27999877929688,170365500
1200407400,2008-01-15,139.7899932861328,141.49000549316406,137.89999389648438,138.1699981689453,239940100
1200493800,2008-01-16,137.36000061035156,139.1199951171875,136.27999877929688,136.97999572753906,378802600
1200580200,2008-01-17,137.80999755859375,137.8800048828125,132.92999267578125,133.42999267578125,397892600
1200666600,2008-01-18,134.74000549316406,135.02000427246094,131.10000610351562,132.05999755859375,348561500
1201012200,2008-01-22,127.20999908447266,132.42999267578125,126,130.72000122070312,435923700
1201098600,2008-01-23,127.08999633789062,134.19000244140625,126.83999633789062,133.86000061035156,511913000
1201185000,2008-01-24,134.47999572753906,135.4600067138672,133.30999755859375,134.99000549316406,259949300
1201271400,2008-01-25,136.50999450683594,136.75999450683594,132.60000610351562,133.0399932861328,269603900
1201530600,2008-01-28,133.25999450683594,135.52000427246094,132.05999755859375,135.24000549316406,217934600
1201617000,2008-01-29,136.10000610351562,136.4499969482422,134.8800048828125,135.91000366210938,168968300
1201703400,2008-01-30,135.5800018310547,138.5399932861328,134.60000610351562,134.91000366210938,334939200
1201789800,2008-01-31,133.39999389648438,138.5399932861328,133.1999969482422,137.3699951171875,343680800
1201876200,2008-02-01,137.94000244140625,139.61000061035156,137.52000427246094,139.5800018310547,206843600
1202135400,2008-02-04,139.2100067138672,139.3000030517578,137.63999938964844,137.82000732421875,124694300
1202221800,2008-02-05,135.94000244140625,136.25,133.6699981689453,134.1300048828125,286882500
1202308200,2008-02-06,134.5800018310547,135.25,132.41000366210938,133.0500030517578,250792900
1202394600,2008-02-07,131.8000030517578,134.7899932861328,131.72999572753906,133.92999267578125,297368100
1202481000,2008-02-08,133.08999633789062,134.22000122070312,132.10000610351562,133.07000732421875,221643500
1202740200,2008-02-11,133.10000610351562,134.22999572753906,132.0399932861328,133.75,188576300
1202826600,2008-02-12,134.91000366210938,136.30999755859375,133.97999572753906,134.99000549316406,256654400
1202913000,2008-02-13,136.00999450683594,137.05999755859375,135.13999938964844,136.3699951171875,181967800
1202999400,2008-02-14,136.9499969482422,137,134.7899932861328,135.1699981689453,215207200
1203085800,2008-02-15,134.5,135.22000122070312,133.91000366210938,135.13999938964844,154110300
1203431400,2008-02-19,136.72000122070312,136.88999938964844,134.61000061035156,135.52000427246094,145190000
1203517800,2008-02-20,133.99000549316406,136.5500030517578,133.75999450683594,135.9199981689453,220085700
1203604200,2008-02-21,136.66000366210938,137.00999450683594,134.07000732421875,134.7899932861328,201051200
1203690600,2008-02-22,134.97000122070312,135.85000610351562,132.86000061035156,135.6199951171875,205491000
1203949800,2008-02-25,135.5399932861328,137.64999389648438,134.77999877929688,137.3300018310547,190107000
1204036200,2008-02-26,136.75,138.9499969482422,136.5,138.36000061035156,212420700
1204122600,2008-02-27,137.55999755859375,139.13999938964844,137.41000366210938,138.22000122070312,168395800
1204209000,2008-02-28,137.24000549316406,137.9600067138672,136.5500030517578,136.8699951171875,170831100
1204295400,2008-02-29,135.60000610351562,135.67999267578125,132.77999877929688,133.82000732421875,252715200
1204554600,2008-03-03,133.13999938964844,133.80999755859375,132.24000549316406,133.5,189483500
1204641000,2008-03-04,132.22999572753906,133.39999389648438,130.99000549316406,132.99000549316406,282513100
1204727400,2008-03-05,133.4199981689453,134.77000427246094,132.33999633789062,133.8300018310547,270681400
1204813800,2008-03-06,132.97999572753906,133.22000122070312,130.5500030517578,131.05999755859375,247911700
1204900200,2008-03-07,129.77000427246094,131.74000549316406,128.5800018310547,129.7100067138672,326434600
1205155800,2008-03-10,129.83999633789062,129.92999267578125,127.58999633789062,128,235683600
1205242200,2008-03-11,130.72000122070312,132.72000122070312,128.9499969482422,132.60000610351562,341440600
1205328600,2008-03-12,132.74000549316406,133.77000427246094,131.16000366210938,131.36000061035156,229161100
1205415000,2008-03-13,129.61000061035156,132.63999938964844,128.60000610351562,131.64999389648438,351504200
1205501400,2008-03-14,132.77000427246094,132.80999755859375,127.77999877929688,129.61000061035156,484687800
1205760600,2008-03-17,126.56999969482422,129.25999450683594,126.06999969482422,128.3000030517578,405311100
1205847000,2008-03-18,130.6199951171875,133.69000244140625,129.97999572753906,133.6300048828125,334416600
1205933400,2008-03-19,134.13999938964844,134.64999389648438,130.0399932861328,130.32000732421875,345971600
1206019800,2008-03-20,130.0500030517578,132.91000366210938,129.25999450683594,132.0800018310547,245320700
1206365400,2008-03-24,133.30999755859375,135.80999755859375,133.24000549316406,134.72000122070312,208977300
1206451800,2008-03-25,134.86000061035156,135.5500030517578,133.77000427246094,134.85000610351562,192947200
1206538200,2008-03-26,134.4600067138672,135.08999633789062,133.11000061035156,133.1999969482422,196934300
1206624600,2008-03-27,134.1999969482422,134.44000244140625,132.36000061035156,132.77999877929688,225153200
1206711000,2008-03-28,132.99000549316406,133.36000061035156,131.05999755859375,131.50999450683594,180896100
1206970200,2008-03-31,131.2899932861328,132.72999572753906,131.08999633789062,131.97000122070312,166692100
1207056600,2008-04-01,133.61000061035156,136.83999633789062,133.50999450683594,136.61000061035156,254547300
1207143000,2008-04-02,137.0500030517578,137.6699981689453,135.97999572753906,136.6999969482422,210910800
1207229400,2008-04-03,135.9600067138672,137.44000244140625,135.7100067138672,137.0399932861328,175884800
1207315800,2008-04-04,137.1199951171875,137.9600067138672,136.1199951171875,136.88999938964844,204446800
1207575000,2008-04-07,137.8699951171875,138.57000732421875,136.74000549316406,136.9600067138672,154245500
1207661400,2008-04-08,136.19000244140625,136.9199981689453,135.9499969482422,136.82000732421875,148937300
1207747800,2008-04-09,136.61000061035156,136.8000030517578,134.88999938964844,135.8300018310547,195610600
1207834200,2008-04-10,135.4199981689453,136.6699981689453,134.89999389648438,136.02000427246094,192967800
1207920600,2008-04-11,134.49000549316406,135.1199951171875,133.00999450683594,133.3800048828125,222973300
1208179800,2008-04-14,133.19000244140625,133.5399932861328,132.5500030517578,132.92999267578125,160522000
1208266200,2008-04-15,133.5800018310547,133.69000244140625,132.3300018310547,133.24000549316406,172389200
1208352600,2008-04-16,134.5399932861328,136.91000366210938,134.52000427246094,136.85000610351562,189268900
1208439000,2008-04-17,136.02000427246094,137.25,135.66000366210938,137.0500030517578,179665700
1208525400,2008-04-18,138.94000244140625,139.55999755859375,138.25999450683594,138.47999572753906,218530600
1208784600,2008-04-21,138.22999572753906,138.97999572753906,137.85000610351562,138.5500030517578,118587400
1208871000,2008-04-22,138.19000244140625,138.30999755859375,136.89999389648438,137.94000244140625,162166000
1208957400,2008-04-23,138.08999633789062,138.77999877929688,137.1199951171875,137.72000122070312,193309000
1209043800,2008-04-24,138.0800018310547,139.74000549316406,137.0399932861328,138.32000732421875,229381300
1209130200,2008-04-25,139.39999389648438,139.88999938964844,137.91000366210938,139.60000610351562,190788100
1209389400,2008-04-28,139.8800048828125,140.25,139.3800048828125,139.6300048828125,105610200
1209475800,2008-04-29,139.38999938964844,139.72999572753906,138.61000061035156,139.0800018310547,125514100
1209562200,2008-04-30,139.2899932861328,140.58999633789062,138.25999450683594,138.25999450683594,208395900
1209648600,2008-05-01,138.3800048828125,141.1199951171875,138.27000427246094,141.1199951171875,187279500
1209735000,2008-05-02,142.33999633789062,142.3699951171875,140.55999755859375,141.50999450683594,181585500
1209994200,2008-05-05,141.0500030517578,141.61000061035156,140.41000366210938,140.8300018310547,118504500
1210080600,2008-05-06,140.02000427246094,142.1999969482422,139.69000244140625,142.0500030517578,179339800
1210167000,2008-05-07,141.88999938964844,142.0399932861328,139.1300048828125,139.52000427246094,199267300
1210253400,2008-05-08,139.74000549316406,140.32000732421875,138.97999572753906,139.16000366210938,178321200
1210339800,2008-05-09,138.60000610351562,139.38999938964844,138.4499969482422,138.89999389648438,152588200
1210599000,2008-05-12,139.25,140.55999755859375,138.72999572753906,140.4600067138672,147865900
1210685400,2008-05-13,140.8000030517578,140.88999938964844,139.72999572753906,140.47999572753906,159132200
1210771800,2008-05-14,141.07000732421875,142.1999969482422,140.4600067138672,140.77000427246094,181910800
1210858200,2008-05-15,141.0399932861328,142.6300048828125,140.8300018310547,142.52999877929688,166927000
1210944600,2008-05-16,142.86000061035156,142.8699951171875,141.61000061035156,142.66000366210938,204236800
1211203800,2008-05-19,142.80999755859375,144.3000030517578,142.3000030517578,143.0500030517578,165664400
1211290200,2008-05-20,142.27000427246094,142.33999633789062,141,141.88999938964844,178552100
1211376600,2008-05-21,141.80999755859375,142.1199951171875,139,139.49000549316406,252724800
1211463000,2008-05-22,139.42999267578125,140.1699981689453,139,139.50999450683594,170820400
1211549400,2008-05-23,139.0500030517578,139.66000366210938,137.52000427246094,137.63999938964844,181376400
1211895000,2008-05-27,137.8000030517578,139,137.52999877929688,138.66000366210938,168322900
1211981400,2008-05-28,139.1699981689453,140,138,139.3000030517578,181288100
1212067800,2008-05-29,139.1300048828125,140.92999267578125,139.0800018310547,140,173927200
1212154200,2008-05-30,140.47000122070312,140.74000549316406,139.94000244140625,140.35000610351562,117362000
1212413400,2008-06-02,139.8300018310547,139.86000061035156,138,138.89999389648438,181069900
1212499800,2008-06-03,139.3000030517578,139.6199951171875,137.22999572753906,138.08999633789062,271965700
1212586200,2008-06-04,137.6999969482422,139.16000366210938,137.4600067138672,138.02000427246094,246637700
1212672600,2008-06-05,138.5800018310547,140.88999938964844,138.32000732421875,140.77999877929688,237867100
1212759000,2008-06-06,139.5500030517578,139.8000030517578,136.22000122070312,136.2899932861328,384276300
1213018200,2008-06-09,136.86000061035156,137.5,135.41000366210938,136.6199951171875,228263900
1213104600,2008-06-10,135.6699981689453,137.10000610351562,135.35000610351562,135.94000244140625,260234900
1213191000,2008-06-11,135.97000122070312,136.25999450683594,133.92999267578125,133.94000244140625,283890100
1213277400,2008-06-12,134.60000610351562,135.8699951171875,133.52000427246094,134.4499969482422,252791800
1213363800,2008-06-13,135.1699981689453,136.52000427246094,134.4199981689453,136.14999389648438,244726900
1213623000,2008-06-16,135.5500030517578,136.92999267578125,135.4600067138672,136.22999572753906,185832500
1213709400,2008-06-17,137.07000732421875,137.1199951171875,135.3699951171875,135.57000732421875,191707700
1213795800,2008-06-18,134.69000244140625,135.52000427246094,133.7100067138672,134.25,265893000
1213882200,2008-06-19,134.14999389648438,135.24000549316406,133.5,134.4199981689453,304204900
1213968600,2008-06-20,132.83999633789062,133.08999633789062,131.22000122070312,131.5800018310547,289275700
1214227800,2008-06-23,132.08999633789062,132.22999572753906,131.32000732421875,131.4499969482422,165096400
1214314200,2008-06-24,131.0500030517578,132.44000244140625,130.19000244140625,131.19000244140625,267300600
1214400600,2008-06-25,131.72000122070312,133.39999389648438,131.24000549316406,131.80999755859375,287853900
1214487000,2008-06-26,130.57000732421875,131.4199981689453,128.0800018310547,128.22999572753906,297775000
1214573400,2008-06-27,128.27999877929688,128.86000061035156,127.04000091552734,127.52999877929688,303423400
1214832600,2008-06-30,127.88999938964844,128.91000366210938,127.30000305175781,127.9800033569336,258842600
1214919000,2008-07-01,126.5199966430664,128.47000122070312,125.93000030517578,128.3800048828125,388622000
1215005400,2008-07-02,128.7899932861328,129.16000366210938,125.94999694824219,126.18000030517578,288064600
1215091800,2008-07-03,127.11000061035156,127.11000061035156,124.98999786376953,126.30999755859375,239352500
1215437400,2008-07-07,126.79000091552734,127.33999633789062,123.91999816894531,125.0199966430664,372427300
1215523800,2008-07-08,124.98999786376953,127.38999938964844,124.19999694824219,127.23999786376953,375973700
1215610200,2008-07-09,127.5,127.73999786376953,124.38999938964844,124.79000091552734,336729400
1215696600,2008-07-10,124.43000030517578,125.79000091552734,123.58000183105469,125.30000305175781,436475700
1215783000,2008-07-11,123.97000122070312,125.9000015258789,122.48999786376953,123.83999633789062,481124600
1216042200,2008-07-14,125.26000213623047,125.5,122.4000015258789,122.72000122070312,322720800
1216128600,2008-07-15,121.80000305175781,123.48999786376953,120.0199966430664,120.98999786376953,502502500
1216215000,2008-07-16,121.44999694824219,124.56999969482422,121.0999984741211,123.95999908447266,371642900
1216301400,2008-07-17,125.13999938964844,126.26000213623047,124.08999633789062,125.19999694824219,375490600
1216387800,2008-07-18,126.16999816894531,126.41999816894531,125.1500015258789,125.9800033569336,267030100
1216647000,2008-07-21,126.51000213623047,126.80000305175781,125.19000244140625,126.05000305175781,222863000
1216733400,2008-07-22,125.1500015258789,127.80000305175781,124.8499984741211,127.4800033569336,296904200
1216819800,2008-07-23,127.88999938964844,129.14999389648438,127.55000305175781,128.1699981689453,311698400
1216906200,2008-07-24,128.33999633789062,128.41000366210938,125.16000366210938,125.51000213623047,248634500
1216992600,2008-07-25,125.88999938964844,126.48999786376953,125.16999816894531,125.4800033569336,219131000
1217251800,2008-07-28,125.51000213623047,126.05999755859375,123.41999816894531,123.63999938964844,205201300
1217338200,2008-07-29,123.9800033569336,126.37999725341797,123.63999938964844,126.27999877929688,261505600
1217424600,2008-07-30,127.11000061035156,128.60000610351562,126.27999877929688,128.52999877929688,354710000
1217511000,2008-07-31,127.4000015258789,128.57000732421875,126.62999725341797,126.83000183105469,277402100
1217597400,2008-08-01,127.12000274658203,127.27999877929688,125.45999908447266,126.16000366210938,248690900
1217856600,2008-08-04,126.04000091552734,126.13999938964844,124.76000213623047,124.98999786376953,188239600
1217943000,2008-08-05,126.0199966430664,128.55999755859375,124.97000122070312,128.36000061035156,251577600
1218029400,2008-08-06,128.02000427246094,129.3000030517578,127.4800033569336,128.92999267578125,209555400
1218115800,2008-08-07,127.95999908447266,128.44000244140625,126.54000091552734,127.01000213623047,246312500
1218202200,2008-08-08,126.58000183105469,129.92999267578125,126.37999725341797,129.3699951171875,260811700
1218461400,2008-08-11,129.47000122070312,131.50999450683594,129.22999572753906,130.7100067138672,249425800
1218547800,2008-08-12,130.27999877929688,130.6999969482422,128.72999572753906,129.35000610351562,213200800
1218634200,2008-08-13,128.7899932861328,129.64999389648438,127.66999816894531,128.57000732421875,256393200
1218720600,2008-08-14,127.83999633789062,130.27999877929688,127.75,129.5399932861328,239555300
1218807000,2008-08-15,129.92999267578125,130.5,129.3000030517578,130.1699981689453,181000800
1219066200,2008-08-18,130.42999267578125,130.47999572753906,127.66000366210938,128.38999938964844,172275100
1219152600,2008-08-19,127.41999816894531,127.69000244140625,126.52999877929688,126.98999786376953,194673700
1219239000,2008-08-20,127.38999938964844,127.94999694824219,126.33999633789062,127.58000183105469,225498200
1219325400,2008-08-21,126.75,128.44000244140625,126.5999984741211,127.80000305175781,180609800
1219411800,2008-08-22,128.6699981689453,129.64999389648438,127.80000305175781,129.64999389648438,167715300
1219671000,2008-08-25,128.8000030517578,129.64999389648438,126.75,127.0199966430664,171936900
1219757400,2008-08-26,127.0199966430664,127.87000274658203,126.58000183105469,127.38999938964844,159117200
1219843800,2008-08-27,127.55000305175781,128.8300018310547,127.30000305175781,128.6300048828125,171032800
1219930200,2008-08-28,129.27999877929688,130.33999633789062,129.11000061035156,130.19000244140625,167537100
1220016600,2008-08-29,129.72999572753906,130.13999938964844,128.50999450683594,128.7899932861328,189195800
1220362200,2008-09-02,130.02999877929688,130.7100067138672,127.5199966430664,127.98999786376953,252364900
1220448600,2008-09-03,127.87999725341797,128.5,126.93000030517578,127.87999725341797,251947000
1220535000,2008-09-04,126.97000122070312,127.2300033569336,123.95999908447266,124.02999877929688,340042500
1220621400,2008-09-05,123.29000091552734,124.94999694824219,122,124.41999816894531,289503400
1220880600,2008-09-08,128.0399932861328,128.24000549316406,124.41999816894531,126.98999786376953,364075300
1220967000,2008-09-09,127.0999984741211,127.36000061035156,122.80000305175781,123.22000122070312,377326800
1221053400,2008-09-10,123.88999938964844,124.9000015258789,122.55000305175781,123.72000122070312,298916600
1221139800,2008-09-11,122.12000274658203,125.73999786376953,121.5999984741211,125.51000213623047,375369400
1221226200,2008-09-12,124.29000091552734,126.20999908447266,123.83000183105469,126.08999633789062,297851200
1221485400,2008-09-15,121.62999725341797,125.6500015258789,119.88999938964844,120.08999633789062,483607000
1221571800,2008-09-16,117.19999694824219,122.31999969482422,117,122.0999984741211,581744300
1221658200,2008-09-17,119.63999938964844,121.8499984741211,116,116.61000061035156,624095600
1221744600,2008-09-18,118.05000305175781,121.79000091552734,113.80000305175781,120.06999969482422,776114700
1221831000,2008-09-19,126.69999694824219,128,123.33000183105469,124.12000274658203,501087800
1222090200,2008-09-22,124.44999694824219,124.75,120.36000061035156,121.30999755859375,249966500
1222176600,2008-09-23,120.8499984741211,122.0199966430664,118.27999877929688,118.55000305175781,327470400
1222263000,2008-09-24,119.3499984741211,120,117.79000091552734,118.93000030517578,311818400
1222349400,2008-09-25,119.4000015258789,121.91000366210938,118.44000244140625,120.79000091552734,328253000
1222435800,2008-09-26,118.83000183105469,121.5,118.51000213623047,120.8499984741211,285917400
1222695000,2008-09-29,119.13999938964844,119.33999633789062,110.97000122070312,111.37999725341797,459562300
1222781400,2008-09-30,113.51000213623047,116.80000305175781,110.52999877929688,115.98999786376953,328154400
1222867800,2008-10-01,115.2699966430664,116.69000244140625,113.94999694824219,116.05999755859375,332783000
1222954200,2008-10-02,114.94999694824219,115.11000061035156,111.05999755859375,111.8499984741211,365337800
1223040600,2008-10-03,112.86000061035156,115.44999694824219,109.68000030517578,110.33999633789062,461798000
1223299800,2008-10-06,107.1500015258789,107.62000274658203,100.63999938964844,104.72000122070312,610637500
1223386200,2008-10-07,106.83999633789062,107.33000183105469,99.6500015258789,100.02999877929688,540012100
1223472600,2008-10-08,97.5199966430664,102.18000030517578,96.80999755859375,97.51000213623047,725414800
1223559000,2008-10-09,99.66000366210938,100.62000274658203,90.25,90.69999694824219,534485200
1223645400,2008-10-10,86.76000213623047,93.94000244140625,83.58000183105469,88.5,871026300
1223904600,2008-10-13,93.87000274658203,101.3499984741211,89.94999694824219,101.3499984741211,455584000
1223991000,2008-10-14,104.69999694824219,105.52999877929688,97.11000061035156,99.8499984741211,546268300
1224077400,2008-10-15,97.45999908447266,97.80000305175781,89.70999908447266,90.0199966430664,484627500
1224163800,2008-10-16,91.29000091552734,94.7699966430664,86.54000091552734,93.7699966430664,708811200
1224250200,2008-10-17,91.98999786376953,98.58999633789062,91.6500015258789,93.20999908447266,476649000
1224509400,2008-10-20,95.3499984741211,99.0999984741211,94.08999633789062,98.80999755859375,321294200
1224595800,2008-10-21,96.97000122070312,98.63999938964844,95.22000122070312,95.86000061035156,356502000
1224682200,2008-10-22,93.19999694824219,95.86000061035156,87.52999877929688,90.63999938964844,516168000
1224768600,2008-10-23,90.29000091552734,92.44999694824219,85.80999755859375,91.69000244140625,634666400
1224855000,2008-10-24,84.05999755859375,89.91999816894531,84,87.04000091552734,545812600
1225114200,2008-10-27,85.97000122070312,89.51000213623047,83.69999694824219,83.94999694824219,397288600
1225200600,2008-10-28,87.33999633789062,94.23999786376953,84.52999877929688,93.76000213623047,639939500
1225287000,2008-10-29,93.7699966430664,97.16999816894531,92.0999984741211,93.08000183105469,531270100
1225373400,2008-10-30,95.77999877929688,96.54000091552734,92.9000015258789,96.30000305175781,414582100
1225459800,2008-10-31,95.08000183105469,98.56999969482422,94.4800033569336,96.83000183105469,411394000
1225722600,2008-11-03,96.77999877929688,97.69000244140625,95.94999694824219,97.11000061035156,205419400
1225809000,2008-11-04,99.05999755859375,100.86000061035156,96.70999908447266,100.41000366210938,346793400
1225895400,2008-11-05,99.19999694824219,100.70999908447266,95,96.19000244140625,387844100
1225981800,2008-11-06,94.45999908447266,95.44000244140625,90.05999755859375,90.86000061035156,477721900
1226068200,2008-11-07,91.6500015258789,94,90.5,93.86000061035156,380391000
1226327400,2008-11-10,95.20999908447266,95.52999877929688,90.91999816894531,92.62999725341797,301773000
1226413800,2008-11-11,90.76000213623047,92.13999938964844,88.6500015258789,89.7699966430664,418498200
1226500200,2008-11-12,88.2300033569336,88.94999694824219,85.12000274658203,85.81999969482422,454330600
1226586600,2008-11-13,86.12999725341797,91.7300033569336,82.08999633789062,91.16999816894531,753141900
1226673000,2008-11-14,89.41000366210938,92.05999755859375,86.5199966430664,86.62000274658203,540352300
1226932200,2008-11-17,86.37999725341797,88.55999755859375,85.16000366210938,85.47000122070312,415254900
1227018600,2008-11-18,85.1500015258789,87.22000122070312,82.91000366210938,87.08000183105469,523811800
1227105000,2008-11-19,85.91000366210938,86.87000274658203,80.91999816894531,81.5,558327600
1227191400,2008-11-20,80.12999725341797,82.51000213623047,75.05000305175781,75.44999694824219,814180400
1227277800,2008-11-21,77.45999908447266,80.9000015258789,74.33999633789062,79.5199966430664,718536500
1227537000,2008-11-24,81.91999816894531,86.98999786376953,80.36000061035156,85.02999877929688,523305300
1227623400,2008-11-25,87.30000305175781,87.51000213623047,83.81999969482422,85.66000366210938,454112400
1227709800,2008-11-26,84.30000305175781,89.19000244140625,84.23999786376953,88.97000122070312,370134200
1227882600,2008-11-28,88.62999725341797,90.12999725341797,88.4800033569336,90.08999633789062,118308100
1228141800,2008-12-01,87.51000213623047,87.55000305175781,81.86000061035156,82.11000061035156,369927100
1228228200,2008-12-02,83.47000122070312,85.48999786376953,82.04000091552734,85.2699966430664,469508400
1228314600,2008-12-03,83.4000015258789,87.83000183105469,83.13999938964844,87.31999969482422,519863500
1228401000,2008-12-04,86.05999755859375,88.05000305175781,83.73999786376953,85.30000305175781,444173800
1228487400,2008-12-05,83.6500015258789,88.41999816894531,82.23999786376953,87.93000030517578,471905300
1228746600,2008-12-08,90.33999633789062,92.37999725341797,88.08000183105469,91,412859300
1228833000,2008-12-09,90.37000274658203,92.12999725341797,88.9800033569336,89.5,370790000
1228919400,2008-12-10,90.31999969482422,91.36000061035156,89,90.11000061035156,396187400
1229005800,2008-12-11,89.54000091552734,91,87.37000274658203,87.94000244140625,365061000
1229092200,2008-12-12,85.55000305175781,89.06999969482422,85.19999694824219,88.98999786376953,415060400
1229351400,2008-12-15,89.0199966430664,89.1500015258789,86.29000091552734,87.75,256694200
1229437800,2008-12-16,91.87999725341797,92.0199966430664,88.18000030517578,91.87999725341797,377699500
1229524200,2008-12-17,90.83999633789062,92.43000030517578,90.05999755859375,90.98999786376953,281819800
1229610600,2008-12-18,91.4000015258789,91.66999816894531,88.20999908447266,89.29000091552734,374673300
1229697000,2008-12-19,89.0999984741211,90.62000274658203,88.08999633789062,88.19000244140625,301451300
1229956200,2008-12-22,88.58000183105469,88.66999816894531,85.48999786376953,87.05999755859375,243759500
1230042600,2008-12-23,87.52999877929688,87.93000030517578,85.80000305175781,86.16000366210938,221625200
1230129000,2008-12-24,86.44999694824219,86.87000274658203,86,86.66000366210938,62061600
1230301800,2008-12-26,87.23999786376953,87.30000305175781,86.5,87.16000366210938,74767700
1230561000,2008-12-29,87.23999786376953,87.33000183105469,85.5999984741211,86.91000366210938,127795900
1230647400,2008-12-30,87.51000213623047,89.05000305175781,86.87999725341797,88.97000122070312,168256300
1230733800,2008-12-31,89.08000183105469,90.97000122070312,88.87000274658203,90.23999786376953,193987200
1230906600,2009-01-02,90.44000244140625,93.44000244140625,89.8499984741211,92.95999908447266,227566300
1231165800,2009-01-05,92.62999725341797,93.66000366210938,91.88999938964844,92.8499984741211,240349700
1231252200,2009-01-06,93.63999938964844,94.44999694824219,92.68000030517578,93.47000122070312,328260900
1231338600,2009-01-07,92,92.26000213623047,90.19999694824219,90.66999816894531,280899200
1231425000,2009-01-08,90.16000366210938,91.08999633789062,89.66999816894531,91.04000091552734,263834400
1231511400,2009-01-09,91.16000366210938,91.31999969482422,85.36000061035156,89.08999633789062,330953600
1231770600,2009-01-12,88.83999633789062,88.91000366210938,86.41000366210938,86.94999694824219,277858500
1231857000,2009-01-13,86.7300033569336,87.87999725341797,86.19999694824219,87.11000061035156,356432300
1231943400,2009-01-14,85.54000091552734,85.75,83.16000366210938,84.37000274658203,435491600
1232029800,2009-01-15,84.12000274658203,85.25,81.72000122070312,84.4000015258789,532647300
1232116200,2009-01-16,85.86000061035156,85.98999786376953,83.05000305175781,85.05999755859375,399237200
1232461800,2009-01-20,84.2300033569336,85.05999755859375,80.05000305175781,80.56999969482422,419855200
1232548200,2009-01-21,81.94000244140625,84.23999786376953,80.47000122070312,84.05000305175781,364360700
1232634600,2009-01-22,82.41999816894531,84.04000091552734,81.16999816894531,82.75,427940300
1232721000,2009-01-23,80.9000015258789,83.98999786376953,80.56999969482422,83.11000061035156,386800600
1232980200,2009-01-26,83.58999633789062,85.36000061035156,82.80999755859375,83.68000030517578,317978800
1233066600,2009-01-27,84.12999725341797,85.1500015258789,83.30000305175781,84.52999877929688,273789700
1233153000,2009-01-28,86.4000015258789,87.94999694824219,86.06999969482422,87.38999938964844,330007000
1233239400,2009-01-29,86.11000061035156,87.48999786376953,84.47000122070312,84.55000305175781,294392500
1233325800,2009-01-30,84.9800033569336,85.4000015258789,82.20999908447266,82.83000183105469,383383600
1233585000,2009-02-02,81.56999969482422,83.18000030517578,81.30999755859375,82.58000183105469,288233300
1233671400,2009-02-03,83.0999984741211,84.36000061035156,82.22000122070312,83.73999786376953,278385800
1233757800,2009-02-04,84.30000305175781,85.37000274658203,83.04000091552734,83.33000183105469,322989300
1233844200,2009-02-05,82.69999694824219,85.29000091552734,77.7300033569336,84.56999969482422,417679400
1233930600,2009-02-06,84.86000061035156,87.33999633789062,84.68000030517578,86.9800033569336,366101700
1234189800,2009-02-09,86.95999908447266,87.73999786376953,86.31999969482422,87.0999984741211,240075200
1234276200,2009-02-10,86.2699966430664,87.02999877929688,82.44999694824219,83.11000061035156,536212800
1234362600,2009-02-11,83.44999694824219,84.05000305175781,82.4000015258789,83.5999984741211,324442500
1234449000,2009-02-12,82.16999816894531,83.81999969482422,81.05000305175781,83.66000366210938,469302200
1234535400,2009-02-13,83.55000305175781,84.23999786376953,82.73999786376953,82.76000213623047,293998400
1234881000,2009-02-17,80.16000366210938,82.95999908447266,79.16999816894531,79.22000122070312,478910100
1234967400,2009-02-18,79.79000091552734,79.94000244140625,78.27999877929688,79.02999877929688,362964800
1235053800,2009-02-19,79.83999633789062,80.1500015258789,78.0199966430664,78.18000030517578,316867500
1235140200,2009-02-20,76.7300033569336,78.33999633789062,75.7699966430664,77.41999816894531,477176600
1235399400,2009-02-23,78.2699966430664,78.2699966430664,74.58999633789062,74.6500015258789,379641400
1235485800,2009-02-24,75.29000091552734,77.94999694824219,74.69999694824219,77.4800033569336,426260900
1235572200,2009-02-25,77.13999938964844,78.41999816894531,75.62999725341797,76.87000274658203,461985800
1235658600,2009-02-26,77.81999969482422,79.66999816894531,75.52999877929688,75.62000274658203,363353900
1235745000,2009-02-27,74.01000213623047,75.69000244140625,73.80999755859375,73.93000030517578,470510900
1236004200,2009-03-02,72.5199966430664,73.91999816894531,70.37000274658203,70.5999984741211,426452600
1236090600,2009-03-03,71.61000061035156,71.69999694824219,69.63999938964844,70.06999969482422,443761000
1236177000,2009-03-04,71.2300033569336,72.87000274658203,70.06999969482422,71.7300033569336,462753100
1236263400,2009-03-05,70.0999984741211,71.7300033569336,68.16999816894531,68.80000305175781,485549400
1236349800,2009-03-06,69.4000015258789,70.44999694824219,67.0999984741211,68.91999816894531,490470000
1236605400,2009-03-09,67.94999694824219,70,67.7300033569336,68.11000061035156,379905300
1236691800,2009-03-10,69.51000213623047,72.37000274658203,69.37000274658203,72.16999816894531,406227900
1236778200,2009-03-11,73,73.75,71.83000183105469,72.63999938964844,356648300
1236864600,2009-03-12,72.62000274658203,75.75,71.97000122070312,75.5,409702700
1236951000,2009-03-13,76.01000213623047,76.9800033569336,74.7300033569336,76.08999633789062,337474700
1237210200,2009-03-16,76.95999908447266,77.97000122070312,75.80999755859375,75.86000061035156,360644900
1237296600,2009-03-17,76.06999969482422,78.36000061035156,75.44999694824219,78.18000030517578,356814300
1237383000,2009-03-18,77.80999755859375,80.9000015258789,77.06999969482422,79.93000030517578,473273200
1237469400,2009-03-19,80.93000030517578,81,78.69000244140625,78.94000244140625,428520400
1237555800,2009-03-20,78.76000213623047,78.91000366210938,76.52999877929688,76.70999908447266,371078200
1237815000,2009-03-23,78.73999786376953,82.29000091552734,78.30999755859375,82.22000122070312,419933300
1237901400,2009-03-24,81.23999786376953,82.36000061035156,80.51000213623047,80.5999984741211,330271000
1237987800,2009-03-25,81.2300033569336,82.69999694824219,79.05999755859375,81.44999694824219,441775100
1238074200,2009-03-26,82.25,83.30000305175781,81.31999969482422,83.11000061035156,422025200
1238160600,2009-03-27,82.05000305175781,82.52999877929688,81.30999755859375,81.61000061035156,322332300
1238419800,2009-03-30,79.80000305175781,79.87000274658203,77.95999908447266,78.79000091552734,324108500
1238506200,2009-03-31,79.55999755859375,81.08000183105469,79.05000305175781,79.5199966430664,364238300
1238592600,2009-04-01,78.52999877929688,81.41999816894531,78.33000183105469,81.05999755859375,377018300
1238679000,2009-04-02,83.08000183105469,84.61000061035156,81.12999725341797,83.43000030517578,476230700
1238765400,2009-04-03,83.48999786376953,84.27999877929688,82.66999816894531,84.26000213623047,284646300
1239024600,2009-04-06,83.33999633789062,84.27999877929688,82.29000091552734,83.5999984741211,264866600
1239111000,2009-04-07,82.25,82.6500015258789,81.51000213623047,81.6500015258789,258947800
1239197400,2009-04-08,82.05999755859375,82.94000244140625,81.54000091552734,82.52999877929688,230402800
1239283800,2009-04-09,84.66999816894531,85.81999969482422,84.33000183105469,85.80999755859375,269653500
1239629400,2009-04-13,84.91999816894531,86.54000091552734,84.58000183105469,85.83000183105469,224847500
1239715800,2009-04-14,85.02999877929688,85.76000213623047,84.08000183105469,84.3499984741211,276598800
1239802200,2009-04-15,83.83999633789062,85.41999816894531,83.61000061035156,85.25,250726100
1239888600,2009-04-16,85.93000030517578,87.1500015258789,84.7699966430664,86.5,335202900
1239975000,2009-04-17,86.83000183105469,87.6500015258789,86.13999938964844,87.08000183105469,262649000
1240234200,2009-04-20,85.54000091552734,87.05000305175781,83.33999633789062,83.43000030517578,293690100
1240320600,2009-04-21,82.81999969482422,85.12999725341797,82.75,85.05999755859375,114090900
1240407000,2009-04-22,84.29000091552734,86.33999633789062,84.06999969482422,84.54000091552734,340395200
1240493400,2009-04-23,84.70999908447266,85.41999816894531,83.62999725341797,85.37000274658203,324903700
1240579800,2009-04-24,86.02999877929688,87.30999755859375,85.69000244140625,86.66000366210938,287703000
1240839000,2009-04-27,85.68000030517578,87.01000213623047,85.54000091552734,85.83999633789062,289581600
1240925400,2009-04-28,84.97000122070312,86.58999633789062,84.76000213623047,85.56999969482422,247926300
1241011800,2009-04-29,86.5199966430664,88.36000061035156,86.30000305175781,87.38999938964844,311505700
1241098200,2009-04-30,88.55000305175781,89.0199966430664,86.91999816894531,87.41999816894531,301419800
1241184600,2009-05-01,87.44000244140625,88.20999908447266,86.72000122070312,87.88999938964844,236110300
1241443800,2009-05-04,88.55000305175781,90.94000244140625,88.37999725341797,90.87999725341797,287120000
1241530200,2009-05-05,90.56999969482422,90.93000030517578,89.83999633789062,90.56999969482422,243036300
1241616600,2009-05-06,91.68000030517578,92.19999694824219,90.61000061035156,92.13999938964844,291941000
1241703000,2009-05-07,93.01000213623047,93.1500015258789,90.27999877929688,90.86000061035156,317728000
1241789400,2009-05-08,92.02999877929688,93.22000122070312,91.44000244140625,92.9800033569336,299081700
1242048600,2009-05-11,91.69999694824219,92.11000061035156,91.04000091552734,91.23999786376953,247923600
1242135000,2009-05-12,91.62999725341797,91.83000183105469,89.8499984741211,90.97000122070312,282431300
1242221400,2009-05-13,89.73999786376953,90.01000213623047,88.5,88.68000030517578,269619100
1242307800,2009-05-14,88.72000122070312,90.12000274658203,88.5,89.44000244140625,260098700
1242394200,2009-05-15,89.37000274658203,90,88.1500015258789,88.70999908447266,271502700
1242653400,2009-05-18,89.55000305175781,91.33999633789062,88.56999969482422,91.2300033569336,241447400
1242739800,2009-05-19,91.18000030517578,91.97000122070312,90.80999755859375,91.12000274658203,206102200
1242826200,2009-05-20,91.94999694824219,92.80000305175781,90.41000366210938,90.51000213623047,285722200
1242912600,2009-05-21,89.45999908447266,89.80000305175781,88.26000213623047,89.20999908447266,258988400
1242999000,2009-05-22,89.45999908447266,90,88.68000030517578,89.0199966430664,166811900
1243344600,2009-05-26,88.36000061035156,91.55999755859375,88.31999969482422,91.30000305175781,236318500
1243431000,2009-05-27,91.44000244140625,91.75,89.52999877929688,89.66999816894531,246015800
1243517400,2009-05-28,90.45999908447266,91.33999633789062,89.0999984741211,90.91999816894531,289095000
1243603800,2009-05-29,91.41999816894531,93.69999694824219,90.68000030517578,92.52999877929688,258641500
1243863000,2009-06-01,93.66999816894531,95.16999816894531,93.43000030517578,94.7699966430664,276246800
1243949400,2009-06-02,94.4000015258789,95.37000274658203,94.2300033569336,94.8499984741211,230874500
1244035800,2009-06-03,94.04000091552734,94.12999725341797,92.76000213623047,93.6500015258789,235310500
1244122200,2009-06-04,94,94.66999816894531,93.30000305175781,94.52999877929688,210102300
1244208600,2009-06-05,95.48999786376953,95.66999816894531,93.80000305175781,94.55000305175781,284257900
1244467800,2009-06-08,93.83999633789062,95.0999984741211,93.04000091552734,94.16000366210938,238565100
1244554200,2009-06-09,94.69000244140625,95.13999938964844,94.0199966430664,94.63999938964844,225125500
1244640600,2009-06-10,95.4800033569336,95.48999786376953,93.19000244140625,94.4000015258789,296100400
1244727000,2009-06-11,94.58000183105469,96.11000061035156,94.55999755859375,94.81999969482422,275414200
1244813400,2009-06-12,94.4000015258789,95.13999938964844,94,95.08000183105469,184361800
1245072600,2009-06-15,93.95999908447266,94.0199966430664,92.4000015258789,92.9000015258789,224190500
1245159000,2009-06-16,93.2300033569336,93.29000091552734,91.58000183105469,91.63999938964844,227319000
1245245400,2009-06-17,91.5999984741211,92.33000183105469,90.83000183105469,91.55000305175781,223445200
1245331800,2009-06-18,91.69000244140625,92.66999816894531,91.25,92.22000122070312,211725100
1245418200,2009-06-19,92.58000183105469,92.69999694824219,91.5199966430664,92.04000091552734,215655600
1245677400,2009-06-22,91.13999938964844,91.19000244140625,89.25,89.27999877929688,251913600
1245763800,2009-06-23,89.47000122070312,89.87999725341797,88.8499984741211,89.3499984741211,188309800
1245850200,2009-06-24,90.16000366210938,91.08000183105469,89.5999984741211,90.12000274658203,211577700
1245936600,2009-06-25,89.66999816894531,92.16999816894531,89.56999969482422,92.08000183105469,279411000
1246023000,2009-06-26,91.7699966430664,92.23999786376953,91.2699966430664,91.83999633789062,167579000
1246282200,2009-06-29,92.11000061035156,92.81999969482422,91.5999984741211,92.69999694824219,168481300
1246368600,2009-06-30,92.72000122070312,93.05999755859375,91.2699966430664,91.94999694824219,228888200
1246455000,2009-07-01,92.33999633789062,93.2300033569336,92.20999908447266,92.33000183105469,173041100
1246541400,2009-07-02,91.12999725341797,92.36000061035156,89.76000213623047,89.80999755859375,212309900
1246887000,2009-07-06,88.94000244140625,89.93000030517578,88.66000366210938,89.80000305175781,174499600
1246973400,2009-07-07,89.70999908447266,89.81999969482422,88,88.05999755859375,197088900
1247059800,2009-07-08,88.58999633789062,88.80000305175781,87,88,248050500
1247146200,2009-07-09,88.61000061035156,88.9000015258789,87.91000366210938,88.16999816894531,163777600
1247232600,2009-07-10,87.69999694824219,88.48999786376953,87.3499984741211,87.95999908447266,173520300
1247491800,2009-07-13,88.30999755859375,90.16999816894531,87.58999633789062,90.0999984741211,217413500
1247578200,2009-07-14,90.37999725341797,90.69000244140625,89.7300033569336,90.61000061035156,181487400
1247664600,2009-07-15,91.80999755859375,93.51000213623047,90.68000030517578,93.26000213623047,220877900
1247751000,2009-07-16,93,94.51000213623047,92.81999969482422,93.11000061035156,231174500
1247837400,2009-07-17,94.05999755859375,94.31999969482422,93.54000091552734,94.12999725341797,138561700
1248096600,2009-07-20,94.68000030517578,95.29000091552734,94.19000244140625,95.12999725341797,164179400
1248183000,2009-07-21,95.87000274658203,95.9000015258789,94.41999816894531,95.56999969482422,217718300
1248269400,2009-07-22,94.95999908447266,96.12999725341797,94.88999938964844,95.55000305175781,196068100
1248355800,2009-07-23,95.61000061035156,98.08000183105469,95.52999877929688,97.66000366210938,258795500
1248442200,2009-07-24,97.19999694824219,98.13999938964844,96.69000244140625,98.05999755859375,154003100
1248701400,2009-07-27,97.87999725341797,98.4000015258789,97.33999633789062,98.3499984741211,159259400
1248787800,2009-07-28,97.66000366210938,98.37000274658203,97.05999755859375,97.88999938964844,186685200
1248874200,2009-07-29,97.44000244140625,98.08999633789062,96.9800033569336,97.6500015258789,194399300
1248960600,2009-07-30,98.83000183105469,99.83000183105469,98.5999984741211,98.66999816894531,225575400
1249047000,2009-07-31,98.6500015258789,99.47000122070312,98.37999725341797,98.80999755859375,207358000
1249306200,2009-08-03,99.8499984741211,100.52999877929688,99.30999755859375,100.44000244140625,175776900
1249392600,2009-08-04,99.98999786376953,100.83999633789062,99.77999877929688,100.69999694824219,176714600
1249479000,2009-08-05,100.7699966430664,100.86000061035156,99.58000183105469,100.41000366210938,184726400
1249565400,2009-08-06,100.87000274658203,101.0199966430664,99.41999816894531,99.88999938964844,193203800
1249651800,2009-08-07,100.94000244140625,102.02999877929688,100.38999938964844,101.19999694824219,220640900
1249911000,2009-08-10,100.73999786376953,101.22000122070312,100.2699966430664,100.98999786376953,130898700
1249997400,2009-08-11,100.54000091552734,100.61000061035156,99.45999908447266,99.7300033569336,157301000
1250083800,2009-08-12,99.55999755859375,101.55999755859375,99.51000213623047,100.80000305175781,219052400
1250170200,2009-08-13,101.26000213623047,101.61000061035156,100.26000213623047,101.56999969482422,176449500
1250256600,2009-08-14,101.5199966430664,101.5999984741211,99.69999694824219,100.79000091552734,199616100
1250515800,2009-08-17,98.8499984741211,98.94999694824219,98.11000061035156,98.30999755859375,237667500
1250602200,2009-08-18,98.52999877929688,99.44000244140625,98.3499984741211,99.08999633789062,173461500
1250688600,2009-08-19,98.30999755859375,100.30000305175781,98.20999908447266,99.95999908447266,192812800
1250775000,2009-08-20,100.08999633789062,101.22000122070312,99.87000274658203,100.98999786376953,174131300
1250861400,2009-08-21,101.81999969482422,103.12999725341797,101.62000274658203,102.97000122070312,224605000
1251120600,2009-08-24,103.38999938964844,103.94999694824219,102.58999633789062,102.95999908447266,191279000
1251207000,2009-08-25,103.37000274658203,104.26000213623047,102.94000244140625,103.16000366210938,215310600
1251293400,2009-08-26,102.83999633789062,103.63999938964844,102.48999786376953,103.16999816894531,194620700
1251379800,2009-08-27,103.11000061035156,103.72000122070312,101.94000244140625,103.4000015258789,196230100
1251466200,2009-08-28,104.2300033569336,104.3499984741211,102.66999816894531,103.37999725341797,147024400
1251725400,2009-08-31,102.37000274658203,102.58000183105469,101.79000091552734,102.45999908447266,176051600
1251811800,2009-09-01,101.94999694824219,103.23999786376953,99.98999786376953,100.19999694824219,321276800
1251898200,2009-09-02,99.77999877929688,100.44000244140625,99.56999969482422,99.81999969482422,171805000
1251984600,2009-09-03,100.4000015258789,100.7699966430664,99.58999633789062,100.6500015258789,143572300
1252071000,2009-09-04,100.8499984741211,102.08999633789062,100.55000305175781,102.05999755859375,142687900
1252416600,2009-09-08,103,103.05000305175781,102.38999938964844,102.94000244140625,132909100
1252503000,2009-09-09,103.12000274658203,104.08000183105469,102.80000305175781,103.7300033569336,154612500
1252589400,2009-09-10,103.80000305175781,104.86000061035156,103.22000122070312,104.79000091552734,162902400
1252675800,2009-09-11,104.98999786376953,105.30000305175781,104.27999877929688,104.7699966430664,152360100
1252935000,2009-09-14,103.87999725341797,105.45999908447266,103.1500015258789,105.27999877929688,149593800
1253021400,2009-09-15,105.44999694824219,106.11000061035156,104.76000213623047,105.72000122070312,196795900
1253107800,2009-09-16,106.0999984741211,107.33999633789062,105.7300033569336,107.31999969482422,206406300
1253194200,2009-09-17,107.16999816894531,108.05999755859375,106.56999969482422,107.16000366210938,229170900
1253280600,2009-09-18,107.1500015258789,107.16000366210938,106.36000061035156,106.72000122070312,153799100
1253539800,2009-09-21,105.88999938964844,107,105.66000366210938,106.44999694824219,151892000
1253626200,2009-09-22,107.08000183105469,107.37000274658203,106.5999984741211,107.06999969482422,143126700
1253712600,2009-09-23,107.31999969482422,108.02999877929688,105.98999786376953,106.18000030517578,225947400
1253799000,2009-09-24,106.41000366210938,106.63999938964844,104.55000305175781,105.01000213623047,228636800
1253885400,2009-09-25,104.77999877929688,105.36000061035156,104.08999633789062,104.44999694824219,204059000
1254144600,2009-09-28,104.8499984741211,106.55000305175781,104.83000183105469,106.31999969482422,118285800
1254231000,2009-09-29,106.51000213623047,107.0199966430664,105.77999877929688,106,133733900
1254317400,2009-09-30,106.36000061035156,106.45999908447266,104.62000274658203,105.58999633789062,254383000
1254403800,2009-10-01,103,105.7300033569336,102.94999694824219,102.97000122070312,281840600
1254490200,2009-10-02,102.0199966430664,103.0999984741211,101.98999786376953,102.48999786376953,224748800
1254749400,2009-10-05,102.9000015258789,104.31999969482422,102.5999984741211,104.0199966430664,149875000
1254835800,2009-10-06,104.7699966430664,106.11000061035156,104.70999908447266,105.51000213623047,202491100
1254922200,2009-10-07,105.2699966430664,105.91000366210938,105.06999969482422,105.80000305175781,159200300
1255008600,2009-10-08,106.55000305175781,107.16999816894531,105.8499984741211,106.61000061035156,183305800
1255095000,2009-10-09,106.63999938964844,107.26000213623047,106.36000061035156,107.26000213623047,135008300
1255354200,2009-10-12,107.76000213623047,108.08999633789062,107.27999877929688,107.68000030517578,118031000
1255440600,2009-10-13,107.38999938964844,107.70999908447266,106.76000213623047,107.45999908447266,157692700
1255527000,2009-10-14,108.72000122070312,109.41999816894531,107.41999816894531,109.30999755859375,191421600
1255613400,2009-10-15,108.77999877929688,109.70999908447266,108.7300033569336,109.70999908447266,173873600
1255699800,2009-10-16,108.80000305175781,109.2699966430664,108.2300033569336,108.88999938964844,192069400
1255959000,2009-10-19,109.06999969482422,110.12999725341797,108.7300033569336,109.79000091552734,159530400
1256045400,2009-10-20,109.94999694824219,109.98999786376953,108.68000030517578,109.20999908447266,180921100
1256131800,2009-10-21,109.04000091552734,110.30999755859375,108.1500015258789,108.2300033569336,225379300
1256218200,2009-10-22,108.19000244140625,109.68000030517578,107.5,109.33000183105469,238444000
1256304600,2009-10-23,109.69000244140625,109.76000213623047,107.62999725341797,108.08000183105469,240033200
1256563800,2009-10-26,108.19999694824219,109.30999755859375,106.61000061035156,106.91000366210938,242028200
1256650200,2009-10-27,107.02999877929688,107.38999938964844,106.16000366210938,106.41999816894531,253266300
1256736600,2009-10-28,106.1500015258789,106.4800033569336,104.3499984741211,104.41000366210938,248821400
1256823000,2009-10-29,105.19000244140625,106.86000061035156,104.94000244140625,106.6500015258789,198110600
1256909400,2009-10-30,106.30000305175781,106.62000274658203,103.44000244140625,103.55999755859375,325608100
1257172200,2009-11-02,104.12999725341797,105.41000366210938,103.08000183105469,104.31999969482422,254222900
1257258600,2009-11-03,103.73999786376953,104.80000305175781,103.54000091552734,104.6500015258789,228362600
1257345000,2009-11-04,105.51000213623047,106.33000183105469,104.6500015258789,104.91999816894531,247996700
1257431400,2009-11-05,105.66000366210938,106.87999725341797,105.44000244140625,106.8499984741211,180015300
1257517800,2009-11-06,106.26000213623047,107.4000015258789,106.05000305175781,107.12999725341797,170954100
1257777000,2009-11-09,107.94999694824219,109.62999725341797,107.87000274658203,109.56999969482422,159495700
1257863400,2009-11-10,109.30999755859375,109.93000030517578,108.97000122070312,109.58999633789062,171899800
1257949800,2009-11-11,110.30999755859375,110.81999969482422,109.62000274658203,110.1500015258789,169466200
1258036200,2009-11-12,110,110.56999969482422,108.75,109.02999877929688,157144500
1258122600,2009-11-13,109.30999755859375,110.08999633789062,108.75,109.62000274658203,150963000
1258381800,2009-11-16,110.37999725341797,111.69000244140625,110.31999969482422,111.20999908447266,210922200
1258468200,2009-11-17,110.91999816894531,111.38999938964844,110.5,111.33999633789062,147134100
1258554600,2009-11-18,111.26000213623047,111.43000030517578,110.56999969482422,111.2699966430664,156486800
1258641000,2009-11-19,110.51000213623047,111.30999755859375,109.12999725341797,109.81999969482422,208734600
1258727400,2009-11-20,109.25,109.76000213623047,109.01000213623047,109.43000030517578,134196000
1258986600,2009-11-23,110.72000122070312,111.73999786376953,110.5999984741211,110.81999969482422,148010200
1259073000,2009-11-24,111,111.19999694824219,110.01000213623047,110.98999786376953,138420100
1259159400,2009-11-25,111.16999816894531,111.5,110.81999969482422,111.37999725341797,109564800
1259332200,2009-11-27,108.4000015258789,110.31999969482422,108.29000091552734,109.56999969482422,126001800
1259591400,2009-11-30,109.4800033569336,110.19999694824219,108.12000274658203,109.94000244140625,160874800
1259677800,2009-12-01,110.91999816894531,111.66000366210938,110.7300033569336,111.30000305175781,159613700
1259764200,2009-12-02,111.27999877929688,112.01000213623047,110.91999816894531,111.25,132315100
1259850600,2009-12-03,111.55000305175781,112.18000030517578,110.29000091552734,110.37999725341797,167324900
1259937000,2009-12-04,111.83999633789062,112.37999725341797,110.04000091552734,111.01000213623047,274907800
1260196200,2009-12-07,110.91000366210938,111.52999877929688,110.48999786376953,110.83999633789062,127973800
1260282600,2009-12-08,110.04000091552734,110.7699966430664,109.2699966430664,109.61000061035156,169863700
1260369000,2009-12-09,109.58000183105469,110.18000030517578,109.0199966430664,110.0199966430664,155063400
1260455400,2009-12-10,110.69999694824219,111.12000274658203,110.44999694824219,110.63999938964844,138014600
1260541800,2009-12-11,111.11000061035156,111.36000061035156,110.61000061035156,111.11000061035156,124854000
1260801000,2009-12-14,111.87000274658203,112,111.12999725341797,111.87000274658203,107141500
1260887400,2009-12-15,111.45999908447266,111.91999816894531,111,111.3499984741211,120408800
1260973800,2009-12-16,111.80000305175781,112.12999725341797,111.2699966430664,111.5199966430664,155358200
1261060200,2009-12-17,110.72000122070312,110.93000030517578,110.08000183105469,110.18000030517578,183390100
1261146600,2009-12-18,110.19999694824219,110.30000305175781,109.27999877929688,110.20999908447266,174591200
1261405800,2009-12-21,110.76000213623047,111.69999694824219,110.76000213623047,111.33000183105469,118039600
1261492200,2009-12-22,111.56999969482422,111.97000122070312,111.43000030517578,111.7300033569336,91707500
1261578600,2009-12-23,112,112.11000061035156,111.5,111.94999694824219,111783100
1261665000,2009-12-24,112.19000244140625,112.5999984741211,112,112.4800033569336,39677500
1262010600,2009-12-28,112.9000015258789,112.98999786376953,112.31999969482422,112.72000122070312,87508500
1262097000,2009-12-29,113.01000213623047,113.02999877929688,112.55000305175781,112.55999755859375,80572500
1262183400,2009-12-30,112.2300033569336,112.6500015258789,112.16999816894531,112.5199966430664,73138400
1262269800,2009-12-31,112.7699966430664,112.80000305175781,111.38999938964844,111.44000244140625,90637900
1262615400,2010-01-04,112.37000274658203,113.38999938964844,111.51000213623047,113.33000183105469,118944600
1262701800,2010-01-05,113.26000213623047,113.68000030517578,112.8499984741211,113.62999725341797,111579900
1262788200,2010-01-06,113.5199966430664,113.98999786376953,113.43000030517578,113.70999908447266,116074400
1262874600,2010-01-07,113.5,114.33000183105469,113.18000030517578,114.19000244140625,131091100
1262961000,2010-01-08,113.88999938964844,114.62000274658203,113.66000366210938,114.56999969482422,126402800
1263220200,2010-01-11,115.08000183105469,115.12999725341797,114.23999786376953,114.7300033569336,106375700
1263306600,2010-01-12,113.97000122070312,114.20999908447266,113.22000122070312,113.66000366210938,163333500
1263393000,2010-01-13,113.94999694824219,114.94000244140625,113.37000274658203,114.62000274658203,161822000
1263479400,2010-01-14,114.48999786376953,115.13999938964844,114.41999816894531,114.93000030517578,115718800
1263565800,2010-01-15,114.7300033569336,114.83999633789062,113.19999694824219,113.63999938964844,212283100
1263911400,2010-01-19,113.62000274658203,115.12999725341797,113.58999633789062,115.05999755859375,139172700
1263997800,2010-01-20,114.27999877929688,114.44999694824219,112.9800033569336,113.88999938964844,216490200
1264084200,2010-01-21,113.91999816894531,114.2699966430664,111.55999755859375,111.69999694824219,344859600
1264170600,2010-01-22,111.19999694824219,111.73999786376953,109.08999633789062,109.20999908447266,345942400
1264429800,2010-01-25,110.20999908447266,110.41000366210938,109.41000366210938,109.7699966430664,186937500
1264516200,2010-01-26,109.33999633789062,110.47000122070312,109.04000091552734,109.30999755859375,211168800
1264602600,2010-01-27,109.16999816894531,110.08000183105469,108.33000183105469,109.83000183105469,271863600
1264689000,2010-01-28,110.19000244140625,110.25,107.91000366210938,108.56999969482422,316104000
1264775400,2010-01-29,109.04000091552734,109.80000305175781,107.22000122070312,107.38999938964844,310677600
1265034600,2010-02-01,108.1500015258789,109.06999969482422,107.5,109.05999755859375,187865000
1265121000,2010-02-02,109.26000213623047,110.58999633789062,108.87999725341797,110.37999725341797,216327900
1265207400,2010-02-03,109.87999725341797,110.4800033569336,109.51000213623047,109.83000183105469,172730700
1265293800,2010-02-04,108.9800033569336,109.02999877929688,106.41999816894531,106.44000244140625,356715700
1265380200,2010-02-05,106.55999755859375,106.87999725341797,104.58000183105469,106.66000366210938,493585800
1265639400,2010-02-08,106.73999786376953,107.33000183105469,105.80999755859375,105.88999938964844,224166900
1265725800,2010-02-09,107.12999725341797,108.1500015258789,106.2699966430664,107.22000122070312,337820500
1265812200,2010-02-10,107.05000305175781,107.5999984741211,106.11000061035156,107.01000213623047,240511500
1265898600,2010-02-11,106.87000274658203,108.25,106.25,108.12999725341797,223591600
1265985000,2010-02-12,106.98999786376953,108.0999984741211,106.51000213623047,108.04000091552734,304622100
1266330600,2010-02-16,108.86000061035156,109.8499984741211,107.81999969482422,109.73999786376953,159317500
1266417000,2010-02-17,110.2699966430664,110.41000366210938,109.73999786376953,110.26000213623047,168845100
1266503400,2010-02-18,110.08000183105469,111.13999938964844,110.04000091552734,110.91000366210938,193708600
1266589800,2010-02-19,110.62000274658203,111.56999969482422,110.36000061035156,111.13999938964844,222684900
1266849000,2010-02-22,111.55000305175781,111.58000183105469,110.83000183105469,111.16000366210938,132346900
1266935400,2010-02-23,110.86000061035156,111.19999694824219,109.5199966430664,109.80999755859375,207497000
1267021800,2010-02-24,110.13999938964844,111,109.86000061035156,110.81999969482422,176350700
1267108200,2010-02-25,109.23999786376953,110.75,108.94000244140625,110.66999816894531,259634700
1267194600,2010-02-26,110.7699966430664,111.12000274658203,110.11000061035156,110.73999786376953,173589300
1267453800,2010-03-01,111.19999694824219,112,111.16999816894531,111.88999938964844,147709700
1267540200,2010-03-02,112.37000274658203,112.73999786376953,112,112.19999694824219,160992400
1267626600,2010-03-03,112.48999786376953,112.97000122070312,112.0199966430664,112.30000305175781,150785000
1267713000,2010-03-04,112.44999694824219,112.80000305175781,112.02999877929688,112.63999938964844,135770400
1267799400,2010-03-05,113.37000274658203,114.33999633789062,113.0999984741211,114.25,176118800
1268058600,2010-03-08,114.26000213623047,114.5199966430664,114.06999969482422,114.2699966430664,114631200
1268145000,2010-03-09,113.93000030517578,114.98999786376953,113.87000274658203,114.45999908447266,154556700
1268231400,2010-03-10,114.51000213623047,115.27999877929688,114.41000366210938,114.97000122070312,186088800
1268317800,2010-03-11,114.69999694824219,115.4800033569336,114.3499984741211,115.44999694824219,160791100
1268404200,2010-03-12,115.94999694824219,115.97000122070312,115.13999938964844,115.45999908447266,162074800
1268659800,2010-03-15,115.26000213623047,115.56999969482422,114.5999984741211,115.48999786376953,146816800
1268746200,2010-03-16,115.80999755859375,116.5199966430664,115.48999786376953,116.41000366210938,168673000
1268832600,2010-03-17,116.76000213623047,117.4800033569336,116.41999816894531,117.0999984741211,177468100
1268919000,2010-03-18,117.11000061035156,117.2699966430664,116.56999969482422,117.04000091552734,196509100
1269005400,2010-03-19,115.97000122070312,117.29000091552734,115.5199966430664,115.97000122070312,226641100
1269264600,2010-03-22,115.30999755859375,116.80000305175781,115.23999786376953,116.58999633789062,184477800
1269351000,2010-03-23,116.76000213623047,117.51000213623047,116.37999725341797,117.41000366210938,182941600
1269437400,2010-03-24,116.97000122070312,117.43000030517578,115.58000183105469,116.83999633789062,196072600
1269523800,2010-03-25,117.62999725341797,118.16999816894531,116.51000213623047,116.6500015258789,223396300
1269610200,2010-03-26,116.87000274658203,117.41999816894531,116.12000274658203,116.58000183105469,205808500
1269869400,2010-03-29,117.16999816894531,117.52999877929688,116.69000244140625,117.31999969482422,134513500
1269955800,2010-03-30,117.45999908447266,117.83000183105469,116.91000366210938,117.4000015258789,145772500
1270042200,2010-03-31,116.94999694824219,117.5199966430664,116.61000061035156,117,161078700
1270128600,2010-04-01,117.80000305175781,118.25,117.0999984741211,117.80000305175781,161215200
1270474200,2010-04-05,118.25,118.83999633789062,117.91999816894531,118.76000213623047,105847600
1270560600,2010-04-06,118.41999816894531,119.25,118.29000091552734,119.04000091552734,110384200
1270647000,2010-04-07,118.80000305175781,119.36000061035156,117.80999755859375,118.36000061035156,184576300
1270733400,2010-04-08,117.94999694824219,118.97000122070312,117.5999984741211,118.7699966430664,158704000
1270819800,2010-04-09,119.0199966430664,119.5999984741211,118.80000305175781,119.55000305175781,133006500
1271079000,2010-04-12,119.69999694824219,120.05000305175781,119.55999755859375,119.73999786376953,110279000
1271165400,2010-04-13,119.62000274658203,120.04000091552734,119,119.83000183105469,125043600
1271251800,2010-04-14,120.2699966430664,121.19000244140625,120.08000183105469,121.19000244140625,161609000
1271338200,2010-04-15,120.98999786376953,121.56999969482422,120.94999694824219,121.29000091552734,144615300
1271424600,2010-04-16,120.86000061035156,121.29000091552734,118.75,119.36000061035156,366786700
1271683800,2010-04-19,119.01000213623047,119.93000030517578,118.47000122070312,119.80999755859375,217947800
1271770200,2010-04-20,120.55999755859375,120.9800033569336,119.87000274658203,120.87999725341797,157708000
1271856600,2010-04-21,120.94999694824219,121.2300033569336,119.98999786376953,120.66000366210938,192910100
1271943000,2010-04-22,119.80999755859375,121.16999816894531,119.12000274658203,121.0199966430664,115360300
1272029400,2010-04-23,120.94000244140625,121.86000061035156,120.62999725341797,121.80999755859375,177335500
1272288600,2010-04-26,121.8499984741211,122.12000274658203,121.2300033569336,121.3499984741211,143457300
1272375000,2010-04-27,120.6500015258789,121.33999633789062,118.25,118.4800033569336,355853300
1272461400,2010-04-28,119.05000305175781,119.68000030517578,118.2699966430664,119.37999725341797,300674100
1272547800,2010-04-29,120.0999984741211,121.11000061035156,120.06999969482422,120.86000061035156,193775000
1272634200,2010-04-30,120.87999725341797,121.01000213623047,118.77999877929688,118.80999755859375,270000900
1272893400,2010-05-03,119.37999725341797,120.68000030517578,119.19999694824219,120.3499984741211,182747900
1272979800,2010-05-04,119.01000213623047,119.02999877929688,116.91999816894531,117.5199966430664,360353400
1273066200,2010-05-05,116.55999755859375,117.80000305175781,115.97000122070312,116.81999969482422,328973200
1273152600,2010-05-06,116.26000213623047,117,105,112.94000244140625,647356600
1273239000,2010-05-07,112.63999938964844,113.7699966430664,109.41000366210938,111.26000213623047,637558800
1273498200,2010-05-10,115.80999755859375,116.6500015258789,114.91000366210938,116.16000366210938,396159600
1273584600,2010-05-11,115.06999969482422,117.36000061035156,114.91000366210938,115.83000183105469,317849800
1273671000,2010-05-12,116.29000091552734,117.62000274658203,116.08999633789062,117.44999694824219,235607100
1273757400,2010-05-13,117.12999725341797,117.68000030517578,115.88999938964844,115.98999786376953,234452500
1273843800,2010-05-14,115.12000274658203,115.33000183105469,112.87000274658203,113.88999938964844,345601400
1274103000,2010-05-17,114.19999694824219,114.5199966430664,111.7699966430664,113.94999694824219,325739800
1274189400,2010-05-18,114.87999725341797,115.22000122070312,112.02999877929688,112.4000015258789,360556800
1274275800,2010-05-19,111.7699966430664,112.7699966430664,110.36000061035156,111.76000213623047,394742700
1274362200,2010-05-20,109.37999725341797,109.88999938964844,107.47000122070312,107.54000091552734,530418300
1274448600,2010-05-21,105.91000366210938,109.37999725341797,105.36000061035156,109.11000061035156,500909400
1274707800,2010-05-24,108.5199966430664,109.38999938964844,107.61000061035156,107.70999908447266,269823000
1274794200,2010-05-25,105.11000061035156,107.87000274658203,104.37999725341797,107.81999969482422,396505200
1274880600,2010-05-26,108.4800033569336,109.47000122070312,106.8499984741211,107.16999816894531,349719300
1274967000,2010-05-27,109.19000244140625,110.80000305175781,108.77999877929688,110.76000213623047,300870500
1275053400,2010-05-28,110.63999938964844,110.72000122070312,108.8499984741211,109.37000274658203,297933500
1275399000,2010-06-01,108.3499984741211,109.94999694824219,107.37000274658203,107.52999877929688,277909400
1275485400,2010-06-02,108.08000183105469,110.33999633789062,107.51000213623047,110.33000183105469,240243700
1275571800,2010-06-03,110.6500015258789,111.05999755859375,109.58000183105469,110.70999908447266,226618300
1275658200,2010-06-04,108.61000061035156,109.33000183105469,106.45999908447266,106.81999969482422,398475600
1275917400,2010-06-07,107.19999694824219,107.61000061035156,105.41000366210938,105.48999786376953,264609100
1276003800,2010-06-08,105.56999969482422,106.83000183105469,104.6500015258789,106.62000274658203,357774300
1276090200,2010-06-09,107.23999786376953,108.27999877929688,105.5999984741211,106.05000305175781,268023300
1276176600,2010-06-10,107.86000061035156,109.27999877929688,106.04000091552734,109.1500015258789,317890600
1276263000,2010-06-11,108.19000244140625,109.75,108.12000274658203,109.68000030517578,214128200
1276522200,2010-06-14,110.5199966430664,111.12000274658203,109.4000015258789,109.51000213623047,207196100
1276608600,2010-06-15,110.27999877929688,112.0999984741211,110.08999633789062,112,238268700
1276695000,2010-06-16,111.41999816894531,112.41999816894531,111.19999694824219,111.95999908447266,216374000
1276781400,2010-06-17,112.27999877929688,112.33000183105469,111.05000305175781,112.13999938964844,263185800
1276867800,2010-06-18,111.83000183105469,112.12999725341797,111.37000274658203,111.7300033569336,174006600
1277127000,2010-06-21,113.12000274658203,113.19999694824219,110.79000091552734,111.41000366210938,213140700
1277213400,2010-06-22,111.41000366210938,111.9000015258789,109.41000366210938,109.56999969482422,239355400
1277299800,2010-06-23,109.63999938964844,110.02999877929688,108.4800033569336,109.2300033569336,254639900
1277386200,2010-06-24,108.69000244140625,108.83000183105469,107.13999938964844,107.41999816894531,268523600
1277472600,2010-06-25,107.73999786376953,108.41999816894531,106.7699966430664,107.87000274658203,238726500
1277731800,2010-06-28,108.02999877929688,108.31999969482422,107.13999938964844,107.52999877929688,169218600
1277818200,2010-06-29,106.0199966430664,107.51000213623047,103.55000305175781,104.20999908447266,373649500
1277904600,2010-06-30,103.91999816894531,104.87999725341797,102.87999725341797,103.22000122070312,284101700
1277991000,2010-07-01,103.1500015258789,103.48999786376953,101.12999725341797,102.76000213623047,382924800
1278077400,2010-07-02,103.11000061035156,103.41999816894531,101.62000274658203,102.19999694824219,233385200
1278423000,2010-07-06,103.63999938964844,104.37000274658203,101.87999725341797,102.87000274658203,256935300
1278509400,2010-07-07,103.12999725341797,106.23999786376953,103.0199966430664,106.11000061035156,253769400
1278595800,2010-07-08,107,107.27999877929688,105.91000366210938,107.16000366210938,210842100
1278682200,2010-07-09,107.12999725341797,107.97000122070312,106.93000030517578,107.95999908447266,144999900
1278941400,2010-07-12,107.5999984741211,108.23999786376953,107.1500015258789,108.02999877929688,131283600
1279027800,2010-07-13,109.1500015258789,110.08999633789062,108.93000030517578,109.66000366210938,213025900
1279114200,2010-07-14,109.30999755859375,110.08000183105469,108.86000061035156,109.6500015258789,184426800
1279200600,2010-07-15,109.61000061035156,110.05999755859375,108.16999816894531,109.68000030517578,232337900
1279287000,2010-07-16,109.08999633789062,109.20999908447266,106.44999694824219,106.66000366210938,282693400
1279546200,2010-07-19,107.05000305175781,107.62999725341797,106.22000122070312,107.29000091552734,186709000
1279632600,2010-07-20,105.87000274658203,108.55999755859375,105.81999969482422,108.4800033569336,258162400
1279719000,2010-07-21,109.04000091552734,109.06999969482422,106.62999725341797,107.06999969482422,264527000
1279805400,2010-07-22,108.33999633789062,109.94000244140625,108.33000183105469,109.45999908447266,274781300
1279891800,2010-07-23,109.23999786376953,110.56999969482422,108.93000030517578,110.41000366210938,222020800
1280151000,2010-07-26,110.5999984741211,111.66999816894531,110.29000091552734,111.55999755859375,184445700
1280237400,2010-07-27,112.16999816894531,112.29000091552734,111.11000061035156,111.55000305175781,204855600
1280323800,2010-07-28,111.31999969482422,111.66000366210938,110.45999908447266,110.83000183105469,163056200
1280410200,2010-07-29,111.5199966430664,111.81999969482422,109.41000366210938,110.29000091552734,220149100
1280496600,2010-07-30,109.16999816894531,110.86000061035156,108.9800033569336,110.2699966430664,220070600
1280755800,2010-08-02,111.98999786376953,112.94000244140625,111.54000091552734,112.76000213623047,188263200
1280842200,2010-08-03,112.4800033569336,112.7699966430664,111.8499984741211,112.22000122070312,146657300
1280928600,2010-08-04,112.52999877929688,113.11000061035156,112.16000366210938,112.97000122070312,158171700
1281015000,2010-08-05,112.25,112.91000366210938,112.08000183105469,112.8499984741211,140473800
1281101400,2010-08-06,111.73999786376953,112.56999969482422,110.91999816894531,112.38999938964844,239728300
1281360600,2010-08-09,112.91999816894531,113.18000030517578,112.31999969482422,112.98999786376953,120800400
1281447000,2010-08-10,112.02999877929688,112.9800033569336,111.37000274658203,112.37999725341797,242916300
1281533400,2010-08-11,110.6500015258789,110.69000244140625,109.12000274658203,109.30000305175781,273406900
1281619800,2010-08-12,107.6500015258789,109.0199966430664,107.5999984741211,108.62999725341797,239542600
1281706200,2010-08-13,108.29000091552734,108.95999908447266,108.18000030517578,108.30999755859375,158698500
1281965400,2010-08-16,107.56999969482422,108.61000061035156,107.18000030517578,108.26000213623047,147895300
1282051800,2010-08-17,109.19000244140625,110.38999938964844,108.87999725341797,109.58999633789062,172270300
1282138200,2010-08-18,109.54000091552734,110.37999725341797,108.91000366210938,109.79000091552734,182922100
1282224600,2010-08-19,109.22000122070312,109.48999786376953,107.43000030517578,107.87999725341797,265847600
1282311000,2010-08-20,107.55999755859375,107.94000244140625,106.75,107.52999877929688,209714200
1282570200,2010-08-23,108.04000091552734,108.56999969482422,107.06999969482422,107.12000274658203,163490300
1282656600,2010-08-24,105.94999694824219,106.38999938964844,104.97000122070312,105.52999877929688,280677800
1282743000,2010-08-25,104.94999694824219,106.33999633789062,104.29000091552734,105.94000244140625,272234800
1282829400,2010-08-26,106.44000244140625,106.58000183105469,104.87999725341797,105.2300033569336,224439500
1282915800,2010-08-27,105.88999938964844,106.97000122070312,104.30999755859375,106.86000061035156,272649000
1283175000,2010-08-30,106.58000183105469,106.91000366210938,105.30000305175781,105.30999755859375,167238600
1283261400,2010-08-31,104.91999816894531,105.9800033569336,104.48999786376953,105.30999755859375,273933100
1283347800,2010-09-01,106.7300033569336,108.61000061035156,106.66000366210938,108.45999908447266,256828100
1283434200,2010-09-02,108.72000122070312,109.48999786376953,108.48999786376953,109.47000122070312,156112200
1283520600,2010-09-03,110.54000091552734,110.98999786376953,109.94999694824219,110.88999938964844,212197300
1283866200,2010-09-07,110.37000274658203,110.51000213623047,109.55000305175781,109.63999938964844,141973700
1283952600,2010-09-08,109.86000061035156,110.8499984741211,109.80999755859375,110.41000366210938,149924400
1284039000,2010-09-09,111.6500015258789,111.68000030517578,110.62000274658203,110.91999816894531,147017900
1284125400,2010-09-10,111.12000274658203,111.61000061035156,110.87000274658203,111.4800033569336,127819000
1284384600,2010-09-13,112.58000183105469,112.94999694824219,112.12999725341797,112.72000122070312,178503500
1284471000,2010-09-14,112.5,113.29000091552734,112.08000183105469,112.6500015258789,209823600
1284557400,2010-09-15,112.31999969482422,113.20999908447266,111.9800033569336,113.08000183105469,168608400
1284643800,2010-09-16,112.7300033569336,113.12000274658203,112.3499984741211,113.05000305175781,199962900
1284730200,2010-09-17,113.04000091552734,113.1500015258789,112.18000030517578,112.48999786376953,195836900
1284989400,2010-09-20,112.87999725341797,114.45999908447266,112.5199966430664,114.20999908447266,214555200
1285075800,2010-09-21,114.30000305175781,114.83999633789062,113.51000213623047,113.9800033569336,268389100
1285162200,2010-09-22,113.80000305175781,114.44000244140625,113.0999984741211,113.41999816894531,191322400
1285248600,2010-09-23,112.48999786376953,113.66999816894531,112.18000030517578,112.5,202354300
1285335000,2010-09-24,113.75,114.9000015258789,113.6500015258789,114.81999969482422,209671800
1285594200,2010-09-27,114.86000061035156,114.98999786376953,114.16000366210938,114.2699966430664,128761800
1285680600,2010-09-28,114.41999816894531,115.04000091552734,113.18000030517578,114.66999816894531,209207500
1285767000,2010-09-29,114.37999725341797,114.91000366210938,114.0199966430664,114.47000122070312,179665800
1285853400,2010-09-30,115.05000305175781,115.79000091552734,113.58999633789062,114.12999725341797,287106700
1285939800,2010-10-01,114.98999786376953,115.12000274658203,113.93000030517578,114.61000061035156,174638700
1286199000,2010-10-04,114.37000274658203,114.8499984741211,113.18000030517578,113.75,166153200
1286285400,2010-10-05,114.80000305175781,116.31999969482422,114.66999816894531,116.04000091552734,229634100
1286371800,2010-10-06,116.0199966430664,116.33000183105469,115.55999755859375,116.02999877929688,148626600
1286458200,2010-10-07,116.5,116.52999877929688,115.19000244140625,115.88999938964844,164860000
1286544600,2010-10-08,116.05000305175781,116.86000061035156,115.61000061035156,116.54000091552734,177760100
1286803800,2010-10-11,116.72000122070312,116.97000122070312,116.25,116.6500015258789,103098300
1286890200,2010-10-12,116.2699966430664,117.3499984741211,115.6500015258789,117.01000213623047,182210000
1286976600,2010-10-13,117.66000366210938,118.55000305175781,117.37999725341797,117.91999816894531,194347200
1287063000,2010-10-14,117.80999755859375,118.01000213623047,116.72000122070312,117.45999908447266,217764300
1287149400,2010-10-15,118.27999877929688,118.3499984741211,116.76000213623047,117.69999694824219,243705000
1287408600,2010-10-18,117.73999786376953,118.66999816894531,117.30999755859375,118.27999877929688,141204800
1287495000,2010-10-19,117.19000244140625,117.8499984741211,116.0199966430664,116.7300033569336,280604700
1287581400,2010-10-20,116.94000244140625,118.44000244140625,116.87000274658203,117.87000274658203,200051800
1287667800,2010-10-21,118.4000015258789,119.08999633789062,117.20999908447266,118.12999725341797,221585500
1287754200,2010-10-22,118.30999755859375,118.52999877929688,118,118.3499984741211,108212400
1288013400,2010-10-25,119.13999938964844,119.76000213623047,118.61000061035156,118.69999694824219,151145700
1288099800,2010-10-26,118.0999984741211,118.83999633789062,117.87000274658203,118.72000122070312,158982900
1288186200,2010-10-27,117.88999938964844,118.51000213623047,117.26000213623047,118.37999725341797,190024000
1288272600,2010-10-28,119.05999755859375,119.11000061035156,117.83000183105469,118.4000015258789,168576000
1288359000,2010-10-29,118.27999877929688,118.72000122070312,118.06999969482422,118.48999786376953,144305500
1288618200,2010-11-01,119.06999969482422,119.75,117.8499984741211,118.52999877929688,174074800
1288704600,2010-11-02,119.41999816894531,119.75,119.0999984741211,119.47000122070312,158345900
1288791000,2010-11-03,119.68000030517578,120.0199966430664,118.44999694824219,119.94999694824219,226702800
1288877400,2010-11-04,121.27999877929688,122.31999969482422,119.97000122070312,122.26000213623047,215039400
1288963800,2010-11-05,122.33999633789062,122.91999816894531,122.18000030517578,122.72000122070312,180654100
1289226600,2010-11-08,122.33999633789062,122.69000244140625,121.94000244140625,122.48999786376953,156107100
1289313000,2010-11-09,122.81999969482422,122.94999694824219,121.12000274658203,121.61000061035156,186621600
1289399400,2010-11-10,121.58000183105469,122.16000366210938,120.66000366210938,122.0999984741211,221387400
1289485800,2010-11-11,121.05000305175781,121.81999969482422,120.68000030517578,121.63999938964844,158017600
1289572200,2010-11-12,120.81999969482422,121.3499984741211,119.6500015258789,120.19999694824219,239068800
1289831400,2010-11-15,120.58000183105469,121.05000305175781,119.9800033569336,120.02999877929688,163940800
1289917800,2010-11-16,119.29000091552734,119.48999786376953,117.58999633789062,118.16000366210938,299566200
1290004200,2010-11-17,118.20999908447266,118.70999908447266,117.86000061035156,118.22000122070312,172308900
1290090600,2010-11-18,119.36000061035156,120.38999938964844,119.3499984741211,119.95999908447266,197723700
1290177000,2010-11-19,119.9000015258789,120.33999633789062,119.25,120.29000091552734,156852900
1290436200,2010-11-22,119.69000244140625,120.23999786376953,118.7699966430664,120.19000244140625,181361000
1290522600,2010-11-23,118.7699966430664,119.0199966430664,117.98999786376953,118.44999694824219,222309000
1290609000,2010-11-24,119.19999694824219,120.2300033569336,119.18000030517578,120.19999694824219,140046100
1290781800,2010-11-26,119.16000366210938,119.80999755859375,118.80000305175781,118.80000305175781,76007800
1291041000,2010-11-29,118.5,119.4800033569336,117.73999786376953,119.16000366210938,223642300
1291127400,2010-11-30,117.9800033569336,119.16999816894531,117.80999755859375,118.48999786376953,233930700
1291213800,2010-12-01,120.19999694824219,121.23999786376953,120.19000244140625,121.01000213623047,221037200
1291300200,2010-12-02,121.19999694824219,122.6500015258789,121.12999725341797,122.55999755859375,191213600
1291386600,2010-12-03,122.13999938964844,123.02999877929688,122.11000061035156,122.88999938964844,151288900
1291645800,2010-12-06,122.62999725341797,123.04000091552734,122.5,122.76000213623047,103050500
1291732200,2010-12-07,123.94000244140625,124.01000213623047,122.76000213623047,122.83000183105469,206581000
1291818600,2010-12-08,122.9800033569336,123.37999725341797,122.41000366210938,123.27999877929688,138019200
1291905000,2010-12-09,123.97000122070312,124.0199966430664,123.1500015258789,123.76000213623047,123705100
1291991400,2010-12-10,124.13999938964844,124.5999984741211,123.7300033569336,124.4800033569336,117571700
1292250600,2010-12-13,125.05000305175781,125.19999694824219,124.5199966430664,124.55999755859375,133812700
1292337000,2010-12-14,124.75,125.2300033569336,124.29000091552734,124.66999816894531,147249600
1292423400,2010-12-15,124.44000244140625,124.93000030517578,123.88999938964844,124.0999984741211,160823100
1292509800,2010-12-16,124.18000030517578,124.91000366210938,123.75,124.81999969482422,185035200
1292596200,2010-12-17,124.08000183105469,124.45999908447266,123.81999969482422,124.30000305175781,141075300
1292855400,2010-12-20,124.63999938964844,124.9000015258789,123.9800033569336,124.5999984741211,119085500
1292941800,2010-12-21,124.98999786376953,125.47000122070312,124.87000274658203,125.38999938964844,94965500
1293028200,2010-12-22,125.4800033569336,125.81999969482422,125.41000366210938,125.77999877929688,78878100
1293114600,2010-12-23,125.63999938964844,125.77999877929688,125.29000091552734,125.5999984741211,70053700
1293460200,2010-12-27,125.12999725341797,125.7699966430664,125.04000091552734,125.6500015258789,58126000
1293546600,2010-12-28,125.9000015258789,125.94999694824219,125.5,125.83000183105469,55309100
1293633000,2010-12-29,125.9800033569336,126.19999694824219,125.9000015258789,125.91999816894531,58033100
1293719400,2010-12-30,125.80000305175781,126.12999725341797,125.52999877929688,125.72000122070312,76616900
1293805800,2010-12-31,125.52999877929688,125.87000274658203,125.33000183105469,125.75,91218900
1294065000,2011-01-03,126.70999908447266,127.5999984741211,125.69999694824219,127.05000305175781,138725200
1294151400,2011-01-04,127.33000183105469,127.37000274658203,126.19000244140625,126.9800033569336,137409700
1294237800,2011-01-05,126.58000183105469,127.72000122070312,126.45999908447266,127.63999938964844,133975300
1294324200,2011-01-06,127.69000244140625,127.83000183105469,127.01000213623047,127.38999938964844,122519000
1294410600,2011-01-07,127.55999755859375,127.7699966430664,126.1500015258789,127.13999938964844,156034600
1294669800,2011-01-10,126.58000183105469,127.16000366210938,126.19999694824219,126.9800033569336,122401700
1294756200,2011-01-11,127.44000244140625,127.73999786376953,126.94999694824219,127.43000030517578,110287000
1294842600,2011-01-12,128.2100067138672,128.72000122070312,127.45999908447266,128.5800018310547,107929200
1294929000,2011-01-13,128.6300048828125,128.69000244140625,128.0500030517578,128.3699951171875,129048400
1295015400,2011-01-14,128.19000244140625,129.3300018310547,128.10000610351562,129.3000030517578,117677900
1295361000,2011-01-18,129.17999267578125,129.63999938964844,129.02999877929688,129.52000427246094,114401300
1295447400,2011-01-19,129.41000366210938,129.5399932861328,127.91000366210938,128.25,151958400
1295533800,2011-01-20,127.95999908447266,128.39999389648438,127.12999725341797,128.0800018310547,175745700
1295620200,2011-01-21,128.8800048828125,129.1699981689453,128.22999572753906,128.3699951171875,151462900
1295879400,2011-01-24,128.2899932861328,129.25,128.25999450683594,129.10000610351562,113715500
1295965800,2011-01-25,128.75999450683594,129.27999877929688,128.11000061035156,129.1699981689453,167552200
1296052200,2011-01-26,129.49000549316406,130.0500030517578,129.22999572753906,129.6699981689453,141281500
1296138600,2011-01-27,129.6999969482422,130.2100067138672,129.47000122070312,129.99000549316406,123302700
1296225000,2011-01-28,130.13999938964844,130.35000610351562,127.51000213623047,127.72000122070312,295637300
1296484200,2011-01-31,128.07000732421875,128.77999877929688,127.75,128.67999267578125,149249200
1296570600,2011-02-01,129.4600067138672,130.97000122070312,129.3800048828125,130.74000549316406,167194300
1296657000,2011-02-02,130.39999389648438,130.83999633789062,130.3300018310547,130.49000549316406,118323600
1296743400,2011-02-03,130.25999450683594,130.97999572753906,129.57000732421875,130.77999877929688,145886700
1296829800,2011-02-04,130.8300018310547,131.1999969482422,130.22999572753906,131.14999389648438,134634800
1297089000,2011-02-07,131.44000244140625,132.39999389648438,131.42999267578125,131.97000122070312,112439100
1297175400,2011-02-08,132.08999633789062,132.63999938964844,131.72999572753906,132.57000732421875,99072800
1297261800,2011-02-09,132.2100067138672,132.6300048828125,131.61000061035156,132.27000427246094,146436700
1297348200,2011-02-10,131.60000610351562,132.47000122070312,131.3000030517578,132.32000732421875,162708500
1297434600,2011-02-11,131.8000030517578,133.27999877929688,131.77000427246094,133.11000061035156,137710300
1297693800,2011-02-14,133.02999877929688,133.5399932861328,132.8800048828125,133.42999267578125,101690700
1297780200,2011-02-15,133.02000427246094,133.22000122070312,132.32000732421875,133.00999450683594,119575400
1297866600,2011-02-16,133.4600067138672,134.00999450683594,133.19000244140625,133.85000610351562,130183500
1297953000,2011-02-17,133.4600067138672,134.42999267578125,133.33999633789062,134.25,109810500
1298039400,2011-02-18,134.3699951171875,134.69000244140625,134.05999755859375,134.52999877929688,130002400
1298385000,2011-02-22,133.1199951171875,134.55999755859375,131.47000122070312,131.8300018310547,233116400
1298471400,2011-02-23,131.75,132.07000732421875,130.2100067138672,131.02000427246094,227584000
1298557800,2011-02-24,130.8800048828125,131.44000244140625,129.6999969482422,130.92999267578125,260431400
1298644200,2011-02-25,131.47999572753906,132.41000366210938,131.39999389648438,132.3300018310547,141686900
1298903400,2011-02-28,132.82000732421875,133.32000732421875,132.3800048828125,133.14999389648438,141585500
1298989800,2011-03-01,133.57000732421875,133.69000244140625,130.88999938964844,130.92999267578125,258565500
1299076200,2011-03-02,130.75,131.82000732421875,130.35000610351562,131.2100067138672,200277400
1299162600,2011-03-03,132.39999389648438,133.6199951171875,132.38999938964844,133.47000122070312,176480100
1299249000,2011-03-04,133.3699951171875,133.6300048828125,131.60000610351562,132.47000122070312,277202300
1299508200,2011-03-07,132.86000061035156,133.16000366210938,130.74000549316406,131.42999267578125,216790400
1299594600,2011-03-08,131.63999938964844,133,131.07000732421875,132.5800018310547,174615000
1299681000,2011-03-09,132.32000732421875,132.8000030517578,131.60000610351562,132.38999938964844,153806000
1299767400,2011-03-10,131,131.17999267578125,129.80999755859375,129.94000244140625,301291800
1299853800,2011-03-11,129.52000427246094,131.30999755859375,129.49000549316406,130.83999633789062,225621800
1300109400,2011-03-14,129.99000549316406,130.47999572753906,129.05999755859375,130.0500030517578,234974100
1300195800,2011-03-15,126.58999633789062,129.3300018310547,126.5,128.55999755859375,359585400
1300282200,2011-03-16,128.14999389648438,128.57000732421875,125.27999877929688,126.18000030517578,468670300
1300368600,2011-03-17,128,128.38999938964844,127.0999984741211,127.8499984741211,254303700
1300455000,2011-03-18,128.83999633789062,128.8800048828125,127.51000213623047,127.76000213623047,230435400
1300714200,2011-03-21,129.35000610351562,130.00999450683594,129.1999969482422,129.74000549316406,153992600
1300800600,2011-03-22,129.72000122070312,129.88999938964844,129.1699981689453,129.2899932861328,129538600
1300887000,2011-03-23,128.92999267578125,130,128.32000732421875,129.66000366210938,148603100
1300973400,2011-03-24,130.39999389648438,131.08999633789062,129.6699981689453,130.89999389648438,159129800
1301059800,2011-03-25,131.24000549316406,131.8699951171875,130.88999938964844,131.3000030517578,155642800
1301319000,2011-03-28,131.5800018310547,131.9199981689453,130.94000244140625,130.97999572753906,109762400
1301405400,2011-03-29,130.8699951171875,131.89999389648438,130.44000244140625,131.86000061035156,129798800
1301491800,2011-03-30,132.5500030517578,133.16000366210938,132.36000061035156,132.77000427246094,135835000
1301578200,2011-03-31,132.60000610351562,132.9600067138672,132.4499969482422,132.58999633789062,132537100
1301664600,2011-04-01,133.41000366210938,133.77000427246094,132.8300018310547,133.14999389648438,153850100
1301923800,2011-04-04,133.42999267578125,133.6699981689453,132.8800048828125,133.25999450683594,100768900
1302010200,2011-04-05,133,133.8300018310547,132.94000244140625,133.24000549316406,120791500
1302096600,2011-04-06,133.8800048828125,134,133.1199951171875,133.66000366210938,120411600
1302183000,2011-04-07,133.4199981689453,133.97999572753906,132.66000366210938,133.32000732421875,170731500
1302269400,2011-04-08,133.91000366210938,133.99000549316406,132.30999755859375,132.86000061035156,147945400
1302528600,2011-04-11,133,133.4499969482422,132.13999938964844,132.4600067138672,121385400
1302615000,2011-04-12,131.72000122070312,131.97999572753906,130.99000549316406,131.47000122070312,161187400
1302701400,2011-04-13,132.0800018310547,132.17999267578125,130.9600067138672,131.4600067138672,162059000
1302787800,2011-04-14,130.6999969482422,131.75999450683594,130.27000427246094,131.55999755859375,161220400
1302874200,2011-04-15,131.8000030517578,132.3699951171875,131.41000366210938,132.0399932861328,170006700
1303133400,2011-04-18,130.58999633789062,132.02999877929688,129.50999450683594,130.55999755859375,210759300
1303219800,2011-04-19,130.75999450683594,131.35000610351562,130.44000244140625,131.30999755859375,124258800
1303306200,2011-04-20,132.8800048828125,133.38999938964844,132.7899932861328,133.10000610351562,156133800
1303392600,2011-04-21,133.7899932861328,133.83999633789062,133.10000610351562,133.77999877929688,135935400
1303738200,2011-04-25,133.67999267578125,133.86000061035156,133.1999969482422,133.63999938964844,65757100
1303824600,2011-04-26,134.0500030517578,135.05999755859375,133.91000366210938,134.7899932861328,146600000
1303911000,2011-04-27,135.0500030517578,135.8699951171875,134.5,135.6699981689453,143031000
1303997400,2011-04-28,135.42999267578125,136.2899932861328,135.41000366210938,136.11000061035156,124791100
1304083800,2011-04-29,136.16000366210938,136.57000732421875,135.97999572753906,136.42999267578125,115094100
1304343000,2011-05-02,137.07000732421875,137.17999267578125,135.9499969482422,136.22000122070312,126278700
1304429400,2011-05-03,135.9600067138672,136.19000244140625,135.0399932861328,135.72999572753906,138375000
1304515800,2011-05-04,135.6699981689453,135.72999572753906,134.22999572753906,134.8300018310547,182678500
1304602200,2011-05-05,134.0800018310547,134.9499969482422,133.02000427246094,133.61000061035156,226900000
1304688600,2011-05-06,134.94000244140625,135.6300048828125,133.67999267578125,134.1999969482422,222787200
1304947800,2011-05-09,134.19000244140625,135.11000061035156,133.97999572753906,134.72000122070312,114104500
1305034200,2011-05-10,135.1699981689453,136.11000061035156,135,135.8699951171875,114806900
1305120600,2011-05-11,135.6699981689453,135.69000244140625,133.82000732421875,134.44000244140625,193564200
1305207000,2011-05-12,134.0800018310547,135.36000061035156,133.38999938964844,135.0800018310547,171550700
1305293400,2011-05-13,135.14999389648438,135.33999633789062,133.55999755859375,134.0399932861328,157444900
1305552600,2011-05-16,133.55999755859375,134.61000061035156,132.97000122070312,133.19000244140625,141675400
1305639000,2011-05-17,132.69000244140625,133.35000610351562,132.1199951171875,133.1699981689453,192686200
1305725400,2011-05-18,133.24000549316406,134.5,132.9499969482422,134.36000061035156,135217900
1305811800,2011-05-19,134.8000030517578,135.02999877929688,133.94000244140625,134.67999267578125,119489500
1305898200,2011-05-20,134.3300018310547,134.67999267578125,133.36000061035156,133.61000061035156,182594900
1306157400,2011-05-23,131.97999572753906,132.72000122070312,131.58999633789062,132.05999755859375,168700000
1306243800,2011-05-24,132.44000244140625,132.72999572753906,131.6999969482422,131.9499969482422,147199600
1306330200,2011-05-25,131.4199981689453,132.94000244140625,131.3800048828125,132.38999938964844,151050100
1306416600,2011-05-26,132.02999877929688,133.24000549316406,131.77999877929688,133,164850000
1306503000,2011-05-27,133.3699951171875,133.8699951171875,132.9600067138672,133.50999450683594,120921900
1306848600,2011-05-31,134.77000427246094,134.9199981689453,133.83999633789062,134.89999389648438,164731200
1306935000,2011-06-01,134.50999450683594,134.9199981689453,131.75999450683594,131.8699951171875,233094300
1307021400,2011-06-02,131.9600067138672,132.24000549316406,130.9600067138672,131.72999572753906,200466800
1307107800,2011-06-03,130.14999389648438,131.4199981689453,130.0800018310547,130.4199981689453,234690200
1307367000,2011-06-06,130.08999633789062,130.36000061035156,128.8699951171875,129.0399932861328,179951200
1307453400,2011-06-07,129.6999969482422,130.07000732421875,128.85000610351562,128.9600067138672,161660500
1307539800,2011-06-08,128.75999450683594,129.19000244140625,128.17999267578125,128.4199981689453,198696400
1307626200,2011-06-09,128.77000427246094,129.92999267578125,128.4600067138672,129.39999389648438,160964400
1307712600,2011-06-10,128.85000610351562,128.92999267578125,127.26000213623047,127.5999984741211,238629400
1307971800,2011-06-13,127.88999938964844,128.24000549316406,127.05000305175781,127.69999694824219,207599800
1308058200,2011-06-14,128.8699951171875,129.77000427246094,128.82000732421875,129.32000732421875,160570400
1308144600,2011-06-15,128.24000549316406,129.3000030517578,126.68000030517578,127.0199966430664,300958000
1308231000,2011-06-16,127.05999755859375,127.97000122070312,126.31999969482422,127.30000305175781,308032800
1308317400,2011-06-17,127.93000030517578,127.94000244140625,126.62000274658203,127.05000305175781,233284900
1308576600,2011-06-20,126.62000274658203,127.97000122070312,126.58000183105469,127.69999694824219,159479000
1308663000,2011-06-21,128.36000061035156,129.6999969482422,127.75,129.4499969482422,193157300
1308749400,2011-06-22,129.0500030517578,129.80999755859375,128.58999633789062,128.6699981689453,176703000
1308835800,2011-06-23,127.16000366210938,128.63999938964844,126.19000244140625,128.3000030517578,334286500
1308922200,2011-06-24,128.27000427246094,128.3699951171875,126.62000274658203,126.80999755859375,226129300
1309181400,2011-06-27,126.88999938964844,128.42999267578125,126.63999938964844,127.94000244140625,168904700
1309267800,2011-06-28,128.4499969482422,129.6300048828125,128.27000427246094,129.61000061035156,165556300
1309354200,2011-06-29,130.1999969482422,130.92999267578125,129.6300048828125,130.72000122070312,244295500
1309440600,2011-06-30,131.13999938964844,132.17999267578125,130.7100067138672,131.97000122070312,223322700
1309527000,2011-07-01,132.08999633789062,134.10000610351562,131.77999877929688,133.9199981689453,202385700
1309872600,2011-07-05,133.77999877929688,134.0800018310547,133.38999938964844,133.80999755859375,165936000
1309959000,2011-07-06,133.49000549316406,134.13999938964844,133.11000061035156,133.97000122070312,143331600
1310045400,2011-07-07,135.16000366210938,135.6999969482422,134.8800048828125,135.36000061035156,170464200
1310131800,2011-07-08,133.8300018310547,135.36000061035156,133.38999938964844,134.39999389648438,194100500
1310391000,2011-07-11,132.75,133.17999267578125,131.66000366210938,131.97000122070312,195918600
1310477400,2011-07-12,131.69000244140625,132.77999877929688,131.36000061035156,131.39999389648438,214675700
1310563800,2011-07-13,132.08999633789062,133.22000122070312,131.52000427246094,131.83999633789062,204062600
1310650200,2011-07-14,132.1699981689453,132.77999877929688,130.67999267578125,130.92999267578125,226111800
1310736600,2011-07-15,131.66000366210938,131.8699951171875,130.77000427246094,131.69000244140625,220012800
1310995800,2011-07-18,131.0800018310547,131.27999877929688,129.6300048828125,130.61000061035156,196872100
1311082200,2011-07-19,131.33999633789062,132.88999938964844,131.30999755859375,132.72999572753906,166554900
1311168600,2011-07-20,133.07000732421875,133.14999389648438,132.4199981689453,132.64999389648438,137145400
1311255000,2011-07-21,133.39999389648438,134.82000732421875,132.6699981689453,134.49000549316406,245246300
1311341400,2011-07-22,134.52000427246094,134.72000122070312,133.75999450683594,134.5800018310547,126019400
1311600600,2011-07-25,133.3000030517578,134.49000549316406,133.16000366210938,133.8300018310547,136653800
1311687000,2011-07-26,133.74000549316406,133.9600067138672,133.02999877929688,133.3300018310547,131278200
1311773400,2011-07-27,132.58999633789062,132.6300048828125,130.42999267578125,130.60000610351562,249020100
1311859800,2011-07-28,130.60000610351562,131.77000427246094,130.00999450683594,130.22000122070312,207939900
1311946200,2011-07-29,128.91000366210938,130.5500030517578,127.97000122070312,129.3300018310547,307038400
1312205400,2011-08-01,130.83999633789062,130.9600067138672,127.52999877929688,128.77999877929688,325790900
1312291800,2011-08-02,127.80999755859375,128.5,125.48999786376953,125.48999786376953,346653800
1312378200,2011-08-03,125.66000366210938,126.30999755859375,123.52999877929688,126.16999816894531,370830800
1312464600,2011-08-04,124.41999816894531,124.62000274658203,120.05999755859375,120.26000213623047,520721800
1312551000,2011-08-05,121.76000213623047,122.06999969482422,116.86000061035156,120.08000183105469,655619200
1312810200,2011-08-08,116.91000366210938,120.12000274658203,112.0199966430664,112.26000213623047,702263900
1312896600,2011-08-09,114.06999969482422,117.63999938964844,110.2699966430664,117.4800033569336,717828700
1312983000,2011-08-10,115.26000213623047,116.27999877929688,111.94999694824219,112.29000091552734,662607400
1313069400,2011-08-11,113.26000213623047,118.91999816894531,112.31999969482422,117.33000183105469,487979700
1313155800,2011-08-12,118.4000015258789,119.20999908447266,117.27999877929688,118.12000274658203,313731600
1313415000,2011-08-15,119.19000244140625,120.73999786376953,119,120.62000274658203,258810600
1313501400,2011-08-16,119.47000122070312,120.69000244140625,118.30999755859375,119.58999633789062,294095200
1313587800,2011-08-17,120.25,121.19999694824219,118.72000122070312,119.66999816894531,238201100
1313674200,2011-08-18,116.5,119.70999908447266,113.38999938964844,114.51000213623047,512956300
1313760600,2011-08-19,112.95999908447266,115.87999725341797,112.5,112.63999938964844,428281300
1314019800,2011-08-22,115.16999816894531,115.2300033569336,112.41000366210938,112.7300033569336,275090600
1314106200,2011-08-23,113.1500015258789,116.56999969482422,112.58000183105469,116.44000244140625,331136600
1314192600,2011-08-24,116.19000244140625,118.23999786376953,115.91999816894531,118.08000183105469,246869700
1314279000,2011-08-25,118.7300033569336,119.4000015258789,115.87000274658203,116.27999877929688,312365400
1314365400,2011-08-26,115.69000244140625,118.51000213623047,113.8499984741211,117.97000122070312,314495900
1314624600,2011-08-29,119.55999755859375,121.43000030517578,118.05999755859375,121.36000061035156,190977200
1314711000,2011-08-30,120.83000183105469,122.43000030517578,119.26000213623047,121.68000030517578,241315700
1314797400,2011-08-31,122.45999908447266,123.51000213623047,121.30000305175781,122.22000122070312,301828400
1314883800,2011-09-01,122.29000091552734,123.4000015258789,120.77999877929688,120.94000244140625,254585900
1314970200,2011-09-02,118.41999816894531,120.87000274658203,117.43000030517578,117.8499984741211,255517200
1315315800,2011-09-06,114.38999938964844,117.16000366210938,114.37999725341797,116.98999786376953,285130500
1315402200,2011-09-07,118.76000213623047,120.33999633789062,118.36000061035156,120.29000091552734,209803200
1315488600,2011-09-08,119.56999969482422,120.94000244140625,118.7699966430664,119.04000091552734,250568200
1315575000,2011-09-09,117.68000030517578,119.05999755859375,115.27999877929688,115.91999816894531,380195100
1315834200,2011-09-12,114.47000122070312,116.76000213623047,114.05000305175781,116.66999816894531,305793500
1315920600,2011-09-13,117.05000305175781,118.18000030517578,116.22000122070312,117.73999786376953,272514700
1316007000,2011-09-14,118.33999633789062,120.80000305175781,116.72000122070312,119.37000274658203,319389500
1316093400,2011-09-15,120.6500015258789,121.47000122070312,119.4000015258789,121.43000030517578,326777200
1316179800,2011-09-16,121.29000091552734,121.97000122070312,120.31999969482422,121.5199966430664,284528300
1316439000,2011-09-19,119.52999877929688,120.93000030517578,118.72000122070312,120.30999755859375,241517000
1316525400,2011-09-20,120.81999969482422,121.98999786376953,120.01000213623047,120.16999816894531,218932200
1316611800,2011-09-21,120.2300033569336,120.5999984741211,116.44000244140625,116.62999725341797,316251300
1316698200,2011-09-22,113.25,114.20999908447266,111.30000305175781,112.86000061035156,513911300
1316784600,2011-09-23,112.11000061035156,114.16000366210938,112.0199966430664,113.54000091552734,307242500
1317043800,2011-09-26,114.61000061035156,116.4000015258789,112.9800033569336,116.23999786376953,260673700
1317130200,2011-09-27,118.52999877929688,119.55999755859375,116.83999633789062,117.54000091552734,311753900
1317216600,2011-09-28,117.77999877929688,118.48999786376953,114.97000122070312,115.13999938964844,286696800
1317303000,2011-09-29,117.05000305175781,117.62999725341797,113.93000030517578,116.05000305175781,298108900
1317389400,2011-09-30,114.44999694824219,115.44999694824219,113.06999969482422,113.1500015258789,288392300
1317648600,2011-10-03,112.48999786376953,113.94999694824219,109.80999755859375,109.93000030517578,365136800
1317735000,2011-10-04,108.3499984741211,112.58000183105469,107.43000030517578,112.33999633789062,459177500
1317821400,2011-10-05,112.62000274658203,114.72000122070312,111.58000183105469,114.41999816894531,284108000
1317907800,2011-10-06,114.36000061035156,116.66000366210938,113.51000213623047,116.48999786376953,257800800
1317994200,2011-10-07,117.16999816894531,117.25,115.05999755859375,115.70999908447266,312657900
1318253400,2011-10-10,117.68000030517578,119.62999725341797,117.66999816894531,119.58000183105469,230666300
1318339800,2011-10-11,118.87000274658203,120.04000091552734,118.75,119.69999694824219,209088000
1318426200,2011-10-12,120.5999984741211,122.13999938964844,120.33000183105469,120.75,281544900
1318512600,2011-10-13,120.04000091552734,120.87000274658203,119.12000274658203,120.51000213623047,212538800
1318599000,2011-10-14,121.91000366210938,122.5999984741211,121.2300033569336,122.56999969482422,211397600
1318858200,2011-10-17,121.98999786376953,122.55000305175781,119.93000030517578,120.2300033569336,202311600
1318944600,2011-10-18,120.13999938964844,123.5,119.19999694824219,122.58000183105469,318857900
1319031000,2011-10-19,122.37999725341797,123.08000183105469,120.70999908447266,121.12999725341797,226601300
1319117400,2011-10-20,121.43000030517578,122.0999984741211,119.81999969482422,121.66000366210938,262075600
1319203800,2011-10-21,123.08999633789062,124.12000274658203,122.72000122070312,123.97000122070312,278999400
1319463000,2011-10-24,124.16999816894531,125.80000305175781,124.05999755859375,125.48999786376953,203215600
1319549400,2011-10-25,124.88999938964844,124.94999694824219,122.77999877929688,123.05000305175781,268596800
1319635800,2011-10-26,124.3499984741211,124.7699966430664,122.20999908447266,124.30000305175781,289053800
1319722200,2011-10-27,127.62999725341797,129.4199981689453,126.61000061035156,128.6300048828125,393220200
1319808600,2011-10-28,128,128.85000610351562,127.80000305175781,128.60000610351562,225906500
1320067800,2011-10-31,127.16000366210938,128.6199951171875,125.31999969482422,125.5,228146700
1320154200,2011-11-01,122.02999877929688,123.51000213623047,121.5199966430664,122,416565800
1320240600,2011-11-02,123.83000183105469,124.4000015258789,122.79000091552734,123.98999786376953,244717600
1320327000,2011-11-03,125.2699966430664,126.5,123.5999984741211,126.25,291174800
1320413400,2011-11-04,125.2300033569336,125.69999694824219,124.01000213623047,125.4800033569336,249401600
1320676200,2011-11-07,125.38999938964844,126.38999938964844,124.19999694824219,126.26000213623047,196617200
1320762600,2011-11-08,126.91999816894531,128.02000427246094,125.70999908447266,127.87999725341797,224426300
1320849000,2011-11-09,124.88999938964844,125.80000305175781,122.86000061035156,123.16000366210938,337982000
1320935400,2011-11-10,124.79000091552734,124.94000244140625,123.0199966430664,124.31999969482422,231866500
1321021800,2011-11-11,125.83000183105469,126.98999786376953,125.79000091552734,126.66000366210938,189924400
1321281000,2011-11-14,126.19000244140625,127.44999694824219,124.91999816894531,125.45999908447266,159258300
1321367400,2011-11-15,125.16999816894531,126.75,124.72000122070312,126.08000183105469,184709400
1321453800,2011-11-16,124.80999755859375,126.33999633789062,123.9000015258789,124.08000183105469,235782500
1321540200,2011-11-17,123.8499984741211,124.16000366210938,121.2300033569336,122.11000061035156,331219600
1321626600,2011-11-18,122.5,122.75,121.47000122070312,121.9800033569336,215580400
1321885800,2011-11-21,120.19999694824219,120.3499984741211,118.6500015258789,119.66000366210938,229611600
1321972200,2011-11-22,119.4000015258789,120.0999984741211,118.5199966430664,119.19000244140625,216494900
1322058600,2011-11-23,118.06999969482422,119.19000244140625,116.55999755859375,116.55999755859375,224329100
1322231400,2011-11-25,116.37999725341797,117.69999694824219,116.19999694824219,116.33999633789062,99557000
1322490600,2011-11-28,119.54000091552734,120.18000030517578,118.81999969482422,119.70999908447266,210686000
1322577000,2011-11-29,120.05000305175781,121,119.61000061035156,120.05000305175781,199241500
1322663400,2011-11-30,123.48999786376953,125.22000122070312,120,124.98999786376953,324439500
1322749800,2011-12-01,124.8499984741211,125.63999938964844,124.43000030517578,124.97000122070312,176954800
1322836200,2011-12-02,126.12000274658203,126.5,124.77999877929688,124.86000061035156,221109700
1323095400,2011-12-05,126.83999633789062,127.18000030517578,125.44000244140625,126.22000122070312,225263900
1323181800,2011-12-06,126.20999908447266,127.11000061035156,125.76000213623047,126.26000213623047,178842100
1323268200,2011-12-07,125.83999633789062,127.26000213623047,124.97000122070312,126.7300033569336,237802500
1323354600,2011-12-08,125.9000015258789,126.18000030517578,123.6500015258789,123.94999694824219,240862800
1323441000,2011-12-09,124.51000213623047,126.37000274658203,124.4000015258789,126.05000305175781,209111400
1323700200,2011-12-12,124.94999694824219,124.97000122070312,123.16000366210938,124.20999908447266,215826100
1323786600,2011-12-13,124.86000061035156,125.56999969482422,122.44999694824219,123.05000305175781,245159800
1323873000,2011-12-14,122.55999755859375,123.02999877929688,121.47000122070312,121.73999786376953,238618800
1323959400,2011-12-15,123.02999877929688,123.19999694824219,121.98999786376953,122.18000030517578,199109200
1324045800,2011-12-16,122.2300033569336,122.94999694824219,121.30000305175781,121.58999633789062,220481400
1324305000,2011-12-19,122.05999755859375,122.31999969482422,120.02999877929688,120.29000091552734,183903000
1324391400,2011-12-20,122.18000030517578,124.13999938964844,120.37000274658203,123.93000030517578,225418100
1324477800,2011-12-21,123.93000030517578,124.36000061035156,122.75,124.16999816894531,194230900
1324564200,2011-12-22,124.62999725341797,125.4000015258789,124.2300033569336,125.2699966430664,119465400
1324650600,2011-12-23,125.66999816894531,126.43000030517578,125.41000366210938,126.38999938964844,92187200
1324996200,2011-12-27,126.16999816894531,126.81999969482422,126.05999755859375,126.48999786376953,86075700
1325082600,2011-12-28,126.51000213623047,126.52999877929688,124.7300033569336,124.83000183105469,119107100
1325169000,2011-12-29,125.23999786376953,126.25,124.86000061035156,126.12000274658203,123507200
1325255400,2011-12-30,126.0199966430664,126.33000183105469,125.5,125.5,95599000
1325601000,2012-01-03,127.76000213623047,128.3800048828125,127.43000030517578,127.5,193697900
1325687400,2012-01-04,127.19999694824219,127.80999755859375,126.70999908447266,127.69999694824219,127186500
1325773800,2012-01-05,127.01000213623047,128.22999572753906,126.43000030517578,128.0399932861328,173895000
1325860200,2012-01-06,128.1999969482422,128.22000122070312,127.29000091552734,127.70999908447266,148050000
1326119400,2012-01-09,128,128.17999267578125,127.41000366210938,128.02000427246094,99530200
1326205800,2012-01-10,129.38999938964844,129.64999389648438,128.9499969482422,129.1300048828125,115282000
1326292200,2012-01-11,128.72999572753906,129.3699951171875,128.52000427246094,129.1999969482422,111540700
1326378600,2012-01-12,129.57000732421875,129.6999969482422,128.5399932861328,129.50999450683594,118983700
1326465000,2012-01-13,128.63999938964844,129.0500030517578,127.72000122070312,128.83999633789062,179836200
1326810600,2012-01-17,130.0800018310547,130.32000732421875,128.89999389648438,129.33999633789062,132209200
1326897000,2012-01-18,129.30999755859375,130.83999633789062,129.0800018310547,130.77000427246094,163395200
1326983400,2012-01-19,131.22000122070312,131.57000732421875,130.8000030517578,131.4600067138672,126328900
1327069800,2012-01-20,131.24000549316406,131.9499969482422,130.9199981689453,131.9499969482422,138230200
1327329000,2012-01-23,131.50999450683594,132.25,130.97999572753906,131.61000061035156,129295800
1327415400,2012-01-24,130.8000030517578,131.5,130.60000610351562,131.4600067138672,103083300
1327501800,2012-01-25,131.25999450683594,132.8699951171875,130.75,132.55999755859375,198613200
1327588200,2012-01-26,133.14999389648438,133.39999389648438,131.36000061035156,131.8800048828125,184880500
1327674600,2012-01-27,131.24000549316406,132.0500030517578,131.14999389648438,131.82000732421875,135259100
1327933800,2012-01-30,130.50999450683594,131.44000244140625,130.05999755859375,131.3699951171875,147311800
1328020200,2012-01-31,132.02000427246094,132.17999267578125,130.67999267578125,131.32000732421875,157212000
1328106600,2012-02-01,132.2899932861328,133.13999938964844,132.1300048828125,132.47000122070312,166234500
1328193000,2012-02-02,132.72999572753906,133.02000427246094,132.2100067138672,132.67999267578125,113090400
1328279400,2012-02-03,134,134.6199951171875,133.77000427246094,134.5399932861328,160598500
1328538600,2012-02-06,133.97999572753906,134.50999450683594,133.8300018310547,134.4499969482422,107694500
1328625000,2012-02-07,134.1699981689453,135.02000427246094,133.63999938964844,134.7899932861328,135528100
1328711400,2012-02-08,134.86000061035156,135.22000122070312,134.30999755859375,135.19000244140625,139361400
1328797800,2012-02-09,135.41000366210938,135.58999633789062,134.55999755859375,135.36000061035156,148602900
1328884200,2012-02-10,134.16000366210938,134.47000122070312,133.83999633789062,134.36000061035156,167907500
1329143400,2012-02-13,135.32000732421875,135.52000427246094,134.74000549316406,135.36000061035156,115841900
1329229800,2012-02-14,135,135.27000427246094,134.25,135.19000244140625,165329500
1329316200,2012-02-15,135.6300048828125,135.8300018310547,134.2899932861328,134.55999755859375,195195100
1329402600,2012-02-16,134.57000732421875,136.1699981689453,134.3300018310547,136.0500030517578,186567800
1329489000,2012-02-17,136.52000427246094,136.6300048828125,135.9600067138672,136.41000366210938,129869400
1329834600,2012-02-21,136.72999572753906,137.0500030517578,136.0500030517578,136.47000122070312,134042300
1329921000,2012-02-22,136.25999450683594,136.5500030517578,135.7899932861328,136.02999877929688,124455300
1330007400,2012-02-23,135.9600067138672,136.72999572753906,135.5,136.6300048828125,137704300
1330093800,2012-02-24,136.92999267578125,137.1999969482422,136.6300048828125,136.92999267578125,105539100
1330353000,2012-02-27,136.02000427246094,137.52999877929688,135.8000030517578,137.16000366210938,145728900
1330439400,2012-02-28,137.1999969482422,137.72000122070312,136.92999267578125,137.55999755859375,129355900
1330525800,2012-02-29,137.75999450683594,138.19000244140625,136.5399932861328,137.02000427246094,185934700
1330612200,2012-03-01,137.30999755859375,137.99000549316406,136.92999267578125,137.72999572753906,145023500
1330698600,2012-03-02,137.63999938964844,137.82000732421875,137,137.30999755859375,120638300
1330957800,2012-03-05,137.10000610351562,137.1999969482422,136.27999877929688,136.75,140765000
1331044200,2012-03-06,135.35000610351562,135.42999267578125,134.36000061035156,134.75,202129900
1331130600,2012-03-07,135.05999755859375,135.91000366210938,134.92999267578125,135.69000244140625,143692200
1331217000,2012-03-08,136.52000427246094,137.32000732421875,136.24000549316406,137.0399932861328,116968900
1331303400,2012-03-09,137.3000030517578,137.92999267578125,137.1300048828125,137.57000732421875,122836800
1331559000,2012-03-12,137.5500030517578,137.75999450683594,137.08999633789062,137.5800018310547,104003500
1331645400,2012-03-13,138.32000732421875,140.1300048828125,138.08999633789062,140.05999755859375,184090500
1331731800,2012-03-14,140.10000610351562,140.4499969482422,139.47999572753906,139.91000366210938,145163600
1331818200,2012-03-15,140.1199951171875,140.77999877929688,139.75999450683594,140.72000122070312,165118500
1331904600,2012-03-16,140.36000061035156,140.47999572753906,140,140.3000030517578,152893500
1332163800,2012-03-19,140.2100067138672,141.27999877929688,140.11000061035156,140.85000610351562,125291100
1332250200,2012-03-20,140.0500030517578,140.61000061035156,139.63999938964844,140.44000244140625,121729700
1332336600,2012-03-21,140.52000427246094,140.64999389648438,139.9199981689453,140.2100067138672,122388400
1332423000,2012-03-22,139.17999267578125,139.5500030517578,138.74000549316406,139.1999969482422,135216700
1332509400,2012-03-23,139.32000732421875,139.80999755859375,138.5500030517578,139.64999389648438,120521000
1332768600,2012-03-26,140.64999389648438,141.61000061035156,140.60000610351562,141.61000061035156,120164000
1332855000,2012-03-27,141.74000549316406,141.8300018310547,141.0800018310547,141.1699981689453,119868500
1332941400,2012-03-28,141.10000610351562,141.32000732421875,139.63999938964844,140.47000122070312,148562100
1333027800,2012-03-29,139.63999938964844,140.49000549316406,139.08999633789062,140.22999572753906,164963700
1333114200,2012-03-30,140.9199981689453,141.0500030517578,140.0500030517578,140.80999755859375,135486800
1333373400,2012-04-02,140.63999938964844,142.2100067138672,140.36000061035156,141.83999633789062,151741100
1333459800,2012-04-03,141.63999938964844,141.8800048828125,140.42999267578125,141.25999450683594,155806700
1333546200,2012-04-04,140.22000122070312,140.33999633789062,139.33999633789062,139.86000061035156,146896000
1333632600,2012-04-05,139.3800048828125,140.1999969482422,139.25999450683594,139.7899932861328,137439400
1333978200,2012-04-09,138.02999877929688,139.83999633789062,137.83999633789062,138.22000122070312,127555900
1334064600,2012-04-10,137.9499969482422,138.33999633789062,135.75999450683594,135.89999389648438,235360300
1334151000,2012-04-11,137.2899932861328,137.5399932861328,136.75,137,154133000
1334237400,2012-04-12,137.1300048828125,138.89999389648438,137.02999877929688,138.7899932861328,154321500
1334323800,2012-04-13,138.47000122070312,138.82000732421875,137.00999450683594,137.13999938964844,169246700
1334583000,2012-04-16,137.83999633789062,138.0399932861328,136.5800018310547,137.0500030517578,147825300
1334669400,2012-04-17,137.83999633789062,139.36000061035156,137.6999969482422,139.0800018310547,147877600
1334755800,2012-04-18,138.4600067138672,139.0800018310547,138.3800048828125,138.61000061035156,123884200
1334842200,2012-04-19,138.6300048828125,139.14999389648438,137.07000732421875,137.72000122070312,198666700
1334928600,2012-04-20,138.3300018310547,138.8300018310547,137.8699951171875,137.9499969482422,143199600
1335187800,2012-04-23,136.5399932861328,136.91000366210938,135.94000244140625,136.7899932861328,171844900
1335274200,2012-04-24,136.91000366210938,137.66000366210938,136.8000030517578,137.30999755859375,137484200
1335360600,2012-04-25,138.64999389648438,139.25,138.52999877929688,139.19000244140625,150252200
1335447000,2012-04-26,138.88999938964844,140.32000732421875,138.80999755859375,140.16000366210938,136291600
1335533400,2012-04-27,140.5800018310547,140.7899932861328,139.8000030517578,140.38999938964844,130725000
1335792600,2012-04-30,140.11000061035156,140.2100067138672,139.49000549316406,139.8699951171875,115092200
1335879000,2012-05-01,139.7899932861328,141.66000366210938,139.6300048828125,140.74000549316406,138832200
1335965400,2012-05-02,139.9199981689453,140.4600067138672,139.4600067138672,140.32000732421875,121081000
1336051800,2012-05-03,140.33999633789062,140.4499969482422,138.99000549316406,139.25,143759700
1336138200,2012-05-04,138.52000427246094,139.3000030517578,136.9199981689453,137,193927300
1336397400,2012-05-07,136.50999450683594,137.55999755859375,136.4600067138672,137.10000610351562,127765900
1336483800,2012-05-08,136.27999877929688,136.77000427246094,134.9199981689453,136.5500030517578,213377700
1336570200,2012-05-09,135.10000610351562,136.61000061035156,134.49000549316406,135.74000549316406,220752500
1336656600,2012-05-10,136.67999267578125,136.85000610351562,135.7100067138672,136.02000427246094,150600000
1336743000,2012-05-11,135.1699981689453,136.8699951171875,135.11000061035156,135.61000061035156,153032400
1337002200,2012-05-14,134.30999755859375,135.61000061035156,133.91000366210938,134.11000061035156,163910000
1337088600,2012-05-15,134.02000427246094,134.80999755859375,133.1300048828125,133.33999633789062,207629300
1337175000,2012-05-16,133.94000244140625,134.5500030517578,132.8000030517578,132.8300018310547,207265500
1337261400,2012-05-17,132.86000061035156,133.02000427246094,130.7899932861328,130.86000061035156,247992900
1337347800,2012-05-18,131.3699951171875,131.60000610351562,129.5500030517578,129.74000549316406,319615900
1337607000,2012-05-21,130.16000366210938,132.02000427246094,129.9499969482422,131.97000122070312,177861100
1337693400,2012-05-22,132.30999755859375,133.22999572753906,131.33999633789062,132.1999969482422,197531200
1337779800,2012-05-23,131.25,132.4600067138672,129.99000549316406,132.27000427246094,204958400
1337866200,2012-05-24,132.6300048828125,132.83999633789062,131.4199981689453,132.52999877929688,167357600
1337952600,2012-05-25,132.47999572753906,132.85000610351562,131.77999877929688,132.10000610351562,135465600
1338298200,2012-05-29,133.16000366210938,133.92999267578125,131.1699981689453,133.6999969482422,152883500
1338384600,2012-05-30,132.55999755859375,133.69000244140625,131.49000549316406,131.75999450683594,162370400
1338471000,2012-05-31,131.7100067138672,132.4499969482422,130.33999633789062,131.47000122070312,196186000
1338557400,2012-06-01,129.41000366210938,131.5,128.16000366210938,128.16000366210938,253240900
1338816600,2012-06-04,128.38999938964844,128.74000549316406,127.13999938964844,128.10000610351562,202545800
1338903000,2012-06-05,127.8499984741211,129.25999450683594,127.77999877929688,129.07000732421875,164149400
1338989400,2012-06-06,129.97000122070312,132.02999877929688,129.92999267578125,131.97000122070312,184202800
1339075800,2012-06-07,133.47000122070312,133.52999877929688,131.77999877929688,132.0500030517578,184772700
1339162200,2012-06-08,131.7100067138672,133.1300048828125,131.2899932861328,133.10000610351562,143915400
1339421400,2012-06-11,134.1699981689453,134.25,131.27999877929688,131.41000366210938,169756100
1339507800,2012-06-12,131.7899932861328,133.00999450683594,131.16000366210938,132.9199981689453,181931800
1339594200,2012-06-13,132.52999877929688,133.36000061035156,131.6199951171875,132.07000732421875,172223900
1339680600,2012-06-14,132.33999633789062,134,131.97999572753906,133.47000122070312,230615500
1339767000,2012-06-15,133.3800048828125,134.25999450683594,133.10000610351562,134.13999938964844,169444500
1340026200,2012-06-18,133.5800018310547,134.72999572753906,133.27999877929688,134.39999389648438,131360900
1340112600,2012-06-19,135.0800018310547,136.25,134.3699951171875,135.6999969482422,137382600
1340199000,2012-06-20,135.7100067138672,136.10000610351562,134.27000427246094,135.47999572753906,206451800
1340285400,2012-06-21,135.63999938964844,135.77999877929688,132.3300018310547,132.44000244140625,205272200
1340371800,2012-06-22,133.1300048828125,133.7100067138672,132.6199951171875,133.4600067138672,130029200
1340631000,2012-06-25,132.0500030517578,132.10000610351562,130.85000610351562,131.32000732421875,146375700
1340717400,2012-06-26,131.6999969482422,132.3800048828125,130.92999267578125,131.97999572753906,141634000
1340803800,2012-06-27,132.4199981689453,133.42999267578125,131.97000122070312,133.1699981689453,108088000
1340890200,2012-06-28,132.2899932861328,132.99000549316406,131.27999877929688,132.7899932861328,169242100
1340976600,2012-06-29,135.1999969482422,136.27000427246094,134.85000610351562,136.10000610351562,212250900
1341235800,2012-07-02,136.47999572753906,136.64999389648438,135.52000427246094,136.50999450683594,129524500
1341322200,2012-07-03,136.47999572753906,137.50999450683594,136.33999633789062,137.41000366210938,80450000
1341495000,2012-07-05,136.89999389648438,137.8000030517578,136.2899932861328,136.7899932861328,126177500
1341581400,2012-07-06,135.47000122070312,135.77000427246094,134.85000610351562,135.49000549316406,151192100
1341840600,2012-07-09,135.3800048828125,135.57000732421875,134.6999969482422,135.32000732421875,103780500
1341927000,2012-07-10,136.00999450683594,136.22999572753906,133.67999267578125,134.13999938964844,167884800
1342013400,2012-07-11,134.2100067138672,134.60000610351562,133.3800048828125,134.16000366210938,141733400
1342099800,2012-07-12,133.3800048828125,134.22999572753906,132.60000610351562,133.50999450683594,143583200
1342186200,2012-07-13,133.86000061035156,135.88999938964844,133.83999633789062,135.75,129642600
1342445400,2012-07-16,135.44000244140625,135.8300018310547,134.89999389648438,135.42999267578125,97525200
1342531800,2012-07-17,135.97000122070312,136.63999938964844,134.5500030517578,136.36000061035156,138860300
1342618200,2012-07-18,136.0399932861328,137.63999938964844,135.9600067138672,137.3699951171875,113349700
1342704600,2012-07-19,137.64999389648438,138.17999267578125,137.2100067138672,137.72999572753906,129847300
1342791000,2012-07-20,136.9499969482422,137.16000366210938,136.32000732421875,136.47000122070312,142904500
1343050200,2012-07-23,134.47000122070312,136.3800048828125,133.83999633789062,135.08999633789062,145210900
1343136600,2012-07-24,135.19000244140625,135.25,133.02999877929688,133.92999267578125,173301200
1343223000,2012-07-25,134.2100067138672,134.55999755859375,133.25,133.9600067138672,129122300
1343309400,2012-07-26,135.88999938964844,136.4600067138672,135.25999450683594,136.1699981689453,156526500
1343395800,2012-07-27,136.88999938964844,139.07000732421875,136.13999938964844,138.67999267578125,236768900
1343655000,2012-07-30,138.52000427246094,139.33999633789062,138.27000427246094,138.67999267578125,106782000
1343741400,2012-07-31,138.49000549316406,138.8699951171875,137.7100067138672,137.7100067138672,120575900
1343827800,2012-08-01,138.6999969482422,138.72999572753906,137.39999389648438,137.58999633789062,138293800
1343914200,2012-08-02,136.5500030517578,137.57000732421875,135.5800018310547,136.63999938964844,199556600
1344000600,2012-08-03,138.55999755859375,139.63999938964844,136.67999267578125,139.35000610351562,157825000
1344259800,2012-08-06,139.72000122070312,140.1699981689453,139.55999755859375,139.6199951171875,86326200
1344346200,2012-08-07,140.17999267578125,140.9199981689453,140.02999877929688,140.32000732421875,109545100
1344432600,2012-08-08,139.85000610351562,140.64999389648438,139.80999755859375,140.49000549316406,89754700
1344519000,2012-08-09,140.2899932861328,140.88999938964844,140.14999389648438,140.61000061035156,90291700
1344605400,2012-08-10,140.0399932861328,140.88999938964844,139.80999755859375,140.83999633789062,99792700
1344864600,2012-08-13,140.60000610351562,140.83999633789062,140.0399932861328,140.77000427246094,79426900
1344951000,2012-08-14,141.2899932861328,141.3800048828125,140.3699951171875,140.7899932861328,102379400
1345037400,2012-08-15,140.63999938964844,141.19000244140625,140.5500030517578,140.9499969482422,71085900
1345123800,2012-08-16,141.14999389648438,142.16000366210938,140.8000030517578,141.99000549316406,112014200
1345210200,2012-08-17,142.22999572753906,142.3000030517578,141.86000061035156,142.17999267578125,90813700
1345469400,2012-08-20,141.97999572753906,142.22000122070312,141.58999633789062,142.19000244140625,78255700
1345555800,2012-08-21,142.5399932861328,143.08999633789062,141.4499969482422,141.75999450683594,105581100
1345642200,2012-08-22,141.39999389648438,142.0500030517578,141.07000732421875,141.82000732421875,133243500
1345728600,2012-08-23,141.47000122070312,141.47999572753906,140.44000244140625,140.66000366210938,111466400
1345815000,2012-08-24,140.30999755859375,141.8300018310547,140.22000122070312,141.50999450683594,99481200
1346074200,2012-08-27,141.88999938964844,142.0800018310547,141.33999633789062,141.5399932861328,68785900
1346160600,2012-08-28,141.17999267578125,141.83999633789062,140.97000122070312,141.39999389648438,75689600
1346247000,2012-08-29,141.52000427246094,141.88999938964844,141.1199951171875,141.50999450683594,65421300
1346333400,2012-08-30,140.89999389648438,140.94000244140625,140.19000244140625,140.49000549316406,96589900
1346419800,2012-08-31,141.2899932861328,141.82000732421875,140.36000061035156,141.16000366210938,151970400
1346765400,2012-09-04,141.0399932861328,141.4600067138672,140.1300048828125,141.02999877929688,120226200
1346851800,2012-09-05,141.08999633789062,141.47000122070312,140.6300048828125,140.91000366210938,100660300
1346938200,2012-09-06,141.75999450683594,143.77999877929688,141.75,143.77000427246094,158272500
1347024600,2012-09-07,144.00999450683594,144.38999938964844,143.8800048828125,144.3300018310547,107272100
1347283800,2012-09-10,144.19000244140625,144.44000244140625,143.4600067138672,143.50999450683594,86458500
1347370200,2012-09-11,143.60000610351562,144.3699951171875,143.55999755859375,143.91000366210938,88760000
1347456600,2012-09-12,144.38999938964844,144.5500030517578,143.89999389648438,144.38999938964844,87640900
1347543000,2012-09-13,144.3699951171875,147.0399932861328,143.99000549316406,146.58999633789062,225470200
1347629400,2012-09-14,146.8800048828125,148.11000061035156,146.75999450683594,147.24000549316406,169777000
1347888600,2012-09-17,146.94000244140625,147.19000244140625,146.3699951171875,146.74000549316406,119427800
1347975000,2012-09-18,146.49000549316406,146.80999755859375,146.25,146.6199951171875,98326600
1348061400,2012-09-19,146.7899932861328,147.1699981689453,146.41000366210938,146.6999969482422,128318300
1348147800,2012-09-20,146.02999877929688,146.7899932861328,145.6300048828125,146.7100067138672,154009800
1348234200,2012-09-21,146.63999938964844,146.6699981689453,145.80999755859375,145.8699951171875,108737500
1348493400,2012-09-24,145.14999389648438,145.97999572753906,145.0399932861328,145.64999389648438,95682000
1348579800,2012-09-25,145.9600067138672,146.24000549316406,144.05999755859375,144.10000610351562,133165200
1348666200,2012-09-26,144.07000732421875,144.11000061035156,142.9499969482422,143.2899932861328,146502200
1348752600,2012-09-27,143.88999938964844,144.97000122070312,143.50999450683594,144.63999938964844,111830300
1348839000,2012-09-28,144.08999633789062,144.55999755859375,143.4600067138672,143.97000122070312,150696100
1349098200,2012-10-01,144.52000427246094,145.69000244140625,144.00999450683594,144.35000610351562,135911200
1349184600,2012-10-02,144.9199981689453,145.14999389648438,143.8300018310547,144.5,113422200
1349271000,2012-10-03,144.88999938964844,145.42999267578125,144.1300048828125,145.08999633789062,121283100
1349357400,2012-10-04,145.63999938964844,146.33999633789062,145.44000244140625,146.1300048828125,124311600
1349443800,2012-10-05,146.91000366210938,147.16000366210938,145.6999969482422,146.13999938964844,124842100
1349703000,2012-10-08,145.60000610351562,146.1199951171875,145.30999755859375,145.63999938964844,78415400
1349789400,2012-10-09,145.52999877929688,145.64999389648438,144.14999389648438,144.1999969482422,148872900
1349875800,2012-10-10,144.17999267578125,144.32000732421875,143.08999633789062,143.27999877929688,124247500
1349962200,2012-10-11,144.27999877929688,144.49000549316406,143.3300018310547,143.36000061035156,123601500
1350048600,2012-10-12,143.4600067138672,143.9499969482422,142.5800018310547,142.88999938964844,124181900
1350307800,2012-10-15,143.22999572753906,144.22999572753906,142.77000427246094,144.0800018310547,107689100
1350394200,2012-10-16,144.75999450683594,145.63999938964844,144.66000366210938,145.5399932861328,108815500
1350480600,2012-10-17,145.63999938964844,146.32000732421875,145.4199981689453,146.1999969482422,128834100
1350567000,2012-10-18,145.82000732421875,146.52000427246094,145.3300018310547,145.82000732421875,148108500
1350653400,2012-10-19,145.5500030517578,145.55999755859375,143.0500030517578,143.38999938964844,185645200
1350912600,2012-10-22,143.14999389648438,143.6699981689453,142.27999877929688,143.41000366210938,125578600
1350999000,2012-10-23,141.86000061035156,142.05999755859375,140.8300018310547,141.4199981689453,192056300
1351085400,2012-10-24,141.92999267578125,142.10000610351562,140.8000030517578,141.02000427246094,120179400
1351171800,2012-10-25,142.02000427246094,142.27999877929688,140.57000732421875,141.42999267578125,134457400
1351258200,2012-10-26,141.3000030517578,141.83999633789062,140.38999938964844,141.35000610351562,146023500
1351690200,2012-10-31,141.85000610351562,142.02999877929688,140.67999267578125,141.35000610351562,103438500
1351776600,2012-11-01,141.64999389648438,143.00999450683594,141.52000427246094,142.8300018310547,100995600
1351863000,2012-11-02,143.67999267578125,143.72000122070312,141.41000366210938,141.55999755859375,137702200
1352125800,2012-11-05,141.35000610351562,142.1699981689453,140.92999267578125,141.85000610351562,98378500
1352212200,2012-11-06,142.27999877929688,143.52000427246094,142.1300048828125,142.9600067138672,107068100
1352298600,2012-11-07,141.66000366210938,141.67999267578125,139.05999755859375,139.72000122070312,264304500
1352385000,2012-11-08,139.6999969482422,140.41000366210938,137.92999267578125,138.0399932861328,181517300
1352471400,2012-11-09,137.6199951171875,139.44000244140625,137.5500030517578,138.16000366210938,201055300
1352730600,2012-11-12,138.58999633789062,138.80999755859375,137.9600067138672,138.27000427246094,97677500
1352817000,2012-11-13,137.5399932861328,139.25,137.36000061035156,137.7899932861328,123018300
1352903400,2012-11-14,138.2100067138672,138.42999267578125,135.6199951171875,135.92999267578125,191505000
1352989800,2012-11-15,135.97999572753906,136.49000549316406,135.17999267578125,135.6999969482422,178128400
1353076200,2012-11-16,135.89999389648438,136.63999938964844,134.6999969482422,136.3699951171875,239483900
1353335400,2012-11-19,137.89999389648438,139.14999389648438,136.41000366210938,139.1300048828125,151495800
1353421800,2012-11-20,138.91000366210938,139.4199981689453,138.0800018310547,139.19000244140625,119807400
1353508200,2012-11-21,139.30999755859375,139.57000732421875,139.02999877929688,139.4499969482422,81710800
1353681000,2012-11-23,140.1300048828125,141.39999389648438,140.0399932861328,141.35000610351562,65409200
1353940200,2012-11-26,140.64999389648438,141.36000061035156,140.19000244140625,141.0500030517578,100124400
1354026600,2012-11-27,140.91000366210938,141.38999938964844,140.24000549316406,140.3300018310547,128646200
1354113000,2012-11-28,139.75999450683594,141.5399932861328,139,141.4600067138672,177086500
1354199400,2012-11-29,141.99000549316406,142.50999450683594,141.3699951171875,142.1199951171875,151085900
1354285800,2012-11-30,142.13999938964844,142.4199981689453,141.66000366210938,142.14999389648438,136568300
1354545000,2012-12-03,142.8000030517578,142.9199981689453,141.33999633789062,141.4499969482422,124656300
1354631400,2012-12-04,141.44000244140625,141.8699951171875,140.8699951171875,141.25,127512200
1354717800,2012-12-05,141.3699951171875,142.16000366210938,140.3699951171875,141.5,147300500
1354804200,2012-12-06,141.3699951171875,142.0399932861328,141.16000366210938,141.97999572753906,103220600
1354890600,2012-12-07,142.52999877929688,142.69000244140625,141.6699981689453,142.41000366210938,108726400
1355149800,2012-12-10,142.2100067138672,142.80999755859375,142.14999389648438,142.47000122070312,98840700
1355236200,2012-12-11,143.05999755859375,144.11000061035156,142.99000549316406,143.44000244140625,152570400
1355322600,2012-12-12,144,144.5500030517578,143.30999755859375,143.50999450683594,145880100
1355409000,2012-12-13,143.4199981689453,143.8300018310547,142.27000427246094,142.6300048828125,135715000
1355495400,2012-12-14,142.32000732421875,142.5800018310547,141.8800048828125,142.10000610351562,137701700
1355754600,2012-12-17,142.47000122070312,143.85000610351562,142.42999267578125,143.77000427246094,143238200
1355841000,2012-12-18,144,145.5,143.7899932861328,145.3699951171875,177762800
1355927400,2012-12-19,145.52999877929688,145.5800018310547,144.24000549316406,144.2899932861328,150895400
1356013800,2012-12-20,144.3800048828125,145.13999938964844,143.97999572753906,145.1199951171875,168487000
1356100200,2012-12-21,142.1699981689453,144.08999633789062,141.94000244140625,142.7899932861328,245883800
1356359400,2012-12-24,142.47999572753906,142.55999755859375,142.19000244140625,142.35000610351562,53874600
1356532200,2012-12-26,142.63999938964844,142.7100067138672,141.35000610351562,141.75,106947700
1356618600,2012-12-27,141.7899932861328,142.0800018310547,139.9199981689453,141.55999755859375,167920600
1356705000,2012-12-28,140.63999938964844,141.4199981689453,139.8699951171875,140.02999877929688,148806700
1356964200,2012-12-31,139.66000366210938,142.55999755859375,139.5399932861328,142.41000366210938,243935200
1357137000,2013-01-02,145.11000061035156,146.14999389648438,144.72999572753906,146.05999755859375,192059000
1357223400,2013-01-03,145.99000549316406,146.3699951171875,145.33999633789062,145.72999572753906,144761800
1357309800,2013-01-04,145.97000122070312,146.61000061035156,145.6699981689453,146.3699951171875,116817700
1357569000,2013-01-07,145.85000610351562,146.11000061035156,145.42999267578125,145.97000122070312,110002500
1357655400,2013-01-08,145.7100067138672,145.91000366210938,144.97999572753906,145.5500030517578,121265100
1357741800,2013-01-09,145.8699951171875,146.32000732421875,145.63999938964844,145.9199981689453,90745600
1357828200,2013-01-10,146.72999572753906,147.08999633789062,145.97000122070312,147.0800018310547,130735400
1357914600,2013-01-11,147.0399932861328,147.14999389648438,146.61000061035156,147.07000732421875,113917300
1358173800,2013-01-14,146.88999938964844,147.07000732421875,146.42999267578125,146.97000122070312,89567200
1358260200,2013-01-15,146.2899932861328,147.2100067138672,146.1999969482422,147.07000732421875,93172600
1358346600,2013-01-16,146.77000427246094,147.27999877929688,146.61000061035156,147.0500030517578,104849500
1358433000,2013-01-17,147.6999969482422,148.4199981689453,147.14999389648438,148,133833500
1358519400,2013-01-18,147.97000122070312,148.49000549316406,147.42999267578125,148.3300018310547,169906000
1358865000,2013-01-22,148.3300018310547,149.1300048828125,147.97999572753906,149.1300048828125,111797300
1358951400,2013-01-23,149.1300048828125,149.5,148.86000061035156,149.3699951171875,104596100
1359037800,2013-01-24,149.14999389648438,150.13999938964844,149.00999450683594,149.41000366210938,146426400
1359124200,2013-01-25,149.8800048828125,150.25,149.3699951171875,150.25,147211600
1359383400,2013-01-28,150.2899932861328,150.3300018310547,149.50999450683594,150.07000732421875,113357700
1359469800,2013-01-29,149.77000427246094,150.85000610351562,149.6699981689453,150.66000366210938,105694400
1359556200,2013-01-30,150.63999938964844,150.94000244140625,149.92999267578125,150.07000732421875,137447700
1359642600,2013-01-31,149.88999938964844,150.3800048828125,149.60000610351562,149.6999969482422,108975800
1359729000,2013-02-01,150.64999389648438,151.4199981689453,150.38999938964844,151.24000549316406,131173000
1359988200,2013-02-04,150.32000732421875,151.27000427246094,149.42999267578125,149.5399932861328,159073600
1360074600,2013-02-05,150.35000610351562,151.47999572753906,150.2899932861328,151.0500030517578,113912400
1360161000,2013-02-06,150.52000427246094,151.25999450683594,150.41000366210938,151.16000366210938,138762800
1360247400,2013-02-07,151.2100067138672,151.35000610351562,149.86000061035156,150.9600067138672,162490000
1360333800,2013-02-08,151.22000122070312,151.88999938964844,151.22000122070312,151.8000030517578,103133700
1360593000,2013-02-11,151.74000549316406,151.89999389648438,151.38999938964844,151.77000427246094,73775000
1360679400,2013-02-12,151.77999877929688,152.3000030517578,151.61000061035156,152.02000427246094,65392700
1360765800,2013-02-13,152.3300018310547,152.61000061035156,151.72000122070312,152.14999389648438,82322600
1360852200,2013-02-14,151.69000244140625,152.47000122070312,151.52000427246094,152.2899932861328,80834300
1360938600,2013-02-15,152.42999267578125,152.58999633789062,151.5500030517578,152.11000061035156,215226500
1361284200,2013-02-19,152.3699951171875,153.27999877929688,152.16000366210938,153.25,95105400
1361370600,2013-02-20,153.13999938964844,153.19000244140625,151.25999450683594,151.33999633789062,160574800
1361457000,2013-02-21,150.9600067138672,151.4199981689453,149.94000244140625,150.4199981689453,183257000
1361543400,2013-02-22,151.14999389648438,151.88999938964844,150.49000549316406,151.88999938964844,106356600
1361802600,2013-02-25,152.6300048828125,152.86000061035156,149,149,245824800
1361889000,2013-02-26,149.72000122070312,150.1999969482422,148.72999572753906,150.02000427246094,186596200
1361975400,2013-02-27,149.88999938964844,152.3300018310547,149.75999450683594,151.91000366210938,150781900
1362061800,2013-02-28,151.89999389648438,152.8699951171875,151.41000366210938,151.61000061035156,126866000
1362148200,2013-03-01,151.08999633789062,152.33999633789062,150.41000366210938,152.11000061035156,170634800
1362407400,2013-03-04,151.75999450683594,152.9199981689453,151.52000427246094,152.9199981689453,99010200
1362493800,2013-03-05,153.66000366210938,154.6999969482422,153.63999938964844,154.2899932861328,121431900
1362580200,2013-03-06,154.83999633789062,154.9199981689453,154.16000366210938,154.5,94469900
1362666600,2013-03-07,154.6999969482422,154.97999572753906,154.52000427246094,154.77999877929688,86101400
1362753000,2013-03-08,155.4600067138672,155.64999389648438,154.66000366210938,155.44000244140625,123477800
1363008600,2013-03-11,155.32000732421875,156.0399932861328,155.1300048828125,156.02999877929688,83746800
1363095000,2013-03-12,155.9199981689453,156.10000610351562,155.2100067138672,155.67999267578125,105755800
1363181400,2013-03-13,155.75999450683594,156.1199951171875,155.22999572753906,155.89999389648438,92550900
1363267800,2013-03-14,156.30999755859375,156.8000030517578,155.91000366210938,156.72999572753906,126329900
1363354200,2013-03-15,155.85000610351562,156.0399932861328,155.30999755859375,155.8300018310547,138601100
1363613400,2013-03-18,154.33999633789062,155.63999938964844,154.1999969482422,154.97000122070312,126704300
1363699800,2013-03-19,155.3000030517578,155.50999450683594,153.58999633789062,154.61000061035156,167567300
1363786200,2013-03-20,155.52000427246094,155.9499969482422,155.25999450683594,155.69000244140625,113759300
1363872600,2013-03-21,154.75999450683594,155.63999938964844,154.10000610351562,154.36000061035156,128605000
1363959000,2013-03-22,154.85000610351562,155.60000610351562,154.72999572753906,155.60000610351562,111163600
1364218200,2013-03-25,156.00999450683594,156.27000427246094,154.35000610351562,154.9499969482422,151322300
1364304600,2013-03-26,155.58999633789062,156.22999572753906,155.4199981689453,156.19000244140625,86856600
1364391000,2013-03-27,155.25999450683594,156.24000549316406,155,156.19000244140625,99950600
1364477400,2013-03-28,156.08999633789062,156.85000610351562,155.75,156.6699981689453,102932800
1364823000,2013-04-01,156.58999633789062,156.91000366210938,155.6699981689453,156.0500030517578,99194100
1364909400,2013-04-02,156.61000061035156,157.2100067138672,156.3699951171875,156.82000732421875,101504300
1364995800,2013-04-03,156.91000366210938,157.02999877929688,154.82000732421875,155.22999572753906,154167400
1365082200,2013-04-04,155.42999267578125,156.1699981689453,155.08999633789062,155.86000061035156,131885000
1365168600,2013-04-05,153.9499969482422,155.35000610351562,153.77000427246094,155.16000366210938,159666000
1365427800,2013-04-08,155.27000427246094,156.22000122070312,154.75,156.2100067138672,86571200
1365514200,2013-04-09,156.5,157.32000732421875,155.97999572753906,156.75,101922200
1365600600,2013-04-10,157.1699981689453,158.8699951171875,157.1300048828125,158.6699981689453,135711100
1365687000,2013-04-11,158.6999969482422,159.7100067138672,158.5399932861328,159.19000244140625,110142500
1365773400,2013-04-12,158.67999267578125,159.0399932861328,157.9199981689453,158.8000030517578,116359900
1366032600,2013-04-15,158,158.1300048828125,155.10000610351562,155.1199951171875,217259000
1366119000,2013-04-16,156.2899932861328,157.49000549316406,155.91000366210938,157.41000366210938,147507800
1366205400,2013-04-17,156.2899932861328,156.32000732421875,154.27999877929688,155.11000061035156,226834800
1366291800,2013-04-18,155.3699951171875,155.41000366210938,153.5500030517578,154.13999938964844,167583200
1366378200,2013-04-19,154.5,155.5500030517578,154.1199951171875,155.47999572753906,149687600
1366637400,2013-04-22,155.77999877929688,156.5399932861328,154.75,156.1699981689453,106553500
1366723800,2013-04-23,156.9499969482422,157.92999267578125,156.1699981689453,157.77999877929688,166141300
1366810200,2013-04-24,157.8300018310547,158.3000030517578,157.5399932861328,157.8800048828125,96781200
1366896600,2013-04-25,158.33999633789062,159.27000427246094,158.10000610351562,158.52000427246094,131060600
1366983000,2013-04-26,158.3300018310547,158.60000610351562,157.72999572753906,158.24000549316406,95918800
1367242200,2013-04-29,158.6699981689453,159.64999389648438,158.4199981689453,159.3000030517578,88572800
1367328600,2013-04-30,159.27000427246094,159.72000122070312,158.61000061035156,159.67999267578125,116010700
1367415000,2013-05-01,159.3300018310547,159.41000366210938,158.10000610351562,158.27999877929688,138874200
1367501400,2013-05-02,158.67999267578125,159.88999938964844,158.52999877929688,159.75,96407600
1367587800,2013-05-03,161.13999938964844,161.8800048828125,159.77999877929688,161.3699951171875,144202300
1367847000,2013-05-06,161.49000549316406,162.00999450683594,161.4199981689453,161.77999877929688,66882100
1367933400,2013-05-07,162.1300048828125,162.64999389648438,161.6699981689453,162.60000610351562,90359200
1368019800,2013-05-08,162.4199981689453,163.38999938964844,162.3300018310547,163.33999633789062,97419200
1368106200,2013-05-09,163.27000427246094,163.6999969482422,162.47000122070312,162.8800048828125,106738600
1368192600,2013-05-10,162.99000549316406,163.5500030517578,162.50999450683594,163.41000366210938,103203000
1368451800,2013-05-13,163.1999969482422,163.80999755859375,162.82000732421875,163.5399932861328,81843200
1368538200,2013-05-14,163.6699981689453,165.35000610351562,163.6699981689453,165.22999572753906,119000900
1368624600,2013-05-15,164.9600067138672,166.4499969482422,164.91000366210938,166.1199951171875,120718500
1368711000,2013-05-16,165.77999877929688,166.36000061035156,165.08999633789062,165.33999633789062,109913600
1368797400,2013-05-17,165.9499969482422,167.0399932861328,165.72999572753906,166.94000244140625,129801000
1369056600,2013-05-20,166.77999877929688,167.5800018310547,166.61000061035156,166.92999267578125,85071200
1369143000,2013-05-21,167.0800018310547,167.8000030517578,166.5,167.1699981689453,95804200
1369229400,2013-05-22,167.33999633789062,169.07000732421875,165.1699981689453,165.92999267578125,244031800
1369315800,2013-05-23,164.16000366210938,165.91000366210938,163.94000244140625,165.4499969482422,211064400
1369402200,2013-05-24,164.47000122070312,165.3800048828125,163.97999572753906,165.30999755859375,151573900
1369747800,2013-05-28,167.0399932861328,167.77999877929688,165.80999755859375,166.3000030517578,143679800
1369834200,2013-05-29,165.4199981689453,165.8000030517578,164.33999633789062,165.22000122070312,160363400
1369920600,2013-05-30,165.35000610351562,166.58999633789062,165.22000122070312,165.8300018310547,107793800
1370007000,2013-05-31,165.3699951171875,166.30999755859375,163.1300048828125,163.4499969482422,176850100
1370266200,2013-06-03,163.8300018310547,164.4600067138672,162.66000366210938,164.35000610351562,168390700
1370352600,2013-06-04,164.44000244140625,165.10000610351562,162.72999572753906,163.55999755859375,157631500
1370439000,2013-06-05,163.08999633789062,163.4199981689453,161.1300048828125,161.27000427246094,211737800
1370525400,2013-06-06,161.1999969482422,162.74000549316406,160.25,162.72999572753906,200225500
1370611800,2013-06-07,163.85000610351562,164.9499969482422,163.13999938964844,164.8000030517578,188337800
1370871000,2013-06-10,165.30999755859375,165.39999389648438,164.3699951171875,164.8000030517578,105667100
1370957400,2013-06-11,163.3000030517578,164.5399932861328,162.74000549316406,163.10000610351562,159505400
1371043800,2013-06-12,164.22000122070312,164.38999938964844,161.60000610351562,161.75,177361500
1371130200,2013-06-13,161.66000366210938,164.5,161.3000030517578,164.2100067138672,163587800
1371216600,2013-06-14,164.02999877929688,164.6699981689453,162.91000366210938,163.17999267578125,141197500
1371475800,2013-06-17,164.2899932861328,165.22000122070312,163.22000122070312,164.44000244140625,136295600
1371562200,2013-06-18,164.52999877929688,165.99000549316406,164.52000427246094,165.74000549316406,114695600
1371648600,2013-06-19,165.60000610351562,165.88999938964844,163.3800048828125,163.4499969482422,206149500
1371735000,2013-06-20,161.86000061035156,163.47000122070312,158.97999572753906,159.39999389648438,321255900
1371821400,2013-06-21,159.63999938964844,159.75999450683594,157.47000122070312,159.07000732421875,271956800
1372080600,2013-06-24,157.41000366210938,158.42999267578125,155.72999572753906,157.05999755859375,222329000
1372167000,2013-06-25,158.47999572753906,160.10000610351562,157.4199981689453,158.57000732421875,162262200
1372253400,2013-06-26,159.8699951171875,160.5,159.25,160.13999938964844,134848000
1372339800,2013-06-27,161.10000610351562,161.82000732421875,160.9499969482422,161.0800018310547,129483700
1372426200,2013-06-28,160.6300048828125,161.39999389648438,159.86000061035156,160.4199981689453,160402900
1372685400,2013-07-01,161.25999450683594,162.47999572753906,161.0800018310547,161.36000061035156,131954800
1372771800,2013-07-02,161.1199951171875,162.3000030517578,160.5,161.2100067138672,154863700
1372858200,2013-07-03,160.47999572753906,161.77000427246094,160.22000122070312,161.27999877929688,75216400
1373031000,2013-07-05,162.47000122070312,163.0800018310547,161.3000030517578,163.02000427246094,122416900
1373290200,2013-07-08,163.86000061035156,164.38999938964844,163.0800018310547,163.9499969482422,108092500
1373376600,2013-07-09,164.97999572753906,165.3300018310547,164.27000427246094,165.1300048828125,119298000
1373463000,2013-07-10,164.97000122070312,165.75,164.6300048828125,165.19000244140625,121410100
1373549400,2013-07-11,167.11000061035156,167.61000061035156,165.17999267578125,167.44000244140625,135592200
1373635800,2013-07-12,167.38999938964844,167.92999267578125,167.1300048828125,167.50999450683594,104212700
1373895000,2013-07-15,167.97000122070312,168.38999938964844,167.67999267578125,168.14999389648438,69450600
1373981400,2013-07-16,168.25999450683594,168.36000061035156,167.07000732421875,167.52000427246094,88702100
1374067800,2013-07-17,168.16000366210938,168.47999572753906,167.72999572753906,167.9499969482422,92873900
1374154200,2013-07-18,168.30999755859375,169.27000427246094,168.1999969482422,168.8699951171875,103620100
1374240600,2013-07-19,168.52000427246094,169.22999572753906,168.30999755859375,169.1699981689453,103831700
1374499800,2013-07-22,169.41000366210938,169.74000549316406,169.00999450683594,169.5,79428600
1374586200,2013-07-23,169.8000030517578,169.8300018310547,169.0500030517578,169.13999938964844,80829700
1374672600,2013-07-24,169.7899932861328,169.86000061035156,168.17999267578125,168.52000427246094,112914000
1374759000,2013-07-25,168.22000122070312,169.0800018310547,167.94000244140625,168.92999267578125,111088600
1374845400,2013-07-26,168.22000122070312,169.16000366210938,167.52000427246094,169.11000061035156,107814600
1375104600,2013-07-29,168.67999267578125,169.05999755859375,168.11000061035156,168.58999633789062,79695000
1375191000,2013-07-30,169.10000610351562,169.27999877929688,168.19000244140625,168.58999633789062,85209600
1375277400,2013-07-31,168.94000244140625,169.85000610351562,168.49000549316406,168.7100067138672,142388700
1375363800,2013-08-01,169.99000549316406,170.80999755859375,169.89999389648438,170.66000366210938,110438400
1375450200,2013-08-02,170.27999877929688,170.97000122070312,170.0500030517578,170.9499969482422,91116700
1375709400,2013-08-05,170.57000732421875,170.9600067138672,170.35000610351562,170.6999969482422,54072700
1375795800,2013-08-06,170.3699951171875,170.74000549316406,169.35000610351562,169.72999572753906,87495000
1375882200,2013-08-07,169.19000244140625,169.42999267578125,168.5500030517578,169.17999267578125,84854700
1375968600,2013-08-08,169.97999572753906,170.17999267578125,168.92999267578125,169.8000030517578,102181300
1376055000,2013-08-09,169.5800018310547,170.10000610351562,168.72000122070312,169.30999755859375,91757700
1376314200,2013-08-12,168.4600067138672,169.30999755859375,168.3800048828125,169.11000061035156,68593300
1376400600,2013-08-13,169.41000366210938,169.89999389648438,168.41000366210938,169.61000061035156,80806000
1376487000,2013-08-14,169.52999877929688,169.8000030517578,168.6999969482422,168.74000549316406,79829200
1376573400,2013-08-15,167.41000366210938,167.42999267578125,166.08999633789062,166.3800048828125,152931800
1376659800,2013-08-16,166.05999755859375,166.6300048828125,165.5,165.8300018310547,130868200
1376919000,2013-08-19,165.63999938964844,166.2100067138672,164.75999450683594,164.77000427246094,96437600
1377005400,2013-08-20,165.0399932861328,166.1999969482422,164.86000061035156,165.5800018310547,89294400
1377091800,2013-08-21,165.1199951171875,166.02999877929688,164.19000244140625,164.55999755859375,159530500
1377178200,2013-08-22,164.89999389648438,166.3000030517578,164.88999938964844,166.05999755859375,101471400
1377264600,2013-08-23,166.5500030517578,166.8300018310547,165.77000427246094,166.6199951171875,90888900
1377523800,2013-08-26,166.7899932861328,167.3000030517578,165.88999938964844,166,89702100
1377610200,2013-08-27,164.36000061035156,166,163.2100067138672,163.3300018310547,158619400
1377696600,2013-08-28,163.25999450683594,164.49000549316406,163.0500030517578,163.91000366210938,108113000
1377783000,2013-08-29,163.5500030517578,165.0399932861328,163.39999389648438,164.1699981689453,119200500
1377869400,2013-08-30,164.50999450683594,164.52999877929688,163.1699981689453,163.64999389648438,134928900
1378215000,2013-09-03,165.22999572753906,165.5800018310547,163.6999969482422,164.38999938964844,142375100
1378301400,2013-09-04,164.42999267578125,166.02999877929688,164.1300048828125,165.75,97389400
1378387800,2013-09-05,165.85000610351562,166.39999389648438,165.72999572753906,165.9600067138672,63090500
1378474200,2013-09-06,166.50999450683594,166.97999572753906,164.47999572753906,166.0399932861328,159756500
1378733400,2013-09-09,166.4499969482422,167.72999572753906,166.4499969482422,167.6300048828125,87559300
1378819800,2013-09-10,168.63999938964844,168.89999389648438,168.25999450683594,168.8699951171875,105847200
1378906200,2013-09-11,168.63999938964844,169.39999389648438,168.35000610351562,169.39999389648438,94545900
1378992600,2013-09-12,169.33999633789062,169.55999755859375,168.72000122070312,168.9499969482422,83209000
1379079000,2013-09-13,169.1300048828125,169.4600067138672,168.74000549316406,169.3300018310547,72727800
1379338200,2013-09-16,171.16000366210938,171.24000549316406,170.0399932861328,170.30999755859375,106299200
1379424600,2013-09-17,170.4600067138672,171.11000061035156,170.4600067138672,171.07000732421875,82523300
1379511000,2013-09-18,171.00999450683594,173.52000427246094,170.5800018310547,173.0500030517578,203460600
1379597400,2013-09-19,173.52000427246094,173.60000610351562,172.58999633789062,172.75999450683594,146616900
1379683800,2013-09-20,172.3300018310547,172.3300018310547,170.5800018310547,170.72000122070312,132867100
1379943000,2013-09-23,170.49000549316406,170.64999389648438,169.38999938964844,169.92999267578125,104616500
1380029400,2013-09-24,169.89999389648438,170.52999877929688,169.2100067138672,169.52999877929688,106333100
1380115800,2013-09-25,169.63999938964844,169.97999572753906,168.88999938964844,169.0399932861328,117306500
1380202200,2013-09-26,169.32000732421875,170.1699981689453,169.0500030517578,169.69000244140625,77146900
1380288600,2013-09-27,168.83999633789062,169.13999938964844,168.47000122070312,168.91000366210938,99141800
1380547800,2013-09-30,167.47999572753906,168.5399932861328,167.14999389648438,168.00999450683594,143937000
1380634200,2013-10-01,168.13999938964844,169.5,167.97000122070312,169.33999633789062,127160000
1380720600,2013-10-02,168.35000610351562,169.33999633789062,167.8300018310547,169.17999267578125,113350000
1380807000,2013-10-03,168.7899932861328,168.94000244140625,166.83999633789062,167.6199951171875,176698000
1380893400,2013-10-04,167.75,169.05999755859375,167.52999877929688,168.88999938964844,96878000
1381152600,2013-10-07,167.4199981689453,168.4499969482422,167.25,167.42999267578125,96295000
1381239000,2013-10-08,167.39999389648438,167.6199951171875,165.36000061035156,165.47999572753906,178015000
1381325400,2013-10-09,165.8000030517578,166.1999969482422,164.52999877929688,165.60000610351562,168973000
1381411800,2013-10-10,167.2899932861328,169.25999450683594,167.22999572753906,169.1699981689453,195955000
1381498200,2013-10-11,168.91000366210938,170.32000732421875,168.77000427246094,170.25999450683594,105040000
1381757400,2013-10-14,169.2100067138672,171.0800018310547,169.0800018310547,170.94000244140625,112106000
1381843800,2013-10-15,170.50999450683594,171.14999389648438,169.47000122070312,169.6999969482422,155485000
1381930200,2013-10-16,170.72000122070312,172.16000366210938,170.63999938964844,172.07000732421875,161676000
1382016600,2013-10-17,171.3699951171875,173.32000732421875,171.33999633789062,173.22000122070312,129389000
1382103000,2013-10-18,173.86000061035156,174.50999450683594,173.50999450683594,174.38999938964844,138316000
1382362200,2013-10-21,174.4499969482422,174.75,174.00999450683594,174.39999389648438,104104000
1382448600,2013-10-22,174.91000366210938,175.92999267578125,174.42999267578125,175.41000366210938,126663000
1382535000,2013-10-23,174.80999755859375,174.88999938964844,173.9600067138672,174.57000732421875,105484000
1382621400,2013-10-24,174.9199981689453,175.3699951171875,174.50999450683594,175.14999389648438,70350000
1382707800,2013-10-25,175.50999450683594,176,175.1699981689453,175.9499969482422,93625000
1382967000,2013-10-28,175.88999938964844,176.47000122070312,175.6999969482422,176.22999572753906,84979000
1383053400,2013-10-29,176.6300048828125,177.24000549316406,176.3800048828125,177.1699981689453,87401000
1383139800,2013-10-30,177.3800048828125,177.50999450683594,175.66000366210938,176.2899932861328,140002000
1383226200,2013-10-31,176.14999389648438,176.88999938964844,175.52999877929688,175.7899932861328,133795000
1383312600,2013-11-01,176.02000427246094,176.61000061035156,175.22000122070312,176.2100067138672,142805000
1383575400,2013-11-04,176.69000244140625,176.89999389648438,175.97999572753906,176.8300018310547,85677000
1383661800,2013-11-05,176.13999938964844,176.75,175.57000732421875,176.27000427246094,85825000
1383748200,2013-11-06,177.02999877929688,177.5,176.5399932861328,177.1699981689453,87348000
1383834600,2013-11-07,177.5,177.63999938964844,174.75999450683594,174.92999267578125,157000000
1383921000,2013-11-08,174.8699951171875,177.30999755859375,174.85000610351562,177.2899932861328,136713000
1384180200,2013-11-11,177.1199951171875,177.52999877929688,176.91000366210938,177.32000732421875,62614000
1384266600,2013-11-12,176.94000244140625,177.36000061035156,176.3699951171875,176.9600067138672,83990000
1384353000,2013-11-13,176.08999633789062,178.42999267578125,176.08999633789062,178.3800048828125,103844000
1384439400,2013-11-14,178.5399932861328,179.4199981689453,178.25,179.27000427246094,103435000
1384525800,2013-11-15,179.55999755859375,180.1199951171875,179.3300018310547,180.0500030517578,102818000
1384785000,2013-11-18,180.35000610351562,180.5,179.02000427246094,179.4199981689453,104796000
1384871400,2013-11-19,179.3300018310547,179.8699951171875,178.72000122070312,179.02999877929688,93891000
1384957800,2013-11-20,179.38999938964844,179.92999267578125,177.97999572753906,178.47000122070312,124909000
1385044200,2013-11-21,178.97000122070312,180.0500030517578,178.86000061035156,179.91000366210938,92841000
1385130600,2013-11-22,179.97999572753906,180.8300018310547,179.77000427246094,180.80999755859375,81296000
1385389800,2013-11-25,181.1300048828125,181.1699981689453,180.3699951171875,180.6300048828125,79486000
1385476200,2013-11-26,180.72000122070312,181.22000122070312,180.41000366210938,180.67999267578125,86994000
1385562600,2013-11-27,180.8699951171875,181.24000549316406,180.64999389648438,181.1199951171875,58800000
1385735400,2013-11-29,181.32000732421875,181.75,180.8000030517578,181,55870900
1385994600,2013-12-02,181.08999633789062,181.42999267578125,180.25,180.52999877929688,99726000
1386081000,2013-12-03,179.94000244140625,180.38999938964844,179.1699981689453,179.75,116563000
1386167400,2013-12-04,179.10000610351562,180.47999572753906,178.35000610351562,179.72999572753906,123033000
1386253800,2013-12-05,179.41000366210938,179.74000549316406,178.77000427246094,178.94000244140625,106934000
1386340200,2013-12-06,180.6699981689453,181.11000061035156,180.14999389648438,180.94000244140625,127728000
1386599400,2013-12-09,181.47000122070312,181.6699981689453,181.16000366210938,181.39999389648438,70124000
1386685800,2013-12-10,180.97999572753906,181.36000061035156,180.63999938964844,180.75,80976000
1386772200,2013-12-11,180.82000732421875,180.85000610351562,178.5,178.72000122070312,130591000
1386858600,2013-12-12,178.63999938964844,178.86000061035156,177.75999450683594,178.1300048828125,115565000
1386945000,2013-12-13,178.5,178.66000366210938,177.77000427246094,178.11000061035156,107808000
1387204200,2013-12-16,178.9499969482422,179.80999755859375,178.89999389648438,179.22000122070312,96195000
1387290600,2013-12-17,179.3800048828125,179.41000366210938,178.25,178.64999389648438,89886000
1387377000,2013-12-18,178.9199981689453,181.72999572753906,177.32000732421875,181.6999969482422,234906000
1387463400,2013-12-19,181.17999267578125,181.6999969482422,180.7100067138672,181.49000549316406,136531200
1387549800,2013-12-20,180.69000244140625,181.99000549316406,180.57000732421875,181.55999755859375,197087000
1387809000,2013-12-23,182.4499969482422,182.63999938964844,182.07000732421875,182.52999877929688,85598000
1387895400,2013-12-24,182.5399932861328,183.00999450683594,182.52999877929688,182.92999267578125,45368800
1388068200,2013-12-26,183.33999633789062,183.9600067138672,183.32000732421875,183.86000061035156,63365000
1388154600,2013-12-27,184.10000610351562,184.17999267578125,183.66000366210938,183.85000610351562,61814000
1388413800,2013-12-30,183.8699951171875,184.02000427246094,183.5800018310547,183.82000732421875,56857000
1388500200,2013-12-31,184.07000732421875,184.69000244140625,183.92999267578125,184.69000244140625,86119900
1388673000,2014-01-02,183.97999572753906,184.07000732421875,182.47999572753906,182.9199981689453,119636900
1388759400,2014-01-03,183.22999572753906,183.60000610351562,182.6300048828125,182.88999938964844,81390600
1389018600,2014-01-06,183.49000549316406,183.55999755859375,182.0800018310547,182.36000061035156,108028200
1389105000,2014-01-07,183.08999633789062,183.7899932861328,182.9499969482422,183.47999572753906,86144200
1389191400,2014-01-08,183.4499969482422,183.8300018310547,182.88999938964844,183.52000427246094,96582300
1389277800,2014-01-09,184.11000061035156,184.1300048828125,182.8000030517578,183.63999938964844,90683400
1389364200,2014-01-10,183.9499969482422,184.22000122070312,183.00999450683594,184.13999938964844,102026400
1389623400,2014-01-13,183.6699981689453,184.17999267578125,181.33999633789062,181.69000244140625,149892000
1389709800,2014-01-14,182.2899932861328,183.77000427246094,181.9499969482422,183.6699981689453,105016100
1389796200,2014-01-15,184.10000610351562,184.94000244140625,183.7100067138672,184.66000366210938,98525800
1389882600,2014-01-16,184.27999877929688,184.66000366210938,183.8300018310547,184.4199981689453,72290600
1389969000,2014-01-17,184.10000610351562,184.4499969482422,183.32000732421875,183.63999938964844,107848700
1390314600,2014-01-21,184.6999969482422,184.77000427246094,183.0500030517578,184.17999267578125,88621200
1390401000,2014-01-22,184.49000549316406,184.57000732421875,183.91000366210938,184.3000030517578,61270900
1390487400,2014-01-23,183.3699951171875,183.39999389648438,181.82000732421875,182.7899932861328,132496900
1390573800,2014-01-24,181.60000610351562,181.66000366210938,178.8300018310547,178.88999938964844,208677100
1390833000,2014-01-27,179.05999755859375,179.52000427246094,177.1199951171875,178.00999450683594,180843100
1390919400,2014-01-28,178.13999938964844,179.3000030517578,178.1199951171875,179.07000732421875,110463200
1391005800,2014-01-29,177.5800018310547,178.5500030517578,176.8800048828125,177.35000610351562,216597300
1391092200,2014-01-30,178.8300018310547,179.80999755859375,178.25999450683594,179.22999572753906,118938100
1391178600,2014-01-31,177.00999450683594,179.2899932861328,176.9199981689453,178.17999267578125,194677900
1391437800,2014-02-03,177.97000122070312,178.3699951171875,173.8300018310547,174.1699981689453,254837100
1391524200,2014-02-04,174.9499969482422,175.83999633789062,174.11000061035156,175.38999938964844,165012400
1391610600,2014-02-05,174.77999877929688,175.55999755859375,173.7100067138672,175.1699981689453,164230500
1391697000,2014-02-06,175.5800018310547,177.47999572753906,175.22000122070312,177.47999572753906,132877600
1391783400,2014-02-07,178.30999755859375,179.8699951171875,177.72999572753906,179.67999267578125,170787200
1392042600,2014-02-10,179.6999969482422,180.07000732421875,179.2100067138672,180.00999450683594,92218800
1392129000,2014-02-11,180.16000366210938,182.44000244140625,180.0399932861328,181.97999572753906,117814100
1392215400,2014-02-12,182.25,182.8300018310547,181.7100067138672,182.07000732421875,94717700
1392301800,2014-02-13,180.83999633789062,183.1999969482422,180.8300018310547,183.00999450683594,100542200
1392388200,2014-02-14,182.83999633789062,184.36000061035156,182.6699981689453,184.02000427246094,96498400
1392733800,2014-02-18,184.17999267578125,184.49000549316406,183.64999389648438,184.24000549316406,80460900
1392820200,2014-02-19,183.75999450683594,184.9499969482422,182.8699951171875,183.02000427246094,126524300
1392906600,2014-02-20,183.27000427246094,184.52000427246094,182.60000610351562,184.10000610351562,104998100
1392993000,2014-02-21,184.4499969482422,184.88999938964844,183.8000030517578,183.88999938964844,118116400
1393252200,2014-02-24,184.27999877929688,186.14999389648438,184.1999969482422,184.91000366210938,114063900
1393338600,2014-02-25,185.05999755859375,185.58999633789062,184.22999572753906,184.83999633789062,117085000
1393425000,2014-02-26,185.11000061035156,185.60000610351562,184.3300018310547,184.85000610351562,98677200
1393511400,2014-02-27,184.5800018310547,185.8699951171875,184.3699951171875,185.82000732421875,93880800
1393597800,2014-02-28,185.7899932861328,187.14999389648438,185.0500030517578,186.2899932861328,150842000
1393857000,2014-03-03,184.64999389648438,185.4499969482422,183.75,184.97999572753906,167748500
1393943400,2014-03-04,186.7899932861328,187.97999572753906,186.75,187.5800018310547,167545900
1394029800,2014-03-05,187.74000549316406,188.07000732421875,187.4499969482422,187.75,88376900
1394116200,2014-03-06,188.2100067138672,188.61000061035156,187.77999877929688,188.17999267578125,82516500
1394202600,2014-03-07,188.9600067138672,188.9600067138672,187.42999267578125,188.25999450683594,114513500
1394458200,2014-03-10,187.97000122070312,188.22999572753906,187.0800018310547,188.16000366210938,74939200
1394544600,2014-03-11,188.44000244140625,188.7100067138672,186.8000030517578,187.22999572753906,99009100
1394631000,2014-03-12,186.32000732421875,187.35000610351562,185.89999389648438,187.27999877929688,104824400
1394717400,2014-03-13,187.83999633789062,187.99000549316406,184.66000366210938,185.17999267578125,155014300
1394803800,2014-03-14,184.85000610351562,185.8000030517578,184.44000244140625,184.66000366210938,153919600
1395063000,2014-03-17,185.58999633789062,186.77000427246094,185.50999450683594,186.3300018310547,98359500
1395149400,2014-03-18,186.7100067138672,187.91000366210938,186.50999450683594,187.66000366210938,101804600
1395235800,2014-03-19,187.67999267578125,187.94000244140625,185.47000122070312,186.66000366210938,176267300
1395322200,2014-03-20,186.25,187.88999938964844,185.9199981689453,187.75,117241000
1395408600,2014-03-21,187.7100067138672,189.02000427246094,186.02999877929688,186.1999969482422,163128000
1395667800,2014-03-24,186.83999633789062,187.07000732421875,184.6199951171875,185.42999267578125,121411000
1395754200,2014-03-25,186.3699951171875,186.94000244140625,185.27000427246094,186.30999755859375,103852000
1395840600,2014-03-26,187.0399932861328,187.33999633789062,184.9199981689453,184.97000122070312,119843000
1395927000,2014-03-27,184.75,185.33999633789062,183.89999389648438,184.5800018310547,142383000
1396013400,2014-03-28,185.11000061035156,186.4199981689453,185,185.49000549316406,101642000
1396272600,2014-03-31,186.6699981689453,187.3000030517578,185.52000427246094,187.00999450683594,99745000
1396359000,2014-04-01,187.6199951171875,188.36000061035156,187,188.25,89193000
1396445400,2014-04-02,188.49000549316406,189.1300048828125,188.13999938964844,188.8800048828125,78774000
1396531800,2014-04-03,189.1699981689453,189.22000122070312,188.0500030517578,188.6300048828125,77435000
1396618200,2014-04-04,189.66000366210938,189.6999969482422,186.10000610351562,186.39999389648438,169381000
1396877400,2014-04-07,185.9499969482422,186.25999450683594,183.9600067138672,184.33999633789062,140803000
1396963800,2014-04-08,184.25999450683594,185.39999389648438,183.58999633789062,185.10000610351562,112660000
1397050200,2014-04-09,185.60000610351562,187.14999389648438,185.05999755859375,187.08999633789062,100254000
1397136600,2014-04-10,187.0800018310547,187.1699981689453,182.92999267578125,183.16000366210938,172959000
1397223000,2014-04-11,182.13999938964844,183.4199981689453,181.30999755859375,181.50999450683594,167251000
1397482200,2014-04-14,182.92999267578125,183.3699951171875,181.44000244140625,182.94000244140625,132382000
1397568600,2014-04-15,183.32000732421875,184.3300018310547,181.50999450683594,184.1999969482422,157093000
1397655000,2014-04-16,185.47000122070312,186.13999938964844,184.64999389648438,186.1300048828125,105197000
1397741400,2014-04-17,185.8800048828125,186.91000366210938,185.55999755859375,186.38999938964844,105255000
1398087000,2014-04-21,186.44000244140625,187.10000610351562,186.2100067138672,187.0399932861328,68329000
1398173400,2014-04-22,187.22999572753906,188.39999389648438,187.1300048828125,187.88999938964844,85790000
1398259800,2014-04-23,187.82000732421875,187.9199981689453,187.3000030517578,187.4499969482422,73869000
1398346200,2014-04-24,188.3699951171875,188.38999938964844,186.92999267578125,187.8300018310547,88170000
1398432600,2014-04-25,187.22000122070312,187.3300018310547,185.8699951171875,186.2899932861328,100380000
1398691800,2014-04-28,187.0500030517578,187.69000244140625,184.9600067138672,186.8800048828125,135121000
1398778200,2014-04-29,187.47999572753906,188.0399932861328,187.0800018310547,187.75,84098000
1398864600,2014-04-30,187.44000244140625,188.5,187.17999267578125,188.30999755859375,101508000
1398951000,2014-05-01,188.22000122070312,188.83999633789062,187.72999572753906,188.3300018310547,93019000
1399037400,2014-05-02,188.30999755859375,189.13999938964844,187.77999877929688,188.05999755859375,98122000
1399296600,2014-05-05,187.13999938964844,188.5500030517578,186.6199951171875,188.4199981689453,75883000
1399383000,2014-05-06,188,188.1300048828125,186.74000549316406,186.77999877929688,85454000
1399469400,2014-05-07,187.41000366210938,187.97000122070312,186.00999450683594,187.8800048828125,106500000
1399555800,2014-05-08,187.7100067138672,189.0500030517578,187.0800018310547,187.67999267578125,93618000
1399642200,2014-05-09,187.7100067138672,188.0399932861328,186.8300018310547,187.9600067138672,83679000
1399901400,2014-05-12,188.8000030517578,189.8800048828125,188,189.7899932861328,86940000
1399987800,2014-05-13,190.0399932861328,190.4199981689453,189.77000427246094,189.9600067138672,66454000
1400074200,2014-05-14,189.7899932861328,189.8800048828125,188.7899932861328,189.05999755859375,72367000
1400160600,2014-05-15,188.67999267578125,188.72000122070312,186.47999572753906,187.39999389648438,154956000
1400247000,2014-05-16,187.50999450683594,188.1300048828125,186.72000122070312,188.0500030517578,97458000
1400506200,2014-05-19,187.69000244140625,188.88999938964844,187.52000427246094,188.74000549316406,63839000
1400592600,2014-05-20,188.64999389648438,188.6699981689453,187.07000732421875,187.5500030517578,111644000
1400679000,2014-05-21,188.08999633789062,189.22000122070312,188.05999755859375,189.1300048828125,89093000
1400765400,2014-05-22,189.17999267578125,189.97999572753906,188.86000061035156,189.58999633789062,61549000
1400851800,2014-05-23,189.75999450683594,190.47999572753906,189.58999633789062,190.35000610351562,61092800
1401197400,2014-05-27,191.05999755859375,191.5800018310547,190.9499969482422,191.52000427246094,72010000
1401283800,2014-05-28,191.52000427246094,191.82000732421875,191.05999755859375,191.3800048828125,66723000
1401370200,2014-05-29,191.82000732421875,192.39999389648438,191.3300018310547,192.3699951171875,64377000
1401456600,2014-05-30,192.19000244140625,192.8000030517578,192.02999877929688,192.67999267578125,76316000
1401715800,2014-06-02,192.9499969482422,192.99000549316406,191.97000122070312,192.89999389648438,64656000
1401802200,2014-06-03,192.42999267578125,192.89999389648438,192.25,192.8000030517578,65047000
1401888600,2014-06-04,192.47000122070312,193.3000030517578,192.27000427246094,193.19000244140625,55529000
1401975000,2014-06-05,193.41000366210938,194.64999389648438,192.6999969482422,194.4499969482422,92103000
1402061400,2014-06-06,194.8699951171875,195.42999267578125,194.77999877929688,195.3800048828125,78696000
1402320600,2014-06-09,195.35000610351562,196.0500030517578,195.1699981689453,195.5800018310547,65119000
1402407000,2014-06-10,195.33999633789062,195.63999938964844,194.9199981689453,195.60000610351562,57129000
1402493400,2014-06-11,194.89999389648438,195.1199951171875,194.47999572753906,194.9199981689453,68772000
1402579800,2014-06-12,194.69000244140625,194.8000030517578,193.11000061035156,193.5399932861328,106350000
1402666200,2014-06-13,193.9199981689453,194.32000732421875,193.3000030517578,194.1300048828125,82017000
1402925400,2014-06-16,193.88999938964844,194.6999969482422,193.66000366210938,194.2899932861328,87424000
1403011800,2014-06-17,194.02000427246094,194.97000122070312,193.80999755859375,194.8300018310547,84834000
1403098200,2014-06-18,194.8300018310547,196.3699951171875,194.39999389648438,196.25999450683594,105267000
1403184600,2014-06-19,196.42999267578125,196.60000610351562,195.8000030517578,196.47999572753906,85929000
1403271000,2014-06-20,196.02999877929688,196.10000610351562,195.6999969482422,195.94000244140625,100587000
1403530200,2014-06-23,195.99000549316406,196.0500030517578,195.52000427246094,195.8800048828125,70611000
1403616600,2014-06-24,195.52999877929688,196.5,194.47999572753906,194.6999969482422,96237000
1403703000,2014-06-25,194.2899932861328,195.77999877929688,194.25,195.5800018310547,82782000
1403789400,2014-06-26,195.61000061035156,195.6300048828125,194.1300048828125,195.44000244140625,84312000
1403875800,2014-06-27,194.97999572753906,195.8800048828125,194.88999938964844,195.82000732421875,71445100
1404135000,2014-06-30,195.6999969482422,196.1699981689453,195.52999877929688,195.72000122070312,70201200
1404221400,2014-07-01,196.1999969482422,197.6300048828125,196.1300048828125,197.02999877929688,90470000
1404307800,2014-07-02,197.0500030517578,197.47999572753906,196.9600067138672,197.22999572753906,52475000
1404394200,2014-07-03,197.7899932861328,198.2899932861328,197.63999938964844,198.1999969482422,52938800
1404739800,2014-07-07,197.82000732421875,197.97999572753906,197.22000122070312,197.50999450683594,61696000
1404826200,2014-07-08,197.14999389648438,197.22000122070312,195.75999450683594,196.24000549316406,108143000
1404912600,2014-07-09,196.72999572753906,197.3000030517578,196.30999755859375,197.1199951171875,72992000
1404999000,2014-07-10,195.22000122070312,196.86000061035156,195.05999755859375,196.33999633789062,99040000
1405085400,2014-07-11,196.22000122070312,196.75,195.77999877929688,196.61000061035156,64243000
1405344600,2014-07-14,197.61000061035156,197.86000061035156,197.44000244140625,197.60000610351562,58658000
1405431000,2014-07-15,197.72000122070312,198.10000610351562,196.36000061035156,197.22999572753906,111307000
1405517400,2014-07-16,198.11000061035156,198.25999450683594,197.4199981689453,197.9600067138672,79986400
1405603800,2014-07-17,197.35000610351562,198.10000610351562,195.42999267578125,195.7100067138672,145398000
1405690200,2014-07-18,196.35000610351562,197.91000366210938,196.24000549316406,197.7100067138672,124330000
1405949400,2014-07-21,197.08999633789062,197.5,196.42999267578125,197.33999633789062,67592000
1406035800,2014-07-22,198.00999450683594,198.55999755859375,197.8699951171875,198.1999969482422,67678000
1406122200,2014-07-23,198.5,198.85000610351562,198.10000610351562,198.63999938964844,65612000
1406208600,2014-07-24,198.8300018310547,199.05999755859375,198.4499969482422,198.64999389648438,56888000
1406295000,2014-07-25,198.08999633789062,198.25999450683594,197.3300018310547,197.72000122070312,76837000
1406554200,2014-07-28,197.75999450683594,198.08999633789062,196.6199951171875,197.8000030517578,69259000
1406640600,2014-07-29,198.1699981689453,198.4499969482422,196.9199981689453,196.9499969482422,80466000
1406727000,2014-07-30,197.64999389648438,197.91000366210938,196.16000366210938,196.97999572753906,104222000
1406813400,2014-07-31,195.61000061035156,195.77999877929688,192.97000122070312,193.08999633789062,183479000
1406899800,2014-08-01,192.55999755859375,193.75999450683594,191.57000732421875,192.5,189261000
1407159000,2014-08-04,192.8699951171875,194.3000030517578,192.0500030517578,193.88999938964844,91340000
1407245400,2014-08-05,193.10000610351562,193.60000610351562,191.30999755859375,192.00999450683594,152690000
1407331800,2014-08-06,191.11000061035156,192.88999938964844,191.0800018310547,192.07000732421875,94818000
1407418200,2014-08-07,192.94000244140625,193.1300048828125,190.5500030517578,191.02999877929688,135733000
1407504600,2014-08-08,191.4600067138672,193.3699951171875,190.9499969482422,193.24000549316406,117014000
1407763800,2014-08-11,193.97000122070312,194.66000366210938,193.7100067138672,193.8000030517578,74544000
1407850200,2014-08-12,193.61000061035156,194.14999389648438,192.94000244140625,193.52999877929688,73632000
1407936600,2014-08-13,194.2899932861328,195.05999755859375,193.9600067138672,194.83999633789062,69047000
1408023000,2014-08-14,195.16000366210938,195.75999450683594,194.97999572753906,195.75999450683594,57371000
1408109400,2014-08-15,196.47000122070312,196.64999389648438,194.30999755859375,195.72000122070312,139951000
1408368600,2014-08-18,196.8000030517578,197.4499969482422,196.69000244140625,197.36000061035156,75424000
1408455000,2014-08-19,197.83999633789062,198.5399932861328,197.44000244140625,198.38999938964844,59135000
1408541400,2014-08-20,198.1199951171875,199.16000366210938,198.0800018310547,198.9199981689453,72763000
1408627800,2014-08-21,199.08999633789062,199.75999450683594,198.92999267578125,199.5,67791000
1408714200,2014-08-22,199.33999633789062,199.69000244140625,198.74000549316406,199.19000244140625,76107000
1408973400,2014-08-25,200.13999938964844,200.58999633789062,199.14999389648438,200.1999969482422,63855000
1409059800,2014-08-26,200.3300018310547,200.82000732421875,200.27999877929688,200.3300018310547,47298000
1409146200,2014-08-27,200.42999267578125,200.57000732421875,199.94000244140625,200.25,47874000
1409232600,2014-08-28,199.58999633789062,200.27000427246094,199.38999938964844,200.13999938964844,58330000
1409319000,2014-08-29,200.4499969482422,200.72999572753906,199.82000732421875,200.7100067138672,65907000
1409664600,2014-09-02,200.97000122070312,201,199.86000061035156,200.61000061035156,72426000
1409751000,2014-09-03,201.3800048828125,201.41000366210938,200.22000122070312,200.5,57462000
1409837400,2014-09-04,200.83999633789062,201.5800018310547,199.66000366210938,200.2100067138672,85236000
1409923800,2014-09-05,200.1699981689453,201.19000244140625,199.41000366210938,201.11000061035156,102177000
1410183000,2014-09-08,200.9199981689453,201.2100067138672,200,200.58999633789062,64146000
1410269400,2014-09-09,200.41000366210938,200.5500030517578,198.91000366210938,199.32000732421875,88591000
1410355800,2014-09-10,199.42999267578125,200.1999969482422,198.77000427246094,200.07000732421875,67251000
1410442200,2014-09-11,199.27000427246094,200.3300018310547,199.1199951171875,200.3000030517578,66774400
1410528600,2014-09-12,200.10000610351562,200.1199951171875,198.55999755859375,199.1300048828125,117409300
1410787800,2014-09-15,199.16000366210938,199.32000732421875,198.3800048828125,198.97999572753906,76401000
1410874200,2014-09-16,198.61000061035156,200.83999633789062,198.5,200.47999572753906,116201000
1410960600,2014-09-17,200.77000427246094,201.67999267578125,199.75,200.75,151266000
1411047000,2014-09-18,201.36000061035156,201.85000610351562,201.10000610351562,201.82000732421875,94990000
1411133400,2014-09-19,201.52000427246094,201.89999389648438,200.2899932861328,200.6999969482422,121649000
1411392600,2014-09-22,200.35000610351562,200.3800048828125,198.72999572753906,199.14999389648438,125553000
1411479000,2014-09-23,198.42999267578125,199.25999450683594,197.9499969482422,198.00999450683594,111393000
1411565400,2014-09-24,198.0399932861328,199.69000244140625,197.52000427246094,199.55999755859375,107276000
1411651800,2014-09-25,199.0399932861328,199.0500030517578,196.27000427246094,196.33999633789062,150300000
1411738200,2014-09-26,196.6999969482422,198.38999938964844,196.4199981689453,197.89999389648438,103547000
1411997400,2014-09-29,196.1999969482422,197.88999938964844,196.0500030517578,197.5399932861328,95112000
1412083800,2014-09-30,197.69000244140625,198.3000030517578,196.61000061035156,197.02000427246094,131302000
1412170200,2014-10-01,196.6999969482422,196.77000427246094,193.91000366210938,194.35000610351562,177798000
1412256600,2014-10-02,194.17999267578125,195.05999755859375,192.35000610351562,194.3800048828125,157285000
1412343000,2014-10-03,195.67999267578125,196.94000244140625,195.0800018310547,196.52000427246094,121569000
1412602200,2014-10-06,197.33999633789062,197.60000610351562,195.5800018310547,196.2899932861328,104778000
1412688600,2014-10-07,195.27999877929688,195.72000122070312,193.22000122070312,193.25999450683594,147913000
1412775000,2014-10-08,193.3699951171875,196.9199981689453,192.36000061035156,196.63999938964844,186461000
1412861400,2014-10-09,196.3300018310547,196.60000610351562,192.5800018310547,192.74000549316406,210705000
1412947800,2014-10-10,192.69000244140625,193.64999389648438,190.49000549316406,190.5399932861328,221909000
1413207000,2014-10-13,190.4600067138672,191.14999389648438,187.3000030517578,187.41000366210938,230939000
1413293400,2014-10-14,188.4199981689453,189.82000732421875,187.0399932861328,187.6999969482422,215847000
1413379800,2014-10-15,185.16000366210938,187.69000244140625,181.9199981689453,186.42999267578125,380715000
1413466200,2014-10-16,183.05999755859375,187.5800018310547,182.88999938964844,186.27000427246094,270391000
1413552600,2014-10-17,188.4199981689453,189.75,187.6199951171875,188.47000122070312,214625000
1413811800,2014-10-20,188.1300048828125,190.4499969482422,188.07000732421875,190.3000030517578,130011000
1413898200,2014-10-21,191.67999267578125,194.1999969482422,191.47999572753906,194.07000732421875,154949000
1413984600,2014-10-22,194.41000366210938,194.91000366210938,192.61000061035156,192.69000244140625,151822000
1414071000,2014-10-23,194.6199951171875,196.1999969482422,194.25999450683594,194.92999267578125,154944000
1414157400,2014-10-24,195.25,196.49000549316406,194.49000549316406,196.42999267578125,117927000
1414416600,2014-10-27,195.72999572753906,196.4499969482422,195.02999877929688,196.16000366210938,82954000
1414503000,2014-10-28,196.82000732421875,198.4199981689453,196.72999572753906,198.41000366210938,106736000
1414589400,2014-10-29,198.5500030517578,199.1199951171875,196.8000030517578,198.11000061035156,142557000
1414675800,2014-10-30,197.5800018310547,199.9499969482422,197.39999389648438,199.3800048828125,113330000
1414762200,2014-10-31,201.77999877929688,201.82000732421875,200.77000427246094,201.66000366210938,146903000
1415025000,2014-11-03,201.9199981689453,202.4499969482422,201.30999755859375,201.77000427246094,93600000
1415111400,2014-11-04,201.22999572753906,201.60000610351562,200.05999755859375,201.07000732421875,93343000
1415197800,2014-11-05,202.5399932861328,202.58999633789062,201.4499969482422,202.33999633789062,91709000
1415284200,2014-11-06,202.38999938964844,203.25999450683594,201.63999938964844,203.14999389648438,107089000
1415370600,2014-11-07,203.1699981689453,203.60000610351562,202.61000061035156,203.33999633789062,89540000
1415629800,2014-11-10,203.3800048828125,204.0399932861328,203.1300048828125,203.97999572753906,66319000
1415716200,2014-11-11,204.05999755859375,204.30999755859375,203.64999389648438,204.17999267578125,54499400
1415802600,2014-11-12,203.35000610351562,204.24000549316406,203.30999755859375,203.9600067138672,90120300
1415889000,2014-11-13,204.16000366210938,204.8300018310547,203.2100067138672,204.19000244140625,85357900
1415975400,2014-11-14,204.10000610351562,204.49000549316406,203.72000122070312,204.24000549316406,80417500
1416234600,2014-11-17,203.85000610351562,204.5800018310547,203.64999389648438,204.3699951171875,80441000
1416321000,2014-11-18,204.44000244140625,205.9199981689453,204.44000244140625,205.5500030517578,76068100
1416407400,2014-11-19,205.30999755859375,205.5500030517578,204.3000030517578,205.22000122070312,82373000
1416493800,2014-11-20,204.25999450683594,205.7100067138672,204.17999267578125,205.5800018310547,72840300
1416580200,2014-11-21,207.63999938964844,207.83999633789062,205.97999572753906,206.67999267578125,142327300
1416839400,2014-11-24,207.1699981689453,207.38999938964844,206.91000366210938,207.25999450683594,65880800
1416925800,2014-11-25,207.5399932861328,207.7899932861328,206.8000030517578,207.11000061035156,79108300
1417012200,2014-11-26,207.2899932861328,207.75999450683594,207.02999877929688,207.63999938964844,62167800
1417185000,2014-11-28,207.49000549316406,207.8699951171875,206.91000366210938,207.1999969482422,57890100
1417444200,2014-12-01,206.39999389648438,206.5399932861328,205.3800048828125,205.75999450683594,103968400
1417530600,2014-12-02,205.80999755859375,207.33999633789062,205.77999877929688,207.08999633789062,74507200
1417617000,2014-12-03,207.3000030517578,208.14999389648438,207.10000610351562,207.88999938964844,68952000
1417703400,2014-12-04,207.5399932861328,208.27000427246094,206.6999969482422,207.66000366210938,91316600
1417789800,2014-12-05,207.8699951171875,208.47000122070312,207.5500030517578,208,91025500
1418049000,2014-12-08,207.52000427246094,208.1199951171875,205.92999267578125,206.61000061035156,108588200
1418135400,2014-12-09,204.3699951171875,206.60000610351562,203.91000366210938,206.47000122070312,125180100
1418221800,2014-12-10,205.91000366210938,205.97999572753906,202.92999267578125,203.16000366210938,159856400
1418308200,2014-12-11,203.8800048828125,206.19000244140625,203.7100067138672,204.19000244140625,159012800
1418394600,2014-12-12,202.63999938964844,203.82000732421875,200.85000610351562,200.88999938964844,202330200
1418653800,2014-12-15,201.97999572753906,202.52999877929688,198.77999877929688,199.50999450683594,189965800
1418740200,2014-12-16,198.5800018310547,202.39999389648438,197.86000061035156,197.91000366210938,259543800
1418826600,2014-12-17,198.44000244140625,202.33999633789062,198.2899932861328,201.7899932861328,253910100
1418913000,2014-12-18,204.74000549316406,212.97000122070312,203.9199981689453,206.77999877929688,257633900
1418999400,2014-12-19,206.42999267578125,207.3300018310547,205.61000061035156,206.52000427246094,245084600
1419258600,2014-12-22,206.75,207.47000122070312,206.4600067138672,207.47000122070312,148318900
1419345000,2014-12-23,208.1699981689453,208.22999572753906,207.39999389648438,207.75,122167900
1419431400,2014-12-24,208.02000427246094,208.33999633789062,207.72000122070312,207.77000427246094,42963400
1419604200,2014-12-26,208.30999755859375,208.85000610351562,208.25,208.44000244140625,57326700
1419863400,2014-12-29,208.22000122070312,208.97000122070312,208.13999938964844,208.72000122070312,79643900
1419949800,2014-12-30,208.2100067138672,208.3699951171875,207.50999450683594,207.60000610351562,73540800
1420036200,2014-12-31,207.99000549316406,208.19000244140625,205.38999938964844,205.5399932861328,130333800
1420209000,2015-01-02,206.3800048828125,206.8800048828125,204.17999267578125,205.42999267578125,121465900
1420468200,2015-01-05,204.1699981689453,204.3699951171875,201.35000610351562,201.72000122070312,169632600
1420554600,2015-01-06,202.08999633789062,202.72000122070312,198.86000061035156,199.82000732421875,209151400
1420641000,2015-01-07,201.4199981689453,202.72000122070312,200.8800048828125,202.30999755859375,125346700
1420727400,2015-01-08,204.00999450683594,206.16000366210938,203.99000549316406,205.89999389648438,147217800
1420813800,2015-01-09,206.39999389648438,206.4199981689453,203.50999450683594,204.25,158567300
1421073000,2015-01-12,204.41000366210938,204.60000610351562,201.9199981689453,202.64999389648438,144396100
1421159400,2015-01-13,204.1199951171875,205.47999572753906,200.50999450683594,202.0800018310547,214553300
1421245800,2015-01-14,199.64999389648438,201.10000610351562,198.57000732421875,200.86000061035156,192991100
1421332200,2015-01-15,201.6300048828125,202.00999450683594,198.8800048828125,199.02000427246094,176613900
1421418600,2015-01-16,198.77000427246094,201.82000732421875,198.5500030517578,201.6300048828125,211879600
1421764200,2015-01-20,202.39999389648438,202.72000122070312,200.1699981689453,202.05999755859375,130991100
1421850600,2015-01-21,201.5,203.66000366210938,200.94000244140625,203.0800018310547,122942700
1421937000,2015-01-22,203.99000549316406,206.25999450683594,202.3300018310547,206.10000610351562,174356000
1422023400,2015-01-23,205.7899932861328,206.10000610351562,204.80999755859375,204.97000122070312,117516800
1422282600,2015-01-26,204.7100067138672,205.55999755859375,203.85000610351562,205.4499969482422,92009700
1422369000,2015-01-27,202.97000122070312,204.1199951171875,201.74000549316406,202.74000549316406,134044600
1422455400,2015-01-28,204.1699981689453,204.2899932861328,199.91000366210938,200.13999938964844,168514300
1422541800,2015-01-29,200.3800048828125,202.3000030517578,198.67999267578125,201.99000549316406,173585400
1422628200,2015-01-30,200.57000732421875,202.1699981689453,199.1300048828125,199.4499969482422,197729700
1422887400,2015-02-02,200.0500030517578,202.02999877929688,197.86000061035156,201.9199981689453,163107000
1422973800,2015-02-03,203,204.85000610351562,202.5500030517578,204.83999633789062,124212900
1423060200,2015-02-04,203.9199981689453,205.3800048828125,203.50999450683594,204.05999755859375,134306700
1423146600,2015-02-05,204.86000061035156,206.3000030517578,204.77000427246094,206.1199951171875,97953200
1423233000,2015-02-06,206.55999755859375,207.24000549316406,204.9199981689453,205.5500030517578,125672000
1423492200,2015-02-09,204.77000427246094,205.63999938964844,204.13999938964844,204.6300048828125,87219000
1423578600,2015-02-10,205.8800048828125,207.1199951171875,204.67999267578125,206.80999755859375,96164200
1423665000,2015-02-11,206.61000061035156,207.4499969482422,205.8300018310547,206.92999267578125,91087800
1423751400,2015-02-12,207.88999938964844,208.99000549316406,206.97000122070312,208.9199981689453,97545900
1423837800,2015-02-13,209.07000732421875,209.83999633789062,208.75999450683594,209.77999877929688,93670400
1424183400,2015-02-17,209.39999389648438,210.32000732421875,209.10000610351562,210.11000061035156,76968200
1424269800,2015-02-18,209.66000366210938,210.22000122070312,209.33999633789062,210.1300048828125,80652900
1424356200,2015-02-19,209.41000366210938,210.4199981689453,209.24000549316406,209.97999572753906,91462500
1424442600,2015-02-20,209.47999572753906,211.3300018310547,208.72999572753906,211.24000549316406,140896400
1424701800,2015-02-23,210.94000244140625,211.2100067138672,210.47999572753906,211.2100067138672,74411100
1424788200,2015-02-24,211.1199951171875,212.0500030517578,210.75999450683594,211.80999755859375,72472300
1424874600,2015-02-25,211.66000366210938,212.24000549316406,211.22000122070312,211.6300048828125,73061700
1424961000,2015-02-26,211.52000427246094,211.7100067138672,210.64999389648438,211.3800048828125,72697900
1425047400,2015-02-27,211.25999450683594,211.5800018310547,210.60000610351562,210.66000366210938,108076000
1425306600,2015-03-02,210.77999877929688,212.05999755859375,210.72000122070312,211.99000549316406,87491400
1425393000,2015-03-03,211.47000122070312,212.0500030517578,210.0800018310547,211.1199951171875,110325800
1425479400,2015-03-04,210.39999389648438,210.49000549316406,209.05999755859375,210.22999572753906,114497200
1425565800,2015-03-05,210.6199951171875,210.8000030517578,209.85000610351562,210.4600067138672,76873000
1425652200,2015-03-06,209.4199981689453,209.94000244140625,207.10000610351562,207.5,188128000
1425907800,2015-03-09,207.74000549316406,208.7899932861328,207.5500030517578,208.36000061035156,89818900
1425994200,2015-03-10,206.7100067138672,206.80999755859375,204.92999267578125,204.97999572753906,157121300
1426080600,2015-03-11,205.2899932861328,205.5,204.39999389648438,204.5,110145700
1426167000,2015-03-12,205.25999450683594,207.17999267578125,205.1999969482422,207.10000610351562,93993500
1426253400,2015-03-13,206.77000427246094,207.92999267578125,204.5800018310547,205.8300018310547,162410900
1426512600,2015-03-16,206.7100067138672,208.69000244140625,205.86000061035156,208.5800018310547,136099200
1426599000,2015-03-17,207.69000244140625,208.4199981689453,206.97999572753906,207.9600067138672,94510400
1426685400,2015-03-18,207.38999938964844,211.27000427246094,206.6199951171875,210.4600067138672,228808500
1426771800,2015-03-19,209.9600067138672,210.47000122070312,209.02999877929688,209.5,117917300
1426858200,2015-03-20,209.7100067138672,211.02000427246094,209.49000549316406,210.41000366210938,177715100
1427117400,2015-03-23,210.4199981689453,211.11000061035156,210,210,71784500
1427203800,2015-03-24,209.85000610351562,210.39999389648438,208.74000549316406,208.82000732421875,77805300
1427290200,2015-03-25,209.07000732421875,209.35000610351562,205.7100067138672,205.75999450683594,159521700
1427376600,2015-03-26,204.9600067138672,206.3699951171875,204.1199951171875,205.27000427246094,153067200
1427463000,2015-03-27,205.1300048828125,205.9499969482422,204.89999389648438,205.74000549316406,118939000
1427722200,2015-03-30,206.97999572753906,208.61000061035156,206.9600067138672,208.25,96180400
1427808600,2015-03-31,207.25999450683594,208.10000610351562,206.36000061035156,206.42999267578125,126768700
1427895000,2015-04-01,206.38999938964844,206.4199981689453,204.50999450683594,205.6999969482422,137303600
1427981400,2015-04-02,205.6199951171875,206.97999572753906,205.39999389648438,206.44000244140625,86900900
1428327000,2015-04-06,205.3699951171875,208.4499969482422,205.2100067138672,207.8300018310547,114368200
1428413400,2015-04-07,207.86000061035156,208.75999450683594,207.24000549316406,207.27999877929688,81236300
1428499800,2015-04-08,207.5500030517578,208.50999450683594,207.0800018310547,207.97999572753906,89351900
1428586200,2015-04-09,207.77999877929688,209.17999267578125,207.19000244140625,208.89999389648438,85548900
1428672600,2015-04-10,209.1999969482422,210.08999633789062,208.9600067138672,210.0399932861328,72722900
1428931800,2015-04-13,209.8699951171875,210.6300048828125,209.02999877929688,209.08999633789062,74436600
1429018200,2015-04-14,208.85000610351562,209.7100067138672,208.10000610351562,209.49000549316406,75099900
1429104600,2015-04-15,210.0500030517578,211.0399932861328,209.9499969482422,210.42999267578125,99529300
1429191000,2015-04-16,210.02999877929688,210.97999572753906,209.7899932861328,210.3699951171875,68934900
1429277400,2015-04-17,208.94000244140625,209.22999572753906,207.00999450683594,207.9499969482422,191113200
1429536600,2015-04-20,209.05999755859375,210.25,208.9600067138672,209.85000610351562,92189500
1429623000,2015-04-21,210.6699981689453,210.86000061035156,209.24000549316406,209.60000610351562,72559800
1429709400,2015-04-22,210.00999450683594,210.85000610351562,208.89999389648438,210.6300048828125,78264600
1429795800,2015-04-23,210.14999389648438,211.94000244140625,210.00999450683594,211.16000366210938,102585900
1429882200,2015-04-24,211.66000366210938,211.97000122070312,211.11000061035156,211.64999389648438,61327400
1430141400,2015-04-27,212.3300018310547,212.47999572753906,210.5399932861328,210.77000427246094,79358100
1430227800,2015-04-28,210.74000549316406,211.5,209.3300018310547,211.44000244140625,86863500
1430314200,2015-04-29,210.3699951171875,211.2899932861328,209.60000610351562,210.57000732421875,125684900
1430400600,2015-04-30,209.8800048828125,210.35000610351562,207.6199951171875,208.4600067138672,161304900
1430487000,2015-05-01,209.39999389648438,210.77000427246094,209.27999877929688,210.72000122070312,103399700
1430746200,2015-05-04,211.22999572753906,212.02000427246094,211.10000610351562,211.32000732421875,70927200
1430832600,2015-05-05,211.02999877929688,211.4600067138672,208.72999572753906,208.89999389648438,113326200
1430919000,2015-05-06,209.55999755859375,209.92999267578125,206.75999450683594,208.0399932861328,135060200
1431005400,2015-05-07,207.9199981689453,209.3800048828125,207.52000427246094,208.8699951171875,88244900
1431091800,2015-05-08,210.8800048828125,211.86000061035156,210.77999877929688,211.6199951171875,155877300
1431351000,2015-05-11,211.57000732421875,211.88999938964844,210.52000427246094,210.61000061035156,75708100
1431437400,2015-05-12,209.61000061035156,210.6300048828125,208.6199951171875,209.97999572753906,119727600
1431523800,2015-05-13,210.47000122070312,211.22000122070312,209.74000549316406,210.02000427246094,94667900
1431610200,2015-05-14,211.24000549316406,212.32000732421875,210.91000366210938,212.2100067138672,95934000
1431696600,2015-05-15,212.44000244140625,212.61000061035156,211.86000061035156,212.44000244140625,76510100
1431955800,2015-05-18,212.24000549316406,213.39999389648438,212.16000366210938,213.10000610351562,74549700
1432042200,2015-05-19,213.24000549316406,213.57000732421875,212.69000244140625,213.02999877929688,72114600
1432128600,2015-05-20,213.14999389648438,213.77999877929688,212.5,212.8800048828125,76857500
1432215000,2015-05-21,212.7100067138672,213.75,212.50999450683594,213.5,64764600
1432301400,2015-05-22,213.0399932861328,213.5399932861328,212.91000366210938,212.99000549316406,57433500
1432647000,2015-05-26,212.39999389648438,212.91000366210938,210.1999969482422,210.6999969482422,124308600
1432733400,2015-05-27,211.25,212.97999572753906,210.75999450683594,212.6999969482422,93214000
1432819800,2015-05-28,212.3300018310547,212.58999633789062,211.6300048828125,212.4600067138672,74974600
1432906200,2015-05-29,212.3800048828125,212.42999267578125,210.82000732421875,211.13999938964844,124919600
1433165400,2015-06-01,211.94000244140625,212.33999633789062,210.6199951171875,211.57000732421875,93338800
1433251800,2015-06-02,211.02000427246094,212.19000244140625,210.27000427246094,211.36000061035156,91531000
1433338200,2015-06-03,212,212.6699981689453,211.3300018310547,211.9199981689453,87820900
1433424600,2015-06-04,211.07000732421875,211.86000061035156,209.75,210.1300048828125,151882800
1433511000,2015-06-05,209.9499969482422,210.5800018310547,208.97999572753906,209.77000427246094,121704700
1433770200,2015-06-08,209.63999938964844,209.82000732421875,208.38999938964844,208.47999572753906,89063300
1433856600,2015-06-09,208.4499969482422,209.10000610351562,207.69000244140625,208.4499969482422,105034700
1433943000,2015-06-10,209.3699951171875,211.41000366210938,209.3000030517578,210.9499969482422,134551300
1434029400,2015-06-11,211.47999572753906,212.08999633789062,211.1999969482422,211.6300048828125,73876400
1434115800,2015-06-12,210.63999938964844,211.47999572753906,209.67999267578125,210.00999450683594,135382400
1434375000,2015-06-15,208.63999938964844,209.4499969482422,207.7899932861328,209.11000061035156,124384200
1434461400,2015-06-16,208.92999267578125,210.35000610351562,208.72000122070312,210.25,85308200
1434547800,2015-06-17,210.58999633789062,211.32000732421875,209.36000061035156,210.58999633789062,126708600
1434634200,2015-06-18,211.30999755859375,213.33999633789062,210.6300048828125,212.77999877929688,165867900
1434720600,2015-06-19,211.4600067138672,211.5500030517578,210.36000061035156,210.80999755859375,130478700
1434979800,2015-06-22,211.91000366210938,212.58999633789062,211.63999938964844,211.88999938964844,70696000
1435066200,2015-06-23,212.13999938964844,212.44000244140625,211.57000732421875,212.0399932861328,68476800
1435152600,2015-06-24,211.72000122070312,212.1699981689453,210.47000122070312,210.5,92307300
1435239000,2015-06-25,211.10000610351562,211.25,209.77000427246094,209.86000061035156,97107400
1435325400,2015-06-26,210.2899932861328,210.5800018310547,209.16000366210938,209.82000732421875,104174800
1435584600,2015-06-29,208.0500030517578,209.8300018310547,205.3300018310547,205.4199981689453,202621300
1435671000,2015-06-30,207.25999450683594,207.32000732421875,205.27999877929688,205.85000610351562,182925100
1435757400,2015-07-01,207.72999572753906,208.02999877929688,206.55999755859375,207.5,135979900
1435843800,2015-07-02,208.07000732421875,208.27000427246094,206.80999755859375,207.30999755859375,104373700
1436189400,2015-07-06,205.77000427246094,207.64999389648438,205.52999877929688,206.72000122070312,117975400
1436275800,2015-07-07,206.9600067138672,208.1699981689453,204.11000061035156,208.02000427246094,173820200
1436362200,2015-07-08,206.4199981689453,206.75999450683594,204.25,204.52999877929688,164020100
1436448600,2015-07-09,207.0399932861328,207.35000610351562,204.77000427246094,204.89999389648438,144113100
1436535000,2015-07-10,207.2899932861328,207.97999572753906,204.9499969482422,207.47999572753906,129456900
1436794200,2015-07-13,208.99000549316406,209.89999389648438,208.94000244140625,209.77000427246094,106069400
1436880600,2015-07-14,209.72000122070312,211.0500030517578,209.64999389648438,210.67999267578125,81709600
1436967000,2015-07-15,210.72999572753906,211.27999877929688,210.0399932861328,210.61000061035156,97914100
1437053400,2015-07-16,211.8699951171875,212.3000030517578,211.5800018310547,212.3000030517578,106683300
1437139800,2015-07-17,212.2899932861328,212.5500030517578,211.8000030517578,212.47999572753906,89030000
1437399000,2015-07-20,212.75,213.17999267578125,212.2100067138672,212.58999633789062,70446800
1437485400,2015-07-21,212.42999267578125,212.74000549316406,211.38999938964844,211.75,77965000
1437571800,2015-07-22,210.92999267578125,211.77000427246094,210.88999938964844,211.3699951171875,88667900
1437658200,2015-07-23,211.52999877929688,211.64999389648438,209.75,210.17999267578125,90509100
1437744600,2015-07-24,210.3000030517578,210.3699951171875,207.60000610351562,208,117755000
1438003800,2015-07-27,206.94000244140625,207.5500030517578,206.25999450683594,206.7899932861328,132361100
1438090200,2015-07-28,207.7899932861328,209.5,206.8000030517578,209.3300018310547,123544800
1438176600,2015-07-29,209.47999572753906,211.0399932861328,209.30999755859375,210.77000427246094,105791300
1438263000,2015-07-30,210.16000366210938,211.02000427246094,209.4199981689453,210.82000732421875,91304400
1438349400,2015-07-31,211.4199981689453,211.4499969482422,210.16000366210938,210.5,103266900
1438608600,2015-08-03,210.4600067138672,210.52999877929688,208.64999389648438,209.7899932861328,113965700
1438695000,2015-08-04,209.6999969482422,210.25,208.8000030517578,209.3800048828125,81820800
1438781400,2015-08-05,210.4499969482422,211.30999755859375,209.72999572753906,210.07000732421875,85786800
1438867800,2015-08-06,210.2899932861328,210.4199981689453,207.64999389648438,208.35000610351562,116030800
1438954200,2015-08-07,208.16000366210938,208.33999633789062,206.8699951171875,207.9499969482422,117858000
1439213400,2015-08-10,209.27999877929688,210.6699981689453,209.27999877929688,210.57000732421875,80270700
1439299800,2015-08-11,208.97000122070312,209.47000122070312,207.75999450683594,208.6699981689453,126081400
1439386200,2015-08-12,207.11000061035156,209.13999938964844,205.36000061035156,208.9199981689453,172123700
1439472600,2015-08-13,208.72999572753906,209.5500030517578,208.00999450683594,208.66000366210938,89383300
1439559000,2015-08-14,208.42999267578125,209.50999450683594,208.25999450683594,209.4199981689453,72786500
1439818200,2015-08-17,208.7100067138672,210.58999633789062,208.16000366210938,210.58999633789062,79072600
1439904600,2015-08-18,210.25999450683594,210.67999267578125,209.6999969482422,209.97999572753906,71692700
1439991000,2015-08-19,209.08999633789062,210.00999450683594,207.35000610351562,208.32000732421875,172946000
1440077400,2015-08-20,206.50999450683594,208.2899932861328,203.89999389648438,203.97000122070312,194327900
1440163800,2015-08-21,201.72999572753906,203.94000244140625,197.52000427246094,197.8300018310547,346588500
1440423000,2015-08-24,187.49000549316406,197.47999572753906,182.39999389648438,189.5,507244300
1440509400,2015-08-25,195.42999267578125,195.4499969482422,186.9199981689453,187.27000427246094,369833100
1440595800,2015-08-26,192.0800018310547,194.7899932861328,188.3699951171875,194.4600067138672,339257000
1440682200,2015-08-27,197.02000427246094,199.4199981689453,195.2100067138672,199.27000427246094,274143900
1440768600,2015-08-28,198.5,199.83999633789062,197.9199981689453,199.27999877929688,160414400
1441027800,2015-08-31,198.11000061035156,199.1300048828125,197.00999450683594,197.6699981689453,163298800
1441114200,2015-09-01,193.1199951171875,194.77000427246094,190.72999572753906,191.77000427246094,256000400
1441200600,2015-09-02,194.6199951171875,195.4600067138672,192.4199981689453,195.41000366210938,160269300
1441287000,2015-09-03,196.25999450683594,198.0500030517578,194.9600067138672,195.5500030517578,152087800
1441373400,2015-09-04,192.85000610351562,193.86000061035156,191.61000061035156,192.58999633789062,207081000
1441719000,2015-09-08,195.94000244140625,197.61000061035156,195.1699981689453,197.42999267578125,116025700
1441805400,2015-09-09,199.32000732421875,199.47000122070312,194.35000610351562,194.7899932861328,149347700
1441891800,2015-09-10,194.55999755859375,197.22000122070312,194.25,195.85000610351562,158611100
1441978200,2015-09-11,195.3800048828125,196.82000732421875,194.52999877929688,196.74000549316406,119691200
1442237400,2015-09-14,196.9499969482422,197.00999450683594,195.42999267578125,196.00999450683594,79452000
1442323800,2015-09-15,196.61000061035156,198.99000549316406,195.9600067138672,198.4600067138672,113806200
1442410200,2015-09-16,198.82000732421875,200.41000366210938,198.41000366210938,200.17999267578125,99581600
1442496600,2015-09-17,200.02000427246094,202.88999938964844,199.27999877929688,199.72999572753906,276046600
1442583000,2015-09-18,195.7100067138672,198.67999267578125,194.9600067138672,195.4499969482422,223657500
1442842200,2015-09-21,196.44000244140625,197.67999267578125,195.2100067138672,196.4600067138672,105726200
1442928600,2015-09-22,193.8800048828125,194.4600067138672,192.55999755859375,193.91000366210938,153890900
1443015000,2015-09-23,194.11000061035156,194.6699981689453,192.91000366210938,193.60000610351562,92790600
1443101400,2015-09-24,192.14999389648438,193.4499969482422,190.55999755859375,192.89999389648438,159378800
1443187800,2015-09-25,194.63999938964844,195,191.80999755859375,192.85000610351562,155054800
1443447000,2015-09-28,191.77999877929688,191.91000366210938,187.63999938964844,188.00999450683594,178515900
1443533400,2015-09-29,188.27000427246094,189.74000549316406,186.92999267578125,188.1199951171875,159045600
1443619800,2015-09-30,190.3699951171875,191.8300018310547,189.44000244140625,191.6300048828125,163452000
1443706200,2015-10-01,192.0800018310547,192.49000549316406,189.82000732421875,192.1300048828125,131079000
1443792600,2015-10-02,189.77000427246094,195.02999877929688,189.1199951171875,195,211003300
1444051800,2015-10-05,196.4600067138672,198.74000549316406,196.3300018310547,198.47000122070312,126320800
1444138200,2015-10-06,198.30999755859375,198.97999572753906,197,197.7899932861328,110274500
1444224600,2015-10-07,198.89999389648438,199.8300018310547,197.47999572753906,199.41000366210938,124307300
1444311000,2015-10-08,198.9499969482422,201.5500030517578,198.58999633789062,201.2100067138672,153055200
1444397400,2015-10-09,201.3800048828125,201.89999389648438,200.5800018310547,201.3300018310547,107069200
1444656600,2015-10-12,201.4199981689453,201.75999450683594,200.91000366210938,201.52000427246094,56395600
1444743000,2015-10-13,200.64999389648438,202.16000366210938,200.0500030517578,200.25,88038700
1444829400,2015-10-14,200.17999267578125,200.8699951171875,198.94000244140625,199.2899932861328,99106200
1444915800,2015-10-15,200.0800018310547,202.36000061035156,199.63999938964844,202.35000610351562,134142200
1445002200,2015-10-16,202.8300018310547,203.2899932861328,201.9199981689453,203.27000427246094,114580100
1445261400,2015-10-19,202.5,203.3699951171875,202.1300048828125,203.3699951171875,76523900
1445347800,2015-10-20,202.85000610351562,203.83999633789062,202.5500030517578,203.11000061035156,78448500
1445434200,2015-10-21,203.61000061035156,203.7899932861328,201.64999389648438,201.85000610351562,102038000
1445520600,2015-10-22,202.97999572753906,205.50999450683594,201.85000610351562,205.25999450683594,174911700
1445607000,2015-10-23,207.25,207.9499969482422,206.3000030517578,207.50999450683594,144442300
1445866200,2015-10-26,207.3000030517578,207.3699951171875,206.55999755859375,207,69033000
1445952600,2015-10-27,206.1999969482422,207,205.7899932861328,206.60000610351562,77905800
1446039000,2015-10-28,207,208.97999572753906,206.2100067138672,208.9499969482422,135906700
1446125400,2015-10-29,208.35000610351562,209.27000427246094,208.2100067138672,208.8300018310547,90525500
1446211800,2015-10-30,209.05999755859375,209.44000244140625,207.74000549316406,207.92999267578125,131076900
1446474600,2015-11-02,208.32000732421875,210.6199951171875,208.1699981689453,210.38999938964844,86270800
1446561000,2015-11-03,209.97000122070312,211.66000366210938,209.6999969482422,211,95246100
1446647400,2015-11-04,211.35000610351562,211.5,209.72000122070312,210.36000061035156,96224500
1446733800,2015-11-05,210.42999267578125,210.97999572753906,209.08999633789062,210.14999389648438,78408700
1446820200,2015-11-06,209.74000549316406,210.32000732421875,208.4600067138672,210.0399932861328,110471500
1447079400,2015-11-09,209.30999755859375,209.49000549316406,206.9499969482422,208.0800018310547,131008700
1447165800,2015-11-10,207.50999450683594,208.60000610351562,207.19000244140625,208.55999755859375,75874600
1447252200,2015-11-11,208.8800048828125,208.94000244140625,207.66000366210938,207.74000549316406,67846000
1447338600,2015-11-12,206.5,207.05999755859375,204.82000732421875,204.83999633789062,121315200
1447425000,2015-11-13,204.35000610351562,204.6699981689453,202.44000244140625,202.5399932861328,153577100
1447684200,2015-11-16,202.32000732421875,205.69000244140625,202.17999267578125,205.6199951171875,117645200
1447770600,2015-11-17,205.99000549316406,207.0399932861328,204.8800048828125,205.47000122070312,121123700
1447857000,2015-11-18,206.0399932861328,208.89999389648438,205.99000549316406,208.72999572753906,121342500
1447943400,2015-11-19,208.58999633789062,209.0500030517578,208.1999969482422,208.5500030517578,88220500
1448029800,2015-11-20,209.4499969482422,210.1199951171875,208.86000061035156,209.30999755859375,94011500
1448289000,2015-11-23,209.3800048828125,209.97999572753906,208.52000427246094,209.07000732421875,64931200
1448375400,2015-11-24,207.8699951171875,209.8300018310547,207.41000366210938,209.35000610351562,98874400
1448461800,2015-11-25,209.5,209.74000549316406,209.00999450683594,209.32000732421875,51980100
1448634600,2015-11-27,209.42999267578125,209.8000030517578,208.86000061035156,209.55999755859375,37317800
1448893800,2015-11-30,209.75,209.88999938964844,208.55999755859375,208.69000244140625,112822700
1448980200,2015-12-01,209.44000244140625,210.82000732421875,209.11000061035156,210.67999267578125,97858400
1449066600,2015-12-02,210.6199951171875,211,208.22999572753906,208.52999877929688,108441300
1449153000,2015-12-03,208.8300018310547,209.14999389648438,204.75,205.61000061035156,166224200
1449239400,2015-12-04,205.61000061035156,209.97000122070312,205.61000061035156,209.6199951171875,192913900
1449498600,2015-12-07,209.22999572753906,209.72999572753906,207.1999969482422,208.35000610351562,102027100
1449585000,2015-12-08,206.49000549316406,208.2899932861328,205.77999877929688,206.9499969482422,103372400
1449671400,2015-12-09,206.19000244140625,208.67999267578125,204.17999267578125,205.33999633789062,162401500
1449757800,2015-12-10,205.4199981689453,207.42999267578125,205.13999938964844,205.8699951171875,116128900
1449844200,2015-12-11,203.35000610351562,204.13999938964844,201.50999450683594,201.8800048828125,211173300
1450103400,2015-12-14,202.07000732421875,203.0500030517578,199.9499969482422,202.89999389648438,182385200
1450189800,2015-12-15,204.6999969482422,206.11000061035156,202.8699951171875,205.02999877929688,154069600
1450276200,2015-12-16,206.3699951171875,208.38999938964844,204.8000030517578,208.02999877929688,197017000
1450362600,2015-12-17,208.39999389648438,208.47999572753906,204.83999633789062,204.86000061035156,173092500
1450449000,2015-12-18,202.77000427246094,202.92999267578125,199.8300018310547,200.02000427246094,251393500
1450708200,2015-12-21,201.41000366210938,201.8800048828125,200.08999633789062,201.6699981689453,99094300
1450794600,2015-12-22,202.72000122070312,203.85000610351562,201.5500030517578,203.5,111026200
1450881000,2015-12-23,204.69000244140625,206.07000732421875,204.5800018310547,206.02000427246094,110987200
1450967400,2015-12-24,205.72000122070312,206.3300018310547,205.4199981689453,205.67999267578125,48539600
1451313000,2015-12-28,204.86000061035156,205.25999450683594,203.94000244140625,205.2100067138672,65899900
1451399400,2015-12-29,206.50999450683594,207.7899932861328,206.47000122070312,207.39999389648438,92640700
1451485800,2015-12-30,207.11000061035156,207.2100067138672,205.75999450683594,205.92999267578125,63317700
1451572200,2015-12-31,205.1300048828125,205.88999938964844,203.8699951171875,203.8699951171875,114877900
1451917800,2016-01-04,200.49000549316406,201.02999877929688,198.58999633789062,201.02000427246094,222353500
1452004200,2016-01-05,201.39999389648438,201.89999389648438,200.0500030517578,201.36000061035156,110845800
1452090600,2016-01-06,198.33999633789062,200.05999755859375,197.60000610351562,198.82000732421875,152112600
1452177000,2016-01-07,195.3300018310547,197.44000244140625,193.58999633789062,194.0500030517578,213436100
1452263400,2016-01-08,195.19000244140625,195.85000610351562,191.5800018310547,191.9199981689453,209817200
1452522600,2016-01-11,193.00999450683594,193.41000366210938,189.82000732421875,192.11000061035156,187941300
1452609000,2016-01-12,193.82000732421875,194.5500030517578,191.13999938964844,193.66000366210938,172330500
1452695400,2016-01-13,194.4499969482422,194.86000061035156,188.3800048828125,188.8300018310547,221168900
1452781800,2016-01-14,189.5500030517578,193.25999450683594,187.66000366210938,191.92999267578125,240795600
1452868200,2016-01-15,186.77000427246094,188.75999450683594,185.52000427246094,187.80999755859375,324846400
1453213800,2016-01-19,189.9600067138672,190.11000061035156,186.1999969482422,188.05999755859375,195244400
1453300200,2016-01-20,185.02999877929688,187.5,181.02000427246094,185.64999389648438,286547800
1453386600,2016-01-21,186.2100067138672,188.8699951171875,184.63999938964844,186.69000244140625,195772900
1453473000,2016-01-22,189.77999877929688,190.75999450683594,188.8800048828125,190.52000427246094,168319600
1453732200,2016-01-25,189.9199981689453,190.14999389648438,187.41000366210938,187.63999938964844,130371700
1453818600,2016-01-26,188.4199981689453,190.52999877929688,188.02000427246094,190.1999969482422,141036800
1453905000,2016-01-27,189.5800018310547,191.55999755859375,187.05999755859375,188.1300048828125,185681700
1453991400,2016-01-28,189.9600067138672,190.1999969482422,187.16000366210938,189.11000061035156,143798800
1454077800,2016-01-29,190.02000427246094,193.8800048828125,189.8800048828125,193.72000122070312,210529300
1454337000,2016-02-01,192.52999877929688,194.5800018310547,191.83999633789062,193.64999389648438,136061600
1454423400,2016-02-02,191.9600067138672,191.97000122070312,189.5399932861328,190.16000366210938,182564900
1454509800,2016-02-03,191.41000366210938,191.77999877929688,187.10000610351562,191.3000030517578,205054900
1454596200,2016-02-04,190.7100067138672,192.75,189.9600067138672,191.60000610351562,139531800
1454682600,2016-02-05,190.99000549316406,191.6699981689453,187.1999969482422,187.9499969482422,180788300
1454941800,2016-02-08,185.77000427246094,186.1199951171875,182.8000030517578,185.4199981689453,191526700
1455028200,2016-02-09,183.36000061035156,186.94000244140625,183.1999969482422,185.42999267578125,184513100
1455114600,2016-02-10,186.41000366210938,188.33999633789062,185.1199951171875,185.27000427246094,148214100
1455201000,2016-02-11,182.33999633789062,184.10000610351562,181.08999633789062,182.86000061035156,219058900
1455287400,2016-02-12,184.9600067138672,186.64999389648438,183.9600067138672,186.6300048828125,127632400
1455633000,2016-02-16,188.77000427246094,189.80999755859375,187.6300048828125,189.77999877929688,120250700
1455719400,2016-02-17,191.16000366210938,193.32000732421875,191.00999450683594,192.8800048828125,136009500
1455805800,2016-02-18,193.1999969482422,193.27000427246094,191.72000122070312,192.08999633789062,102343000
1455892200,2016-02-19,191.1699981689453,192.17999267578125,190.4499969482422,192,114793000
1456151400,2016-02-22,193.8699951171875,194.9499969482422,193.7899932861328,194.77999877929688,103640300
1456237800,2016-02-23,194,194.32000732421875,192.17999267578125,192.32000732421875,111455300
1456324200,2016-02-24,190.6300048828125,193.52999877929688,189.32000732421875,193.1999969482422,150812200
1456410600,2016-02-25,193.72999572753906,195.5500030517578,192.8300018310547,195.5399932861328,110728300
1456497000,2016-02-26,196.57000732421875,196.67999267578125,194.89999389648438,195.08999633789062,129833700
1456756200,2016-02-29,195.11000061035156,196.22999572753906,193.3300018310547,193.55999755859375,125918100
1456842600,2016-03-01,195.00999450683594,198.2100067138672,194.4499969482422,198.11000061035156,141799700
1456929000,2016-03-02,197.74000549316406,199.05999755859375,197.25,199,102415000
1457015400,2016-03-03,198.7899932861328,199.8000030517578,198.11000061035156,199.77999877929688,95172200
1457101800,2016-03-04,200.00999450683594,201.35000610351562,199.02999877929688,200.42999267578125,129293600
1457361000,2016-03-07,199.33999633789062,201.07000732421875,199.25,200.58999633789062,100219000
1457447400,2016-03-08,199.32000732421875,199.9199981689453,198.2100067138672,198.39999389648438,123974900
1457533800,2016-03-09,199.36000061035156,199.7899932861328,198.42999267578125,199.3800048828125,94801200
1457620200,2016-03-10,199.9600067138672,201.07000732421875,197.3800048828125,199.5399932861328,156838700
1457706600,2016-03-11,201.25999450683594,202.80999755859375,199.52000427246094,202.75999450683594,137964500
1457962200,2016-03-14,202.16000366210938,203.0399932861328,201.77000427246094,202.5,73612000
1458048600,2016-03-15,201.36000061035156,202.52999877929688,201.0500030517578,202.1699981689453,93169100
1458135000,2016-03-16,201.60000610351562,203.82000732421875,201.5500030517578,203.33999633789062,129303200
1458221400,2016-03-17,203.24000549316406,205.22999572753906,202.77000427246094,204.6300048828125,134278500
1458307800,2016-03-18,204.1699981689453,204.77999877929688,203.8000030517578,204.3800048828125,138372400
1458567000,2016-03-21,204.07000732421875,204.94000244140625,203.8000030517578,204.6699981689453,72926700
1458653400,2016-03-22,203.75999450683594,205.22999572753906,203.57000732421875,204.55999755859375,97471900
1458739800,2016-03-23,204.11000061035156,204.3300018310547,203.00999450683594,203.2100067138672,81052500
1458826200,2016-03-24,202,203.16000366210938,201.74000549316406,203.1199951171875,84360900
1459171800,2016-03-28,203.61000061035156,203.86000061035156,202.7100067138672,203.24000549316406,62408200
1459258200,2016-03-29,202.75999450683594,205.25,202.39999389648438,205.1199951171875,92922900
1459344600,2016-03-30,206.3000030517578,206.8699951171875,205.58999633789062,206.02000427246094,86365300
1459431000,2016-03-31,205.91000366210938,206.41000366210938,205.3300018310547,205.52000427246094,94584100
1459517400,2016-04-01,204.35000610351562,207.13999938964844,203.97999572753906,206.9199981689453,114423500
1459776600,2016-04-04,206.8300018310547,207.07000732421875,205.88999938964844,206.25,63497000
1459863000,2016-04-05,204.6699981689453,206.25999450683594,203.88999938964844,204.19000244140625,99662200
1459949400,2016-04-06,204.19000244140625,206.49000549316406,203.97999572753906,206.4199981689453,91839800
1460035800,2016-04-07,205.13999938964844,205.55999755859375,203.08999633789062,203.9499969482422,113859000
1460122200,2016-04-08,205.33999633789062,205.85000610351562,203.8699951171875,204.5,95040600
1460381400,2016-04-11,205.25,206.07000732421875,203.91000366210938,204.02000427246094,83757500
1460467800,2016-04-12,204.22000122070312,206.25,203.6999969482422,205.9199981689453,115350600
1460554200,2016-04-13,207,208.10000610351562,206.83999633789062,208,96336400
1460640600,2016-04-14,208.07000732421875,208.60000610351562,207.60000610351562,208.00999450683594,65212900
1460727000,2016-04-15,208.00999450683594,208.1699981689453,207.39999389648438,207.77999877929688,75761600
1460986200,2016-04-18,207.77999877929688,209.27999877929688,207,209.24000549316406,82531000
1461072600,2016-04-19,209.74000549316406,210.1999969482422,208.94000244140625,209.89999389648438,88316100
1461159000,2016-04-20,209.9499969482422,210.9199981689453,209.38999938964844,210.10000610351562,81100300
1461245400,2016-04-21,210.1199951171875,210.25,208.64999389648438,208.97000122070312,85695000
1461331800,2016-04-22,208.5500030517578,209.2899932861328,207.91000366210938,208.97000122070312,99251700
1461591000,2016-04-25,208.25999450683594,208.66000366210938,207.5399932861328,208.61000061035156,66166500
1461677400,2016-04-26,209.0399932861328,209.52000427246094,208.36000061035156,208.9199981689453,75864200
1461763800,2016-04-27,208.47000122070312,209.80999755859375,208.0500030517578,209.35000610351562,77329400
1461850200,2016-04-28,208.4600067138672,209.75999450683594,206.9600067138672,207.4499969482422,97216200
1461936600,2016-04-29,206.72000122070312,207.1300048828125,205.02999877929688,206.3300018310547,142424100
1462195800,2016-05-02,206.9199981689453,208.17999267578125,206.41000366210938,207.97000122070312,62188000
1462282200,2016-05-03,206.52000427246094,206.8000030517578,205.27999877929688,206.16000366210938,106422100
1462368600,2016-05-04,204.99000549316406,205.85000610351562,204.4199981689453,205.00999450683594,92243800
1462455000,2016-05-05,205.55999755859375,205.97999572753906,204.47000122070312,204.97000122070312,67619200
1462541400,2016-05-06,204.05999755859375,205.77000427246094,203.8800048828125,205.72000122070312,89315000
1462800600,2016-05-09,205.57000732421875,206.39999389648438,205.36000061035156,205.88999938964844,74374900
1462887000,2016-05-10,206.72000122070312,208.47000122070312,206.63999938964844,208.4499969482422,77472200
1462973400,2016-05-11,207.91000366210938,208.5399932861328,206.5,206.5,81727000
1463059800,2016-05-12,207.2899932861328,207.49000549316406,205.3699951171875,206.55999755859375,89586300
1463146200,2016-05-13,206.2100067138672,206.86000061035156,204.3800048828125,204.75999450683594,96474600
1463405400,2016-05-16,204.9600067138672,207.33999633789062,204.88999938964844,206.77999877929688,77486800
1463491800,2016-05-17,206.4600067138672,206.8000030517578,204.22999572753906,204.85000610351562,114924900
1463578200,2016-05-18,204.44000244140625,206.3000030517578,203.6300048828125,204.91000366210938,120062100
1463664600,2016-05-19,204.05999755859375,204.5399932861328,202.77999877929688,204.1999969482422,115430500
1463751000,2016-05-20,204.9199981689453,206.10000610351562,204.86000061035156,205.49000549316406,104990400
1464010200,2016-05-23,205.50999450683594,205.83999633789062,204.99000549316406,205.2100067138672,58682600
1464096600,2016-05-24,206.1699981689453,208.24000549316406,206.13999938964844,207.8699951171875,93537800
1464183000,2016-05-25,208.6699981689453,209.77000427246094,207.8699951171875,209.27999877929688,76621400
1464269400,2016-05-26,209.44000244140625,209.7100067138672,208.97000122070312,209.33999633789062,55280700
1464355800,2016-05-27,209.52999877929688,210.25,209.47000122070312,210.24000549316406,64211200
1464701400,2016-05-31,210.55999755859375,210.69000244140625,209.17999267578125,209.83999633789062,109879400
1464787800,2016-06-01,209.1199951171875,210.47999572753906,208.88999938964844,210.27000427246094,69936200
1464874200,2016-06-02,209.8000030517578,210.92999267578125,209.24000549316406,210.91000366210938,63044700
1464960600,2016-06-03,210.25,210.69000244140625,208.86000061035156,210.27999877929688,101757100
1465219800,2016-06-06,210.6999969482422,211.77000427246094,210.50999450683594,211.35000610351562,64887000
1465306200,2016-06-07,211.52999877929688,212.33999633789062,211.5,211.67999267578125,60974800
1465392600,2016-06-08,211.83999633789062,212.52000427246094,211.69000244140625,212.3699951171875,66170900
1465479000,2016-06-09,211.50999450683594,212.22000122070312,211.19000244140625,212.0800018310547,73786900
1465565400,2016-06-10,210.4600067138672,210.86000061035156,209.42999267578125,210.07000732421875,113829200
1465824600,2016-06-13,209.36000061035156,210.3699951171875,208.35000610351562,208.4499969482422,117751200
1465911000,2016-06-14,208,208.74000549316406,206.9199981689453,208.0399932861328,125059300
1465997400,2016-06-15,208.0399932861328,209.36000061035156,207.52999877929688,207.75,109124500
1466083800,2016-06-16,207.75,208.57000732421875,205.58999633789062,208.3699951171875,149533100
1466170200,2016-06-17,207.1699981689453,207.1999969482422,205.75,206.52000427246094,117055700
1466429400,2016-06-20,208.82000732421875,209.61000061035156,207.75,207.85000610351562,82789600
1466515800,2016-06-21,208.3000030517578,208.9199981689453,207.77999877929688,208.44000244140625,72461700
1466602200,2016-06-22,208.64999389648438,209.5,207.92999267578125,208.10000610351562,95560500
1466688600,2016-06-23,209.80999755859375,210.8699951171875,209.27000427246094,210.80999755859375,102731400
1466775000,2016-06-24,203.6300048828125,210.85000610351562,202.72000122070312,203.24000549316406,333444400
1467034200,2016-06-27,201.58999633789062,201.60000610351562,198.64999389648438,199.60000610351562,230775800
1467120600,2016-06-28,201.47999572753906,203.22999572753906,201.1199951171875,203.1999969482422,159382400
1467207000,2016-06-29,204.83999633789062,206.92999267578125,204.72000122070312,206.66000366210938,137328600
1467293400,2016-06-30,207.2100067138672,209.5399932861328,206.55999755859375,209.47999572753906,165021900
1467379800,2016-07-01,209.47999572753906,210.49000549316406,209.2899932861328,209.9199981689453,106055300
1467725400,2016-07-05,208.9499969482422,209.0800018310547,207.7100067138672,208.41000366210938,109803700
1467811800,2016-07-06,207.8300018310547,209.8000030517578,207.05999755859375,209.66000366210938,96021500
1467898200,2016-07-07,209.8699951171875,210.64999389648438,208.6300048828125,209.52999877929688,85593800
1467984600,2016-07-08,211.0500030517578,212.94000244140625,210.77999877929688,212.64999389648438,133971000
1468243800,2016-07-11,213.19000244140625,214.07000732421875,212.9499969482422,213.39999389648438,73633900
1468330200,2016-07-12,214.52999877929688,215.3000030517578,213.42999267578125,214.9499969482422,101275600
1468416600,2016-07-13,215.44000244140625,215.4499969482422,214.35000610351562,214.9199981689453,87324100
1468503000,2016-07-14,216.39999389648438,216.6699981689453,215.66000366210938,216.1199951171875,91230900
1468589400,2016-07-15,216.77999877929688,217.00999450683594,215.30999755859375,215.8300018310547,107155400
1468848600,2016-07-18,215.97000122070312,216.60000610351562,215.6699981689453,216.41000366210938,58725900
1468935000,2016-07-19,215.9199981689453,216.22999572753906,215.6300048828125,216.19000244140625,54345700
1469021400,2016-07-20,216.19000244140625,217.3699951171875,216.19000244140625,217.08999633789062,58159500
1469107800,2016-07-21,216.9600067138672,217.22000122070312,215.75,216.27000427246094,67777300
1469194200,2016-07-22,216.41000366210938,217.3000030517578,216.10000610351562,217.24000549316406,62787500
1469453400,2016-07-25,217,217.05999755859375,215.97000122070312,216.64999389648438,55873100
1469539800,2016-07-26,216.52999877929688,217.1699981689453,215.75999450683594,216.75,70080500
1469626200,2016-07-27,217.19000244140625,217.27000427246094,215.6199951171875,216.52000427246094,84083900
1469712600,2016-07-28,216.2899932861328,217.11000061035156,215.75,216.77000427246094,65035700
1469799000,2016-07-29,216.4600067138672,217.5399932861328,216.1300048828125,217.1199951171875,79519400
1470058200,2016-08-01,217.19000244140625,217.64999389648438,216.41000366210938,216.94000244140625,73311400
1470144600,2016-08-02,216.64999389648438,216.8300018310547,214.57000732421875,215.5500030517578,92295500
1470231000,2016-08-03,215.47999572753906,216.25,215.1300048828125,216.17999267578125,53993600
1470317400,2016-08-04,216.30999755859375,216.77999877929688,214.25,216.41000366210938,46585500
1470403800,2016-08-05,216.41000366210938,218.22999572753906,216.41000366210938,218.17999267578125,71892200
1470663000,2016-08-08,218.39999389648438,218.52000427246094,217.74000549316406,218.0500030517578,39906500
1470749400,2016-08-09,218.1300048828125,218.75999450683594,217.8000030517578,218.17999267578125,51251700
1470835800,2016-08-10,218.30999755859375,218.39999389648438,217.22999572753906,217.63999938964844,57941100
1470922200,2016-08-11,218.25999450683594,218.94000244140625,217.9499969482422,218.64999389648438,72504300
1471008600,2016-08-12,218.2899932861328,218.7100067138672,217.99000549316406,218.4600067138672,61313500
1471267800,2016-08-15,218.88999938964844,219.5,218.8800048828125,219.08999633789062,49813500
1471354200,2016-08-16,218.60000610351562,218.67999267578125,217.9600067138672,217.9600067138672,53213600
1471440600,2016-08-17,218,218.52999877929688,217.02000427246094,218.3699951171875,75134300
1471527000,2016-08-18,218.33999633789062,218.89999389648438,218.2100067138672,218.86000061035156,52989300
1471613400,2016-08-19,218.30999755859375,218.75,217.74000549316406,218.5399932861328,75443000
1471872600,2016-08-22,218.25999450683594,218.8000030517578,217.8300018310547,218.52999877929688,61368800
1471959000,2016-08-23,219.25,219.60000610351562,218.89999389648438,218.97000122070312,53399200
1472045400,2016-08-24,218.8000030517578,218.91000366210938,217.36000061035156,217.85000610351562,71728900
1472131800,2016-08-25,217.39999389648438,218.19000244140625,217.22000122070312,217.6999969482422,69224800
1472218200,2016-08-26,217.9199981689453,219.1199951171875,216.25,217.2899932861328,122506300
1472477400,2016-08-29,217.44000244140625,218.6699981689453,217.39999389648438,218.36000061035156,70502200
1472563800,2016-08-30,218.25999450683594,218.58999633789062,217.35000610351562,218,58114500
1472650200,2016-08-31,217.61000061035156,217.75,216.47000122070312,217.3800048828125,85269500
1472736600,2016-09-01,217.3699951171875,217.72999572753906,216.02999877929688,217.38999938964844,97844200
1472823000,2016-09-02,218.38999938964844,218.8699951171875,217.6999969482422,218.3699951171875,79293900
1473168600,2016-09-06,218.6999969482422,219.1199951171875,217.86000061035156,219.02999877929688,56702100
1473255000,2016-09-07,218.83999633789062,219.22000122070312,218.3000030517578,219.00999450683594,76554900
1473341400,2016-09-08,218.6199951171875,218.94000244140625,218.14999389648438,218.50999450683594,74102900
1473427800,2016-09-09,216.97000122070312,217.02999877929688,213.25,213.27999877929688,221589100
1473687000,2016-09-12,212.38999938964844,216.80999755859375,212.30999755859375,216.33999633789062,168110900
1473773400,2016-09-13,214.83999633789062,215.14999389648438,212.5,213.22999572753906,182828800
1473859800,2016-09-14,213.2899932861328,214.6999969482422,212.5,213.14999389648438,134185500
1473946200,2016-09-15,212.9600067138672,215.72999572753906,212.75,215.27999877929688,134427900
1474032600,2016-09-16,213.47999572753906,213.69000244140625,212.57000732421875,213.3699951171875,155236400
1474291800,2016-09-19,214.1300048828125,214.8800048828125,213.02999877929688,213.41000366210938,80250500
1474378200,2016-09-20,214.41000366210938,214.58999633789062,213.3800048828125,213.4199981689453,69665300
1474464600,2016-09-21,214.24000549316406,216.02999877929688,213.44000244140625,215.82000732421875,110284400
1474551000,2016-09-22,217,217.52999877929688,216.7100067138672,217.17999267578125,76678700
1474637400,2016-09-23,216.72000122070312,216.8800048828125,215.8800048828125,215.99000549316406,73630900
1474896600,2016-09-26,215.02000427246094,215.22999572753906,214.00999450683594,214.24000549316406,89827300
1474983000,2016-09-27,214.0500030517578,215.67999267578125,213.6199951171875,215.57000732421875,78494800
1475069400,2016-09-28,215.8300018310547,216.82000732421875,214.7100067138672,216.63999938964844,87411000
1475155800,2016-09-29,216.39999389648438,216.8699951171875,214.0399932861328,214.67999267578125,128070600
1475242200,2016-09-30,215.64999389648438,217.1199951171875,215.36000061035156,216.3000030517578,117202900
1475501400,2016-10-03,215.82000732421875,216.0399932861328,215.0399932861328,215.77999877929688,83512100
1475587800,2016-10-04,215.91000366210938,216.1699981689453,213.99000549316406,214.67999267578125,119948100
1475674200,2016-10-05,215.41000366210938,216.1300048828125,215.3300018310547,215.6300048828125,72816000
1475760600,2016-10-06,215.3699951171875,216.0399932861328,214.74000549316406,215.77999877929688,62927400
1475847000,2016-10-07,216.10000610351562,216.3000030517578,214.19000244140625,215.0399932861328,89788300
1476106200,2016-10-10,216.16000366210938,216.6999969482422,215.99000549316406,216.16000366210938,51855000
1476192600,2016-10-11,215.66000366210938,215.74000549316406,212.5800018310547,213.42999267578125,130367400
1476279000,2016-10-12,213.58999633789062,214.32000732421875,213.00999450683594,213.7100067138672,73866100
1476365400,2016-10-13,212.16000366210938,213.58999633789062,211.2100067138672,213.00999450683594,101357000
1476451800,2016-10-14,214.14999389648438,214.69000244140625,213.02999877929688,213.1199951171875,93346200
1476711000,2016-10-17,213.08999633789062,213.38999938964844,212.1699981689453,212.3800048828125,58275700
1476797400,2016-10-18,214.24000549316406,214.30999755859375,213.27000427246094,213.7100067138672,76869700
1476883800,2016-10-19,214.02000427246094,214.63999938964844,213.60000610351562,214.27999877929688,66519200
1476970200,2016-10-20,213.8699951171875,214.52999877929688,213.11000061035156,213.8800048828125,73639800
1477056600,2016-10-21,213.8800048828125,214.0800018310547,212.75999450683594,213.97999572753906,89089100
1477315800,2016-10-24,215,215.32000732421875,214.47999572753906,214.88999938964844,60146600
1477402200,2016-10-25,214.67999267578125,214.97999572753906,213.97999572753906,214.1699981689453,66542300
1477488600,2016-10-26,213.2100067138672,214.4199981689453,212.92999267578125,213.74000549316406,75705500
1477575000,2016-10-27,214.5800018310547,214.6199951171875,213.0800018310547,213.1699981689453,77220200
1477661400,2016-10-28,213.13999938964844,213.92999267578125,211.7100067138672,212.5399932861328,140623200
1477920600,2016-10-31,212.92999267578125,213.19000244140625,212.36000061035156,212.5500030517578,61272500
1478007000,2016-11-01,212.92999267578125,212.99000549316406,209.60000610351562,211.00999450683594,122781800
1478093400,2016-11-02,210.64999389648438,211.10000610351562,209.22999572753906,209.74000549316406,103330800
1478179800,2016-11-03,209.99000549316406,210.24000549316406,208.4600067138672,208.77999877929688,88939300
1478266200,2016-11-04,208.91000366210938,209.88999938964844,208.3800048828125,208.5500030517578,109122100
1478529000,2016-11-07,208.5500030517578,213.19000244140625,208.5500030517578,213.14999389648438,109794900
1478615400,2016-11-08,212.69000244140625,214.77000427246094,212.3800048828125,214.11000061035156,106772100
1478701800,2016-11-09,212.3699951171875,217.10000610351562,212.33999633789062,216.3800048828125,258429000
1478788200,2016-11-10,217.3000030517578,218.30999755859375,215.22000122070312,216.9199981689453,172113300
1478874600,2016-11-11,216.0800018310547,216.6999969482422,215.32000732421875,216.4199981689453,100552700
1479133800,2016-11-14,217.02999877929688,217.27000427246094,215.72000122070312,216.58999633789062,94580000
1479220200,2016-11-15,217.0399932861328,218.27999877929688,216.8000030517578,218.27999877929688,91652600
1479306600,2016-11-16,217.55999755859375,218.13999938964844,217.4199981689453,217.8699951171875,65617700
1479393000,2016-11-17,218.0500030517578,219.05999755859375,217.9199981689453,218.99000549316406,69797200
1479479400,2016-11-18,219.07000732421875,219.27000427246094,218.2899932861328,218.5,86265800
1479738600,2016-11-21,219.1699981689453,220.17999267578125,219,220.14999389648438,72402600
1479825000,2016-11-22,220.50999450683594,220.7899932861328,219.72999572753906,220.5800018310547,67429000
1479911400,2016-11-23,219.97999572753906,220.75999450683594,219.75,220.6999969482422,56620200
1480084200,2016-11-25,221.10000610351562,221.55999755859375,221.00999450683594,221.52000427246094,37872300
1480343400,2016-11-28,221.16000366210938,221.47999572753906,220.36000061035156,220.47999572753906,76572500
1480429800,2016-11-29,220.52000427246094,221.44000244140625,220.1699981689453,220.91000366210938,69886700
1480516200,2016-11-30,221.6300048828125,221.82000732421875,220.30999755859375,220.3800048828125,113291800
1480602600,2016-12-01,220.72999572753906,220.72999572753906,219.14999389648438,219.57000732421875,79040500
1480689000,2016-12-02,219.6699981689453,220.25,219.25999450683594,219.67999267578125,74840300
1480948200,2016-12-05,220.64999389648438,221.39999389648438,220.4199981689453,221,67837800
1481034600,2016-12-06,221.22000122070312,221.74000549316406,220.66000366210938,221.6999969482422,59877400
1481121000,2016-12-07,221.52000427246094,224.6699981689453,221.3800048828125,224.60000610351562,110738100
1481207400,2016-12-08,224.57000732421875,225.6999969482422,224.25999450683594,225.14999389648438,99714400
1481293800,2016-12-09,225.41000366210938,226.52999877929688,225.3699951171875,226.50999450683594,88005800
1481553000,2016-12-12,226.39999389648438,226.9600067138672,225.75999450683594,226.25,102016100
1481639400,2016-12-13,227.02000427246094,228.33999633789062,227,227.75999450683594,110477500
1481725800,2016-12-14,227.41000366210938,228.22999572753906,225.3699951171875,225.8800048828125,142501800
1481812200,2016-12-15,226.16000366210938,227.80999755859375,225.88999938964844,226.80999755859375,124972600
1481898600,2016-12-16,226.00999450683594,226.0800018310547,224.6699981689453,225.0399932861328,156420200
1482157800,2016-12-19,225.25,226.02000427246094,225.0800018310547,225.52999877929688,90341100
1482244200,2016-12-20,226.14999389648438,226.57000732421875,225.8800048828125,226.39999389648438,89838800
1482330600,2016-12-21,226.25,226.4499969482422,225.77000427246094,225.77000427246094,67909000
1482417000,2016-12-22,225.60000610351562,225.74000549316406,224.9199981689453,225.3800048828125,56219100
1482503400,2016-12-23,225.42999267578125,225.72000122070312,225.2100067138672,225.7100067138672,36697800
1482849000,2016-12-27,226.02000427246094,226.72999572753906,226,226.27000427246094,42672500
1482935400,2016-12-28,226.57000732421875,226.58999633789062,224.27000427246094,224.39999389648438,64095000
1483021800,2016-12-29,224.47999572753906,224.88999938964844,223.83999633789062,224.35000610351562,48696100
1483108200,2016-12-30,224.72999572753906,224.8300018310547,222.72999572753906,223.52999877929688,108998300
1483453800,2017-01-03,225.0399932861328,225.8300018310547,223.8800048828125,225.24000549316406,91366500
1483540200,2017-01-04,225.6199951171875,226.75,225.61000061035156,226.5800018310547,78744400
1483626600,2017-01-05,226.27000427246094,226.5800018310547,225.47999572753906,226.39999389648438,78379000
1483713000,2017-01-06,226.52999877929688,227.75,225.89999389648438,227.2100067138672,71559900
1483972200,2017-01-09,226.91000366210938,227.07000732421875,226.4199981689453,226.4600067138672,46939700
1484058600,2017-01-10,226.47999572753906,227.4499969482422,226.00999450683594,226.4600067138672,63771900
1484145000,2017-01-11,226.36000061035156,227.10000610351562,225.58999633789062,227.10000610351562,74650000
1484231400,2017-01-12,226.5,226.75,224.9600067138672,226.52999877929688,72113200
1484317800,2017-01-13,226.72999572753906,227.39999389648438,226.69000244140625,227.0500030517578,62717900
1484663400,2017-01-17,226.30999755859375,226.77999877929688,225.8000030517578,226.25,61240800
1484749800,2017-01-18,226.5399932861328,226.8000030517578,225.89999389648438,226.75,54793300
1484836200,2017-01-19,226.83999633789062,227,225.41000366210938,225.91000366210938,66608800
1484922600,2017-01-20,226.6999969482422,227.30999755859375,225.97000122070312,226.74000549316406,129168600
1485181800,2017-01-23,226.74000549316406,226.80999755859375,225.27000427246094,226.14999389648438,75061600
1485268200,2017-01-24,226.39999389648438,228.0800018310547,226.27000427246094,227.60000610351562,95555300
1485354600,2017-01-25,228.6999969482422,229.57000732421875,228.50999450683594,229.57000732421875,84437700
1485441000,2017-01-26,229.39999389648438,229.7100067138672,229.00999450683594,229.3300018310547,59970700
1485527400,2017-01-27,229.4199981689453,229.58999633789062,228.75999450683594,228.97000122070312,59711100
1485786600,2017-01-30,228.1699981689453,228.1999969482422,226.41000366210938,227.5500030517578,79737300
1485873000,2017-01-31,226.97999572753906,227.60000610351562,226.32000732421875,227.52999877929688,75880800
1485959400,2017-02-01,227.52999877929688,228.58999633789062,226.94000244140625,227.6199951171875,79117700
1486045800,2017-02-02,227.6199951171875,228.10000610351562,226.82000732421875,227.77000427246094,69657600
1486132200,2017-02-03,228.82000732421875,229.5500030517578,228.4600067138672,229.33999633789062,80563200
1486391400,2017-02-06,228.8699951171875,229.3300018310547,228.5399932861328,228.92999267578125,57790100
1486477800,2017-02-07,229.3800048828125,229.66000366210938,228.72000122070312,228.94000244140625,57931200
1486564200,2017-02-08,228.94000244140625,229.38999938964844,228.30999755859375,229.24000549316406,51566200
1486650600,2017-02-09,229.24000549316406,230.9499969482422,229.24000549316406,230.60000610351562,65955200
1486737000,2017-02-10,231,231.77000427246094,230.6199951171875,231.50999450683594,66015900
1486996200,2017-02-13,232.0800018310547,233.07000732421875,232.0500030517578,232.77000427246094,55182100
1487082600,2017-02-14,232.55999755859375,233.7100067138672,232.16000366210938,233.6999969482422,71109000
1487169000,2017-02-15,233.4499969482422,235.13999938964844,233.38999938964844,234.9199981689453,86785800
1487255400,2017-02-16,234.9499969482422,235.16000366210938,233.85000610351562,234.72000122070312,84722400
1487341800,2017-02-17,233.9499969482422,235.08999633789062,233.92999267578125,235.08999633789062,77204100
1487687400,2017-02-21,235.52000427246094,236.69000244140625,235.50999450683594,236.49000549316406,88946100
1487773800,2017-02-22,236.02000427246094,236.5399932861328,235.8300018310547,236.27999877929688,62115200
1487860200,2017-02-23,236.8800048828125,236.89999389648438,235.55999755859375,236.44000244140625,74615900
1487946600,2017-02-24,235.4600067138672,236.7899932861328,235.41000366210938,236.74000549316406,82381600
1488205800,2017-02-27,236.63999938964844,237.30999755859375,236.35000610351562,237.11000061035156,56515400
1488292200,2017-02-28,236.6699981689453,236.9499969482422,236.02000427246094,236.47000122070312,96961900
1488378600,2017-03-01,238.38999938964844,240.32000732421875,238.3699951171875,239.77999877929688,149158200
1488465000,2017-03-02,239.55999755859375,239.57000732421875,238.2100067138672,238.27000427246094,70246000
1488551400,2017-03-03,238.1699981689453,238.61000061035156,237.72999572753906,238.4199981689453,81974300
1488810600,2017-03-06,237.5,238.1199951171875,237.00999450683594,237.7100067138672,55391500
1488897000,2017-03-07,237.36000061035156,237.77000427246094,236.75999450683594,237,65103700
1488983400,2017-03-08,237.33999633789062,237.63999938964844,236.39999389648438,236.55999755859375,78168800
1489069800,2017-03-09,236.6999969482422,237.24000549316406,235.74000549316406,236.86000061035156,90683900
1489156200,2017-03-10,237.97000122070312,238.02000427246094,236.58999633789062,237.69000244140625,81991700
1489411800,2017-03-13,237.6199951171875,237.86000061035156,237.24000549316406,237.80999755859375,57256800
1489498200,2017-03-14,237.17999267578125,237.24000549316406,236.19000244140625,236.89999389648438,59880800
1489584600,2017-03-15,237.55999755859375,239.44000244140625,237.2899932861328,238.9499969482422,96081800
1489671000,2017-03-16,239.11000061035156,239.1999969482422,238.10000610351562,238.47999572753906,78344000
1489757400,2017-03-17,237.75,237.97000122070312,237.02999877929688,237.02999877929688,89002100
1490016600,2017-03-20,237.02999877929688,237.36000061035156,236.32000732421875,236.77000427246094,52537000
1490103000,2017-03-21,237.47000122070312,237.61000061035156,233.5800018310547,233.72999572753906,131809300
1490189400,2017-03-22,233.77000427246094,234.61000061035156,233.0500030517578,234.27999877929688,97569200
1490275800,2017-03-23,234.27999877929688,235.33999633789062,233.60000610351562,234.02999877929688,100410300
1490362200,2017-03-24,234.3800048828125,235.0399932861328,232.9600067138672,233.86000061035156,112504900
1490621400,2017-03-27,231.92999267578125,233.9199981689453,231.61000061035156,233.6199951171875,87454500
1490707800,2017-03-28,233.27000427246094,235.80999755859375,233.13999938964844,235.32000732421875,93483900
1490794200,2017-03-29,234.99000549316406,235.80999755859375,234.72999572753906,235.5399932861328,61950400
1490880600,2017-03-30,235.47000122070312,236.52000427246094,235.27000427246094,236.2899932861328,56737900
1490967000,2017-03-31,235.89999389648438,236.50999450683594,235.67999267578125,235.74000549316406,73733100
1491226200,2017-04-03,235.8000030517578,236.02999877929688,233.91000366210938,235.3300018310547,85546500
1491312600,2017-04-04,235,235.5800018310547,234.55999755859375,235.47999572753906,56466200
1491399000,2017-04-05,236.25999450683594,237.38999938964844,234.5399932861328,234.77999877929688,108800600
1491485400,2017-04-06,234.94000244140625,236.0399932861328,234.42999267578125,235.44000244140625,69135800
1491571800,2017-04-07,235.14999389648438,236,234.63999938964844,235.1999969482422,74412300
1491831000,2017-04-10,235.36000061035156,236.25999450683594,234.72999572753906,235.33999633789062,67615300
1491917400,2017-04-11,234.89999389648438,235.17999267578125,233.33999633789062,235.05999755859375,88045300
1492003800,2017-04-12,234.74000549316406,234.9600067138672,233.77000427246094,234.02999877929688,81864400
1492090200,2017-04-13,233.63999938964844,234.49000549316406,232.50999450683594,232.50999450683594,92880400
1492435800,2017-04-17,233.11000061035156,234.57000732421875,232.8800048828125,234.57000732421875,68405400
1492522200,2017-04-18,233.72000122070312,234.49000549316406,233.0800018310547,233.8699951171875,83225800
1492608600,2017-04-19,234.52000427246094,234.9499969482422,233.17999267578125,233.44000244140625,68699900
1492695000,2017-04-20,234.14999389648438,235.85000610351562,233.77999877929688,235.33999633789062,92572200
1492781400,2017-04-21,235.25,235.30999755859375,234.1300048828125,234.58999633789062,110389800
1493040600,2017-04-24,237.17999267578125,237.41000366210938,234.55999755859375,237.1699981689453,119209900
1493127000,2017-04-25,237.91000366210938,238.9499969482422,237.80999755859375,238.5500030517578,76698300
1493213400,2017-04-26,238.50999450683594,239.52999877929688,238.35000610351562,238.39999389648438,84702500
1493299800,2017-04-27,238.77000427246094,238.9499969482422,237.97999572753906,238.60000610351562,57410300
1493386200,2017-04-28,238.89999389648438,238.92999267578125,237.92999267578125,238.0800018310547,63532800
1493645400,2017-05-01,238.67999267578125,239.1699981689453,238.1999969482422,238.67999267578125,66882500
1493731800,2017-05-02,238.83999633789062,238.97999572753906,238.3000030517578,238.77000427246094,57375700
1493818200,2017-05-03,238.77000427246094,238.8800048828125,237.6999969482422,238.47999572753906,73137700
1493904600,2017-05-04,238.8300018310547,238.9199981689453,237.77999877929688,238.75999450683594,61462700
1493991000,2017-05-05,239.19000244140625,239.72000122070312,238.67999267578125,239.6999969482422,62001300
1494250200,2017-05-08,239.75,239.9199981689453,239.1699981689453,239.66000366210938,48385700
1494336600,2017-05-09,239.9600067138672,240.19000244140625,239.0399932861328,239.44000244140625,51363200
1494423000,2017-05-10,239.38999938964844,239.8699951171875,239.14999389648438,239.8699951171875,54293800
1494509400,2017-05-11,239.35000610351562,239.57000732421875,238.1300048828125,239.3800048828125,62358300
1494595800,2017-05-12,239.08999633789062,239.42999267578125,238.6699981689453,238.97999572753906,53912700
1494855000,2017-05-15,239.47000122070312,240.44000244140625,239.4499969482422,240.3000030517578,61918900
1494941400,2017-05-16,240.63999938964844,240.6699981689453,239.6300048828125,240.0800018310547,51241800
1495027800,2017-05-17,240.0800018310547,240.0800018310547,235.75,235.82000732421875,172174100
1495114200,2017-05-18,235.72999572753906,237.75,235.42999267578125,236.77000427246094,107047700
1495200600,2017-05-19,237.3300018310547,239.0800018310547,237.27000427246094,238.30999755859375,115011400
1495459800,2017-05-22,238.89999389648438,239.7100067138672,238.82000732421875,239.52000427246094,61010600
1495546200,2017-05-23,239.9499969482422,240.24000549316406,239.50999450683594,240.0500030517578,48341700
1495632600,2017-05-24,240.32000732421875,240.72999572753906,239.92999267578125,240.61000061035156,46927700
1495719000,2017-05-25,241.1999969482422,242.0800018310547,240.9600067138672,241.75999450683594,64071700
1495805400,2017-05-26,241.5399932861328,241.89999389648438,241.4499969482422,241.7100067138672,46629900
1496151000,2017-05-30,241.33999633789062,241.7899932861328,241.16000366210938,241.5,35201900
1496237400,2017-05-31,241.83999633789062,241.8800048828125,240.63999938964844,241.44000244140625,91796000
1496323800,2017-06-01,241.97000122070312,243.3800048828125,241.63999938964844,243.36000061035156,68962000
1496410200,2017-06-02,243.4199981689453,244.35000610351562,243.0800018310547,244.1699981689453,88666100
1496669400,2017-06-05,243.97000122070312,244.3000030517578,243.75999450683594,243.99000549316406,44698800
1496755800,2017-06-06,243.33999633789062,243.97999572753906,243.1199951171875,243.2100067138672,50375400
1496842200,2017-06-07,243.60000610351562,243.9199981689453,242.8300018310547,243.66000366210938,54144300
1496928600,2017-06-08,243.77000427246094,244.3300018310547,243.1699981689453,243.77999877929688,65950700
1497015000,2017-06-09,244.08999633789062,245.00999450683594,241.9499969482422,243.41000366210938,132256400
1497274200,2017-06-12,243.1300048828125,243.4199981689453,242.3800048828125,243.36000061035156,86108100
1497360600,2017-06-13,243.97999572753906,244.61000061035156,243.5800018310547,244.5500030517578,60067000
1497447000,2017-06-14,244.86000061035156,244.8699951171875,243.2899932861328,244.24000549316406,78602300
1497533400,2017-06-15,242.67999267578125,243.91000366210938,242.36000061035156,243.77000427246094,66464900
1497619800,2017-06-16,242.77000427246094,242.8300018310547,241.6300048828125,242.63999938964844,84553100
1497879000,2017-06-19,243.58999633789062,244.72999572753906,243.47999572753906,244.66000366210938,65123800
1497965400,2017-06-20,244.25,244.25999450683594,242.99000549316406,243.00999450683594,56906400
1498051800,2017-06-21,243.4600067138672,243.58999633789062,242.41000366210938,242.9499969482422,55977600
1498138200,2017-06-22,242.9600067138672,243.52999877929688,242.63999938964844,242.83999633789062,44148100
1498224600,2017-06-23,242.91000366210938,243.50999450683594,242.47000122070312,243.1300048828125,66986800
1498483800,2017-06-26,243.89999389648438,244.3800048828125,243.0500030517578,243.2899932861328,56700500
1498570200,2017-06-27,243.0399932861328,243.3800048828125,241.30999755859375,241.3300018310547,82247700
1498656600,2017-06-28,242.5,243.72000122070312,242.22999572753906,243.49000549316406,70042600
1498743000,2017-06-29,243.66000366210938,243.72000122070312,239.9600067138672,241.35000610351562,106949700
1498829400,2017-06-30,242.27999877929688,242.7100067138672,241.5800018310547,241.8000030517578,86820700
1499088600,2017-07-03,242.8800048828125,243.3800048828125,242.2100067138672,242.2100067138672,39153800
1499261400,2017-07-05,242.6300048828125,243.00999450683594,241.6999969482422,242.77000427246094,54427600
1499347800,2017-07-06,241.88999938964844,242.02999877929688,240.33999633789062,240.5500030517578,65400800
1499434200,2017-07-07,241.2100067138672,242.27999877929688,240.55999755859375,242.11000061035156,57972300
1499693400,2017-07-10,242.11000061035156,242.8000030517578,241.75999450683594,242.3699951171875,36663300
1499779800,2017-07-11,242.3699951171875,242.5500030517578,240.85000610351562,242.19000244140625,50354600
1499866200,2017-07-12,243.3000030517578,244.1999969482422,243.3000030517578,244.00999450683594,59610400
1499952600,2017-07-13,244.02000427246094,244.5500030517578,243.75999450683594,244.4199981689453,39471600
1500039000,2017-07-14,244.4199981689453,245.97000122070312,244.30999755859375,245.55999755859375,60262700
1500298200,2017-07-17,245.47000122070312,245.91000366210938,245.3300018310547,245.52999877929688,33531900
1500384600,2017-07-18,245.05999755859375,245.72000122070312,244.6699981689453,245.66000366210938,42742500
1500471000,2017-07-19,246.02000427246094,247,246.00999450683594,246.99000549316406,51034300
1500557400,2017-07-20,247.27999877929688,247.4199981689453,246.47000122070312,247.10000610351562,47135200
1500643800,2017-07-21,246.44000244140625,246.91000366210938,246.17999267578125,246.8800048828125,82340800
1500903000,2017-07-24,246.7899932861328,246.97999572753906,246.27999877929688,246.82000732421875,46622300
1500989400,2017-07-25,247.67999267578125,247.8000030517578,247.16000366210938,247.4199981689453,54915600
1501075800,2017-07-26,247.75,247.7899932861328,247.1300048828125,247.42999267578125,47575400
1501162200,2017-07-27,247.9600067138672,248,245.67999267578125,247.1999969482422,70766600
1501248600,2017-07-28,246.64999389648438,247.05999755859375,246.1300048828125,246.91000366210938,50088400
1501507800,2017-07-31,247.3699951171875,247.47999572753906,246.52999877929688,246.77000427246094,65838700
1501594200,2017-08-01,247.4600067138672,247.5,246.72000122070312,247.32000732421875,55050400
1501680600,2017-08-02,247.47000122070312,247.60000610351562,246.3699951171875,247.44000244140625,47211200
1501767000,2017-08-03,247.30999755859375,247.33999633789062,246.63999938964844,246.9600067138672,40856000
1501853400,2017-08-04,247.52000427246094,247.7899932861328,246.97000122070312,247.41000366210938,60191800
1502112600,2017-08-07,247.49000549316406,247.8699951171875,247.3699951171875,247.8699951171875,31995000
1502199000,2017-08-08,247.50999450683594,248.91000366210938,246.8300018310547,247.25999450683594,61719400
1502285400,2017-08-09,246.47000122070312,247.30999755859375,246.05999755859375,247.25,62632600
1502371800,2017-08-10,246.2899932861328,246.44000244140625,243.6999969482422,243.75999450683594,120479500
1502458200,2017-08-11,244.02000427246094,244.8000030517578,243.75,244.1199951171875,74869900
1502717400,2017-08-14,245.58999633789062,246.7899932861328,245.5500030517578,246.5399932861328,73291900
1502803800,2017-08-15,246.97999572753906,247,246.16000366210938,246.50999450683594,55242700
1502890200,2017-08-16,247.11000061035156,247.57000732421875,246.4499969482422,246.94000244140625,56715500
1502976600,2017-08-17,246.24000549316406,246.60000610351562,243.08999633789062,243.08999633789062,128490400
1503063000,2017-08-18,242.89999389648438,244.19000244140625,242.1999969482422,242.7100067138672,136748000
1503322200,2017-08-21,242.63999938964844,243.1999969482422,241.8300018310547,242.89999389648438,65469700
1503408600,2017-08-22,243.57000732421875,245.6199951171875,243.5500030517578,245.44000244140625,63140100
1503495000,2017-08-23,244.3300018310547,245.0500030517578,244.16000366210938,244.55999755859375,50203800
1503581400,2017-08-24,245,245.17999267578125,243.75,243.99000549316406,50741700
1503667800,2017-08-25,244.89999389648438,245.61000061035156,244.38999938964844,244.55999755859375,64445900
1503927000,2017-08-28,245.1699981689453,245.1999969482422,244.08999633789062,244.57000732421875,40565600
1504013400,2017-08-29,243.05999755859375,245.14999389648438,242.92999267578125,244.85000610351562,51135700
1504099800,2017-08-30,244.8300018310547,246.32000732421875,244.6199951171875,246.00999450683594,62030800
1504186200,2017-08-31,246.72000122070312,247.77000427246094,246.0500030517578,247.49000549316406,103803900
1504272600,2017-09-01,247.9199981689453,248.3300018310547,247.6699981689453,247.83999633789062,62007000
1504618200,2017-09-05,247.25999450683594,247.52000427246094,244.9499969482422,246.05999755859375,91398800
1504704600,2017-09-06,246.83999633789062,247.27999877929688,246.22999572753906,246.89999389648438,57916900
1504791000,2017-09-07,247.25,247.27000427246094,246.39999389648438,246.8699951171875,58034700
1504877400,2017-09-08,246.5399932861328,247.11000061035156,246.3000030517578,246.5800018310547,63832800
1505136600,2017-09-11,248.0399932861328,249.3000030517578,248.02000427246094,249.2100067138672,71364800
1505223000,2017-09-12,249.6300048828125,250.08999633789062,249.4199981689453,250.0500030517578,56896000
1505309400,2017-09-13,249.72000122070312,250.2100067138672,249.58999633789062,250.1699981689453,59228000
1505395800,2017-09-14,249.8000030517578,250.32000732421875,249.60000610351562,250.08999633789062,95446300
1505482200,2017-09-15,248.69000244140625,249.2899932861328,248.57000732421875,249.19000244140625,95432400
1505741400,2017-09-18,249.61000061035156,250.1199951171875,249.27999877929688,249.72000122070312,46235200
1505827800,2017-09-19,250,250.07000732421875,249.60000610351562,249.97000122070312,47108100
1505914200,2017-09-20,250.07000732421875,250.19000244140625,248.9199981689453,250.05999755859375,59574100
1506000600,2017-09-21,249.8800048828125,249.97999572753906,249.19000244140625,249.38999938964844,48211400
1506087000,2017-09-22,249.0500030517578,249.6300048828125,249.02000427246094,249.44000244140625,51214000
1506346200,2017-09-25,249.14999389648438,249.5500030517578,248.0800018310547,248.92999267578125,57064400
1506432600,2017-09-26,249.4199981689453,249.6999969482422,248.80999755859375,249.0800018310547,54082000
1506519000,2017-09-27,249.8800048828125,250.49000549316406,248.8699951171875,250.0500030517578,81001400
1506605400,2017-09-28,249.72999572753906,250.44000244140625,249.6300048828125,250.35000610351562,44778800
1506691800,2017-09-29,250.33999633789062,251.32000732421875,250.1300048828125,251.22999572753906,85578000
1506951000,2017-10-02,251.49000549316406,252.32000732421875,251.2899932861328,252.32000732421875,59023000
1507037400,2017-10-03,252.32000732421875,252.88999938964844,252.22999572753906,252.86000061035156,66810200
1507123800,2017-10-04,252.69000244140625,253.44000244140625,252.55999755859375,253.16000366210938,55953600
1507210200,2017-10-05,253.5399932861328,254.67999267578125,253.1999969482422,254.66000366210938,63522800
1507296600,2017-10-06,254.14999389648438,254.6999969482422,253.85000610351562,254.3699951171875,80646000
1507555800,2017-10-09,254.6300048828125,254.6999969482422,253.64999389648438,253.9499969482422,35803100
1507642200,2017-10-10,254.60000610351562,255.0500030517578,253.97999572753906,254.6199951171875,43057400
1507728600,2017-10-11,254.50999450683594,255.02000427246094,254.32000732421875,255.02000427246094,47674300
1507815000,2017-10-12,254.66000366210938,255.05999755859375,254.3699951171875,254.63999938964844,47065100
1507901400,2017-10-13,255.13999938964844,255.27000427246094,254.63999938964844,254.9499969482422,54800400
1508160600,2017-10-16,255.2100067138672,255.50999450683594,254.82000732421875,255.2899932861328,38221700
1508247000,2017-10-17,255.22999572753906,255.52000427246094,254.97999572753906,255.47000122070312,31561000
1508333400,2017-10-18,255.89999389648438,255.9499969482422,255.5,255.72000122070312,40888300
1508419800,2017-10-19,254.8300018310547,255.8300018310547,254.35000610351562,255.7899932861328,61903800
1508506200,2017-10-20,256.70001220703125,257.1400146484375,255.77000427246094,257.1099853515625,89176400
1508765400,2017-10-23,257.4800109863281,257.510009765625,256.0199890136719,256.1099853515625,63915300
1508851800,2017-10-24,256.6000061035156,256.8299865722656,256.1499938964844,256.55999755859375,66935900
1508938200,2017-10-25,256.17999267578125,256.30999755859375,254,255.2899932861328,103715300
1509024600,2017-10-26,255.99000549316406,256.29998779296875,255.47999572753906,255.6199951171875,69798000
1509111000,2017-10-27,256.4700012207031,257.8900146484375,255.6300048828125,257.7099914550781,85562500
1509370200,2017-10-30,256.4700012207031,257.6000061035156,256.4100036621094,256.75,54285700
1509456600,2017-10-31,257.17999267578125,257.44000244140625,256.80999755859375,257.1499938964844,60304800
1509543000,2017-11-01,258.0400085449219,258.42999267578125,257.07000732421875,257.489990234375,54202700
1509629400,2017-11-02,257.4100036621094,257.75,256.19000244140625,257.5899963378906,56449500
1509715800,2017-11-03,257.7699890136719,258.5,257.29998779296875,258.45001220703125,59589700
1509978600,2017-11-06,258.29998779296875,259,258.2200012207031,258.8500061035156,49652600
1510065000,2017-11-07,258.9700012207031,259.3500061035156,258.0899963378906,258.6700134277344,57502200
1510151400,2017-11-08,258.4700012207031,259.2200012207031,258.1499938964844,259.1099853515625,50469600
1510237800,2017-11-09,257.7300109863281,258.3900146484375,256.3599853515625,258.1700134277344,95085500
1510324200,2017-11-10,257.7300109863281,258.2900085449219,257.3699951171875,258.0899963378906,59984700
1510583400,2017-11-13,257.30999755859375,258.5899963378906,257.2699890136719,258.3299865722656,50228600
1510669800,2017-11-14,257.4100036621094,257.8500061035156,256.5199890136719,257.7300109863281,61315200
1510756200,2017-11-15,256.6199951171875,257.2200012207031,255.6300048828125,256.44000244140625,80811500
1510842600,2017-11-16,257.5199890136719,259.0400085449219,257.4700012207031,258.6199951171875,67777000
1510929000,2017-11-17,258.2200012207031,258.5899963378906,257.7699890136719,257.8599853515625,75756800
1511188200,2017-11-20,258.1400146484375,258.5199890136719,257.8599853515625,258.29998779296875,48075500
1511274600,2017-11-21,259.17999267578125,260.20001220703125,258.260009765625,259.989990234375,69176800
1511361000,2017-11-22,260,260.1499938964844,259.57000732421875,259.760009765625,45033400
1511533800,2017-11-24,260.32000732421875,260.4800109863281,260.1600036621094,260.3599853515625,27856500
1511793000,2017-11-27,260.4100036621094,260.75,260,260.2300109863281,52274900
1511879400,2017-11-28,260.760009765625,262.8999938964844,260.6499938964844,262.8699951171875,98971700
1511965800,2017-11-29,263.0199890136719,263.6300048828125,262.20001220703125,262.7099914550781,77512100
1512052200,2017-11-30,263.760009765625,266.04998779296875,263.6700134277344,265.010009765625,127894400
1512138600,2017-12-01,264.760009765625,265.30999755859375,260.760009765625,264.4599914550781,164390900
1512397800,2017-12-04,266.30999755859375,266.79998779296875,264.0799865722656,264.1400146484375,94040600
1512484200,2017-12-05,263.19000244140625,265.1499938964844,263.0400085449219,263.19000244140625,77994500
1512570600,2017-12-06,263.29998779296875,263.7300109863281,262.7099914550781,263.239990234375,75898600
1512657000,2017-12-07,264.07000732421875,264.42999267578125,262.94000244140625,264.07000732421875,77218600
1512743400,2017-12-08,265.1600036621094,265.5199890136719,264.0299987792969,265.510009765625,76563900
1513002600,2017-12-11,266.30999755859375,266.3800048828125,265.4800109863281,266.30999755859375,83077500
1513089000,2017-12-12,267.2099914550781,267.32000732421875,266.3500061035156,266.7799987792969,85195800
1513175400,2017-12-13,267.05999755859375,267.55999755859375,266.6499938964844,266.75,102905400
1513261800,2017-12-14,267.0899963378906,267.2200012207031,265.6000061035156,265.6600036621094,100666700
1513348200,2017-12-15,265.45001220703125,267.0400085449219,265.3900146484375,266.510009765625,144610300
1513607400,2017-12-18,268.1000061035156,268.6000061035156,267.9800109863281,268.20001220703125,83653600
1513693800,2017-12-19,268.4800109863281,268.5299987792969,267.0899963378906,267.1700134277344,82382900
1513780200,2017-12-20,268.2699890136719,268.3299865722656,266.69000244140625,267.0299987792969,76751500
1513866600,2017-12-21,267.739990234375,268.3900146484375,267.29998779296875,267.5799865722656,67032300
1513953000,2017-12-22,267.6000061035156,267.6400146484375,266.8999938964844,267.510009765625,78720900
1514298600,2017-12-26,267.04998779296875,267.44000244140625,266.8900146484375,267.19000244140625,45244400
1514385000,2017-12-27,267.3800048828125,267.7300109863281,267.010009765625,267.32000732421875,57751000
1514471400,2017-12-28,267.8900146484375,267.9200134277344,267.45001220703125,267.8699951171875,45116100
1514557800,2017-12-29,268.5299987792969,268.54998779296875,266.6400146484375,266.8599853515625,96007400
1514903400,2018-01-02,267.8399963378906,268.80999755859375,267.3999938964844,268.7699890136719,86655700
1514989800,2018-01-03,268.9599914550781,270.6400146484375,268.9599914550781,270.4700012207031,90070400
1515076200,2018-01-04,271.20001220703125,272.1600036621094,270.5400085449219,271.6099853515625,80636400
1515162600,2018-01-05,272.510009765625,273.55999755859375,271.95001220703125,273.4200134277344,83524000
1515421800,2018-01-08,273.30999755859375,274.1000061035156,272.9800109863281,273.9200134277344,57319200
1515508200,2018-01-09,274.3999938964844,275.25,274.0799865722656,274.5400085449219,57254000
1515594600,2018-01-10,273.67999267578125,274.4200134277344,272.9200134277344,274.1199951171875,69574300
1515681000,2018-01-11,274.75,276.1199951171875,274.55999755859375,276.1199951171875,62361500
1515767400,2018-01-12,276.4200134277344,278.1099853515625,276.0799865722656,277.9200134277344,90816100
1516113000,2018-01-16,279.3500061035156,280.0899963378906,276.17999267578125,276.9700012207031,106555100
1516199400,2018-01-17,278.0299987792969,280.04998779296875,276.9700012207031,279.6099853515625,113258800
1516285800,2018-01-18,279.4800109863281,279.9599914550781,278.5799865722656,279.1400146484375,100728000
1516372200,2018-01-19,279.79998779296875,280.4100036621094,279.1400146484375,280.4100036621094,140920100
1516631400,2018-01-22,280.1700134277344,282.69000244140625,280.1099853515625,282.69000244140625,91322400
1516717800,2018-01-23,282.739990234375,283.6199951171875,282.3699951171875,283.2900085449219,97084700
1516804200,2018-01-24,284.0199890136719,284.70001220703125,281.8399963378906,283.17999267578125,134816100
1516890600,2018-01-25,284.1600036621094,284.2699890136719,282.3999938964844,283.29998779296875,84587300
1516977000,2018-01-26,284.25,286.6300048828125,283.9599914550781,286.5799865722656,107743100
1517236200,2018-01-29,285.92999267578125,286.42999267578125,284.5,284.67999267578125,90118300
1517322600,2018-01-30,282.6000061035156,284.739990234375,281.2200012207031,281.760009765625,131796400
1517409000,2018-01-31,282.7300109863281,283.29998779296875,280.67999267578125,281.8999938964844,108364800
1517495400,2018-02-01,281.07000732421875,283.05999755859375,280.67999267578125,281.5799865722656,90102500
1517581800,2018-02-02,280.0799865722656,280.2300109863281,275.4100036621094,275.45001220703125,173174800
1517841000,2018-02-05,273.45001220703125,275.8500061035156,263.30999755859375,263.92999267578125,294681800
1517927400,2018-02-06,259.94000244140625,269.70001220703125,258.70001220703125,269.1300048828125,355026800
1518013800,2018-02-07,268.5,272.3599853515625,267.5799865722656,267.6700134277344,167376100
1518100200,2018-02-08,268.010009765625,268.1700134277344,257.5899963378906,257.6300048828125,246449500
1518186600,2018-02-09,260.79998779296875,263.6099853515625,252.9199981689453,261.5,283565300
1518445800,2018-02-12,263.8299865722656,267.010009765625,261.6600036621094,265.3399963378906,143736000
1518532200,2018-02-13,263.9700012207031,266.6199951171875,263.30999755859375,266,81223600
1518618600,2018-02-14,264.30999755859375,270,264.29998779296875,269.5899963378906,120735700
1518705000,2018-02-15,271.57000732421875,273.0400085449219,268.7699890136719,273.0299987792969,111200300
1518791400,2018-02-16,272.32000732421875,275.32000732421875,272.2699890136719,273.1099853515625,160420100
1519137000,2018-02-20,272.0299987792969,273.6700134277344,270.5,271.3999938964844,86369700
1519223400,2018-02-21,271.8999938964844,274.7200012207031,269.94000244140625,270.04998779296875,98883700
1519309800,2018-02-22,271.1000061035156,273.04998779296875,269.6400146484375,270.3999938964844,110511300
1519396200,2018-02-23,271.7900085449219,274.7099914550781,271.25,274.7099914550781,92766400
1519655400,2018-02-26,275.92999267578125,278.010009765625,275.260009765625,277.8999938964844,86491400
1519741800,2018-02-27,278.1099853515625,278.9200134277344,274.3599853515625,274.42999267578125,99099200
1519828200,2018-02-28,275.67999267578125,276.19000244140625,271.2900085449219,271.6499938964844,121907800
1519914600,2018-03-01,271.4100036621094,273.1700134277344,266,267.70001220703125,176855100
1520001000,2018-03-02,265.79998779296875,269.7200012207031,264.82000732421875,269.0799865722656,139083200
1520260200,2018-03-05,267.7300109863281,272.8900146484375,267.6099853515625,272.19000244140625,97307400
1520346600,2018-03-06,273.29998779296875,273.3900146484375,271.17999267578125,272.8800048828125,79213200
1520433000,2018-03-07,270.4200134277344,273.17999267578125,270.20001220703125,272.7799987792969,87063500
1520519400,2018-03-08,273.54998779296875,274.239990234375,272.4200134277344,274.1000061035156,66901200
1520605800,2018-03-09,275.70001220703125,278.8699951171875,275.3399963378906,278.8699951171875,113625300
1520861400,2018-03-12,279.20001220703125,279.9100036621094,278.0799865722656,278.5199890136719,71924800
1520947800,2018-03-13,279.8399963378906,280.4100036621094,276.0299987792969,276.7200012207031,91968900
1521034200,2018-03-14,277.80999755859375,278.0199890136719,274.6700134277344,275.29998779296875,105895100
1521120600,2018-03-15,275.8800048828125,276.6099853515625,274.42999267578125,275,83433000
1521207000,2018-03-16,274.5,275.3900146484375,274.1400146484375,274.20001220703125,100343700
1521466200,2018-03-19,273.3500061035156,274.3999938964844,268.6199951171875,270.489990234375,109208400
1521552600,2018-03-20,270.94000244140625,271.6700134277344,270.17999267578125,270.95001220703125,59757300
1521639000,2018-03-21,270.8999938964844,273.2699890136719,270.19000244140625,270.42999267578125,78709600
1521725400,2018-03-22,267.9100036621094,268.8699951171875,263.3599853515625,263.6700134277344,148785900
1521811800,2018-03-23,264.1700134277344,264.5400085449219,257.8299865722656,258.04998779296875,183534800
1522071000,2018-03-26,262.1300048828125,265.42999267578125,259.4100036621094,265.1099853515625,141956100
1522157400,2018-03-27,266.1700134277344,266.7699890136719,258.8399963378906,260.6000061035156,129941400
1522243800,2018-03-28,260.75,262.6400146484375,258.5799865722656,259.8299865722656,146452300
1522330200,2018-03-29,261.1199951171875,265.260009765625,259.8399963378906,263.1499938964844,111601600
1522675800,2018-04-02,262.54998779296875,263.1300048828125,254.6699981689453,257.4700012207031,186286300
1522762200,2018-04-03,258.8699951171875,261.30999755859375,256.8399963378906,260.7699890136719,119956900
1522848600,2018-04-04,256.75,264.3599853515625,256.6000061035156,263.55999755859375,123715300
1522935000,2018-04-05,265.54998779296875,266.6400146484375,264.32000732421875,265.6400146484375,82652600
1523021400,2018-04-06,263.4200134277344,265.1099853515625,258,259.7200012207031,179521200
1523280600,2018-04-09,261.3699951171875,264.8399963378906,259.94000244140625,261,105442900
1523367000,2018-04-10,264.2699890136719,266.0400085449219,262.9800109863281,265.1499938964844,103529000
1523453400,2018-04-11,263.4700012207031,265.6400146484375,263.3900146484375,263.760009765625,91140200
1523539800,2018-04-12,265.260009765625,267,265.05999755859375,265.92999267578125,68890500
1523626200,2018-04-13,267.4100036621094,267.5400085449219,264.010009765625,265.1499938964844,85079200
1523885400,2018-04-16,267,268.20001220703125,266.07000732421875,267.3299865722656,63405300
1523971800,2018-04-17,269.3299865722656,270.8699951171875,268.75,270.19000244140625,64682000
1524058200,2018-04-18,270.69000244140625,271.29998779296875,269.8699951171875,270.3900146484375,57303900
1524144600,2018-04-19,269.6499938964844,269.8800048828125,267.7200012207031,268.8900146484375,77655900
1524231000,2018-04-20,268.80999755859375,269.05999755859375,265.6099853515625,266.6099853515625,99953100
1524490200,2018-04-23,267.260009765625,267.8900146484375,265.3500061035156,266.57000732421875,65558000
1524576600,2018-04-24,267.7300109863281,267.9800109863281,261.2799987792969,262.9800109863281,112885500
1524663000,2018-04-25,262.9100036621094,264.1300048828125,260.8500061035156,263.6300048828125,103840900
1524749400,2018-04-26,264.7900085449219,267.25,264.2900085449219,266.30999755859375,67731900
1524835800,2018-04-27,267,267.3399963378906,265.5,266.55999755859375,57053600
1525095000,2018-04-30,267.260009765625,267.8900146484375,264.42999267578125,264.510009765625,82182300
1525181400,2018-05-01,263.8699951171875,265.1000061035156,262.1099853515625,264.9800109863281,74203400
1525267800,2018-05-02,264.760009765625,265.67999267578125,262.760009765625,263.20001220703125,86368900
1525354200,2018-05-03,262.260009765625,263.3599853515625,259.04998779296875,262.6199951171875,136311500
1525440600,2018-05-04,261.5199890136719,266.7900085449219,261.1499938964844,266.0199890136719,91222100
1525699800,2018-05-07,266.8900146484375,268.0199890136719,266.1099853515625,266.9200134277344,55304900
1525786200,2018-05-08,266.5,267.3299865722656,265.1499938964844,266.9200134277344,67499200
1525872600,2018-05-09,267.67999267578125,269.8699951171875,267.0899963378906,269.5,59666100
1525959000,2018-05-10,270.3399963378906,272.3900146484375,270.2200012207031,272.0199890136719,72063900
1526045400,2018-05-11,272.1600036621094,273.1499938964844,271.5799865722656,272.8500061035156,59871500
1526304600,2018-05-14,273.3399963378906,274.0799865722656,272.3599853515625,272.9800109863281,54790600
1526391000,2018-05-15,271.5899963378906,271.6099853515625,270.0299987792969,271.1000061035156,87036100
1526477400,2018-05-16,271.1400146484375,272.760009765625,271.1099853515625,272.239990234375,53942600
1526563800,2018-05-17,271.94000244140625,273.2300109863281,271.1300048828125,272.010009765625,56536400
1526650200,2018-05-18,271.6199951171875,272.0299987792969,270.92999267578125,271.3299865722656,64368000
1526909400,2018-05-21,273.010009765625,273.9800109863281,272.57000732421875,273.3699951171875,58025900
1526995800,2018-05-22,273.9599914550781,274.25,272.239990234375,272.6099853515625,52966400
1527082200,2018-05-23,271.1700134277344,273.3900146484375,270.989990234375,273.3599853515625,64694200
1527168600,2018-05-24,272.9100036621094,273.2200012207031,270.7799987792969,272.79998779296875,76043800
1527255000,2018-05-25,272.1499938964844,272.8599853515625,271.5799865722656,272.1499938964844,56374800
1527600600,2018-05-29,270.30999755859375,271.1700134277344,267.760009765625,269.0199890136719,115908600
1527687000,2018-05-30,270.5,273.1099853515625,270.4200134277344,272.6099853515625,69678400
1527773400,2018-05-31,272.1499938964844,272.489990234375,270.260009765625,270.94000244140625,93519900
1527859800,2018-06-01,272.4100036621094,273.94000244140625,272.3299865722656,273.6000061035156,71258400
1528119000,2018-06-04,274.5299987792969,275.19000244140625,274.260009765625,274.8999938964844,45385200
1528205400,2018-06-05,275.04998779296875,275.5299987792969,274.17999267578125,275.1000061035156,51135000
1528291800,2018-06-06,275.7900085449219,277.5199890136719,275.0899963378906,277.3999938964844,62732200
1528378200,2018-06-07,277.95001220703125,278.2799987792969,276.3399963378906,277.3699951171875,72969400
1528464600,2018-06-08,276.8500061035156,278.25,276.6600036621094,278.19000244140625,72139700
1528723800,2018-06-11,278.44000244140625,279.3699951171875,278.30999755859375,278.55999755859375,58892500
1528810200,2018-06-12,279.0299987792969,279.3299865722656,278.19000244140625,278.9200134277344,72329000
1528896600,2018-06-13,279.19000244140625,279.4800109863281,277.79998779296875,278.0299987792969,79070600
1528983000,2018-06-14,279.010009765625,279.3299865722656,278.05999755859375,278.7300109863281,77097600
1529069400,2018-06-15,276.6000061035156,277.510009765625,275.3500061035156,277.1300048828125,120041600
1529328600,2018-06-18,275.489990234375,276.70001220703125,274.95001220703125,276.55999755859375,52917600
1529415000,2018-06-19,274,275.75,273.5299987792969,275.5,97531500
1529501400,2018-06-20,276.2699890136719,276.7200012207031,275.5899963378906,275.9700012207031,53785500
1529587800,2018-06-21,275.9599914550781,275.9800109863281,273.67999267578125,274.239990234375,71061400
1529674200,2018-06-22,275.6600036621094,275.7900085449219,274.489990234375,274.739990234375,54898500
1529933400,2018-06-25,273.44000244140625,273.6199951171875,269.1000061035156,271,137854200
1530019800,2018-06-26,271.6400146484375,272.55999755859375,270.7900085449219,271.6000061035156,68547400
1530106200,2018-06-27,272.260009765625,273.8699951171875,269.17999267578125,269.3500061035156,105110700
1530192600,2018-06-28,269.2900085449219,271.75,268.489990234375,270.8900146484375,76650500
1530279000,2018-06-29,272.1199951171875,273.6600036621094,271.1499938964844,271.2799987792969,97592500
1530538200,2018-07-02,269.510009765625,272.0400085449219,269.239990234375,271.8599853515625,63554800
1530624600,2018-07-03,272.8699951171875,272.9800109863281,270.4200134277344,270.8999938964844,42187100
1530797400,2018-07-05,272.1700134277344,273.17999267578125,270.9599914550781,273.1099853515625,56925900
1530883800,2018-07-06,273.1400146484375,275.8399963378906,272.7099914550781,275.4200134277344,66493700
1531143000,2018-07-09,276.54998779296875,277.9599914550781,276.5,277.8999938964844,50550400
1531229400,2018-07-10,278.4100036621094,279.010009765625,278.0799865722656,278.8999938964844,51966800
1531315800,2018-07-11,277.1499938964844,278.0400085449219,276.5199890136719,276.8599853515625,77054700
1531402200,2018-07-12,278.2799987792969,279.42999267578125,277.6000061035156,279.3699951171875,60124700
1531488600,2018-07-13,279.1700134277344,279.92999267578125,278.6600036621094,279.5899963378906,48216000
1531747800,2018-07-16,279.6400146484375,279.79998779296875,278.8399963378906,279.3399963378906,48201000
1531834200,2018-07-17,278.4700012207031,280.9100036621094,278.4100036621094,280.4700012207031,52315500
1531920600,2018-07-18,280.55999755859375,281.17999267578125,280.05999755859375,281.05999755859375,44593500
1532007000,2018-07-19,280.30999755859375,280.739990234375,279.4599914550781,280,61412100
1532093400,2018-07-20,279.7699890136719,280.4800109863281,279.5,279.67999267578125,82337700
1532352600,2018-07-23,279.45001220703125,280.42999267578125,279.05999755859375,280.20001220703125,47047600
1532439000,2018-07-24,281.7900085449219,282.55999755859375,280.6300048828125,281.6099853515625,68026900
1532525400,2018-07-25,281.3299865722656,284.3699951171875,281.2799987792969,284.010009765625,78882900
1532611800,2018-07-26,283.20001220703125,284.1099853515625,283.0899963378906,283.3399963378906,57919500
1532698200,2018-07-27,283.7099914550781,283.82000732421875,280.3800048828125,281.4200134277344,76768700
1532957400,2018-07-30,281.510009765625,281.69000244140625,279.3599853515625,279.95001220703125,63742500
1533043800,2018-07-31,280.80999755859375,282.0199890136719,280.3800048828125,281.3299865722656,68570500
1533130200,2018-08-01,281.55999755859375,282.1300048828125,280.1300048828125,280.8599853515625,53853300
1533216600,2018-08-02,279.3900146484375,282.5799865722656,279.1600036621094,282.3900146484375,63426400
1533303000,2018-08-03,282.5299987792969,283.6600036621094,282.3299865722656,283.6000061035156,53935400
1533562200,2018-08-06,283.6400146484375,284.989990234375,283.20001220703125,284.6400146484375,39400900
1533648600,2018-08-07,285.3900146484375,286.010009765625,285.239990234375,285.5799865722656,43196600
1533735000,2018-08-08,285.3900146484375,285.9100036621094,284.94000244140625,285.4599914550781,42114600
1533821400,2018-08-09,285.5299987792969,285.9700012207031,284.9200134277344,285.07000732421875,35717000
1533907800,2018-08-10,283.45001220703125,284.05999755859375,282.3599853515625,283.1600036621094,77076000
1534167000,2018-08-13,283.4700012207031,284.1600036621094,281.7699890136719,282.1000061035156,65732900
1534253400,2018-08-14,282.9200134277344,284.1700134277344,282.4800109863281,283.8999938964844,43842000
1534339800,2018-08-15,282.3800048828125,282.5400085449219,280.1600036621094,281.7799987792969,102925400
1534426200,2018-08-16,283.3999938964844,285.0400085449219,283.3599853515625,284.05999755859375,69967900
1534512600,2018-08-17,283.8299865722656,285.55999755859375,283.3699951171875,285.05999755859375,65618500
1534771800,2018-08-20,285.57000732421875,285.9700012207031,285.05999755859375,285.6700134277344,39807500
1534858200,2018-08-21,286.25,287.30999755859375,285.7099914550781,286.3399963378906,67272000
1534944600,2018-08-22,285.8800048828125,286.760009765625,285.5799865722656,286.1700134277344,44993300
1535031000,2018-08-23,285.9700012207031,286.94000244140625,285.42999267578125,285.7900085449219,49204900
1535117400,2018-08-24,286.44000244140625,287.6700134277344,286.3800048828125,287.510009765625,57487400
1535376600,2018-08-27,288.8599853515625,289.8999938964844,288.67999267578125,289.7799987792969,57072400
1535463000,2018-08-28,290.29998779296875,290.4200134277344,289.3999938964844,289.9200134277344,46943500
1535549400,2018-08-29,290.1600036621094,291.739990234375,289.8900146484375,291.4800109863281,61485500
1535635800,2018-08-30,290.94000244140625,291.3599853515625,289.6300048828125,290.29998779296875,61229500
1535722200,2018-08-31,289.8399963378906,290.80999755859375,289.2900085449219,290.30999755859375,66140800
1536067800,2018-09-04,289.8399963378906,290.2099914550781,288.67999267578125,289.80999755859375,57594400
1536154200,2018-09-05,289.4100036621094,289.6400146484375,287.8900146484375,289.0299987792969,72452400
1536240600,2018-09-06,289.1499938964844,289.489990234375,287,288.1600036621094,65909900
1536327000,2018-09-07,286.9800109863281,288.70001220703125,286.7099914550781,287.6000061035156,73524800
1536586200,2018-09-10,288.739990234375,289.0400085449219,287.8800048828125,288.1000061035156,50210900
1536672600,2018-09-11,287.3699951171875,289.54998779296875,286.9800109863281,289.04998779296875,50530500
1536759000,2018-09-12,289.05999755859375,289.79998779296875,288.2300109863281,289.1199951171875,59810800
1536845400,2018-09-13,290.32000732421875,291.0400085449219,290,290.8299865722656,51034200
1536931800,2018-09-14,291.05999755859375,291.2699890136719,290,290.8800048828125,55079900
1537191000,2018-09-17,290.82000732421875,290.8599853515625,289.0299987792969,289.3399963378906,68244000
1537277400,2018-09-18,289.5799865722656,291.5799865722656,289.54998779296875,290.9100036621094,61930400
1537363800,2018-09-19,290.9700012207031,291.69000244140625,290.8299865722656,291.2200012207031,49080600
1537450200,2018-09-20,292.6400146484375,293.94000244140625,291.239990234375,293.5799865722656,100360600
1537536600,2018-09-21,293.0899963378906,293.2200012207031,291.80999755859375,291.989990234375,105479700
1537795800,2018-09-24,291.3399963378906,291.5,290.3699951171875,291.0199890136719,53409600
1537882200,2018-09-25,291.5299987792969,291.6499938964844,290.4800109863281,290.75,44370000
1537968600,2018-09-26,290.9100036621094,292.239990234375,289.4100036621094,289.8800048828125,79739700
1538055000,2018-09-27,290.4100036621094,291.9100036621094,290.1000061035156,290.69000244140625,59249500
1538141400,2018-09-28,289.989990234375,291.2799987792969,289.95001220703125,290.7200012207031,70091400
1538400600,2018-10-01,292.1099853515625,292.92999267578125,290.9800109863281,291.7300109863281,62078900
1538487000,2018-10-02,291.55999755859375,292.3599853515625,291.1400146484375,291.55999755859375,47258200
1538573400,2018-10-03,292.739990234375,293.2099914550781,291.32000732421875,291.7200012207031,64694600
1538659800,2018-10-04,291.17999267578125,291.239990234375,287.6600036621094,289.44000244140625,111545900
1538746200,2018-10-05,289.69000244140625,290.2699890136719,286.2200012207031,287.82000732421875,105951700
1539005400,2018-10-08,287.04998779296875,288.2200012207031,285.5,287.82000732421875,87742200
1539091800,2018-10-09,287.3900146484375,288.8599853515625,286.7699890136719,287.3999938964844,74339000
1539178200,2018-10-10,286.8299865722656,286.9100036621094,277.8800048828125,278.29998779296875,214731000
1539264600,2018-10-11,277.0799865722656,278.8999938964844,270.3599853515625,272.1700134277344,274840500
1539351000,2018-10-12,276.7699890136719,277.0899963378906,272.3699951171875,275.95001220703125,183186500
1539610200,2018-10-15,275.54998779296875,277.0400085449219,274.29998779296875,274.3999938964844,102263700
1539696600,2018-10-16,276.6000061035156,280.82000732421875,276.07000732421875,280.3999938964844,118255800
1539783000,2018-10-17,280.44000244140625,281.1499938964844,277.55999755859375,280.45001220703125,110626000
1539869400,2018-10-18,279.3999938964844,280.07000732421875,274.9700012207031,276.3999938964844,134557500
1539955800,2018-10-19,277.1300048828125,279.29998779296875,275.4700012207031,276.25,139901600
1540215000,2018-10-22,277,277.3599853515625,274.4100036621094,275.010009765625,82415800
1540301400,2018-10-23,270.95001220703125,274.8699951171875,268.6099853515625,273.6099853515625,146352700
1540387800,2018-10-24,273.3299865722656,273.760009765625,264.70001220703125,265.32000732421875,177806700
1540474200,2018-10-25,267.3800048828125,271.80999755859375,266.2300109863281,270.0799865722656,138061500
1540560600,2018-10-26,265.9200134277344,271,262.2900085449219,265.3299865722656,201574600
1540819800,2018-10-29,268.79998779296875,270.25,259.8500061035156,263.8599853515625,160749100
1540906200,2018-10-30,263.6700134277344,268.1199951171875,263.1199951171875,267.7699890136719,157116000
1540992600,2018-10-31,270.6499938964844,273.2300109863281,270.1199951171875,270.6300048828125,128296300
1541079000,2018-11-01,271.6000061035156,273.7300109863281,270.3800048828125,273.510009765625,99495000
1541165400,2018-11-02,274.75,275.2300109863281,269.5899963378906,271.8900146484375,122634100
1541428200,2018-11-05,272.44000244140625,274.010009765625,271.3500061035156,273.3900146484375,65622500
1541514600,2018-11-06,273.32000732421875,275.29998779296875,273.25,275.1199951171875,60085900
1541601000,2018-11-07,277.55999755859375,281.1000061035156,277.0799865722656,281.010009765625,102752100
1541687400,2018-11-08,280.1099853515625,281.2200012207031,279.2200012207031,280.5,65584900
1541773800,2018-11-09,279.0299987792969,279.239990234375,276.17999267578125,277.760009765625,98812600
1542033000,2018-11-12,277.19000244140625,277.4599914550781,271.989990234375,272.57000732421875,99673600
1542119400,2018-11-13,273.0899963378906,275.3299865722656,271.25,272.05999755859375,98176600
1542205800,2018-11-14,274.1600036621094,274.6099853515625,268.45001220703125,270.20001220703125,125335900
1542292200,2018-11-15,268.7799987792969,273.5400085449219,267.010009765625,273.0199890136719,135101400
1542378600,2018-11-16,271.7900085449219,274.75,271.2099914550781,273.7300109863281,126668000
1542637800,2018-11-19,273.04998779296875,273.3800048828125,268.07000732421875,269.1000061035156,103061700
1542724200,2018-11-20,265.3599853515625,267,263.1499938964844,264.1199951171875,136021300
1542810600,2018-11-21,265.8599853515625,267.1499938964844,265.010009765625,265.0199890136719,75563700
1542983400,2018-11-23,263.17999267578125,264.82000732421875,263.07000732421875,263.25,42807900
1543242600,2018-11-26,265.7799987792969,267.75,265.3399963378906,267.5,79981400
1543329000,2018-11-27,266.3399963378906,268.3999938964844,265.6600036621094,268.3999938964844,75502400
1543415400,2018-11-28,269.6000061035156,274.5799865722656,268.3299865722656,274.5799865722656,127629600
1543501800,2018-11-29,273.7099914550781,275.54998779296875,272.42999267578125,273.9800109863281,82346400
1543588200,2018-11-30,273.80999755859375,276.2799987792969,273.45001220703125,275.6499938964844,98204200
1543847400,2018-12-03,280.2799987792969,280.3999938964844,277.510009765625,279.29998779296875,103176300
1543933800,2018-12-04,278.3699951171875,278.8500061035156,269.8999938964844,270.25,177986000
1544106600,2018-12-06,265.9200134277344,269.9700012207031,262.44000244140625,269.8399963378906,204185400
1544193000,2018-12-07,269.4599914550781,271.2200012207031,262.6300048828125,263.57000732421875,161018900
1544452200,2018-12-10,263.3699951171875,265.1600036621094,258.6199951171875,264.07000732421875,151445900
1544538600,2018-12-11,267.6600036621094,267.8699951171875,262.4800109863281,264.1300048828125,121504400
1544625000,2018-12-12,267.4700012207031,269,265.3699951171875,265.4599914550781,97976700
1544711400,2018-12-13,266.5199890136719,267.489990234375,264.1199951171875,265.3699951171875,96662700
1544797800,2018-12-14,262.9599914550781,264.0299987792969,259.8500061035156,260.4700012207031,116961100
1545057000,2018-12-17,259.3999938964844,260.6499938964844,253.52999877929688,255.36000061035156,165492300
1545143400,2018-12-18,257.20001220703125,257.95001220703125,253.27999877929688,255.0800018310547,134515100
1545229800,2018-12-19,255.1699981689453,259.3999938964844,249.35000610351562,251.25999450683594,214992800
1545316200,2018-12-20,249.86000061035156,251.6199951171875,244.64999389648438,247.1699981689453,252053400
1545402600,2018-12-21,246.74000549316406,249.7100067138672,239.97999572753906,240.6999969482422,255345600
1545661800,2018-12-24,239.0399932861328,240.83999633789062,234.27000427246094,234.33999633789062,147311600
1545834600,2018-12-26,235.97000122070312,246.17999267578125,233.75999450683594,246.17999267578125,218485400
1545921000,2018-12-27,242.57000732421875,248.2899932861328,238.9600067138672,248.07000732421875,186267300
1546007400,2018-12-28,249.5800018310547,251.39999389648438,246.4499969482422,247.75,153100200
1546266600,2018-12-31,249.55999755859375,250.19000244140625,247.47000122070312,249.9199981689453,144299400
1546439400,2019-01-02,245.97999572753906,251.2100067138672,245.9499969482422,250.17999267578125,126925200
1546525800,2019-01-03,248.22999572753906,248.57000732421875,243.6699981689453,244.2100067138672,144140700
1546612200,2019-01-04,247.58999633789062,253.11000061035156,247.1699981689453,252.38999938964844,142628800
1546871400,2019-01-07,252.69000244140625,255.9499969482422,251.69000244140625,254.3800048828125,103139100
1546957800,2019-01-08,256.82000732421875,257.30999755859375,254,256.7699890136719,102512600
1547044200,2019-01-09,257.55999755859375,258.9100036621094,256.19000244140625,257.9700012207031,95006600
1547130600,2019-01-10,256.260009765625,259.1600036621094,255.5,258.8800048828125,96823900
1547217000,2019-01-11,257.67999267578125,259.010009765625,257.0299987792969,258.9800109863281,73858100
1547476200,2019-01-14,256.8599853515625,258.29998779296875,256.4100036621094,257.3999938964844,70908200
1547562600,2019-01-15,257.82000732421875,260.70001220703125,257.80999755859375,260.3500061035156,85208300
1547649000,2019-01-16,260.8299865722656,261.9700012207031,260.6000061035156,260.9800109863281,77636700
1547735400,2019-01-17,260.010009765625,263.9200134277344,259.9599914550781,262.9599914550781,96118400
1547821800,2019-01-18,264.9800109863281,266.9800109863281,263,266.4599914550781,127900300
1548167400,2019-01-22,264.82000732421875,265.05999755859375,261.05999755859375,262.8599853515625,115531200
1548253800,2019-01-23,264.010009765625,264.7900085449219,260.6600036621094,263.4100036621094,86030300
1548340200,2019-01-24,263.2099914550781,264.20001220703125,262.0799865722656,263.54998779296875,59204100
1548426600,2019-01-25,265.6099853515625,266.70001220703125,263.6600036621094,265.7799987792969,96883400
1548685800,2019-01-28,263.3900146484375,263.8299865722656,261.7900085449219,263.760009765625,85613700
1548772200,2019-01-29,263.9200134277344,264.54998779296875,262.4800109863281,263.4100036621094,66136300
1548858600,2019-01-30,265.1000061035156,268.5199890136719,264.25,267.5799865722656,92473700
1548945000,2019-01-31,267.510009765625,270.4700012207031,267.2699890136719,269.92999267578125,104012100
1549031400,2019-02-01,270.1499938964844,271.20001220703125,269.17999267578125,270.05999755859375,85782500
1549290600,2019-02-04,270.1099853515625,272.0299987792969,269.3599853515625,271.9599914550781,60744800
1549377000,2019-02-05,272.44000244140625,273.44000244140625,271.8800048828125,273.1000061035156,79552800
1549463400,2019-02-06,272.7900085449219,273.3399963378906,271.9200134277344,272.739990234375,58347800
1549549800,2019-02-07,270.94000244140625,271.54998779296875,268.2900085449219,270.1400146484375,95482000
1549636200,2019-02-08,268.75,270.5799865722656,267.8299865722656,270.4700012207031,75788900
1549895400,2019-02-11,271.20001220703125,271.489990234375,270.0299987792969,270.6199951171875,68021400
1549981800,2019-02-12,272.4200134277344,274.5199890136719,272.3399963378906,274.1000061035156,72270200
1550068200,2019-02-13,275.0299987792969,275.92999267578125,274.55999755859375,274.989990234375,65277200
1550154600,2019-02-14,273.7799987792969,275.6400146484375,272.8699951171875,274.3800048828125,83234400
1550241000,2019-02-15,276.3599853515625,277.4100036621094,276.1300048828125,277.3699951171875,97088700
1550586600,2019-02-19,276.4800109863281,278.5799865722656,276.4700012207031,277.8500061035156,59120800
1550673000,2019-02-20,277.80999755859375,278.9200134277344,277.25,278.4100036621094,76610800
1550759400,2019-02-21,277.70001220703125,278.1000061035156,276.3500061035156,277.4200134277344,64214700
1550845800,2019-02-22,278.1099853515625,279.3599853515625,277.3999938964844,279.1400146484375,78114600
1551105000,2019-02-25,280.7300109863281,281.30999755859375,279.42999267578125,279.5199890136719,69030700
1551191400,2019-02-26,279.1300048828125,280.29998779296875,278.8999938964844,279.32000732421875,56844100
1551277800,2019-02-27,278.5199890136719,279.5899963378906,277.4800109863281,279.20001220703125,56921600
1551364200,2019-02-28,278.9599914550781,279.45001220703125,278.32000732421875,278.67999267578125,69268300
1551450600,2019-03-01,280.44000244140625,280.8800048828125,278.82000732421875,280.4200134277344,78880500
1551709800,2019-03-04,281.6000061035156,281.8699951171875,276.8399963378906,279.3999938964844,106494600
1551796200,2019-03-05,279.5400085449219,279.760009765625,278.4100036621094,279.0199890136719,59114600
1551882600,2019-03-06,279.1499938964844,279.1600036621094,276.9700012207031,277.3299865722656,75039800
1551969000,2019-03-07,276.8299865722656,276.989990234375,274.07000732421875,275.010009765625,94885100
1552055400,2019-03-08,272.94000244140625,274.6499938964844,272.4200134277344,274.4599914550781,85795800
1552311000,2019-03-11,275.260009765625,278.6199951171875,275.2300109863281,278.44000244140625,65098900
1552397400,2019-03-12,279.05999755859375,280.07000732421875,278.8500061035156,279.489990234375,79667500
1552483800,2019-03-13,280.4800109863281,282.3800048828125,280.29998779296875,281.3399963378906,80639200
1552570200,2019-03-14,281.3699951171875,281.8399963378906,280.6700134277344,281.1600036621094,67518400
1552656600,2019-03-15,280.5400085449219,282.2099914550781,280.3299865722656,281.30999755859375,81309000
1552915800,2019-03-18,281.54998779296875,282.6600036621094,281.29998779296875,282.3299865722656,62199800
1553002200,2019-03-19,283.510009765625,284.3599853515625,281.4100036621094,282.3999938964844,90268100
1553088600,2019-03-20,282.1600036621094,283.5,280.32000732421875,281.54998779296875,84609200
1553175000,2019-03-21,280.6400146484375,285.17999267578125,280.5899963378906,284.7300109863281,79550400
1553261400,2019-03-22,283.2200012207031,283.79998779296875,279.17999267578125,279.25,122659300
1553520600,2019-03-25,278.8699951171875,280.19000244140625,277.6400146484375,279.0400085449219,85575200
1553607000,2019-03-26,280.989990234375,282.17999267578125,279.55999755859375,281.1199951171875,68125900
1553693400,2019-03-27,281.1099853515625,281.760009765625,277.92999267578125,279.6499938964844,72224700
1553779800,2019-03-28,280.3500061035156,281.2099914550781,279.07000732421875,280.7099914550781,56238500
1553866200,2019-03-29,282.3900146484375,282.8399963378906,281.1400146484375,282.4800109863281,82186800
1554125400,2019-04-01,284.70001220703125,286.1600036621094,284.3999938964844,285.8299865722656,77617900
1554211800,2019-04-02,286.0400085449219,286.2300109863281,285.0899963378906,285.9700012207031,40070400
1554298200,2019-04-03,287.32000732421875,287.760009765625,285.75,286.4200134277344,68243200
1554384600,2019-04-04,286.7799987792969,287.4599914550781,286.010009765625,287.17999267578125,48997500
1554471000,2019-04-05,287.9200134277344,288.6300048828125,287.6000061035156,288.57000732421875,58621700
1554730200,2019-04-08,288.1000061035156,288.9100036621094,287.3699951171875,288.7900085449219,53566300
1554816600,2019-04-09,287.7200012207031,288.0799865722656,286.70001220703125,287.30999755859375,66142300
1554903000,2019-04-10,287.7699890136719,288.3900146484375,287.30999755859375,288.2900085449219,52601500
1554989400,2019-04-11,288.8299865722656,288.8399963378906,287.5799865722656,288.2099914550781,55093100
1555075800,2019-04-12,290,290.4700012207031,288.260009765625,290.1600036621094,69727800
1555335000,2019-04-15,290.239990234375,290.3500061035156,289.0799865722656,289.9700012207031,49596700
1555421400,2019-04-16,290.95001220703125,291.010009765625,289.5,290.1600036621094,52153200
1555507800,2019-04-17,291.3999938964844,291.42999267578125,288.989990234375,289.45001220703125,58268300
1555594200,2019-04-18,290.1000061035156,290.32000732421875,288.6600036621094,290.0199890136719,68708500
1555939800,2019-04-22,289.1700134277344,290.44000244140625,289.07000732421875,290.2699890136719,40160100
1556026200,2019-04-23,290.67999267578125,293.1400146484375,290.4200134277344,292.8800048828125,52246600
1556112600,2019-04-24,292.7900085449219,293.1600036621094,292.07000732421875,292.2300109863281,50392900
1556199000,2019-04-25,292.1199951171875,292.7799987792969,290.7300109863281,292.04998779296875,57770900
1556285400,2019-04-26,292.1000061035156,293.489990234375,291.239990234375,293.4100036621094,50916400
1556544600,2019-04-29,293.510009765625,294.45001220703125,293.4100036621094,293.8699951171875,57197700
1556631000,2019-04-30,293.489990234375,294.3399963378906,291.9200134277344,294.0199890136719,81111700
1556717400,2019-05-01,294.7200012207031,294.95001220703125,291.79998779296875,291.80999755859375,71671900
1556803800,2019-05-02,291.67999267578125,292.70001220703125,289.5199890136719,291.17999267578125,65030200
1556890200,2019-05-03,292.82000732421875,294.3399963378906,291.29998779296875,294.0299987792969,56543700
1557149400,2019-05-06,289.25,293.30999755859375,288.8999938964844,292.82000732421875,107198100
1557235800,2019-05-07,290.1499938964844,290.80999755859375,285.80999755859375,287.92999267578125,144729900
1557322200,2019-05-08,287.5299987792969,289.42999267578125,286.8699951171875,287.5299987792969,91568300
1557408600,2019-05-09,285.2300109863281,287.3299865722656,283.29998779296875,286.6600036621094,103471100
1557495000,2019-05-10,285.6199951171875,288.94000244140625,282.29998779296875,288.1000061035156,112429300
1557754200,2019-05-13,282.4200134277344,283.489990234375,279.92999267578125,280.8599853515625,127290500
1557840600,2019-05-14,281.989990234375,285.1000061035156,281.8500061035156,283.3999938964844,77003200
1557927000,2019-05-15,281.5899963378906,285.7699890136719,281.3599853515625,285.05999755859375,73956400
1558013400,2019-05-16,285.8399963378906,289.2099914550781,285.760009765625,287.70001220703125,76749600
1558099800,2019-05-17,285.1400146484375,288.6000061035156,285.1199951171875,285.8399963378906,100353000
1558359000,2019-05-20,284.05999755859375,285.9599914550781,283.1199951171875,283.95001220703125,62877600
1558445400,2019-05-21,285.8299865722656,286.92999267578125,285.54998779296875,286.510009765625,46847100
1558531800,2019-05-22,285.45001220703125,286.69000244140625,285.1000061035156,285.6300048828125,49482500
1558618200,2019-05-23,283.1600036621094,283.2099914550781,280.57000732421875,282.1400146484375,98733800
1558704600,2019-05-24,283.739990234375,284.20001220703125,282.0899963378906,282.7799987792969,55268100
1559050200,2019-05-28,283.0899963378906,284.1499938964844,280.1300048828125,280.1499938964844,70029400
1559136600,2019-05-29,278.9100036621094,279.3599853515625,276.7099914550781,278.2699890136719,104972900
1559223000,2019-05-30,279.1099853515625,280.0400085449219,277.80999755859375,279.0299987792969,62523800
1559309400,2019-05-31,276.20001220703125,277.1199951171875,275.239990234375,275.2699890136719,86862800
1559568600,2019-06-03,275.30999755859375,276.54998779296875,273.0899963378906,274.57000732421875,96428000
1559655000,2019-06-04,277.1199951171875,280.67999267578125,276.6199951171875,280.5299987792969,77231900
1559741400,2019-06-05,282.3299865722656,282.989990234375,280.32000732421875,282.9599914550781,71169700
1559827800,2019-06-06,283.2900085449219,285.54998779296875,282.57000732421875,284.79998779296875,69430400
1559914200,2019-06-07,285.92999267578125,288.8500061035156,285.739990234375,287.6499938964844,74272200
1560173400,2019-06-10,289.3699951171875,290.82000732421875,288.8699951171875,288.9700012207031,60799100
1560259800,2019-06-11,290.989990234375,291.3999938964844,288.17999267578125,288.8999938964844,58641300
1560346200,2019-06-12,288.6400146484375,289.260009765625,287.82000732421875,288.3900146484375,47096300
1560432600,2019-06-13,289.3999938964844,289.9800109863281,288.6199951171875,289.5799865722656,48945200
1560519000,2019-06-14,289.260009765625,289.92999267578125,288.4100036621094,289.260009765625,52324700
1560778200,2019-06-17,289.5199890136719,290.2200012207031,289.17999267578125,289.3699951171875,39205700
1560864600,2019-06-18,291.3900146484375,293.57000732421875,290.989990234375,292.3999938964844,85434800
1560951000,2019-06-19,292.54998779296875,293.6499938964844,291.4700012207031,293.05999755859375,78674400
1561037400,2019-06-20,296.0400085449219,296.30999755859375,293.1300048828125,295.8599853515625,116570000
1561123800,2019-06-21,294.1300048828125,295.5199890136719,293.760009765625,294,83309500
1561383000,2019-06-24,294.2300109863281,294.5799865722656,293.4700012207031,293.6400146484375,47582700
1561469400,2019-06-25,293.70001220703125,293.7300109863281,290.6400146484375,290.760009765625,82028700
1561555800,2019-06-26,291.75,292.30999755859375,290.3500061035156,290.4700012207031,51584900
1561642200,2019-06-27,291.30999755859375,292.05999755859375,290.8900146484375,291.5,40355200
1561728600,2019-06-28,292.5799865722656,293.54998779296875,292.010009765625,293,59350900
1561987800,2019-07-01,296.67999267578125,296.9200134277344,294.3299865722656,295.6600036621094,78705600
1562074200,2019-07-02,295.6099853515625,296.489990234375,294.67999267578125,296.42999267578125,61504500
1562160600,2019-07-03,297.17999267578125,298.82000732421875,297.0199890136719,298.79998779296875,40898900
1562333400,2019-07-05,297.44000244140625,298.6400146484375,296.010009765625,298.4599914550781,51677300
1562592600,2019-07-08,297.010009765625,298.260009765625,296.2200012207031,296.82000732421875,45841800
1562679000,2019-07-09,295.5400085449219,297.5199890136719,295.4800109863281,297.19000244140625,41101300
1562765400,2019-07-10,298.3699951171875,299.6600036621094,297.7799987792969,298.6099853515625,58448500
1562851800,2019-07-11,299.32000732421875,299.5799865722656,298.20001220703125,299.30999755859375,50826100
1562938200,2019-07-12,299.8500061035156,300.7300109863281,299.510009765625,300.6499938964844,40326000
1563197400,2019-07-15,301.1300048828125,301.1300048828125,300.19000244140625,300.75,33900000
1563283800,2019-07-16,300.6499938964844,300.8800048828125,299.44000244140625,299.7799987792969,36650100
1563370200,2019-07-17,299.75,299.92999267578125,297.739990234375,297.739990234375,36036300
1563456600,2019-07-18,297.19000244140625,299.25,296.70001220703125,298.8299865722656,51392600
1563543000,2019-07-19,300.0400085449219,300.07000732421875,296.9800109863281,297.1700134277344,58678600
1563802200,2019-07-22,297.6099853515625,298.5,297.0400085449219,297.8999938964844,43638100
1563888600,2019-07-23,299.1400146484375,300.0299987792969,298.2200012207031,300.0299987792969,44564500
1563975000,2019-07-24,299.19000244140625,301.44000244140625,299.0899963378906,301.44000244140625,47213200
1564061400,2019-07-25,300.94000244140625,301,299.1099853515625,300,55394100
1564147800,2019-07-26,300.760009765625,302.2300109863281,300.6199951171875,302.010009765625,45084100
1564407000,2019-07-29,301.8800048828125,302.010009765625,300.8500061035156,301.4599914550781,38126500
1564493400,2019-07-30,299.9100036621094,301.1700134277344,299.489990234375,300.7200012207031,45849000
1564579800,2019-07-31,300.989990234375,301.20001220703125,295.20001220703125,297.42999267578125,104245200
1564666200,2019-08-01,297.6000061035156,300.8699951171875,293.9599914550781,294.8399963378906,142646600
1564752600,2019-08-02,293.8500061035156,294.1199951171875,290.8999938964844,292.6199951171875,116749700
1565011800,2019-08-05,288.0899963378906,288.2099914550781,281.7200012207031,283.82000732421875,178745400
1565098200,2019-08-06,285.9100036621094,288.0400085449219,284.2799987792969,287.79998779296875,120711700
1565184600,2019-08-07,284.3999938964844,288.82000732421875,282.0400085449219,287.9700012207031,140572300
1565271000,2019-08-08,289.6199951171875,293.6199951171875,289.010009765625,293.6199951171875,87713900
1565357400,2019-08-09,292.5799865722656,293.239990234375,289.6499938964844,291.6199951171875,93730000
1565616600,2019-08-12,289.9599914550781,291.6099853515625,287.0199890136719,288.07000732421875,65527600
1565703000,2019-08-13,287.739990234375,294.1499938964844,287.3599853515625,292.54998779296875,94299800
1565789400,2019-08-14,288.07000732421875,288.739990234375,283.760009765625,283.8999938964844,135622100
1565875800,2019-08-15,284.8800048828125,285.6400146484375,282.3900146484375,284.6499938964844,99556600
1565962200,2019-08-16,286.4800109863281,289.3299865722656,284.7099914550781,288.8500061035156,83018300
1566221400,2019-08-19,292.19000244140625,293.0799865722656,291.44000244140625,292.3299865722656,53571800
1566307800,2019-08-20,291.7699890136719,292.3599853515625,289.95001220703125,290.0899963378906,51596400
1566394200,2019-08-21,292.4800109863281,292.8599853515625,291.7200012207031,292.45001220703125,49524700
1566480600,2019-08-22,293.2300109863281,293.92999267578125,290.3999938964844,292.3599853515625,51666400
1566567000,2019-08-23,290.9200134277344,292.760009765625,283.4700012207031,284.8500061035156,149161500
1566826200,2019-08-26,287.2699890136719,288,285.5799865722656,288,72423800
1566912600,2019-08-27,289.5400085449219,289.95001220703125,286.0299987792969,286.8699951171875,66668900
1566999000,2019-08-28,286.1400146484375,289.07000732421875,285.25,288.8900146484375,59696700
1567085400,2019-08-29,291.7200012207031,293.1600036621094,290.6099853515625,292.5799865722656,57899400
1567171800,2019-08-30,294.2200012207031,294.239990234375,291.4200134277344,292.45001220703125,62901200
1567517400,2019-09-03,290.57000732421875,291.5799865722656,289.2699890136719,290.739990234375,69101400
1567603800,2019-09-04,293.1400146484375,294.05999755859375,292.30999755859375,294.0400085449219,46887300
1567690200,2019-09-05,296.7900085449219,298.8299865722656,294,297.82000732421875,83258100
1567776600,2019-09-06,298.1700134277344,298.760009765625,297.4200134277344,298.04998779296875,49584300
1568035800,2019-09-09,299.1400146484375,299.239990234375,297.1600036621094,298.20001220703125,51260300
1568122200,2019-09-10,297.3599853515625,298.20001220703125,295.9700012207031,298.1300048828125,57947100
1568208600,2019-09-11,298.4700012207031,300.3399963378906,297.75,300.25,68821100
1568295000,2019-09-12,301.25,302.4599914550781,300.4100036621094,301.2900085449219,72908700
1568381400,2019-09-13,301.7799987792969,302.1700134277344,300.67999267578125,301.0899963378906,62104800
1568640600,2019-09-16,299.8399963378906,301.1400146484375,299.45001220703125,300.1600036621094,58191200
1568727000,2019-09-17,299.94000244140625,301.0199890136719,299.75,300.9200134277344,41475500
1568813400,2019-09-18,300.489990234375,301.2200012207031,298.239990234375,301.1000061035156,73375800
1568899800,2019-09-19,301.5299987792969,302.6300048828125,300.7099914550781,301.0799865722656,76560500
1568986200,2019-09-20,300.3599853515625,300.6700134277344,297.4100036621094,298.2799987792969,89565000
1569245400,2019-09-23,297.54998779296875,299,297.2699890136719,298.2099914550781,43476800
1569331800,2019-09-24,299.4100036621094,299.8399963378906,294.80999755859375,295.8699951171875,94869400
1569418200,2019-09-25,295.9599914550781,298.1099853515625,294.3299865722656,297.6199951171875,71854000
1569504600,2019-09-26,297.6300048828125,297.8599853515625,295.45001220703125,297,56179700
1569591000,2019-09-27,297.8299865722656,297.95001220703125,293.69000244140625,295.3999938964844,84746600
1569850200,2019-09-30,295.9700012207031,297.54998779296875,295.9200134277344,296.7699890136719,51662400
1569936600,2019-10-01,297.739990234375,298.4599914550781,293,293.239990234375,88242400
1570023000,2019-10-02,291.5,291.510009765625,286.6400146484375,288.05999755859375,122539500
1570109400,2019-10-03,287.80999755859375,290.45001220703125,284.82000732421875,290.4200134277344,85278800
1570195800,2019-10-04,291.1400146484375,294.6300048828125,291.0799865722656,294.3500061035156,65091200
1570455000,2019-10-07,293.4700012207031,295.260009765625,292.7699890136719,293.0799865722656,59610500
1570541400,2019-10-08,291.0400085449219,291.8500061035156,288.489990234375,288.5299987792969,95708100
1570627800,2019-10-09,290.75,292.29998779296875,290.05999755859375,291.2699890136719,62359400
1570714200,2019-10-10,291.17999267578125,294.2099914550781,291,293.239990234375,55296300
1570800600,2019-10-11,296.2699890136719,298.739990234375,296.1400146484375,296.2799987792969,98720400
1571059800,2019-10-14,295.92999267578125,296.6700134277344,295.57000732421875,295.95001220703125,40394800
1571146200,2019-10-15,297.1000061035156,299.70001220703125,296.9700012207031,298.8800048828125,46754500
1571232600,2019-10-16,298.3699951171875,299.1600036621094,297.9200134277344,298.3999938964844,48928200
1571319000,2019-10-17,299.67999267578125,300.239990234375,298.5199890136719,299.2799987792969,45736600
1571405400,2019-10-18,298.69000244140625,299.3999938964844,297.0299987792969,297.9700012207031,64304000
1571664600,2019-10-21,299.4200134277344,300.2099914550781,298.94000244140625,299.989990234375,39048600
1571751000,2019-10-22,300.5799865722656,300.8999938964844,298.9100036621094,299.010009765625,48594700
1571837400,2019-10-23,298.7300109863281,299.94000244140625,298.5,299.8800048828125,34352200
1571923800,2019-10-24,300.9100036621094,301.07000732421875,299.4599914550781,300.3699951171875,35453100
1572010200,2019-10-25,299.739990234375,302.20001220703125,299.67999267578125,301.6000061035156,45205400
1572269400,2019-10-28,302.94000244140625,303.8500061035156,302.9100036621094,303.29998779296875,42147000
1572355800,2019-10-29,303,304.2300109863281,302.8599853515625,303.2099914550781,44284900
1572442200,2019-10-30,303.42999267578125,304.54998779296875,301.989990234375,304.1400146484375,49643900
1572528600,2019-10-31,304.1300048828125,304.1300048828125,301.7300109863281,303.3299865722656,69053800
1572615000,2019-11-01,304.9200134277344,306.19000244140625,304.739990234375,306.1400146484375,71141500
1572877800,2019-11-04,307.8500061035156,308,306.9599914550781,307.3699951171875,60606900
1572964200,2019-11-05,307.5899963378906,307.9200134277344,306.7099914550781,307.0299987792969,42933200
1573050600,2019-11-06,307.0299987792969,307.3999938964844,306.05999755859375,307.1000061035156,46487100
1573137000,2019-11-07,308.57000732421875,309.6499938964844,307.6600036621094,308.17999267578125,54272300
1573223400,2019-11-08,307.79998779296875,309,307.0299987792969,308.94000244140625,49032100
1573482600,2019-11-11,307.4200134277344,308.5400085449219,307.2699890136719,308.3500061035156,35797300
1573569000,2019-11-12,308.75,309.989990234375,308.1499938964844,309,46484600
1573655400,2019-11-13,307.9100036621094,309.5400085449219,307.6600036621094,309.1000061035156,53917700
1573741800,2019-11-14,308.7900085449219,309.6400146484375,308.0899963378906,309.54998779296875,51219900
1573828200,2019-11-15,311.0199890136719,311.8399963378906,310.260009765625,311.7900085449219,62023600
1574087400,2019-11-18,311.5299987792969,312.2799987792969,311.0299987792969,312.0199890136719,49228000
1574173800,2019-11-19,312.67999267578125,312.69000244140625,311.2200012207031,311.92999267578125,67804700
1574260200,2019-11-20,311.2799987792969,311.8500061035156,309.05999755859375,310.7699890136719,79406200
1574346600,2019-11-21,310.8900146484375,311.010009765625,309.3900146484375,310.2699890136719,54664700
1574433000,2019-11-22,311.0899963378906,311.239990234375,309.8500061035156,310.9599914550781,44850200
1574692200,2019-11-25,311.9800109863281,313.3699951171875,311.9800109863281,313.3699951171875,48647200
1574778600,2019-11-26,313.4100036621094,314.2799987792969,313.05999755859375,314.0799865722656,37569000
1574865000,2019-11-27,314.6099853515625,315.4800109863281,314.3699951171875,315.4800109863281,44444600
1575037800,2019-11-29,314.8599853515625,315.1300048828125,314.05999755859375,314.30999755859375,36592700
1575297000,2019-12-02,314.5899963378906,314.6600036621094,311.1700134277344,311.6400146484375,75767800
1575383400,2019-12-03,308.6499938964844,309.6400146484375,307.1300048828125,309.54998779296875,73941700
1575469800,2019-12-04,310.70001220703125,312.1199951171875,310.32000732421875,311.4599914550781,49080000
1575556200,2019-12-05,312.2300109863281,312.25,310.5799865722656,312.0199890136719,40709000
1575642600,2019-12-06,314.1199951171875,315.30999755859375,314.1099853515625,314.8699951171875,48927000
1575901800,2019-12-09,314.44000244140625,315.17999267578125,313.79998779296875,313.8800048828125,34838500
1575988200,2019-12-10,313.82000732421875,314.54998779296875,312.80999755859375,313.5299987792969,52649800
1576074600,2019-12-11,314.0299987792969,314.70001220703125,313.44000244140625,314.4200134277344,53429100
1576161000,2019-12-12,314.42999267578125,317.989990234375,314.1700134277344,317.1300048828125,96389600
1576247400,2019-12-13,316.8699951171875,318.6700134277344,316.0199890136719,317.32000732421875,81503900
1576506600,2019-12-16,319.2200012207031,320.1499938964844,317.25,319.5,82749700
1576593000,2019-12-17,319.9200134277344,320.25,319.4800109863281,319.57000732421875,61097700
1576679400,2019-12-18,320,320.25,319.5299987792969,319.5899963378906,48133000
1576765800,2019-12-19,319.79998779296875,320.9800109863281,319.5199890136719,320.8999938964844,85310500
1576852200,2019-12-20,320.4599914550781,321.9700012207031,319.3900146484375,320.7300109863281,147142100
1577111400,2019-12-23,321.5899963378906,321.6499938964844,321.05999755859375,321.2200012207031,52990000
1577197800,2019-12-24,321.4700012207031,321.5199890136719,320.8999938964844,321.2300109863281,20270000
1577370600,2019-12-26,321.6499938964844,322.95001220703125,321.6400146484375,322.94000244140625,30911200
1577457000,2019-12-27,323.739990234375,323.79998779296875,322.2799987792969,322.8599853515625,42528800
1577716200,2019-12-30,322.95001220703125,323.1000061035156,320.54998779296875,321.0799865722656,49729100
1577802600,2019-12-31,320.5299987792969,322.1300048828125,320.1499938964844,321.8599853515625,57077300
1577975400,2020-01-02,323.5400085449219,324.8900146484375,322.5299987792969,324.8699951171875,59151200
1578061800,2020-01-03,321.1600036621094,323.6400146484375,321.1000061035156,322.4100036621094,77709700
1578321000,2020-01-06,320.489990234375,323.7300109863281,320.3599853515625,323.6400146484375,55653900
1578407400,2020-01-07,323.0199890136719,323.5400085449219,322.239990234375,322.7300109863281,40496400
1578493800,2020-01-08,322.94000244140625,325.7799987792969,322.6700134277344,324.45001220703125,68296000
1578580200,2020-01-09,326.1600036621094,326.7300109863281,325.5199890136719,326.6499938964844,48473300
1578666600,2020-01-10,327.2900085449219,327.4599914550781,325.20001220703125,325.7099914550781,53029300
1578925800,2020-01-13,326.3900146484375,327.9599914550781,325.9200134277344,327.95001220703125,47086800
1579012200,2020-01-14,327.4700012207031,328.6199951171875,326.8399963378906,327.45001220703125,62832800
1579098600,2020-01-15,327.3500061035156,329.0199890136719,327.260009765625,328.19000244140625,72056600
1579185000,2020-01-16,329.70001220703125,330.9200134277344,329.45001220703125,330.9200134277344,54050300
1579271400,2020-01-17,331.70001220703125,332.17999267578125,330.8500061035156,331.95001220703125,95846000
1579617000,2020-01-21,330.8999938964844,332.17999267578125,330.82000732421875,331.29998779296875,77742400
1579703400,2020-01-22,332.239990234375,332.95001220703125,331.1700134277344,331.3399963378906,48914900
1579789800,2020-01-23,330.6300048828125,332.1700134277344,329.4100036621094,331.7200012207031,51963000
1579876200,2020-01-24,332.44000244140625,332.5299987792969,327.3599853515625,328.7699890136719,87578400
1580135400,2020-01-27,323.0299987792969,325.1199951171875,322.6600036621094,323.5,84062500
1580221800,2020-01-28,325.05999755859375,327.8500061035156,323.6000061035156,326.8900146484375,63834000
1580308200,2020-01-29,328.3800048828125,328.6300048828125,326.3999938964844,326.6199951171875,53888900
1580394600,2020-01-30,324.3599853515625,327.9100036621094,323.5400085449219,327.67999267578125,75491800
1580481000,2020-01-31,327,327.1700134277344,320.7300109863281,321.7300109863281,113845600
1580740200,2020-02-03,323.3500061035156,326.1600036621094,323.2200012207031,324.1199951171875,69083000
1580826600,2020-02-04,328.07000732421875,330.010009765625,327.7200012207031,329.05999755859375,62573200
1580913000,2020-02-05,332.2699890136719,333.0899963378906,330.6700134277344,332.8599853515625,65951100
1580999400,2020-02-06,333.9100036621094,334.19000244140625,332.79998779296875,333.9800109863281,50359700
1581085800,2020-02-07,332.82000732421875,333.989990234375,331.6000061035156,332.20001220703125,64139400
1581345000,2020-02-10,331.2300109863281,334.75,331.19000244140625,334.67999267578125,42070000
1581431400,2020-02-11,336.1600036621094,337.0199890136719,334.67999267578125,335.260009765625,54864500
1581517800,2020-02-12,336.8299865722656,337.6499938964844,336.42999267578125,337.4200134277344,43992700
1581604200,2020-02-13,335.8599853515625,338.1199951171875,335.55999755859375,337.05999755859375,54501900
1581690600,2020-02-14,337.510009765625,337.7300109863281,336.20001220703125,337.6000061035156,64582200
1582036200,2020-02-18,336.510009765625,337.6700134277344,335.2099914550781,336.7300109863281,57226200
1582122600,2020-02-19,337.7900085449219,339.0799865722656,337.4800109863281,338.3399963378906,48814700
1582209000,2020-02-20,337.739990234375,338.6400146484375,333.67999267578125,336.95001220703125,74163400
1582295400,2020-02-21,335.4700012207031,335.80999755859375,332.5799865722656,333.4800109863281,113788200
1582554600,2020-02-24,323.1400146484375,333.55999755859375,321.239990234375,322.4200134277344,161088400
1582641000,2020-02-25,323.94000244140625,324.6099853515625,311.69000244140625,312.6499938964844,218913200
1582727400,2020-02-26,314.17999267578125,318.1099853515625,310.70001220703125,311.5,194773800
1582813800,2020-02-27,305.4599914550781,311.55999755859375,297.510009765625,297.510009765625,284353500
1582900200,2020-02-28,288.70001220703125,297.8900146484375,285.5400085449219,296.260009765625,384975800
1583159400,2020-03-02,298.2099914550781,309.1600036621094,294.4599914550781,309.0899963378906,238703600
1583245800,2020-03-03,309.5,313.8399963378906,297.57000732421875,300.239990234375,300139100
1583332200,2020-03-04,306.1199951171875,313.1000061035156,303.3299865722656,312.8599853515625,176613400
1583418600,2020-03-05,304.9800109863281,308.4700012207031,300.010009765625,302.4599914550781,186366800
1583505000,2020-03-06,293.1499938964844,298.7799987792969,290.2300109863281,297.4599914550781,228667200
1583760600,2020-03-09,275.29998779296875,284.19000244140625,273.45001220703125,274.2300109863281,309417300
1583847000,2020-03-10,284.6400146484375,288.5199890136719,273.5,288.4200134277344,276444100
1583933400,2020-03-11,280.70001220703125,281.94000244140625,270.8800048828125,274.3599853515625,255316300
1584019800,2020-03-12,256,266.6600036621094,247.67999267578125,248.11000061035156,392220700
1584106200,2020-03-13,263.0899963378906,271.4800109863281,248.52000427246094,269.32000732421875,329566100
1584365400,2020-03-16,241.17999267578125,256.8999938964844,237.36000061035156,239.85000610351562,297240000
1584451800,2020-03-17,245.0399932861328,256.1700134277344,237.07000732421875,252.8000030517578,262070500
1584538200,2020-03-18,236.25,248.3699951171875,228.02000427246094,240,327597100
1584624600,2020-03-19,239.25,247.3800048828125,232.22000122070312,240.50999450683594,289322000
1584711000,2020-03-20,242.52999877929688,244.47000122070312,228.5,228.8000030517578,347158800
1584970200,2020-03-23,228.19000244140625,229.67999267578125,218.25999450683594,222.9499969482422,326025200
1585056600,2020-03-24,234.4199981689453,244.10000610351562,233.8000030517578,243.14999389648438,235494500
1585143000,2020-03-25,244.8699951171875,256.3500061035156,239.75,246.7899932861328,299430300
1585229400,2020-03-26,249.52000427246094,262.79998779296875,249.0500030517578,261.20001220703125,257632800
1585315800,2020-03-27,253.27000427246094,260.80999755859375,251.0500030517578,253.4199981689453,224341200
1585575000,2020-03-30,255.6999969482422,262.42999267578125,253.52999877929688,261.6499938964844,171369500
1585661400,2020-03-31,260.55999755859375,263.3299865722656,256.2200012207031,257.75,194881100
1585747800,2020-04-01,247.97999572753906,257.6600036621094,243.89999389648438,246.14999389648438,189554600
1585834200,2020-04-02,245.19000244140625,252.67999267578125,244.58999633789062,251.8300018310547,177660400
1585920600,2020-04-03,250.75999450683594,253.32000732421875,245.22000122070312,248.19000244140625,135561200
1586179800,2020-04-06,257.8399963378906,267,248.1699981689453,264.8599853515625,188061200
1586266200,2020-04-07,274.2099914550781,275.0299987792969,264.8900146484375,265.1300048828125,201427200
1586352600,2020-04-08,267.9599914550781,276,265.25,274.0299987792969,153774500
1586439000,2020-04-09,277.5799865722656,281.20001220703125,275.4700012207031,278.20001220703125,189999200
1586784600,2020-04-13,277.1400146484375,277.510009765625,271.4100036621094,275.6600036621094,114839100
1586871000,2020-04-14,280.9800109863281,284.8999938964844,275.510009765625,283.7900085449219,134143400
1586957400,2020-04-15,277.57000732421875,283.94000244140625,275.4599914550781,277.760009765625,121775000
1587043800,2020-04-16,279.1499938964844,280.0299987792969,275.760009765625,279.1000061035156,131798300
1587130200,2020-04-17,285.3800048828125,287.29998779296875,282.3999938964844,286.6400146484375,146684800
1587389400,2020-04-20,282.6099853515625,286.7900085449219,281.3500061035156,281.5899963378906,100109300
1587475800,2020-04-21,276.7300109863281,278.0400085449219,272.0199890136719,273.0400085449219,126385700
1587562200,2020-04-22,278.3500061035156,281,276.9100036621094,279.1000061035156,92951600
1587648600,2020-04-23,280.489990234375,283.94000244140625,278.75,279.0799865722656,104709700
1587735000,2020-04-24,280.7300109863281,283.70001220703125,278.5,282.9700012207031,85063200
1587994200,2020-04-27,285.1199951171875,288.2699890136719,284.6199951171875,287.04998779296875,77896600
1588080600,2020-04-28,291.0199890136719,291.3999938964844,285.3999938964844,285.7300109863281,105270000
1588167000,2020-04-29,291.5299987792969,294.8800048828125,290.4100036621094,293.2099914550781,118745600
1588253400,2020-04-30,291.7099914550781,293.32000732421875,288.5899963378906,290.4800109863281,122901700
1588339800,2020-05-01,285.30999755859375,290.6600036621094,281.5199890136719,282.7900085449219,125180000
1588599000,2020-05-04,280.739990234375,283.8999938964844,279.1300048828125,283.57000732421875,80873200
1588685400,2020-05-05,286.6400146484375,289.25,283.7099914550781,286.19000244140625,79569900
1588771800,2020-05-06,288.0400085449219,288.4599914550781,283.7799987792969,284.25,73632600
1588858200,2020-05-07,287.75,289.7799987792969,287.1300048828125,287.67999267578125,75250400
1588944600,2020-05-08,291.0899963378906,292.95001220703125,289.8599853515625,292.44000244140625,76452400
1589203800,2020-05-11,290.3399963378906,294,289.8800048828125,292.5,79514200
1589290200,2020-05-12,293.7900085449219,294.239990234375,286.5199890136719,286.6700134277344,95870800
1589376600,2020-05-13,286.05999755859375,287.19000244140625,278.9599914550781,281.6000061035156,144721100
1589463000,2020-05-14,278.95001220703125,285.1099853515625,272.989990234375,284.9700012207031,121977900
1589549400,2020-05-15,282.3699951171875,286.3299865722656,281.3399963378906,286.2799987792969,111146300
1589808600,2020-05-18,293.04998779296875,296.75,292.70001220703125,295,119703800
1589895000,2020-05-19,294.3500061035156,296.2099914550781,291.95001220703125,291.9700012207031,95189300
1589981400,2020-05-20,295.82000732421875,297.8699951171875,295.57000732421875,296.92999267578125,85861700
1590067800,2020-05-21,296.7900085449219,297.6700134277344,293.69000244140625,294.8800048828125,78293900
1590154200,2020-05-22,294.57000732421875,295.6300048828125,293.2200012207031,295.44000244140625,63958200
1590499800,2020-05-26,301.92999267578125,302.19000244140625,295.4599914550781,299.0799865722656,88951400
1590586200,2020-05-27,302.1199951171875,303.57000732421875,296.8699951171875,303.5299987792969,104817400
1590672600,2020-05-28,304.6499938964844,306.8399963378906,302.239990234375,302.9700012207031,90405200
1590759000,2020-05-29,302.4599914550781,304.9599914550781,299.4700012207031,304.32000732421875,119090800
1591018200,2020-06-01,303.6199951171875,306.2099914550781,303.05999755859375,305.54998779296875,55758300
1591104600,2020-06-02,306.54998779296875,308.1300048828125,305.1000061035156,308.0799865722656,74267200
1591191000,2020-06-03,310.239990234375,313.2200012207031,309.94000244140625,312.17999267578125,92567600
1591277400,2020-06-04,311.1099853515625,313,309.0799865722656,311.3599853515625,75794400
1591363800,2020-06-05,317.2300109863281,321.2699890136719,317.1600036621094,319.3399963378906,150524700
1591623000,2020-06-08,320.2200012207031,323.4100036621094,319.6300048828125,323.20001220703125,73641200
1591709400,2020-06-09,320.29998779296875,323.2799987792969,319.3599853515625,320.7900085449219,77479200
1591795800,2020-06-10,321.4200134277344,322.3900146484375,318.2200012207031,319,95000800
1591882200,2020-06-11,311.4599914550781,312.1499938964844,300.010009765625,300.6099853515625,209243600
1591968600,2020-06-12,308.239990234375,309.0799865722656,298.6000061035156,304.2099914550781,194678900
1592227800,2020-06-15,298.0199890136719,308.2799987792969,296.739990234375,307.04998779296875,135782700
1592314200,2020-06-16,315.4800109863281,315.6400146484375,307.6700134277344,312.9599914550781,137627500
1592400600,2020-06-17,314.07000732421875,314.3900146484375,310.8599853515625,311.6600036621094,83398900
1592487000,2020-06-18,310.010009765625,312.29998779296875,309.510009765625,311.7799987792969,80828700
1592573400,2020-06-19,314.1700134277344,314.3800048828125,306.5299987792969,308.6400146484375,135549600
1592832600,2020-06-22,307.989990234375,311.04998779296875,306.75,310.6199951171875,74649400
1592919000,2020-06-23,313.489990234375,314.5,311.6099853515625,312.04998779296875,68471200
1593005400,2020-06-24,309.8399963378906,310.510009765625,302.1000061035156,304.0899963378906,132813500
1593091800,2020-06-25,303.4700012207031,307.6400146484375,301.2799987792969,307.3500061035156,89468000
1593178200,2020-06-26,306.1600036621094,306.3900146484375,299.4200134277344,300.04998779296875,127961000
1593437400,2020-06-29,301.4100036621094,304.6099853515625,298.92999267578125,304.4599914550781,79773300
1593523800,2020-06-30,303.989990234375,310.20001220703125,303.82000732421875,308.3599853515625,113394800
1593610200,2020-07-01,309.57000732421875,311.8900146484375,309.07000732421875,310.5199890136719,72396500
1593696600,2020-07-02,314.239990234375,315.70001220703125,311.510009765625,312.2300109863281,69344200
1594042200,2020-07-06,316.3699951171875,317.67999267578125,315.55999755859375,317.04998779296875,61713800
1594128600,2020-07-07,315.3800048828125,317.5199890136719,313.3699951171875,313.7799987792969,82910000
1594215000,2020-07-08,314.6099853515625,316.29998779296875,312.70001220703125,316.17999267578125,54638600
1594301400,2020-07-09,316.8399963378906,317.1000061035156,310.67999267578125,314.3800048828125,83354200
1594387800,2020-07-10,314.30999755859375,317.8800048828125,312.760009765625,317.5899963378906,57550400
1594647000,2020-07-13,320.1300048828125,322.7099914550781,314.1300048828125,314.8399963378906,102997500
1594733400,2020-07-14,313.29998779296875,319.760009765625,312,318.9200134277344,93657000
1594819800,2020-07-15,322.4100036621094,323.0400085449219,319.2699890136719,321.8500061035156,87196500
1594906200,2020-07-16,319.7900085449219,321.2799987792969,319.0899963378906,320.7900085449219,54622500
1594992600,2020-07-17,321.8800048828125,322.57000732421875,319.739990234375,321.7200012207031,62774900
1595251800,2020-07-20,321.42999267578125,325.1300048828125,320.6199951171875,324.32000732421875,56308800
1595338200,2020-07-21,326.45001220703125,326.92999267578125,323.94000244140625,325.010009765625,57292200
1595424600,2020-07-22,324.6199951171875,327.20001220703125,324.5,326.8599853515625,57792900
1595511000,2020-07-23,326.4700012207031,327.2300109863281,321.4800109863281,322.9599914550781,75738000
1595597400,2020-07-24,320.95001220703125,321.989990234375,319.25,320.8800048828125,73766600
1595856600,2020-07-27,321.6300048828125,323.4100036621094,320.7699890136719,323.2200012207031,48293000
1595943000,2020-07-28,322.42999267578125,323.6400146484375,320.8500061035156,321.1700134277344,57495000
1596029400,2020-07-29,322.1199951171875,325.7300109863281,322.0799865722656,325.1199951171875,48454200
1596115800,2020-07-30,321.8999938964844,324.4100036621094,319.6400146484375,323.9599914550781,61861700
1596202200,2020-07-31,325.8999938964844,326.6300048828125,321.3299865722656,326.5199890136719,84986800
1596461400,2020-08-03,328.32000732421875,329.6199951171875,327.7300109863281,328.7900085449219,53077900
1596547800,2020-08-04,327.8599853515625,330.05999755859375,327.8599853515625,330.05999755859375,41917900
1596634200,2020-08-05,331.4700012207031,332.3900146484375,331.17999267578125,332.1099853515625,42697700
1596720600,2020-08-06,331.4800109863281,334.4599914550781,331.1300048828125,334.3299865722656,43679400
1596807000,2020-08-07,333.2799987792969,334.8800048828125,332.29998779296875,334.57000732421875,57308300
1597066200,2020-08-10,335.05999755859375,335.7699890136719,332.9599914550781,335.57000732421875,44282100
1597152600,2020-08-11,336.8500061035156,337.5400085449219,332.010009765625,332.79998779296875,69601100
1597239000,2020-08-12,335.44000244140625,338.2799987792969,335.4100036621094,337.44000244140625,53774400
1597325400,2020-08-13,336.6099853515625,338.25,335.8299865722656,336.8299865722656,41816100
1597411800,2020-08-14,336.4100036621094,337.4200134277344,335.6199951171875,336.8399963378906,47260400
1597671000,2020-08-17,337.94000244140625,338.3399963378906,336.8500061035156,337.9100036621094,35481000
1597757400,2020-08-18,338.3399963378906,339.1000061035156,336.6099853515625,338.6400146484375,38733900
1597843800,2020-08-19,339.04998779296875,339.6099853515625,336.6199951171875,337.2300109863281,68054200
1597930200,2020-08-20,335.3599853515625,338.79998779296875,335.2200012207031,338.2799987792969,42207800
1598016600,2020-08-21,337.9200134277344,339.7200012207031,337.54998779296875,339.4800109863281,55106600
1598275800,2020-08-24,342.1199951171875,343,339.45001220703125,342.9200134277344,48588700
1598362200,2020-08-25,343.5299987792969,344.2099914550781,342.2699890136719,344.1199951171875,38463400
1598448600,2020-08-26,344.760009765625,347.8599853515625,344.1700134277344,347.57000732421875,50790200
1598535000,2020-08-27,348.510009765625,349.8999938964844,346.5299987792969,348.3299865722656,58034100
1598621400,2020-08-28,349.44000244140625,350.7200012207031,348.1499938964844,350.5799865722656,48588900
1598880600,2020-08-31,350.3500061035156,351.29998779296875,349.05999755859375,349.30999755859375,66099200
1598967000,2020-09-01,350.2099914550781,352.7099914550781,349.239990234375,352.6000061035156,54908700
1599053400,2020-09-02,354.6700134277344,358.75,353.42999267578125,357.70001220703125,69540000
1599139800,2020-09-03,355.8699951171875,356.3800048828125,342.5899963378906,345.3900146484375,148011100
1599226200,2020-09-04,346.1300048828125,347.8299865722656,334.8699951171875,342.57000732421875,139156300
1599571800,2020-09-08,336.7099914550781,342.6400146484375,332.8800048828125,333.2099914550781,114465300
1599658200,2020-09-09,337.54998779296875,342.4599914550781,336.6099853515625,339.7900085449219,91462300
1599744600,2020-09-10,341.82000732421875,342.5299987792969,332.8500061035156,333.8900146484375,90569500
1599831000,2020-09-11,335.82000732421875,336.9700012207031,331,334.05999755859375,84680200
1600090200,2020-09-14,337.489990234375,340.3800048828125,334.2200012207031,338.4599914550781,65605700
1600176600,2020-09-15,341.1199951171875,342.0199890136719,338.4700012207031,340.1700134277344,52920900
1600263000,2020-09-16,341.510009765625,343.05999755859375,338.5199890136719,338.82000732421875,82096000
1600349400,2020-09-17,333.55999755859375,337.70001220703125,332.989990234375,335.8399963378906,91523300
1600435800,2020-09-18,335.3699951171875,335.489990234375,327.9700012207031,330.6499938964844,105877900
1600695000,2020-09-21,325.70001220703125,327.1300048828125,321.7300109863281,326.9700012207031,99450800
1600781400,2020-09-22,328.57000732421875,330.8999938964844,325.8599853515625,330.29998779296875,63612100
1600867800,2020-09-23,330.8999938964844,331.20001220703125,322.1000061035156,322.6400146484375,93112200
1600954200,2020-09-24,321.2200012207031,326.79998779296875,319.79998779296875,323.5,76681300
1601040600,2020-09-25,322.5799865722656,329.5799865722656,321.6400146484375,328.7300109863281,71069400
1601299800,2020-09-28,333.2200012207031,334.9599914550781,332.1499938964844,334.19000244140625,64584600
1601386200,2020-09-29,333.9700012207031,334.7699890136719,331.6199951171875,332.3699951171875,51304000
1601472600,2020-09-30,333.0899963378906,338.2900085449219,332.8800048828125,334.8900146484375,104081100
1601559000,2020-10-01,337.69000244140625,338.739990234375,335.010009765625,337.0400085449219,88698700
1601645400,2020-10-02,331.70001220703125,337.010009765625,331.19000244140625,333.8399963378906,89431100
1601904600,2020-10-05,336.05999755859375,339.9599914550781,336.010009765625,339.760009765625,45713100
1601991000,2020-10-06,339.9100036621094,342.1700134277344,334.3800048828125,334.92999267578125,90128900
1602077400,2020-10-07,338.1199951171875,341.6300048828125,338.0899963378906,340.760009765625,56999600
1602163800,2020-10-08,342.8500061035156,343.8500061035156,341.8599853515625,343.7799987792969,45242500
1602250200,2020-10-09,345.55999755859375,347.3500061035156,344.8900146484375,346.8500061035156,59528600
1602509400,2020-10-12,349.5899963378906,354.0199890136719,349.05999755859375,352.42999267578125,80388500
1602595800,2020-10-13,352.2799987792969,352.4700012207031,349.0899963378906,350.1300048828125,73255500
1602682200,2020-10-14,350.75,351.92999267578125,347.1400146484375,347.92999267578125,57727900
1602768600,2020-10-15,343.7099914550781,348.0199890136719,343.1300048828125,347.5,60357700
1602855000,2020-10-16,348.9599914550781,350.75,347.1000061035156,347.2900085449219,89501900
1603114200,2020-10-19,348.6499938964844,349.3299865722656,341.0400085449219,342.010009765625,68425600
1603200600,2020-10-20,343.4599914550781,346.8800048828125,342.6400146484375,343.3800048828125,60051900
1603287000,2020-10-21,343.3299865722656,345.6700134277344,342.3999938964844,342.7300109863281,63575000
1603373400,2020-10-22,342.9599914550781,345.239990234375,340.6499938964844,344.6099853515625,55399300
1603459800,2020-10-23,345.92999267578125,345.989990234375,343.1300048828125,345.7799987792969,49143900
1603719000,2020-10-26,342.1300048828125,342.9800109863281,335.6199951171875,339.3900146484375,91473000
1603805400,2020-10-27,339.760009765625,340.1199951171875,337.989990234375,338.2200012207031,65994100
1603891800,2020-10-28,332.1000061035156,338.25,326.1300048828125,326.6600036621094,127094300
1603978200,2020-10-29,326.9100036621094,333.3999938964844,325.0899963378906,329.9800109863281,90597700
1604064600,2020-10-30,328.2799987792969,329.69000244140625,322.6000061035156,326.5400085449219,120287300
1604327400,2020-11-02,330.20001220703125,332.3599853515625,327.239990234375,330.20001220703125,86068300
1604413800,2020-11-03,333.69000244140625,338.25,330.2900085449219,336.0299987792969,93294200
1604500200,2020-11-04,340.8599853515625,347.94000244140625,339.5899963378906,343.5400085449219,126959700
1604586600,2020-11-05,349.239990234375,352.19000244140625,348.8599853515625,350.239990234375,82039700
1604673000,2020-11-06,349.92999267578125,351.510009765625,347.6499938964844,350.1600036621094,74973000
1604932200,2020-11-09,363.9700012207031,364.3800048828125,354.05999755859375,354.55999755859375,172304200
1605018600,2020-11-10,353.489990234375,355.17999267578125,350.510009765625,354.0400085449219,85552000
1605105000,2020-11-11,356.3999938964844,357.55999755859375,355.05999755859375,356.6700134277344,58649000
1605191400,2020-11-12,355.5799865722656,356.7200012207031,351.260009765625,353.2099914550781,67546200
1605277800,2020-11-13,355.2699890136719,358.8999938964844,354.7099914550781,358.1000061035156,62892200
1605537000,2020-11-16,360.9800109863281,362.7799987792969,359.5899963378906,362.57000732421875,74541100
1605623400,2020-11-17,359.9700012207031,361.9200134277344,358.3399963378906,360.6199951171875,66111000
1605709800,2020-11-18,360.9100036621094,361.5,356.239990234375,356.2799987792969,70591300
1605796200,2020-11-19,355.6000061035156,358.17999267578125,354.1499938964844,357.7799987792969,59940900
1605882600,2020-11-20,357.5,357.7200012207031,355.25,355.3299865722656,70417300
1606141800,2020-11-23,357.2799987792969,358.82000732421875,354.8699951171875,357.4599914550781,63230600
1606228200,2020-11-24,360.2099914550781,363.80999755859375,359.2900085449219,363.2200012207031,62415900
1606314600,2020-11-25,363.1300048828125,363.1600036621094,361.4800109863281,362.6600036621094,45330900
1606487400,2020-11-27,363.8399963378906,364.17999267578125,362.5799865722656,363.6700134277344,28514100
1606746600,2020-11-30,362.8299865722656,363.1199951171875,359.1700134277344,362.05999755859375,83872700
1606833000,2020-12-01,365.57000732421875,367.67999267578125,364.92999267578125,366.0199890136719,74231400
1606919400,2020-12-02,364.82000732421875,366.9599914550781,364.20001220703125,366.7900085449219,45927000
1607005800,2020-12-03,366.67999267578125,368.19000244140625,365.5,366.69000244140625,62882000
1607092200,2020-12-04,367.32000732421875,369.8500061035156,367.2200012207031,369.8500061035156,50749900
1607351400,2020-12-07,369.0199890136719,369.6199951171875,367.7200012207031,369.0899963378906,48944300
1607437800,2020-12-08,367.7200012207031,370.7799987792969,367.6700134277344,370.1700134277344,42458900
1607524200,2020-12-09,370.8800048828125,371.04998779296875,365.95001220703125,366.8500061035156,74098300
1607610600,2020-12-10,365.3699951171875,367.8599853515625,364.42999267578125,366.7300109863281,57735400
1607697000,2020-12-11,364.8999938964844,366.739990234375,363.260009765625,366.29998779296875,57698600
1607956200,2020-12-14,368.6400146484375,369.79998779296875,364.4700012207031,364.6600036621094,69216200
1608042600,2020-12-15,367.3999938964844,369.5899963378906,365.9200134277344,369.5899963378906,63865300
1608129000,2020-12-16,369.82000732421875,371.1600036621094,368.8699951171875,370.1700134277344,58420500
1608215400,2020-12-17,371.94000244140625,372.4599914550781,371.04998779296875,372.239990234375,64119500
1608301800,2020-12-18,370.9700012207031,371.1499938964844,367.0199890136719,369.17999267578125,136542300
1608561000,2020-12-21,364.9700012207031,378.4599914550781,362.0299987792969,367.8599853515625,96386700
1608647400,2020-12-22,368.2099914550781,368.3299865722656,366.0299987792969,367.239990234375,47949000
1608733800,2020-12-23,368.2799987792969,369.6199951171875,367.2200012207031,367.57000732421875,46201400
1608820200,2020-12-24,368.0799865722656,369.0299987792969,367.45001220703125,369,26457900
1609165800,2020-12-28,371.739990234375,372.5899963378906,371.07000732421875,372.1700134277344,39000400
1609252200,2020-12-29,373.80999755859375,374,370.8299865722656,371.4599914550781,53680500
1609338600,2020-12-30,372.3399963378906,373.1000061035156,371.57000732421875,371.989990234375,49455300
1609425000,2020-12-31,371.7799987792969,374.6600036621094,371.2300109863281,373.8800048828125,78520700
1609770600,2021-01-04,375.30999755859375,375.45001220703125,364.82000732421875,368.7900085449219,110210800
1609857000,2021-01-05,368.1000061035156,372.5,368.04998779296875,371.3299865722656,66426200
1609943400,2021-01-06,369.7099914550781,376.9800109863281,369.1199951171875,373.54998779296875,107997700
1610029800,2021-01-07,376.1000061035156,379.8999938964844,375.9100036621094,379.1000061035156,68766800
1610116200,2021-01-08,380.5899963378906,381.489990234375,377.1000061035156,381.260009765625,71677200
1610375400,2021-01-11,377.8500061035156,380.5799865722656,377.7200012207031,378.69000244140625,51034700
1610461800,2021-01-12,378.8900146484375,379.8599853515625,376.3599853515625,378.7699890136719,52547700
1610548200,2021-01-13,378.69000244140625,380.8599853515625,377.8500061035156,379.7900085449219,45303600
1610634600,2021-01-14,380.5899963378906,381.1300048828125,378.1000061035156,378.4599914550781,49989100
1610721000,2021-01-15,376.7200012207031,377.5799865722656,373.70001220703125,375.70001220703125,107160000
1611066600,2021-01-19,378.3399963378906,379.2300109863281,376.75,378.6499938964844,51233300
1611153000,2021-01-20,381.1099853515625,384.7900085449219,380.69000244140625,383.8900146484375,61836100
1611239400,2021-01-21,384.489990234375,384.95001220703125,383.25,384.239990234375,47840100
1611325800,2021-01-22,382.25,384.1300048828125,381.8399963378906,382.8800048828125,52860500
1611585000,2021-01-25,383.6700134277344,384.7699890136719,378.4599914550781,384.3900146484375,70402000
1611671400,2021-01-26,385.4100036621094,385.8500061035156,383.5400085449219,383.7900085449219,42665300
1611757800,2021-01-27,380.2200012207031,380.32000732421875,372.010009765625,374.4100036621094,123351100
1611844200,2021-01-28,376.3599853515625,381.92999267578125,375.8900146484375,377.6300048828125,94198100
1611930600,2021-01-29,375.6300048828125,376.6700134277344,368.2699890136719,370.07000732421875,126765100
1612189800,2021-02-01,373.7200012207031,377.3399963378906,370.3800048828125,376.2300109863281,75817600
1612276200,2021-02-02,379.6499938964844,383.2200012207031,376.32000732421875,381.54998779296875,64450700
1612362600,2021-02-03,382.44000244140625,383.70001220703125,380.4800109863281,381.8500061035156,52427100
1612449000,2021-02-04,382.9599914550781,386.239990234375,381.9700012207031,386.19000244140625,47142600
1612535400,2021-02-05,388.20001220703125,388.4700012207031,386.1400146484375,387.7099914550781,48669800
1612794600,2021-02-08,389.2699890136719,390.55999755859375,388.3500061035156,390.510009765625,38365200
1612881000,2021-02-09,389.6099853515625,390.8900146484375,389.1700134277344,390.25,35551100
1612967400,2021-02-10,392.1199951171875,392.2799987792969,387.5,390.0799865722656,59154400
1613053800,2021-02-11,391.239990234375,391.69000244140625,388.1000061035156,390.7099914550781,42913300
1613140200,2021-02-12,389.8500061035156,392.8999938964844,389.7699890136719,392.6400146484375,50593300
1613485800,2021-02-16,393.9599914550781,394.1700134277344,391.5299987792969,392.29998779296875,50972400
1613572200,2021-02-17,390.4200134277344,392.6600036621094,389.3299865722656,392.3900146484375,52290600
1613658600,2021-02-18,389.5899963378906,391.5199890136719,387.739990234375,390.7200012207031,59712800
1613745000,2021-02-19,392.07000732421875,392.3800048828125,389.54998779296875,390.0299987792969,83241000
1614004200,2021-02-22,387.05999755859375,389.6199951171875,386.739990234375,387.0299987792969,67414200
1614090600,2021-02-23,384.6600036621094,388.95001220703125,380.20001220703125,387.5,107284100
1614177000,2021-02-24,386.3299865722656,392.2300109863281,385.2699890136719,391.7699890136719,72433900
1614263400,2021-02-25,390.4100036621094,391.8800048828125,380.7799987792969,382.3299865722656,146670500
1614349800,2021-02-26,384.3500061035156,385.5799865722656,378.2300109863281,380.3599853515625,152701600
1614609000,2021-03-01,385.5899963378906,390.9200134277344,380.57000732421875,389.5799865722656,105348800
1614695400,2021-03-02,389.82000732421875,390.07000732421875,386,386.5400085449219,79595300
1614781800,2021-03-03,385.7900085449219,386.8299865722656,381.30999755859375,381.4200134277344,119940200
1614868200,2021-03-04,381.2200012207031,384,371.8800048828125,376.70001220703125,183433000
1614954600,2021-03-05,380.4599914550781,384.760009765625,372.6400146484375,383.6300048828125,152039600
1615213800,2021-03-08,384.6600036621094,387.67999267578125,381.4200134277344,381.7200012207031,123149200
1615300200,2021-03-09,385.8500061035156,389.9100036621094,385.30999755859375,387.1700134277344,113633600
1615386600,2021-03-10,389.69000244140625,391.3999938964844,388.1700134277344,389.5799865722656,109899400
1615473000,2021-03-11,392.2300109863281,395.6499938964844,391.739990234375,393.5299987792969,86245000
1615559400,2021-03-12,392.07000732421875,394.2099914550781,391.20001220703125,394.05999755859375,64653600
1615815000,2021-03-15,394.3299865722656,396.69000244140625,392.0299987792969,396.4100036621094,73427200
1615901400,2021-03-16,397.07000732421875,397.8299865722656,395.0799865722656,395.9100036621094,73722500
1615987800,2021-03-17,394.5299987792969,398.1199951171875,393.29998779296875,397.260009765625,97959300
1616074200,2021-03-18,394.4800109863281,396.7200012207031,390.75,391.4800109863281,115349100
1616160600,2021-03-19,389.8800048828125,391.57000732421875,387.1499938964844,389.4800109863281,113624500
1616419800,2021-03-22,390.0299987792969,394.07000732421875,389.9700012207031,392.5899963378906,73778600
1616506200,2021-03-23,391.9100036621094,393.4599914550781,388.6600036621094,389.5,90686600
1616592600,2021-03-24,391,392.75,387.4700012207031,387.5199890136719,97588600
1616679000,2021-03-25,385.9800109863281,390.54998779296875,383.8999938964844,389.70001220703125,116128600
1616765400,2021-03-26,390.92999267578125,396.4100036621094,390.2900085449219,395.9800109863281,114409100
1617024600,2021-03-29,394.3999938964844,396.75,392.80999755859375,395.7799987792969,108107600
1617111000,2021-03-30,394.4200134277344,395.45001220703125,393.0199890136719,394.7300109863281,76262200
1617197400,2021-03-31,395.3399963378906,398,395.30999755859375,396.3299865722656,112734200
1617283800,2021-04-01,398.3999938964844,400.6700134277344,398.17999267578125,400.6099853515625,99682900
1617629400,2021-04-05,403.4599914550781,406.94000244140625,403.3800048828125,406.3599853515625,91684800
1617715800,2021-04-06,405.760009765625,407.239990234375,405.3999938964844,406.1199951171875,62021000
1617802200,2021-04-07,405.94000244140625,406.9599914550781,405.45001220703125,406.5899963378906,55836300
1617888600,2021-04-08,407.92999267578125,408.5799865722656,406.92999267578125,408.5199890136719,57863100
1617975000,2021-04-09,408.3900146484375,411.6700134277344,408.260009765625,411.489990234375,61104600
1618234200,2021-04-12,410.8500061035156,411.92999267578125,410.20001220703125,411.6400146484375,56704900
1618320600,2021-04-13,411.5299987792969,413.5299987792969,411.1199951171875,412.8599853515625,56551000
1618407000,2021-04-14,412.8299865722656,413.9599914550781,410.8699951171875,411.45001220703125,61659900
1618493400,2021-04-15,413.739990234375,416.1600036621094,413.69000244140625,415.8699951171875,60229800
1618579800,2021-04-16,417.25,417.9100036621094,415.7300109863281,417.260009765625,82037300
1618839000,2021-04-19,416.260009765625,416.739990234375,413.7900085449219,415.2099914550781,78498500
1618925400,2021-04-20,413.9100036621094,415.0899963378906,410.5899963378906,412.1700134277344,81851800
1619011800,2021-04-21,411.510009765625,416.2900085449219,411.3599853515625,416.07000732421875,66793000
1619098200,2021-04-22,415.8900146484375,416.7799987792969,411.1300048828125,412.2699890136719,97582800
1619184600,2021-04-23,412.8699951171875,418.25,412.7900085449219,416.739990234375,73209200
1619443800,2021-04-26,417.44000244140625,418.2200012207031,416.80999755859375,417.6099853515625,52182400
1619530200,2021-04-27,417.92999267578125,418.1400146484375,416.29998779296875,417.5199890136719,51303100
1619616600,2021-04-28,417.80999755859375,419.010009765625,416.8999938964844,417.3999938964844,51238900
1619703000,2021-04-29,420.32000732421875,420.7200012207031,416.44000244140625,420.05999755859375,78544300
1619789400,2021-04-30,417.6300048828125,418.5400085449219,416.3399963378906,417.29998779296875,85527000
1620048600,2021-05-03,419.42999267578125,419.8399963378906,417.6700134277344,418.20001220703125,68128300
1620135000,2021-05-04,416.07000732421875,416.6000061035156,411.6700134277344,415.6199951171875,101591200
1620221400,2021-05-05,417.3800048828125,417.6300048828125,415.1499938964844,415.75,60162200
1620307800,2021-05-06,415.8299865722656,419.2099914550781,413.67999267578125,419.07000732421875,74321400
1620394200,2021-05-07,419.8900146484375,422.82000732421875,419.1600036621094,422.1199951171875,67733800
1620653400,2021-05-10,422.5,422.739990234375,417.80999755859375,417.94000244140625,81852400
1620739800,2021-05-11,413.1000061035156,415.2699890136719,410.05999755859375,414.2099914550781,116888000
1620826200,2021-05-12,411.2300109863281,412.5899963378906,404,405.4100036621094,134811000
1620912600,2021-05-13,407.07000732421875,412.3500061035156,407.0199890136719,410.2799987792969,106394000
1620999000,2021-05-14,413.2099914550781,417.489990234375,413.17999267578125,416.5799865722656,82201600
1621258200,2021-05-17,415.3900146484375,416.3900146484375,413.3599853515625,415.5199890136719,65129200
1621344600,2021-05-18,415.79998779296875,416.05999755859375,411.7699890136719,411.94000244140625,59810200
1621431000,2021-05-19,406.9200134277344,411.04998779296875,405.3299865722656,410.8599853515625,106467100
1621517400,2021-05-20,411.79998779296875,416.6300048828125,411.6700134277344,415.2799987792969,78022200
1621603800,2021-05-21,416.8699951171875,418.20001220703125,414.45001220703125,414.94000244140625,76578700
1621863000,2021-05-24,417.3399963378906,420.32000732421875,417.0799865722656,419.1700134277344,51376700
1621949400,2021-05-25,420.3299865722656,420.7099914550781,417.6199951171875,418.239990234375,57451400
1622035800,2021-05-26,418.8699951171875,419.6099853515625,417.760009765625,419.07000732421875,43088600
1622122200,2021-05-27,420.1700134277344,420.7200012207031,418.989990234375,419.2900085449219,56707700
1622208600,2021-05-28,420.9700012207031,421.25,419.7900085449219,420.0400085449219,58520200
1622554200,2021-06-01,422.57000732421875,422.7200012207031,419.20001220703125,419.6700134277344,54216600
1622640600,2021-06-02,420.3699951171875,421.2300109863281,419.2900085449219,420.3299865722656,49097100
1622727000,2021-06-03,417.8500061035156,419.989990234375,416.2799987792969,418.7699890136719,58138800
1622813400,2021-06-04,420.75,422.9200134277344,418.8399963378906,422.6000061035156,55938800
1623072600,2021-06-07,422.5899963378906,422.7799987792969,421.19000244140625,422.19000244140625,51555000
1623159000,2021-06-08,423.1099853515625,423.2099914550781,420.32000732421875,422.2799987792969,47134300
1623245400,2021-06-09,423.17999267578125,423.260009765625,421.4100036621094,421.6499938964844,48436300
1623331800,2021-06-10,422.9599914550781,424.6300048828125,421.54998779296875,423.6099853515625,51020100
1623418200,2021-06-11,424.20001220703125,424.42999267578125,422.82000732421875,424.30999755859375,45570800
1623677400,2021-06-14,424.42999267578125,425.3699951171875,423.1000061035156,425.260009765625,42358500
1623763800,2021-06-15,425.4200134277344,425.4599914550781,423.5400085449219,424.4800109863281,51508500
1623850200,2021-06-16,424.6300048828125,424.8699951171875,419.9200134277344,422.1099853515625,80386100
1623936600,2021-06-17,421.6700134277344,423.0199890136719,419.32000732421875,421.9700012207031,90949700
1624023000,2021-06-18,417.0899963378906,417.8299865722656,414.70001220703125,414.9200134277344,118676300
1624282200,2021-06-21,416.79998779296875,421.05999755859375,415.92999267578125,420.8599853515625,72822000
1624368600,2021-06-22,420.8500061035156,424,420.0799865722656,423.1099853515625,57700300
1624455000,2021-06-23,423.19000244140625,424.04998779296875,422.510009765625,422.6000061035156,49445400
1624541400,2021-06-24,424.8900146484375,425.54998779296875,424.6199951171875,425.1000061035156,45110300
1624627800,2021-06-25,425.8999938964844,427.0899963378906,425.54998779296875,426.6099853515625,58129500
1624887000,2021-06-28,427.1700134277344,427.6499938964844,425.8900146484375,427.4700012207031,53159600
1624973400,2021-06-29,427.8800048828125,428.55999755859375,427.1300048828125,427.70001220703125,35970500
1625059800,2021-06-30,427.2099914550781,428.7799987792969,427.17999267578125,428.05999755859375,64827900
1625146200,2021-07-01,428.8699951171875,430.6000061035156,428.79998779296875,430.42999267578125,53441000
1625232600,2021-07-02,431.6700134277344,434.1000061035156,430.5199890136719,433.7200012207031,57697700
1625578200,2021-07-06,433.7799987792969,434.010009765625,430.010009765625,432.92999267578125,68710400
1625664600,2021-07-07,433.6600036621094,434.760009765625,431.510009765625,434.4599914550781,63549500
1625751000,2021-07-08,428.7799987792969,431.7300109863281,427.5199890136719,430.9200134277344,97595200
1625837400,2021-07-09,432.5299987792969,435.8399963378906,430.7099914550781,435.5199890136719,76238600
1626096600,2021-07-12,435.42999267578125,437.3500061035156,434.9700012207031,437.0799865722656,52889600
1626183000,2021-07-13,436.239990234375,437.8399963378906,435.30999755859375,435.5899963378906,52911300
1626269400,2021-07-14,437.3999938964844,437.9200134277344,434.9100036621094,436.239990234375,64130400
1626355800,2021-07-15,434.80999755859375,435.5299987792969,432.7200012207031,434.75,55126400
1626442200,2021-07-16,436.010009765625,436.05999755859375,430.9200134277344,431.3399963378906,75874700
1626701400,2021-07-19,426.19000244140625,431.4100036621094,421.9700012207031,424.9700012207031,147987000
1626787800,2021-07-20,425.67999267578125,432.4200134277344,424.8299865722656,431.05999755859375,99608200
1626874200,2021-07-21,432.3399963378906,434.70001220703125,431.010009765625,434.54998779296875,64724400
1626960600,2021-07-22,434.739990234375,435.7200012207031,433.69000244140625,435.4599914550781,47878500
1627047000,2021-07-23,437.5199890136719,440.29998779296875,436.7900085449219,439.94000244140625,63766600
1627306200,2021-07-26,439.30999755859375,441.0299987792969,439.260009765625,441.0199890136719,43719200
1627392600,2021-07-27,439.9100036621094,439.94000244140625,435.989990234375,439.010009765625,67397100
1627479000,2021-07-28,439.67999267578125,440.29998779296875,437.30999755859375,438.8299865722656,52472400
1627565400,2021-07-29,439.82000732421875,441.79998779296875,439.80999755859375,440.6499938964844,47435300
1627651800,2021-07-30,437.9100036621094,440.05999755859375,437.7699890136719,438.510009765625,68951200
1627911000,2021-08-02,440.3399963378906,440.92999267578125,437.2099914550781,437.5899963378906,58783300
1627997400,2021-08-03,438.44000244140625,441.2799987792969,436.1000061035156,441.1499938964844,58053900
1628083800,2021-08-04,439.7799987792969,441.1199951171875,438.7300109863281,438.9800109863281,46732200
1628170200,2021-08-05,440.2200012207031,441.8500061035156,439.8800048828125,441.760009765625,38969700
1628256600,2021-08-06,442.1000061035156,442.94000244140625,441.79998779296875,442.489990234375,46930000
1628515800,2021-08-09,442.4599914550781,442.79998779296875,441.30999755859375,442.1300048828125,41222600
1628602200,2021-08-10,442.6099853515625,443.44000244140625,441.8800048828125,442.67999267578125,43339300
1628688600,2021-08-11,443.82000732421875,443.8800048828125,442.6199951171875,443.7799987792969,44034300
1628775000,2021-08-12,443.6199951171875,445.260009765625,442.6600036621094,445.1099853515625,38909400
1628861400,2021-08-13,445.5899963378906,445.94000244140625,445.07000732421875,445.9200134277344,39470300
1629120600,2021-08-16,444.5299987792969,447.1099853515625,442.8699951171875,446.9700012207031,73740000
1629207000,2021-08-17,444.239990234375,444.9599914550781,440.8500061035156,444.0400085449219,92673900
1629293400,2021-08-18,442.9599914550781,444.6300048828125,438.9200134277344,439.17999267578125,89351900
1629379800,2021-08-19,436.2699890136719,441.1400146484375,436.1199951171875,439.8599853515625,92812200
1629466200,2021-08-20,440.2300109863281,443.7099914550781,439.7099914550781,443.3599853515625,72008700
1629725400,2021-08-23,445.1600036621094,448.2300109863281,443.44000244140625,447.260009765625,54973000
1629811800,2021-08-24,447.9700012207031,448.5400085449219,447.4200134277344,447.9700012207031,38744700
1629898200,2021-08-25,448.1700134277344,449.4599914550781,447.7699890136719,448.9100036621094,40529700
1629984600,2021-08-26,448.6099853515625,448.8599853515625,446.1600036621094,446.260009765625,57829600
1630071000,2021-08-27,447.1199951171875,450.6499938964844,447.05999755859375,450.25,77235100
1630330200,2021-08-30,450.9700012207031,453.07000732421875,450.7099914550781,452.2300109863281,48357400
1630416600,2021-08-31,452.1300048828125,452.489990234375,450.9200134277344,451.55999755859375,59300200
1630503000,2021-09-01,452.55999755859375,453.1099853515625,451.54998779296875,451.79998779296875,48721400
1630589400,2021-09-02,453.32000732421875,454.04998779296875,451.9100036621094,453.19000244140625,42501000
1630675800,2021-09-03,451.9800109863281,453.6300048828125,451.54998779296875,453.0799865722656,47170500
1631021400,2021-09-07,452.7099914550781,452.80999755859375,450.739990234375,451.4599914550781,51671500
1631107800,2021-09-08,450.8900146484375,451.6700134277344,448.8599853515625,450.9100036621094,56181900
1631194200,2021-09-09,450.70001220703125,452.57000732421875,448.7200012207031,448.9800109863281,57970400
1631280600,2021-09-10,451.0400085449219,451.489990234375,445.30999755859375,445.44000244140625,89948200
1631539800,2021-09-13,448.6400146484375,448.9200134277344,444.1099853515625,446.5799865722656,83738600
1631626200,2021-09-14,448.1199951171875,448.3399963378906,443.2200012207031,444.1700134277344,78197100
1631712600,2021-09-15,444.6199951171875,448.4100036621094,443.44000244140625,447.8800048828125,78792200
1631799000,2021-09-16,447.32000732421875,448.3599853515625,444.0199890136719,447.1700134277344,77786700
1631885400,2021-09-17,444.9200134277344,445.3699951171875,441.0199890136719,441.3999938964844,118425000
1632144600,2021-09-20,434.8800048828125,436.55999755859375,428.8599853515625,434.0400085449219,166445500
1632231000,2021-09-21,436.5299987792969,437.9100036621094,433.07000732421875,433.6300048828125,92526100
1632317400,2021-09-22,436.04998779296875,440.0299987792969,433.75,437.8599853515625,102350100
1632403800,2021-09-23,439.8500061035156,444.8900146484375,439.6000061035156,443.17999267578125,76396000
1632490200,2021-09-24,441.44000244140625,444.6700134277344,441.2099914550781,443.9100036621094,62094800
1632749400,2021-09-27,442.80999755859375,444.04998779296875,441.8999938964844,442.6400146484375,61371100
1632835800,2021-09-28,439.69000244140625,440.0400085449219,432.94000244140625,433.7200012207031,130436300
1632922200,2021-09-29,435.19000244140625,437.0400085449219,433.8500061035156,434.45001220703125,82329200
1633008600,2021-09-30,436.0199890136719,436.7699890136719,428.7799987792969,429.1400146484375,140506000
1633095000,2021-10-01,430.9800109863281,436.0299987792969,427.2300109863281,434.239990234375,129240100
1633354200,2021-10-04,433,433.9599914550781,426.3599853515625,428.6400146484375,128570000
1633440600,2021-10-05,430.239990234375,435.489990234375,429.3900146484375,433.1000061035156,90682500
1633527000,2021-10-06,429.2699890136719,435.1199951171875,427.5400085449219,434.8999938964844,113032200
1633613400,2021-10-07,438.3900146484375,441.67999267578125,438.20001220703125,438.6600036621094,72437500
1633699800,2021-10-08,439.4800109863281,439.8900146484375,437.19000244140625,437.8599853515625,74557400
1633959000,2021-10-11,437.1600036621094,440.260009765625,434.6199951171875,434.69000244140625,65233300
1634045400,2021-10-12,435.6700134277344,436.1000061035156,432.7799987792969,433.6199951171875,71181200
1634131800,2021-10-13,434.7099914550781,436.04998779296875,431.5400085449219,435.17999267578125,72974000
1634218200,2021-10-14,439.0799865722656,442.6600036621094,438.5799865722656,442.5,70236800
1634304600,2021-10-15,444.75,446.260009765625,444.0899963378906,445.8699951171875,66260200
1634563800,2021-10-18,443.9700012207031,447.54998779296875,443.2699890136719,447.19000244140625,62213200
1634650200,2021-10-19,448.9200134277344,450.7099914550781,448.2699890136719,450.6400146484375,46996800
1634736600,2021-10-20,451.1300048828125,452.7300109863281,451.010009765625,452.4100036621094,49571600
1634823000,2021-10-21,451.7699890136719,453.8299865722656,451.30999755859375,453.5899963378906,41305400
1634909400,2021-10-22,453.1300048828125,454.6700134277344,451.04998779296875,453.1199951171875,58845100
1635168600,2021-10-25,454.2799987792969,455.8999938964844,452.3900146484375,455.54998779296875,45214500
1635255000,2021-10-26,457.20001220703125,458.489990234375,455.55999755859375,455.9599914550781,56075100
1635341400,2021-10-27,456.45001220703125,457.1600036621094,453.8599853515625,453.94000244140625,72438000
1635427800,2021-10-28,455.4599914550781,458.3999938964844,455.45001220703125,458.32000732421875,51437900
1635514200,2021-10-29,455.8699951171875,459.55999755859375,455.55999755859375,459.25,70162400
1635773400,2021-11-01,460.29998779296875,460.70001220703125,458.20001220703125,460.0400085449219,48433600
1635859800,2021-11-02,460.2200012207031,462.2300109863281,460.0799865722656,461.8999938964844,48908400
1635946200,2021-11-03,461.29998779296875,465.1499938964844,460.8299865722656,464.7200012207031,52509800
1636032600,2021-11-04,465.3599853515625,467,464.989990234375,466.9100036621094,52847100
1636119000,2021-11-05,469.2799987792969,470.6499938964844,466.9200134277344,468.5299987792969,66390600
1636381800,2021-11-08,469.70001220703125,470.2300109863281,468.20001220703125,468.92999267578125,50405200
1636468200,2021-11-09,469.32000732421875,469.57000732421875,465.8800048828125,467.3800048828125,51149100
1636554600,2021-11-10,465.5799865722656,467.3800048828125,462.0400085449219,463.6199951171875,69429700
1636641000,2021-11-11,465.2099914550781,465.2900085449219,463.75,463.7699890136719,34848500
1636727400,2021-11-12,465.1199951171875,467.8599853515625,464.1099853515625,467.2699890136719,53466700
1636986600,2021-11-15,468.6400146484375,468.80999755859375,466.2300109863281,467.42999267578125,46980500
1637073000,2021-11-16,467.1499938964844,470.489990234375,467.07000732421875,469.2799987792969,48857500
1637159400,2021-11-17,469,469.19000244140625,467.4800109863281,468.1400146484375,47858300
1637245800,2021-11-18,469.239990234375,470.010009765625,466.3399963378906,469.7300109863281,50625600
1637332200,2021-11-19,469.6099853515625,470.94000244140625,468.5,468.8900146484375,57315600
1637591400,2021-11-22,470.8900146484375,473.5400085449219,467.3500061035156,467.57000732421875,72762000
1637677800,2021-11-23,467.2200012207031,469.1000061035156,464.45001220703125,468.19000244140625,73206500
1637764200,2021-11-24,466.05999755859375,469.57000732421875,465.19000244140625,469.44000244140625,61858800
1637937000,2021-11-26,462.3399963378906,463.8999938964844,457.7699890136719,458.9700012207031,112669600
1638196200,2021-11-29,464.07000732421875,466.55999755859375,461.7300109863281,464.6000061035156,86268800
1638282600,2021-11-30,462,464.0299987792969,455.29998779296875,455.55999755859375,148559600
1638369000,2021-12-01,461.6400146484375,464.6700134277344,450.2900085449219,450.5,131939200
1638455400,2021-12-02,450.7300109863281,459.07000732421875,450.30999755859375,457.3999938964844,127637800
1638541800,2021-12-03,459.1700134277344,460.29998779296875,448.9200134277344,453.4200134277344,137331600
1638801000,2021-12-06,456.1300048828125,460.7900085449219,453.55999755859375,458.7900085449219,98977500
1638887400,2021-12-07,464.4100036621094,468.8800048828125,458.6499938964844,468.2799987792969,95484700
1638973800,2021-12-08,468.70001220703125,470,466.8299865722656,469.5199890136719,72238800
1639060200,2021-12-09,468.1499938964844,469.6300048828125,466.1400146484375,466.3500061035156,61272600
1639146600,2021-12-10,469.2300109863281,470.8999938964844,466.510009765625,470.739990234375,77159800
1639405800,2021-12-13,470.19000244140625,470.55999755859375,466.2699890136719,466.57000732421875,87724700
1639492200,2021-12-14,463.0899963378906,465.739990234375,460.25,463.3599853515625,97264100
1639578600,2021-12-15,463.4200134277344,470.8599853515625,460.739990234375,470.6000061035156,116899300
1639665000,2021-12-16,472.57000732421875,472.8699951171875,464.79998779296875,466.45001220703125,116568600
1639751400,2021-12-17,461.54998779296875,464.739990234375,458.05999755859375,459.8699951171875,135511600
1640010600,2021-12-20,454.4800109863281,455.3999938964844,451.1400146484375,454.9800109863281,107134800
1640097000,2021-12-21,458.6099853515625,463.2099914550781,456.30999755859375,463.05999755859375,69806300
1640183400,2021-12-22,462.7900085449219,467.80999755859375,462.5799865722656,467.69000244140625,58890200
1640269800,2021-12-23,468.75,472.19000244140625,468.6400146484375,470.6000061035156,56439700
1640615400,2021-12-27,472.05999755859375,477.30999755859375,472.010009765625,477.260009765625,56808600
1640701800,2021-12-28,477.7200012207031,478.80999755859375,476.05999755859375,476.8699951171875,47274600
1640788200,2021-12-29,476.9800109863281,478.55999755859375,475.9200134277344,477.4800109863281,54503000
1640874600,2021-12-30,477.92999267578125,479,475.6700134277344,476.1600036621094,55329000
1640961000,2021-12-31,475.6400146484375,476.8599853515625,474.6700134277344,474.9599914550781,65237400
1641220200,2022-01-03,476.29998779296875,477.8500061035156,473.8500061035156,477.7099914550781,72668200
1641306600,2022-01-04,479.2200012207031,479.9800109863281,475.5799865722656,477.54998779296875,71178700
1641393000,2022-01-05,477.1600036621094,477.9800109863281,468.2799987792969,468.3800048828125,104538900
1641479400,2022-01-06,467.8900146484375,470.82000732421875,465.42999267578125,467.94000244140625,86858900
1641565800,2022-01-07,467.95001220703125,469.20001220703125,464.6499938964844,466.0899963378906,85111600
1641825000,2022-01-10,462.70001220703125,465.739990234375,456.6000061035156,465.510009765625,119362000
1641911400,2022-01-11,465.2300109863281,469.8500061035156,462.04998779296875,469.75,74303100
1641997800,2022-01-12,471.5899963378906,473.20001220703125,468.94000244140625,471.0199890136719,67605400
1642084200,2022-01-13,472.19000244140625,472.8800048828125,463.44000244140625,464.5299987792969,91173100
1642170600,2022-01-14,461.19000244140625,465.0899963378906,459.8999938964844,464.7200012207031,95890900
1642516200,2022-01-18,459.739990234375,459.9599914550781,455.30999755859375,456.489990234375,109709100
1642602600,2022-01-19,458.1300048828125,459.6099853515625,451.4599914550781,451.75,109357600
1642689000,2022-01-20,453.75,458.739990234375,444.5,446.75,122379700
1642775400,2022-01-21,445.55999755859375,448.05999755859375,437.95001220703125,437.9800109863281,202271200
1643034600,2022-01-24,432.0299987792969,440.3800048828125,420.760009765625,439.8399963378906,251783900
1643121000,2022-01-25,433.05999755859375,439.7200012207031,427.1499938964844,434.4700012207031,167997300
1643207400,2022-01-26,440.7200012207031,444.0400085449219,428.8599853515625,433.3800048828125,186391100
1643293800,2022-01-27,438.260009765625,441.5899963378906,429.45001220703125,431.239990234375,149878300
1643380200,2022-01-28,432.67999267578125,442,427.82000732421875,441.95001220703125,164457400
1643639400,2022-01-31,441.239990234375,450.2799987792969,439.80999755859375,449.9100036621094,152251400
1643725800,2022-02-01,450.67999267578125,453.6300048828125,446.94000244140625,452.95001220703125,123155400
1643812200,2022-02-02,455.5,458.1199951171875,453.04998779296875,457.3500061035156,117361000
1643898600,2022-02-03,450.95001220703125,452.9700012207031,445.7099914550781,446.6000061035156,118024400
1643985000,2022-02-04,446.3500061035156,452.7799987792969,443.8299865722656,448.70001220703125,118454400
1644244200,2022-02-07,449.510009765625,450.989990234375,445.8500061035156,447.260009765625,84472900
1644330600,2022-02-08,446.7300109863281,451.9200134277344,445.2200012207031,450.94000244140625,81012000
1644417000,2022-02-09,455.2200012207031,457.8800048828125,455.010009765625,457.5400085449219,92589900
1644503400,2022-02-10,451.3399963378906,457.7099914550781,447.20001220703125,449.32000732421875,140103700
1644589800,2022-02-11,449.4100036621094,451.6099853515625,438.94000244140625,440.4599914550781,153214600
1644849000,2022-02-14,439.9200134277344,441.6000061035156,435.3399963378906,439.0199890136719,123006300
1644935400,2022-02-15,443.7300109863281,446.2799987792969,443.17999267578125,446.1000061035156,88482700
1645021800,2022-02-16,443.92999267578125,448.05999755859375,441.94000244140625,446.6000061035156,84863600
1645108200,2022-02-17,443.2200012207031,446.57000732421875,436.4200134277344,437.05999755859375,102259100
1645194600,2022-02-18,437.3299865722656,438.6600036621094,431.82000732421875,434.2300109863281,132642900
1645540200,2022-02-22,431.8900146484375,435.5,425.8599853515625,429.57000732421875,124391800
1645626600,2022-02-23,432.6600036621094,433.260009765625,421.3500061035156,421.95001220703125,132578000
1645713000,2022-02-24,411.0199890136719,428.760009765625,410.6400146484375,428.29998779296875,213942900
1645799400,2022-02-25,429.6099853515625,437.8399963378906,427.8599853515625,437.75,121804500
1646058600,2022-02-28,432.0299987792969,438.20001220703125,430.70001220703125,436.6300048828125,145615000
1646145000,2022-03-01,435.0400085449219,437.1700134277344,427.1099853515625,429.9800109863281,137785900
1646231400,2022-03-02,432.3699951171875,439.7200012207031,431.57000732421875,437.8900146484375,117726500
1646317800,2022-03-03,440.4700012207031,441.1099853515625,433.79998779296875,435.7099914550781,105501700
1646404200,2022-03-04,431.75,433.3699951171875,427.8800048828125,432.1700134277344,113978200
1646663400,2022-03-07,431.54998779296875,432.29998779296875,419.3599853515625,419.42999267578125,137896600
1646749800,2022-03-08,419.6199951171875,427.2099914550781,415.1199951171875,416.25,164772700
1646836200,2022-03-09,425.1400146484375,429.510009765625,422.82000732421875,427.4100036621094,116990800
1646922600,2022-03-10,422.5199890136719,426.42999267578125,420.44000244140625,425.4800109863281,93972700
1647009000,2022-03-11,428.1199951171875,428.7699890136719,419.5299987792969,420.07000732421875,95636300
1647264600,2022-03-14,420.8900146484375,424.54998779296875,415.7900085449219,417,95729200
1647351000,2022-03-15,419.7699890136719,426.8399963378906,418.4200134277344,426.1700134277344,106219100
1647437400,2022-03-16,429.8900146484375,435.67999267578125,424.79998779296875,435.6199951171875,144954800
1647523800,2022-03-17,433.5899963378906,441.07000732421875,433.19000244140625,441.07000732421875,102676900
1647610200,2022-03-18,438,444.8599853515625,437.2200012207031,444.5199890136719,106345500
1647869400,2022-03-21,444.3399963378906,446.4599914550781,440.67999267578125,444.3900146484375,88349800
1647955800,2022-03-22,445.8599853515625,450.5799865722656,445.8599853515625,449.5899963378906,74650400
1648042200,2022-03-23,446.9100036621094,448.489990234375,443.7099914550781,443.79998779296875,79426100
1648128600,2022-03-24,445.94000244140625,450.5,444.760009765625,450.489990234375,64736900
1648215000,2022-03-25,451.1600036621094,452.9800109863281,448.42999267578125,452.69000244140625,77101300
1648474200,2022-03-28,452.05999755859375,455.9100036621094,450.05999755859375,455.9100036621094,68529800
1648560600,2022-03-29,460.0199890136719,462.07000732421875,457.17999267578125,461.54998779296875,86581500
1648647000,2022-03-30,460.3399963378906,461.20001220703125,456.4700012207031,458.70001220703125,79666900
1648733400,2022-03-31,457.8900146484375,458.760009765625,451.1600036621094,451.6400146484375,121699900
1648819800,2022-04-01,453.30999755859375,453.4599914550781,449.1400146484375,452.9200134277344,89048800
1649079000,2022-04-04,453.1300048828125,456.9100036621094,452.260009765625,456.79998779296875,59601000
1649165400,2022-04-05,455.2200012207031,457.8299865722656,449.82000732421875,451.0299987792969,74214500
1649251800,2022-04-06,446.8900146484375,448.92999267578125,443.4700012207031,446.5199890136719,106898000
1649338200,2022-04-07,445.5899963378906,450.69000244140625,443.5299987792969,448.7699890136719,78097200
1649424600,2022-04-08,447.9700012207031,450.6300048828125,445.94000244140625,447.57000732421875,79272700
1649683800,2022-04-11,444.1099853515625,445,439.3900146484375,439.9200134277344,89770500
1649770200,2022-04-12,443.0799865722656,445.75,436.6499938964844,438.2900085449219,84363600
1649856600,2022-04-13,438.0299987792969,444.1099853515625,437.8399963378906,443.30999755859375,74070400
1649943000,2022-04-14,443.54998779296875,444.7300109863281,437.67999267578125,437.7900085449219,97869500
1650288600,2022-04-18,436.80999755859375,439.75,435.6099853515625,437.9700012207031,66002500
1650375000,2022-04-19,437.8599853515625,445.79998779296875,437.67999267578125,445.0400085449219,77821000
1650461400,2022-04-20,446.9200134277344,447.57000732421875,443.4800109863281,444.7099914550781,65224400
1650547800,2022-04-21,448.5400085449219,450.010009765625,437.1000061035156,438.05999755859375,85417300
1650634200,2022-04-22,436.9100036621094,438.0799865722656,425.44000244140625,426.0400085449219,132471800
1650893400,2022-04-25,423.6700134277344,428.69000244140625,418.8399963378906,428.510009765625,119647700
1650979800,2022-04-26,425.8299865722656,426.0400085449219,416.07000732421875,416.1000061035156,103996300
1651066200,2022-04-27,417.239990234375,422.9200134277344,415.010009765625,417.2699890136719,122030000
1651152600,2022-04-28,422.2900085449219,429.6400146484375,417.6000061035156,427.80999755859375,105449100
1651239000,2022-04-29,423.5899963378906,425.8699951171875,411.2099914550781,412,145491100
1651498200,2022-05-02,412.07000732421875,415.9200134277344,405.0199890136719,414.4800109863281,158312500
1651584600,2022-05-03,415.010009765625,418.92999267578125,413.3599853515625,416.3800048828125,100028200
1651671000,2022-05-04,417.0799865722656,429.6600036621094,413.7099914550781,429.05999755859375,144247900
1651757400,2022-05-05,424.54998779296875,425,409.44000244140625,413.80999755859375,172929100
1651843800,2022-05-06,411.1000061035156,414.79998779296875,405.7300109863281,411.3399963378906,151770800
1652103000,2022-05-09,405.1000061035156,406.4100036621094,396.5,398.1700134277344,155586100
1652189400,2022-05-10,404.489990234375,406.0799865722656,394.82000732421875,399.0899963378906,132497200
1652275800,2022-05-11,398.07000732421875,404.0400085449219,391.9599914550781,392.75,142361000
1652362200,2022-05-12,389.3699951171875,395.79998779296875,385.1499938964844,392.3399963378906,125090800
1652448600,2022-05-13,396.7099914550781,403.17999267578125,395.6099853515625,401.7200012207031,104174400
1652707800,2022-05-16,399.9800109863281,403.9700012207031,397.6000061035156,400.0899963378906,78622400
1652794200,2022-05-17,406.5299987792969,408.57000732421875,402.5799865722656,408.32000732421875,83029700
1652880600,2022-05-18,403.5,403.79998779296875,390.54998779296875,391.8599853515625,117674500
1652967000,2022-05-19,388.6199951171875,394.1400146484375,387.1099853515625,389.4599914550781,98510700
1653053400,2022-05-20,393.25,397.0299987792969,380.5400085449219,389.6300048828125,131432200
1653312600,2022-05-23,392.8299865722656,397.7300109863281,390.3800048828125,396.9200134277344,76414900
1653399000,2022-05-24,392.55999755859375,395.1499938964844,386.9599914550781,393.8900146484375,91448800
1653485400,2022-05-25,392.30999755859375,399.45001220703125,391.8900146484375,397.3699951171875,91472900
1653571800,2022-05-26,398.6700134277344,407.0400085449219,398.45001220703125,405.30999755859375,82168300
1653658200,2022-05-27,407.9100036621094,415.3800048828125,407.70001220703125,415.260009765625,84768700
1654003800,2022-05-31,413.54998779296875,416.4599914550781,410.0299987792969,412.92999267578125,95937000
1654090200,2022-06-01,415.1700134277344,416.239990234375,406.92999267578125,409.5899963378906,86585800
1654176600,2022-06-02,409.4200134277344,417.44000244140625,407.0400085449219,417.3900146484375,79609600
1654263000,2022-06-03,412.3999938964844,414.0400085449219,409.510009765625,410.5400085449219,71874300
1654522200,2022-06-06,414.7799987792969,416.6099853515625,410.54998779296875,411.7900085449219,57508900
1654608600,2022-06-07,408.1000061035156,416.2200012207031,407.6099853515625,415.739990234375,59272400
1654695000,2022-06-08,413.92999267578125,415.82000732421875,410.3800048828125,411.2200012207031,64350000
1654781400,2022-06-09,409.3399963378906,411.739990234375,401.44000244140625,401.44000244140625,86289800
1654867800,2022-06-10,394.8800048828125,395.7799987792969,389.75,389.79998779296875,132893900
1655127000,2022-06-13,379.8500061035156,381.80999755859375,373.29998779296875,375,170004900
1655213400,2022-06-14,376.8500061035156,377.94000244140625,370.5899963378906,373.8699951171875,104011800
1655299800,2022-06-15,377.3599853515625,383.8999938964844,372.1199951171875,379.20001220703125,125666800
1655386200,2022-06-16,370.510009765625,370.94000244140625,364.0799865722656,366.6499938964844,134473300
1655472600,2022-06-17,365.510009765625,369.3800048828125,362.1700134277344,365.8599853515625,111113900
1655818200,2022-06-21,371.8900146484375,376.5299987792969,371.80999755859375,375.07000732421875,76811900
1655904600,2022-06-22,370.6199951171875,378.7200012207031,370.17999267578125,374.3900146484375,90059400
1655991000,2022-06-23,376.6400146484375,378.8299865722656,372.8900146484375,378.05999755859375,79292100
1656077400,2022-06-24,381.3999938964844,390.0899963378906,381.3699951171875,390.0799865722656,98050300
1656336600,2022-06-27,391.04998779296875,391.3599853515625,387.44000244140625,388.5899963378906,66009600
1656423000,2022-06-28,390.2300109863281,393.1600036621094,380.5299987792969,380.6499938964844,86548900
1656509400,2022-06-29,381.2300109863281,382.2699890136719,378.4200134277344,380.3399963378906,65676000
1656595800,2022-06-30,376.239990234375,380.6600036621094,372.55999755859375,377.25,112508300
1656682200,2022-07-01,376.55999755859375,381.70001220703125,373.79998779296875,381.239990234375,74839700
1657027800,2022-07-05,375.8800048828125,381.9800109863281,372.8999938964844,381.9599914550781,81438000
1657114200,2022-07-06,382.1099853515625,385.8699951171875,379.6000061035156,383.25,70426200
1657200600,2022-07-07,385.1199951171875,389.8299865722656,383.2699890136719,388.989990234375,64525900
1657287000,2022-07-08,387.2699890136719,390.6400146484375,385.6600036621094,388.6700134277344,72397800
1657546200,2022-07-11,385.8500061035156,386.8699951171875,383.5,384.2300109863281,58366900
1657632600,2022-07-12,383.6499938964844,386.1600036621094,378.989990234375,380.8299865722656,62219200
1657719000,2022-07-13,375.1000061035156,381.9200134277344,374.6600036621094,378.8299865722656,84224600
1657805400,2022-07-14,373.6099853515625,379.04998779296875,371.0400085449219,377.9100036621094,89704800
1657891800,2022-07-15,382.54998779296875,385.25,380.5400085449219,385.1300048828125,79060400
1658151000,2022-07-18,388.3800048828125,389.0899963378906,380.6600036621094,381.95001220703125,63203600
1658237400,2022-07-19,386.0799865722656,392.8699951171875,385.3900146484375,392.2699890136719,78506000
1658323800,2022-07-20,392.4700012207031,396.260009765625,391.0299987792969,394.7699890136719,71843800
1658410200,2022-07-21,394.1600036621094,398.8399963378906,391.6300048828125,398.7900085449219,64903900
1658496600,2022-07-22,398.9200134277344,400.17999267578125,392.75,395.0899963378906,72197300
1658755800,2022-07-25,395.75,396.4700012207031,393.2099914550781,395.57000732421875,53631500
1658842200,2022-07-26,393.8399963378906,394.05999755859375,389.95001220703125,390.8900146484375,52946400
1658928600,2022-07-27,394.3599853515625,402.8800048828125,394.04998779296875,401.0400085449219,82342100
1659015000,2022-07-28,401.8900146484375,406.79998779296875,398.1499938964844,406.07000732421875,73966600
1659101400,2022-07-29,407.5799865722656,413.0299987792969,406.7699890136719,411.989990234375,87003700
1659360600,2022-08-01,409.1499938964844,413.4100036621094,408.3999938964844,410.7699890136719,69997500
1659447000,2022-08-02,409.1199951171875,413,406.82000732421875,408.05999755859375,63435400
1659533400,2022-08-03,410.29998779296875,415.67999267578125,410,414.45001220703125,67820600
1659619800,2022-08-04,414.3699951171875,415.0899963378906,412.44000244140625,414.1700134277344,45656600
1659706200,2022-08-05,409.6600036621094,414.1499938964844,409.6000061035156,413.4700012207031,56814900
1659965400,2022-08-08,415.25,417.6199951171875,411.8299865722656,412.989990234375,53886100
1660051800,2022-08-09,412.2200012207031,412.75,410.2200012207031,411.3500061035156,44931800
1660138200,2022-08-10,418.7799987792969,420.1400146484375,416.7200012207031,419.989990234375,68665700
1660224600,2022-08-11,422.989990234375,424.95001220703125,419.2099914550781,419.989990234375,59489700
1660311000,2022-08-12,422.0299987792969,427.2099914550781,421.0299987792969,427.1000061035156,61694500
1660570200,2022-08-15,424.7699890136719,429.4100036621094,424.7099914550781,428.8599853515625,54048300
1660656600,2022-08-16,427.7300109863281,431.7300109863281,426.8800048828125,429.70001220703125,59289000
1660743000,2022-08-17,425.9100036621094,429.5,424.5400085449219,426.6499938964844,63563400
1660829400,2022-08-18,426.8599853515625,428.6099853515625,425.5,427.8900146484375,49023200
1660915800,2022-08-19,424.9800109863281,425.260009765625,421.2200012207031,422.1400146484375,68016900
1661175000,2022-08-22,417.04998779296875,417.2300109863281,412.3999938964844,413.3500061035156,77695600
1661261400,2022-08-23,412.8999938964844,415.4200134277344,411.7699890136719,412.3500061035156,49105200
1661347800,2022-08-24,412.1099853515625,415.1099853515625,411.3900146484375,413.6700134277344,49177800
1661434200,2022-08-25,415.239990234375,419.55999755859375,414.0899963378906,419.510009765625,50942300
1661520600,2022-08-26,419.3900146484375,419.9599914550781,405.25,405.30999755859375,103087000
1661779800,2022-08-29,402.20001220703125,405.8399963378906,401.20001220703125,402.6300048828125,65370800
1661866200,2022-08-30,403.8500061035156,404.1000061035156,396,398.2099914550781,85652400
1661952600,2022-08-31,399.92999267578125,401.239990234375,395.0400085449219,395.17999267578125,76029700
1662039000,2022-09-01,392.8900146484375,396.7799987792969,390.0400085449219,396.4200134277344,78740100
1662125400,2022-09-02,400.2799987792969,401.55999755859375,390.3299865722656,392.239990234375,99632100
1662471000,2022-09-06,393.1300048828125,394.1199951171875,388.4200134277344,390.760009765625,76637400
1662557400,2022-09-07,390.42999267578125,398.5899963378906,390.20001220703125,397.7799987792969,70964200
1662643800,2022-09-08,395.3900146484375,400.8599853515625,394.1199951171875,400.3800048828125,80821700
1662730200,2022-09-09,402.739990234375,407.510009765625,402.4599914550781,406.6000061035156,76706900
1662989400,2022-09-12,408.7799987792969,411.7300109863281,408.4599914550781,410.9700012207031,69256300
1663075800,2022-09-13,401.8299865722656,403.1000061035156,391.9200134277344,393.1000061035156,122947100
1663162200,2022-09-14,394.4700012207031,396.20001220703125,391.1199951171875,394.6000061035156,85023700
1663248600,2022-09-15,392.9599914550781,395.9599914550781,388.7799987792969,390.1199951171875,87633800
1663335000,2022-09-16,384.1400146484375,386.25,382.1099853515625,385.55999755859375,103084800
1663594200,2022-09-19,382.260009765625,388.54998779296875,382.17999267578125,388.54998779296875,73278500
1663680600,2022-09-20,385.05999755859375,386.1199951171875,381.20001220703125,384.0899963378906,77274900
1663767000,2022-09-21,386.1099853515625,389.30999755859375,377.3800048828125,377.3900146484375,106746600
1663853400,2022-09-22,376.5799865722656,378.29998779296875,373.44000244140625,374.2200012207031,89472600
1663939800,2022-09-23,370.5799865722656,370.6199951171875,363.2900085449219,367.95001220703125,122346900
1664199000,2022-09-26,366.4100036621094,370.2099914550781,363.0299987792969,364.30999755859375,92581200
1664285400,2022-09-27,368.0199890136719,370.3999938964844,360.8699951171875,363.3800048828125,108294100
1664371800,2022-09-28,364.3800048828125,372.29998779296875,362.6000061035156,370.5299987792969,110802200
1664458200,2022-09-29,366.80999755859375,367.1099853515625,359.70001220703125,362.7900085449219,112952300
1664544600,2022-09-30,361.79998779296875,365.9100036621094,357.0400085449219,357.17999267578125,153711200
1664803800,2022-10-03,361.0799865722656,368.54998779296875,359.2099914550781,366.6099853515625,89756500
1664890200,2022-10-04,372.3999938964844,378,366.57000732421875,377.9700012207031,103602800
1664976600,2022-10-05,373.3900146484375,379.4599914550781,370.95001220703125,377.0899963378906,88065700
1665063000,2022-10-06,375.6199951171875,378.7200012207031,372.67999267578125,373.20001220703125,82333500
1665149400,2022-10-07,368.9700012207031,373.2900085449219,360.94000244140625,362.7900085449219,107789500
1665408600,2022-10-10,363.9599914550781,364.2099914550781,357.6700134277344,360.0199890136719,76042800
1665495000,2022-10-11,358.239990234375,363.0299987792969,355.7099914550781,357.739990234375,92482800
1665581400,2022-10-12,358.1700134277344,359.82000732421875,356.29998779296875,356.55999755859375,76991800
1665667800,2022-10-13,349.2099914550781,367.510009765625,348.1099853515625,365.9700012207031,147254500
1665754200,2022-10-14,368.54998779296875,370.260009765625,356.9599914550781,357.6300048828125,123737000
1666013400,2022-10-17,364.010009765625,367.9800109863281,357.2799987792969,366.82000732421875,93168200
1666099800,2022-10-18,375.1300048828125,375.45001220703125,367.5199890136719,371.1300048828125,97162900
1666186200,2022-10-19,368.989990234375,371.8500061035156,365.54998779296875,368.5,79746900
1666272600,2022-10-20,368.0299987792969,372.6700134277344,364.6099853515625,365.4100036621094,88283100
1666359000,2022-10-21,365.1199951171875,374.79998779296875,363.5400085449219,374.2900085449219,131038400
1666618200,2022-10-24,375.8900146484375,380.05999755859375,373.1099853515625,378.8699951171875,85436900
1666704600,2022-10-25,378.7900085449219,385.25,378.6700134277344,384.9200134277344,78846300
1666791000,2022-10-26,381.6199951171875,387.5799865722656,381.3500061035156,382.0199890136719,104087300
1666877400,2022-10-27,383.07000732421875,385,379.3299865722656,379.9800109863281,81971800
1666963800,2022-10-28,379.8699951171875,389.5199890136719,379.67999267578125,389.0199890136719,100302000
1667223000,2022-10-31,386.44000244140625,388.3999938964844,385.260009765625,386.2099914550781,96631300
1667309400,2022-11-01,390.1400146484375,390.3900146484375,383.2900085449219,384.5199890136719,85407600
1667395800,2022-11-02,383.8999938964844,388.6300048828125,374.760009765625,374.8699951171875,126990400
1667482200,2022-11-03,371.4700012207031,374.20001220703125,368.7900085449219,371.010009765625,87100100
1667568600,2022-11-04,377,378.8699951171875,370,376.3500061035156,103505200
1667831400,2022-11-07,377.7099914550781,380.57000732421875,375.5299987792969,379.95001220703125,68286900
1667917800,2022-11-08,381.1099853515625,385.1199951171875,377.7200012207031,382,84641100
1668004200,2022-11-09,379.92999267578125,381.1400146484375,373.6099853515625,374.1300048828125,78495500
1668090600,2022-11-10,388.04998779296875,395.0400085449219,385.6400146484375,394.69000244140625,141455800
1668177000,2022-11-11,395.5899963378906,399.3500061035156,393.6099853515625,398.510009765625,93839900
1668436200,2022-11-14,396.6600036621094,400.17999267578125,394.8299865722656,395.1199951171875,71903500
1668522600,2022-11-15,401.1499938964844,402.30999755859375,394.489990234375,398.489990234375,93194500
1668609000,2022-11-16,396.7799987792969,397.7799987792969,394.7900085449219,395.45001220703125,68508500
1668695400,2022-11-17,390.4599914550781,394.95001220703125,390.1400146484375,394.239990234375,74496300
1668781800,2022-11-18,397.739990234375,397.80999755859375,393.0400085449219,396.0299987792969,92922500
1669041000,2022-11-21,394.6400146484375,395.82000732421875,392.6600036621094,394.5899963378906,51243200
1669127400,2022-11-22,396.6300048828125,400.07000732421875,395.1499938964844,399.8999938964844,60429000
1669213800,2022-11-23,399.54998779296875,402.92999267578125,399.30999755859375,402.4200134277344,68261600
1669386600,2022-11-25,401.8299865722656,402.9100036621094,401.5400085449219,402.3299865722656,30545400
1669645800,2022-11-28,399.0899963378906,400.80999755859375,395.1099853515625,395.9100036621094,67881600
1669732200,2022-11-29,396.04998779296875,397.29998779296875,393.29998779296875,395.2300109863281,52310000
1669818600,2022-11-30,395.489990234375,407.67999267578125,393.4800109863281,407.67999267578125,144566700
1669905000,2022-12-01,408.7699890136719,410,404.75,407.3800048828125,76398200
1669991400,2022-12-02,402.25,407.8599853515625,402.1400146484375,406.9100036621094,85342700
1670250600,2022-12-05,403.95001220703125,404.92999267578125,398.1700134277344,399.5899963378906,77289800
1670337000,2022-12-06,399.4200134277344,399.989990234375,391.6400146484375,393.8299865722656,77972200
1670423400,2022-12-07,392.94000244140625,395.6400146484375,391.9700012207031,393.1600036621094,65927900
1670509800,2022-12-08,395.1400146484375,397.3599853515625,393.2699890136719,396.239990234375,60737900
1670596200,2022-12-09,394.94000244140625,397.6199951171875,393.1499938964844,393.2799987792969,81447700
1670855400,2022-12-12,394.1099853515625,398.95001220703125,393.4100036621094,398.95001220703125,75405800
1670941800,2022-12-13,410.2200012207031,410.489990234375,399.07000732421875,401.9700012207031,123782500
1671028200,2022-12-14,401.6099853515625,405.5,396.30999755859375,399.3999938964844,108111300
1671114600,2022-12-15,394.29998779296875,395.25,387.8900146484375,389.6300048828125,117705900
1671201000,2022-12-16,385.17999267578125,386.5799865722656,381.0400085449219,383.2699890136719,119858000
1671460200,2022-12-19,383.4700012207031,383.82000732421875,378.2799987792969,380.0199890136719,79878100
1671546600,2022-12-20,379.2300109863281,382.2300109863281,377.8500061035156,380.5400085449219,74427200
1671633000,2022-12-21,383.25,387.4100036621094,382.69000244140625,386.2300109863281,78167400
1671719400,2022-12-22,383.04998779296875,386.2099914550781,374.7699890136719,380.7200012207031,100120900
1671805800,2022-12-23,379.6499938964844,383.05999755859375,378.0299987792969,382.9100036621094,59857300
1672151400,2022-12-27,382.7900085449219,383.1499938964844,379.6499938964844,381.3999938964844,51638200
1672237800,2022-12-28,381.3299865722656,383.3900146484375,376.4200134277344,376.6600036621094,70911500
1672324200,2022-12-29,379.6300048828125,384.3500061035156,379.0799865722656,383.44000244140625,66970900
1672410600,2022-12-30,380.6400146484375,382.5799865722656,378.42999267578125,382.42999267578125,84022200
1672756200,2023-01-03,384.3699951171875,386.42999267578125,377.8299865722656,380.82000732421875,74850700
1672842600,2023-01-04,383.17999267578125,385.8800048828125,380,383.760009765625,85934100
1672929000,2023-01-05,381.7200012207031,381.8399963378906,378.760009765625,379.3800048828125,76970500
1673015400,2023-01-06,382.6099853515625,389.25,379.4100036621094,388.0799865722656,104189600
1673274600,2023-01-09,390.3699951171875,393.70001220703125,387.6700134277344,387.8599853515625,73978100
1673361000,2023-01-10,387.25,390.6499938964844,386.2699890136719,390.5799865722656,65358100
1673447400,2023-01-11,392.2300109863281,395.6000061035156,391.3800048828125,395.5199890136719,68881100
1673533800,2023-01-12,396.6700134277344,398.489990234375,392.4200134277344,396.9599914550781,90157700
1673620200,2023-01-13,393.6199951171875,399.1000061035156,393.3399963378906,398.5,63903900
1673965800,2023-01-17,398.4800109863281,400.2300109863281,397.05999755859375,397.7699890136719,62677300
1674052200,2023-01-18,399.010009765625,400.1199951171875,391.2799987792969,391.489990234375,99632300
1674138600,2023-01-19,389.3599853515625,391.0799865722656,387.260009765625,388.6400146484375,86958900
1674225000,2023-01-20,390.1000061035156,396.0400085449219,388.3800048828125,395.8800048828125,91806400
1674484200,2023-01-23,396.7200012207031,402.6499938964844,395.7200012207031,400.6300048828125,84178800
1674570600,2023-01-24,398.8800048828125,401.1499938964844,397.6400146484375,400.20001220703125,59524900
1674657000,2023-01-25,395.95001220703125,400.70001220703125,393.55999755859375,400.3500061035156,84800300
1674743400,2023-01-26,403.1300048828125,404.9200134277344,400.0299987792969,404.75,72287400
1674829800,2023-01-27,403.6600036621094,408.1600036621094,403.44000244140625,405.67999267578125,68346200
1675089000,2023-01-30,402.79998779296875,405.1300048828125,400.2799987792969,400.5899963378906,74202000
1675175400,2023-01-31,401.1300048828125,406.5299987792969,400.7699890136719,406.4800109863281,86811800
1675261800,2023-02-01,405.2099914550781,413.6700134277344,402.3500061035156,410.79998779296875,101459200
1675348200,2023-02-02,414.8599853515625,418.30999755859375,412.8800048828125,416.7799987792969,101654500
1675434600,2023-02-03,411.5899963378906,416.9700012207031,411.0899963378906,412.3500061035156,94736800
1675693800,2023-02-06,409.7900085449219,411.2900085449219,408.1000061035156,409.8299865722656,60295300
1675780200,2023-02-07,408.8699951171875,416.489990234375,407.57000732421875,415.19000244140625,90990700
1675866600,2023-02-08,413.1300048828125,414.5299987792969,409.92999267578125,410.6499938964844,76227500
1675953000,2023-02-09,414.4100036621094,414.57000732421875,405.80999755859375,407.0899963378906,78694900
1676039400,2023-02-10,405.8599853515625,408.44000244140625,405.010009765625,408.0400085449219,70769700
1676298600,2023-02-13,408.7200012207031,412.9700012207031,408.239990234375,412.8299865722656,64913500
1676385000,2023-02-14,411.239990234375,415.04998779296875,408.510009765625,412.6400146484375,88389300
1676471400,2023-02-15,410.3500061035156,414.05999755859375,409.4700012207031,413.9800109863281,61555700
1676557800,2023-02-16,408.7900085449219,412.9100036621094,408.1400146484375,408.2799987792969,76431500
1676644200,2023-02-17,406.05999755859375,407.510009765625,404.04998779296875,407.260009765625,89257800
1676989800,2023-02-21,403.05999755859375,404.1600036621094,398.82000732421875,399.0899963378906,82655900
1677076200,2023-02-22,399.5199890136719,401.1300048828125,397.0199890136719,398.5400085449219,83742300
1677162600,2023-02-23,401.55999755859375,402.20001220703125,396.25,400.6600036621094,96242400
1677249000,2023-02-24,395.4200134277344,397.25,393.6400146484375,396.3800048828125,108194400
1677508200,2023-02-27,399.8699951171875,401.2900085449219,396.75,397.7300109863281,80444700
1677594600,2023-02-28,397.2300109863281,399.2799987792969,396.1499938964844,396.260009765625,96438600
1677681000,2023-03-01,395.4100036621094,396.69000244140625,393.3800048828125,394.739990234375,99706800
1677767400,2023-03-02,392.67999267578125,398.69000244140625,392.3299865722656,397.80999755859375,85127800
1677853800,2023-03-03,399.7099914550781,404.45001220703125,399.0299987792969,404.19000244140625,90120000
1678113000,2023-03-06,405.04998779296875,407.45001220703125,404.010009765625,404.4700012207031,72795900
1678199400,2023-03-07,404.4200134277344,404.6700134277344,397.6300048828125,398.2699890136719,108310600
1678285800,2023-03-08,398.3900146484375,399.7099914550781,396.5899963378906,398.9200134277344,74746600
1678372200,2023-03-09,399.739990234375,401.4800109863281,390.5299987792969,391.55999755859375,111945300
1678458600,2023-03-10,390.989990234375,393.1600036621094,384.32000732421875,385.9100036621094,189253000
1678714200,2023-03-13,381.80999755859375,390.3900146484375,380.6499938964844,385.3599853515625,157790000
1678800600,2023-03-14,390.5,393.45001220703125,387.04998779296875,391.7300109863281,149752400
1678887000,2023-03-15,385.8900146484375,389.489990234375,383.7099914550781,389.2799987792969,172996900
1678973400,2023-03-16,386.82000732421875,396.4700012207031,386.2900085449219,396.1099853515625,143254200
1679059800,2023-03-17,393.2200012207031,394.3999938964844,388.54998779296875,389.989990234375,140553400
1679319000,2023-03-20,390.79998779296875,394.1700134277344,390.07000732421875,393.739990234375,93055800
1679405400,2023-03-21,397.239990234375,399.4100036621094,395.5799865722656,398.9100036621094,91524200
1679491800,2023-03-22,398.7300109863281,402.489990234375,392.07000732421875,392.1099853515625,111746600
1679578200,2023-03-23,395.0899963378906,399.2900085449219,390.3500061035156,393.1700134277344,119351300
1679664600,2023-03-24,391.8399963378906,395.8399963378906,389.3999938964844,395.75,107682400
1679923800,2023-03-27,398.1199951171875,398.9200134277344,395.55999755859375,396.489990234375,74010400
1680010200,2023-03-28,395.7699890136719,396.489990234375,393.69000244140625,395.6000061035156,62871700
1680096600,2023-03-29,399.92999267578125,401.6000061035156,398.67999267578125,401.3500061035156,77497900
1680183000,2023-03-30,404.0899963378906,404.3500061035156,401.760009765625,403.70001220703125,69840000
1680269400,2023-03-31,404.6600036621094,409.70001220703125,404.54998779296875,409.3900146484375,112062600
1680528600,2023-04-03,408.8500061035156,411.3699951171875,408.44000244140625,410.95001220703125,67391100
1680615000,2023-04-04,411.6199951171875,411.9200134277344,407.239990234375,408.6700134277344,66601500
1680701400,2023-04-05,407.9100036621094,408.70001220703125,405.8800048828125,407.6000061035156,65200200
1680787800,2023-04-06,406.7699890136719,409.4800109863281,405.67999267578125,409.19000244140625,63743300
1681133400,2023-04-10,406.6099853515625,409.69000244140625,405.9700012207031,409.6099853515625,63681000
1681219800,2023-04-11,410.260009765625,411.17999267578125,408.9200134277344,409.7200012207031,59297900
1681306200,2023-04-12,411.8699951171875,412.1700134277344,407.44000244140625,408.04998779296875,86420400
1681392600,2023-04-13,409.17999267578125,413.8399963378906,407.989990234375,413.4700012207031,85814800
1681479000,2023-04-14,412.80999755859375,415.0899963378906,410.05999755859375,412.4599914550781,78161500
1681738200,2023-04-17,412.3699951171875,413.9599914550781,411.0899963378906,413.94000244140625,66436400
1681824600,2023-04-18,415.5799865722656,415.7200012207031,412.7799987792969,414.2099914550781,63560000
1681911000,2023-04-19,412.2200012207031,415.0799865722656,412.1600036621094,414.1400146484375,55227300
1681997400,2023-04-20,411.2099914550781,413.70001220703125,410.2699890136719,411.8800048828125,75840400
1682083800,2023-04-21,412.19000244140625,412.67999267578125,410.1700134277344,412.20001220703125,73457400
1682343000,2023-04-24,411.989990234375,413.07000732421875,410.6000061035156,412.6300048828125,64332100
1682429400,2023-04-25,410.5799865722656,411.1600036621094,406.0199890136719,406.0799865722656,97766700
1682515800,2023-04-26,406.7200012207031,407.8399963378906,403.7799987792969,404.3599853515625,80447000
1682602200,2023-04-27,407,412.69000244140625,406.739990234375,412.4100036621094,92968400
1682688600,2023-04-28,411.489990234375,415.94000244140625,411.42999267578125,415.92999267578125,89433100
1682947800,2023-05-01,415.4700012207031,417.6199951171875,415.2699890136719,415.510009765625,62122300
1683034200,2023-05-02,414.7699890136719,414.82000732421875,407.82000732421875,410.8399963378906,103998500
1683120600,2023-05-03,411.3599853515625,413.8699951171875,407.7699890136719,408.0199890136719,91531800
1683207000,2023-05-04,406.92999267578125,407.2699890136719,403.739990234375,405.1300048828125,94901900
1683293400,2023-05-05,408.9100036621094,413.7200012207031,408.6400146484375,412.6300048828125,87891800
1683552600,2023-05-08,412.9700012207031,413.239990234375,411.2799987792969,412.739990234375,50046800
1683639000,2023-05-09,411.1300048828125,412.0899963378906,410.69000244140625,410.92999267578125,49220100
1683725400,2023-05-10,413.8800048828125,414.5400085449219,408.8699951171875,412.8500061035156,96142900
1683811800,2023-05-11,411.95001220703125,412.42999267578125,409.9700012207031,412.1300048828125,70157100
1683898200,2023-05-12,413.4200134277344,413.6400146484375,409.07000732421875,411.5899963378906,70481500
1684157400,2023-05-15,412.2200012207031,413.42999267578125,410.2300109863281,413.010009765625,54289400
1684243800,2023-05-16,411.8599853515625,412.82000732421875,410.239990234375,410.25,57705500
1684330200,2023-05-17,412.3500061035156,415.8599853515625,410.6400146484375,415.2300109863281,87287000
1684416600,2023-05-18,414.8999938964844,419.6700134277344,414.6700134277344,419.2300109863281,97177200
1684503000,2023-05-19,420.1700134277344,420.7200012207031,417.3500061035156,418.6199951171875,103793300
1684762200,2023-05-22,418.6400146484375,420.3900146484375,417.3500061035156,418.7900085449219,60745400
1684848600,2023-05-23,417.0799865722656,418.7200012207031,413.67999267578125,414.0899963378906,86383500
1684935000,2023-05-24,412.4200134277344,412.82000732421875,409.8800048828125,411.0899963378906,89213700
1685021400,2023-05-25,414.739990234375,416.1600036621094,412.4100036621094,414.6499938964844,90961600
1685107800,2023-05-26,415.3299865722656,420.7699890136719,415.25,420.0199890136719,93830000
1685453400,2023-05-30,422.0299987792969,422.5799865722656,418.739990234375,420.17999267578125,72216000
1685539800,2023-05-31,418.2799987792969,419.2200012207031,416.2200012207031,417.8500061035156,110811800
1685626200,2023-06-01,418.0899963378906,422.9200134277344,416.7900085449219,421.82000732421875,88865000
1685712600,2023-06-02,424.5,428.739990234375,423.95001220703125,427.9200134277344,91426200
1685971800,2023-06-05,428.2799987792969,429.6199951171875,426.3699951171875,427.1000061035156,65460200
1686058200,2023-06-06,426.6700134277344,428.5799865722656,425.989990234375,428.0299987792969,64022200
1686144600,2023-06-07,428.44000244140625,429.6199951171875,426.1099853515625,426.54998779296875,85373300
1686231000,2023-06-08,426.6199951171875,429.6000061035156,425.82000732421875,429.1300048828125,61952800
1686317400,2023-06-09,429.9599914550781,431.989990234375,428.8699951171875,429.8999938964844,85742800
1686576600,2023-06-12,430.9200134277344,433.8800048828125,430.1700134277344,433.79998779296875,76104300
1686663000,2023-06-13,435.32000732421875,437.3299865722656,434.6300048828125,436.6600036621094,95899700
1686749400,2023-06-14,437.010009765625,439.05999755859375,433.5899963378906,437.17999267578125,100612100
1686835800,2023-06-15,436.3299865722656,443.8999938964844,436.2300109863281,442.6000061035156,110303100
1686922200,2023-06-16,443.0199890136719,443.6099853515625,438.9700012207031,439.4599914550781,114165800
1687267800,2023-06-20,437.45001220703125,438.3699951171875,435.0299987792969,437.17999267578125,76160400
1687354200,2023-06-21,436.1600036621094,436.989990234375,434.3299865722656,434.94000244140625,76982300
1687440600,2023-06-22,433.95001220703125,436.6199951171875,433.6000061035156,436.510009765625,70637200
1687527000,2023-06-23,432.92999267578125,435.05999755859375,432.4700012207031,433.2099914550781,92074500
1687786200,2023-06-26,432.6199951171875,434.6099853515625,431.19000244140625,431.44000244140625,72823600
1687872600,2023-06-27,432.3500061035156,436.80999755859375,431.8800048828125,436.1700134277344,72813700
1687959000,2023-06-28,435.04998779296875,437.44000244140625,434.4100036621094,436.3900146484375,75636000
1688045400,2023-06-29,435.9599914550781,438.2799987792969,435.5400085449219,438.1099853515625,67882300
1688131800,2023-06-30,441.44000244140625,444.29998779296875,441.1099853515625,443.2799987792969,104964000
1688391000,2023-07-03,442.9200134277344,444.0799865722656,442.6300048828125,443.7900085449219,32793400
1688563800,2023-07-05,441.9100036621094,443.8900146484375,441.8999938964844,443.1300048828125,58418400
1688650200,2023-07-06,439.4200134277344,440.1000061035156,437.05999755859375,439.6600036621094,80658300
1688736600,2023-07-07,438.6300048828125,442.6400146484375,438.29998779296875,438.54998779296875,86134200
1688995800,2023-07-10,438.17999267578125,439.8399963378906,437.5899963378906,439.6600036621094,62443500
1689082200,2023-07-11,440.45001220703125,442.9700012207031,439.44000244140625,442.4599914550781,64463800
1689168600,2023-07-12,446.3900146484375,447.4800109863281,444.9100036621094,446.0199890136719,91924500
1689255000,2023-07-13,447.8999938964844,450.3800048828125,447.45001220703125,449.55999755859375,72425200
1689341400,2023-07-14,450.4800109863281,451.3599853515625,448.489990234375,449.2799987792969,69815800
1689600600,2023-07-17,449.1300048828125,451.92999267578125,449.0799865722656,450.8399963378906,52680200
1689687000,2023-07-18,450.5,454.8599853515625,450.04998779296875,454.19000244140625,80668200
1689773400,2023-07-19,455.010009765625,456.42999267578125,454.1099853515625,455.20001220703125,65891700
1689859800,2023-07-20,454.1700134277344,455.1000061035156,451.44000244140625,452.17999267578125,70591600
1689946200,2023-07-21,453.9599914550781,454.1700134277344,452.1700134277344,452.17999267578125,71275600
1690205400,2023-07-24,453.3699951171875,455.0400085449219,452.29998779296875,454.20001220703125,54023400
1690291800,2023-07-25,453.9200134277344,456.739990234375,453.8699951171875,455.44000244140625,55191200
1690378200,2023-07-26,454.4700012207031,456.989990234375,453.3800048828125,455.510009765625,71052900
1690464600,2023-07-27,459.0199890136719,459.44000244140625,451.54998779296875,452.489990234375,92194400
1690551000,2023-07-28,455.8800048828125,457.7799987792969,452.489990234375,456.9200134277344,80011800
1690810200,2023-07-31,457.4100036621094,458.1600036621094,456.04998779296875,457.7900085449219,62040400
1690896600,2023-08-01,456.2699890136719,457.25,455.489990234375,456.4800109863281,55291500
1690983000,2023-08-02,453.25,453.5199890136719,449.3500061035156,450.1300048828125,93933400
1691069400,2023-08-03,448.0400085449219,450.7900085449219,447.3699951171875,448.8399963378906,64276100
1691155800,2023-08-04,450.7200012207031,452.8999938964844,446.2699890136719,446.80999755859375,100128900
1691415000,2023-08-07,448.7099914550781,450.8699951171875,447.989990234375,450.7099914550781,58357500
1691501400,2023-08-08,448.0799865722656,450.70001220703125,445.2699890136719,448.75,71361300
1691587800,2023-08-09,449.0299987792969,449.20001220703125,444.9599914550781,445.75,78789600
1691674200,2023-08-10,448.19000244140625,451.70001220703125,444.70001220703125,445.9100036621094,93005500
1691760600,2023-08-11,443.9700012207031,446.70001220703125,443.3500061035156,445.6499938964844,68690900
1692019800,2023-08-14,444.70001220703125,448.1099853515625,444.3800048828125,448.1099853515625,47867400
1692106200,2023-08-15,446.2699890136719,446.6400146484375,442.29998779296875,442.8900146484375,75707500
1692192600,2023-08-16,442.4599914550781,444.17999267578125,439.5299987792969,439.6400146484375,80107200
1692279000,2023-08-17,441.1600036621094,441.42999267578125,435.75,436.2900085449219,95711300
1692365400,2023-08-18,433.3699951171875,437.57000732421875,433.010009765625,436.5,98852000
1692624600,2023-08-21,437.54998779296875,440.1099853515625,435.32000732421875,439.3399963378906,68719000
1692711000,2023-08-22,441.17999267578125,441.17999267578125,437.57000732421875,438.1499938964844,64994200
1692797400,2023-08-23,439.25,443.6700134277344,439.1000061035156,443.0299987792969,68441000
1692883800,2023-08-24,444.69000244140625,445.2200012207031,436.8599853515625,436.8900146484375,88517300
1692970200,2023-08-25,438.67999267578125,441.29998779296875,435,439.9700012207031,102325100
1693229400,2023-08-28,442.239990234375,443.3999938964844,439.9700012207031,442.760009765625,61595400
1693315800,2023-08-29,442.6499938964844,449.45001220703125,442.4599914550781,449.1600036621094,83081900
1693402200,2023-08-30,449.510009765625,451.6700134277344,448.7799987792969,451.010009765625,69053900
1693488600,2023-08-31,451.6499938964844,452.8299865722656,450.1600036621094,450.3500061035156,66084600
1693575000,2023-09-01,453.1700134277344,453.6700134277344,449.67999267578125,451.19000244140625,58944100
1693920600,2023-09-05,450.7300109863281,451.05999755859375,449.1700134277344,449.239990234375,55166200
1694007000,2023-09-06,448.3999938964844,448.510009765625,443.80999755859375,446.2200012207031,70758500
1694093400,2023-09-07,443.1099853515625,445.54998779296875,442.75,444.8500061035156,70355400
1694179800,2023-09-08,444.8999938964844,447.1099853515625,444.5299987792969,445.5199890136719,61659700
1694439000,2023-09-11,448.239990234375,448.7699890136719,446.4700012207031,448.45001220703125,60180100
1694525400,2023-09-12,446.95001220703125,448.5299987792969,445.3900146484375,445.989990234375,67565400
1694611800,2023-09-13,446.2200012207031,447.7099914550781,445.0799865722656,446.510009765625,60199300
1694698200,2023-09-14,449.07000732421875,451.0799865722656,447.7200012207031,450.3599853515625,83430800
1694784600,2023-09-15,447.1400146484375,447.4800109863281,442.9200134277344,443.3699951171875,111848900
1695043800,2023-09-18,443.04998779296875,444.9700012207031,442.55999755859375,443.6300048828125,55752200
1695130200,2023-09-19,442.67999267578125,443.2900085449219,439.94000244140625,442.7099914550781,66514600
1695216600,2023-09-20,444.010009765625,444.44000244140625,438.42999267578125,438.6400146484375,82562600
1695303000,2023-09-21,435.70001220703125,435.9700012207031,431.2300109863281,431.3900146484375,104095800
1695389400,2023-09-22,432.45001220703125,434.1000061035156,429.989990234375,430.4200134277344,100829700
1695648600,2023-09-25,429.1700134277344,432.2699890136719,428.7200012207031,432.2300109863281,70874500
1695735000,2023-09-26,429.0899963378906,429.82000732421875,425.0199890136719,425.8800048828125,96168400
1695821400,2023-09-27,427.0899963378906,427.6700134277344,422.2900085449219,426.04998779296875,104705800
1695907800,2023-09-28,425.4800109863281,430.25,424.8699951171875,428.5199890136719,92258300
1695994200,2023-09-29,431.6700134277344,431.8500061035156,425.9100036621094,427.4800109863281,115111300
1696253400,2023-10-02,426.6199951171875,428.6000061035156,424.4599914550781,427.30999755859375,83798600
1696339800,2023-10-03,425.05999755859375,427.3699951171875,420.17999267578125,421.5899963378906,103760600
1696426200,2023-10-04,422.07000732421875,425.42999267578125,420.55999755859375,424.6600036621094,87453000
1696512600,2023-10-05,424.3599853515625,425.3699951171875,421.1700134277344,424.5,70142700
1696599000,2023-10-06,421.9700012207031,431.1300048828125,420.6000061035156,429.5400085449219,113273300
1696858200,2023-10-09,427.5799865722656,432.8800048828125,427.010009765625,432.2900085449219,80374400
1696944600,2023-10-10,432.94000244140625,437.2200012207031,432.5299987792969,434.5400085449219,78607300
1697031000,2023-10-11,435.6400146484375,436.5799865722656,433.17999267578125,436.32000732421875,62451700
1697117400,2023-10-12,436.95001220703125,437.3399963378906,431.2300109863281,433.6600036621094,81154200
1697203800,2023-10-13,435.2099914550781,436.45001220703125,429.8800048828125,431.5,95143100
1697463000,2023-10-16,433.82000732421875,437.1400146484375,433.57000732421875,436.0400085449219,75433200
1697549400,2023-10-17,432.80999755859375,438.1400146484375,432.45001220703125,436.0199890136719,75324700
1697635800,2023-10-18,434.19000244140625,435.17999267578125,429.0899963378906,430.2099914550781,93559800
1697722200,2023-10-19,430.95001220703125,432.82000732421875,425.7300109863281,426.42999267578125,121323000
1697808600,2023-10-20,425.9800109863281,426.5400085449219,421.0799865722656,421.19000244140625,123919900
1698067800,2023-10-23,419.6099853515625,424.45001220703125,417.79998779296875,420.4599914550781,92035100
1698154200,2023-10-24,422.6499938964844,424.82000732421875,420.739990234375,423.6300048828125,78564200
1698240600,2023-10-25,421.8900146484375,421.9200134277344,417.0199890136719,417.54998779296875,94223200
1698327000,2023-10-26,416.45001220703125,417.3299865722656,411.6000061035156,412.54998779296875,115156800
1698413400,2023-10-27,414.19000244140625,414.6000061035156,409.2099914550781,410.67999267578125,107367700
1698672600,2023-10-30,413.55999755859375,416.67999267578125,412.2200012207031,415.5899963378906,86562700
1698759000,2023-10-31,416.17999267578125,418.5299987792969,414.2099914550781,418.20001220703125,79665200
1698845400,2023-11-01,419.20001220703125,423.5,418.6499938964844,422.6600036621094,98068100
1698931800,2023-11-02,426.5799865722656,430.9200134277344,426.55999755859375,430.760009765625,94938900
1699018200,2023-11-03,433.1400146484375,436.2900085449219,433.010009765625,434.69000244140625,100167800
1699281000,2023-11-06,435.4700012207031,436.1499938964844,433.67999267578125,435.69000244140625,67831700
1699367400,2023-11-07,435.69000244140625,437.5899963378906,434.510009765625,436.92999267578125,64256100
1699453800,2023-11-08,437.54998779296875,438.0899963378906,434.8699951171875,437.25,61746000
1699540200,2023-11-09,438.42999267578125,438.4700012207031,433.3999938964844,433.8399963378906,83174400
1699626600,2023-11-10,435.9800109863281,440.92999267578125,433.8299865722656,440.6099853515625,89462200
1699885800,2023-11-13,439.2300109863281,441.3299865722656,438.4200134277344,440.19000244140625,52236100
1699972200,2023-11-14,446.32000732421875,450.05999755859375,446.0899963378906,448.7300109863281,97176900
1700058600,2023-11-15,450.1099853515625,451.3800048828125,448.79998779296875,449.67999267578125,77327600
1700145000,2023-11-16,449.2200012207031,450.55999755859375,448.1199951171875,450.2300109863281,66665800
1700231400,2023-11-17,450.239990234375,451.4200134277344,449.2900085449219,450.7900085449219,83133200
1700490600,2023-11-20,450.5299987792969,455.1300048828125,450.5199890136719,454.260009765625,69936200
1700577000,2023-11-21,453.17999267578125,454.1300048828125,451.9599914550781,453.2699890136719,49244600
1700663400,2023-11-22,454.9800109863281,456.3800048828125,453.8900146484375,455.0199890136719,59394900
1700836200,2023-11-24,455.07000732421875,455.5,454.7300109863281,455.29998779296875,29737400
1701095400,2023-11-27,454.6499938964844,455.489990234375,454.0799865722656,454.4800109863281,50506000
1701181800,2023-11-28,454.0799865722656,456.2699890136719,453.5,454.92999267578125,62115000
1701268200,2023-11-29,457.1499938964844,458.32000732421875,454.20001220703125,454.6099853515625,63146000
1701354600,2023-11-30,455.4800109863281,456.760009765625,453.3399963378906,456.3999938964844,79752700
1701441000,2023-12-01,455.7699890136719,459.6499938964844,455.1600036621094,459.1000061035156,89183400
1701700200,2023-12-04,455.6000061035156,459.1199951171875,454.3399963378906,456.69000244140625,72430900
1701786600,2023-12-05,455.260009765625,457.5899963378906,454.8699951171875,456.6000061035156,69793500
1701873000,2023-12-06,458.80999755859375,458.8399963378906,454.30999755859375,454.760009765625,69124700
1701959400,2023-12-07,456.9100036621094,458.8999938964844,456.2900085449219,458.2300109863281,66995400
1702045800,2023-12-08,457.4599914550781,460.75,457.2099914550781,460.20001220703125,83194400
1702305000,2023-12-11,459.69000244140625,462.1700134277344,459.4700012207031,461.989990234375,65002200
1702391400,2023-12-12,461.6300048828125,464.20001220703125,460.6000061035156,464.1000061035156,68327600
1702477800,2023-12-13,464.489990234375,470.760009765625,464.1199951171875,470.5,93278000
1702564200,2023-12-14,472.5,473.7300109863281,469.25,472.010009765625,119026000
1702650600,2023-12-15,469.489990234375,470.70001220703125,467.42999267578125,469.3299865722656,141553700
1702909800,2023-12-18,470.9800109863281,472.9800109863281,469.8900146484375,471.9700012207031,70375300
1702996200,2023-12-19,472.5299987792969,474.9200134277344,472.45001220703125,474.8399963378906,55761800
1703082600,2023-12-20,473.9599914550781,475.8999938964844,467.82000732421875,468.260009765625,102921000
1703169000,2023-12-21,471.3299865722656,472.9800109863281,468.8399963378906,472.70001220703125,86667500
1703255400,2023-12-22,473.8599853515625,475.3800048828125,471.70001220703125,473.6499938964844,67160400
1703601000,2023-12-26,474.07000732421875,476.5799865722656,473.989990234375,475.6499938964844,55387000
1703687400,2023-12-27,475.44000244140625,476.6600036621094,474.8900146484375,476.510009765625,68000300
1703773800,2023-12-28,476.8800048828125,477.54998779296875,476.260009765625,476.69000244140625,77158100
1703860200,2023-12-29,476.489990234375,477.0299987792969,473.29998779296875,475.30999755859375,122283100
1704205800,2024-01-02,472.1600036621094,473.6700134277344,470.489990234375,472.6499938964844,123623700
1704292200,2024-01-03,470.42999267578125,471.19000244140625,468.1700134277344,468.7900085449219,103585900
1704378600,2024-01-04,468.29998779296875,470.9599914550781,467.04998779296875,467.2799987792969,84232200
1704465000,2024-01-05,467.489990234375,470.44000244140625,466.42999267578125,467.9200134277344,86118900
1704724200,2024-01-08,468.42999267578125,474.75,468.29998779296875,474.6000061035156,74879100
1704810600,2024-01-09,471.8699951171875,474.92999267578125,471.3500061035156,473.8800048828125,65931400
1704897000,2024-01-10,474.1600036621094,477.45001220703125,473.8699951171875,476.55999755859375,67310600
1704983400,2024-01-11,477.5899963378906,478.1199951171875,472.260009765625,476.3500061035156,77940700
1705069800,2024-01-12,477.8399963378906,478.6000061035156,475.2300109863281,476.67999267578125,58026400
1705415400,2024-01-16,475.260009765625,476.6099853515625,473.05999755859375,474.92999267578125,85014900
1705501800,2024-01-17,471.82000732421875,472.7900085449219,469.8699951171875,472.2900085449219,68843900
1705588200,2024-01-18,474.010009765625,477.05999755859375,472.4200134277344,476.489990234375,91856200
1705674600,2024-01-19,477.6499938964844,482.7200012207031,476.5400085449219,482.42999267578125,110834500
1705933800,2024-01-22,484.010009765625,485.2200012207031,482.7799987792969,483.45001220703125,75844900
1706020200,2024-01-23,484.010009765625,485.1099853515625,482.8900146484375,484.8599853515625,49945300
1706106600,2024-01-24,487.80999755859375,488.7699890136719,484.8800048828125,485.3900146484375,81765000
1706193000,2024-01-25,487.5799865722656,488.30999755859375,485.3900146484375,488.0299987792969,72525000
1706279400,2024-01-26,487.5899963378906,489.1199951171875,486.5400085449219,487.4100036621094,76641600
1706538600,2024-01-29,487.7300109863281,491.4200134277344,487.1700134277344,491.2699890136719,61322800
1706625000,2024-01-30,490.55999755859375,491.6199951171875,490.1099853515625,490.8900146484375,58618400
1706711400,2024-01-31,488.6199951171875,489.0799865722656,482.8599853515625,482.8800048828125,126011100
1706797800,2024-02-01,484.6300048828125,489.2300109863281,483.79998779296875,489.20001220703125,91891600
1706884200,2024-02-02,489.6499938964844,496.04998779296875,489.29998779296875,494.3500061035156,99228200
1707143400,2024-02-05,493.70001220703125,494.3800048828125,490.2300109863281,492.54998779296875,75757100
1707229800,2024-02-06,493.5199890136719,494.32000732421875,492.04998779296875,493.9800109863281,55918600
1707316200,2024-02-07,496.2900085449219,498.5299987792969,495.3599853515625,498.1000061035156,70556500
1707402600,2024-02-08,498.1000061035156,498.7099914550781,497.260009765625,498.32000732421875,52343600
1707489000,2024-02-09,498.8399963378906,501.6499938964844,498.489990234375,501.20001220703125,63979400
1707748200,2024-02-12,501.1700134277344,503.5,500.239990234375,500.9800109863281,56502300
1707834600,2024-02-13,494.5299987792969,497.0899963378906,490.7200012207031,494.0799865722656,113099200
1707921000,2024-02-14,496.7900085449219,499.07000732421875,494.3999938964844,498.57000732421875,68387800
1708007400,2024-02-15,499.2900085449219,502.20001220703125,498.79998779296875,502.010009765625,61683000
1708093800,2024-02-16,501.70001220703125,502.8699951171875,498.75,499.510009765625,75532900
1708439400,2024-02-20,497.7200012207031,498.4100036621094,494.45001220703125,496.760009765625,71736700
1708525800,2024-02-21,495.4200134277344,497.3699951171875,493.55999755859375,497.2099914550781,59293400
1708612200,2024-02-22,504.010009765625,508.489990234375,503.0199890136719,507.5,76402500
1708698600,2024-02-23,509.2699890136719,510.1300048828125,507.1000061035156,507.8500061035156,61321800
1708957800,2024-02-26,508.29998779296875,508.75,505.8599853515625,505.989990234375,50386700
1709044200,2024-02-27,506.70001220703125,507.1600036621094,504.75,506.92999267578125,48854500
1709130600,2024-02-28,505.3299865722656,506.8599853515625,504.9599914550781,506.260009765625,56506600
1709217000,2024-02-29,508.07000732421875,509.739990234375,505.3500061035156,508.0799865722656,83924800
1709303400,2024-03-01,508.9800109863281,513.2899780273438,508.55999755859375,512.8499755859375,76844800
1709562600,2024-03-04,512.030029296875,514.2000122070312,512,512.2999877929688,49799300
1709649000,2024-03-05,510.239990234375,510.70001220703125,504.9100036621094,507.17999267578125,72855600
1709735400,2024-03-06,510.54998779296875,512.0700073242188,508.4200134277344,509.75,68382400
1709821800,2024-03-07,513.1400146484375,515.8900146484375,509.80999755859375,514.8099975585938,58652100
1709908200,2024-03-08,515.4600219726562,518.219970703125,511.1300048828125,511.7200012207031,86532500
1710163800,2024-03-11,510.4800109863281,511.8800048828125,508.5,511.2799987792969,62557200
1710250200,2024-03-12,513.4500122070312,517.3800048828125,510.8599853515625,516.780029296875,73114400
1710336600,2024-03-13,517.1099853515625,517.2899780273438,514.489990234375,515.969970703125,55104100
1710423000,2024-03-14,516.969970703125,517.1300048828125,511.82000732421875,514.9500122070312,110171800
1710509400,2024-03-15,510.2099914550781,511.70001220703125,508.1199951171875,509.8299865722656,107646300
1710768600,2024-03-18,514,515.47998046875,512.4400024414062,512.8599853515625,88893300
1710855000,2024-03-19,512.1500244140625,516,511.1199951171875,515.7100219726562,60755300
1710941400,2024-03-20,515.77001953125,520.6199951171875,515.0800170898438,520.47998046875,69594600
1711027800,2024-03-21,523.3900146484375,524.1099853515625,521.9099731445312,522.2000122070312,60256100
1711114200,2024-03-22,522.1099853515625,522.6099853515625,520.969970703125,521.2100219726562,79070800
1711373400,2024-03-25,519.7999877929688,520.9500122070312,519.6099853515625,519.77001953125,48512100
1711459800,2024-03-26,521.22998046875,521.5800170898438,518.4000244140625,518.8099975585938,65463700
1711546200,2024-03-27,521.7100219726562,523.2100219726562,519.489990234375,523.1699829101562,82999800
1711632600,2024-03-28,523.2100219726562,524.6099853515625,522.780029296875,523.0700073242188,96294900
1711978200,2024-04-01,523.8300170898438,524.3800048828125,520.969970703125,522.1599731445312,62477500
1712064600,2024-04-02,518.239990234375,518.97998046875,516.47998046875,518.8400268554688,74230300
1712151000,2024-04-03,517.719970703125,520.9500122070312,517.6699829101562,519.4099731445312,59155800
1712237400,2024-04-04,523.52001953125,523.8699951171875,512.760009765625,513.0700073242188,96858100
1712323800,2024-04-05,514.4600219726562,520.4400024414062,514.010009765625,518.4299926757812,74546500
1712583000,2024-04-08,519.1500244140625,520.1799926757812,517.8900146484375,518.719970703125,48401800
1712669400,2024-04-09,520.5,520.75,514.3499755859375,519.3200073242188,68049200
1712755800,2024-04-10,513.47998046875,516.1599731445312,512.0900268554688,514.1199951171875,82652800
1712842200,2024-04-11,515.6799926757812,519.47998046875,512.0800170898438,518,70099000
1712928600,2024-04-12,514.3699951171875,515.8200073242188,509.0799865722656,510.8500061035156,92561100
1713187800,2024-04-15,515.1300048828125,515.2999877929688,503.5799865722656,504.45001220703125,92101400
1713274200,2024-04-16,504.94000244140625,506.5,502.2099914550781,503.5299987792969,73484000
1713360600,2024-04-17,506.04998779296875,506.2200012207031,499.1199951171875,500.54998779296875,75910300
1713447000,2024-04-18,501.9800109863281,504.1300048828125,498.55999755859375,499.5199890136719,74548100
1713533400,2024-04-19,499.44000244140625,500.4599914550781,493.8599853515625,495.1600036621094,102212600
1713792600,2024-04-22,497.8299865722656,502.3800048828125,495.42999267578125,499.7200012207031,67961000
1713879000,2024-04-23,501.7799987792969,506.0899963378906,499.5299987792969,505.6499938964844,64633600
1713965400,2024-04-24,506.55999755859375,507.3699951171875,503.1300048828125,505.4100036621094,55928100
1714051800,2024-04-25,499.17999267578125,504.2699890136719,497.489990234375,503.489990234375,69122400
1714138200,2024-04-26,506.3500061035156,509.8800048828125,505.70001220703125,508.260009765625,64306100
1714397400,2024-04-29,510.0899963378906,510.75,507.25,510.05999755859375,46415400
1714483800,2024-04-30,508.55999755859375,509.55999755859375,501.9800109863281,501.9800109863281,77483600
1714570200,2024-05-01,501.3800048828125,508.19000244140625,499.8699951171875,500.3500061035156,80242800
1714656600,2024-05-02,504.1499938964844,505.8900146484375,499.54998779296875,505.0299987792969,62550200
1714743000,2024-05-03,511.1600036621094,512.5499877929688,508.55999755859375,511.2900085449219,72756700
1715002200,2024-05-06,513.75,516.6099853515625,513.2999877929688,516.5700073242188,47264700
1715088600,2024-05-07,517.5599975585938,518.5700073242188,516.4500122070312,517.1400146484375,52561300
1715175000,2024-05-08,515.260009765625,517.739990234375,515.1400146484375,517.1900024414062,42047200
1715261400,2024-05-09,517.3800048828125,520.2100219726562,516.7100219726562,520.1699829101562,43643700
1715347800,2024-05-10,521.8099975585938,522.6400146484375,519.5900268554688,520.8400268554688,52233200
1715607000,2024-05-13,522.5599975585938,522.6699829101562,519.739990234375,520.9099731445312,36716400
1715693400,2024-05-14,521.1099853515625,523.8300170898438,520.5599975585938,523.2999877929688,57535900
1715779800,2024-05-15,525.8300170898438,530.0800170898438,525.1799926757812,529.780029296875,59504900
1715866200,2024-05-16,529.8800048828125,531.52001953125,528.5399780273438,528.6900024414062,50244800
1715952600,2024-05-17,528.8099975585938,529.52001953125,527.3200073242188,529.4500122070312,59187600
1716211800,2024-05-20,529.5700073242188,531.5599975585938,529.1699829101562,530.0599975585938,37764200
1716298200,2024-05-21,529.280029296875,531.52001953125,529.0700073242188,531.3599853515625,33437000
1716384600,2024-05-22,530.6500244140625,531.3800048828125,527.5999755859375,529.8300170898438,48390000
1716471000,2024-05-23,532.9600219726562,533.0700073242188,524.719970703125,525.9600219726562,57211200
1716557400,2024-05-24,527.8499755859375,530.27001953125,526.8800048828125,529.4400024414062,41291100
1716903000,2024-05-28,530.27001953125,530.510009765625,527.1099853515625,529.8099975585938,36269600
1716989400,2024-05-29,525.6799926757812,527.3099975585938,525.3699951171875,526.0999755859375,45190300
1717075800,2024-05-30,524.52001953125,525.2000122070312,521.3300170898438,522.6099853515625,46377600
1717162200,2024-05-31,523.5900268554688,527.5,518.3599853515625,527.3699951171875,90785800
1717421400,2024-06-03,529.02001953125,529.3099975585938,522.5999755859375,527.7999877929688,46835700
1717507800,2024-06-04,526.4600219726562,529.1500244140625,524.9600219726562,528.3900146484375,34632700
1717594200,2024-06-05,530.77001953125,534.6900024414062,528.72998046875,534.6699829101562,47610400
1717680600,2024-06-06,534.97998046875,535.4199829101562,532.6799926757812,534.6599731445312,30808500
1717767000,2024-06-07,533.6599731445312,536.8900146484375,532.5399780273438,534.010009765625,43224500
1718026200,2024-06-10,533.1799926757812,535.989990234375,532.5700073242188,535.6599731445312,35686100
1718112600,2024-06-11,534.0700073242188,537.010009765625,532.0499877929688,536.9500122070312,36383400
1718199000,2024-06-12,541.6300048828125,544.1199951171875,540.2999877929688,541.3599853515625,63251300
1718285400,2024-06-13,543.1500244140625,543.3300170898438,539.5900268554688,542.4500122070312,44760900
1718371800,2024-06-14,540.8800048828125,542.8099975585938,539.8499755859375,542.780029296875,40089900
1718631000,2024-06-17,542.0800170898438,548.530029296875,541.6099853515625,547.0999755859375,55839500
1718717400,2024-06-18,547.1599731445312,548.6199951171875,546.72998046875,548.489990234375,41376400
1718890200,2024-06-20,549.4400024414062,550.1199951171875,545.1799926757812,547,70328200
1718976600,2024-06-21,544.4000244140625,545.6500244140625,543.02001953125,544.510009765625,64338600
1719235800,2024-06-24,544.3300170898438,546.9500122070312,542.6199951171875,542.739990234375,45528700
1719322200,2024-06-25,543.989990234375,545.2000122070312,542.4400024414062,544.8300170898438,37936200
1719408600,2024-06-26,543.6900024414062,546.239990234375,543.030029296875,545.510009765625,38550600
1719495000,2024-06-27,545.3699951171875,546.9600219726562,544.6099853515625,546.3699951171875,35041500
1719581400,2024-06-28,547.1599731445312,550.280029296875,542.9500122070312,544.219970703125,76144500
1719840600,2024-07-01,545.6300048828125,545.8800048828125,542.52001953125,545.3400268554688,40297800
1719927000,2024-07-02,543.7000122070312,549.010009765625,543.6500244140625,549.010009765625,40434800
1720013400,2024-07-03,548.6900024414062,551.8300170898438,548.6500244140625,551.4600219726562,32789900
1720186200,2024-07-05,551.77001953125,555.0499877929688,551.1199951171875,554.6400146484375,41488400
1720445400,2024-07-08,555.4400024414062,556.25,554.1900024414062,555.280029296875,36110500
1720531800,2024-07-09,556.260009765625,557.1799926757812,555.52001953125,555.8200073242188,27289700
1720618200,2024-07-10,557.0700073242188,561.6699829101562,556.77001953125,561.3200073242188,38701200
1720704600,2024-07-11,561.4400024414062,562.3300170898438,555.8300170898438,556.47998046875,53054200
1720791000,2024-07-12,557.6300048828125,563.6699829101562,557.1500244140625,559.989990234375,53084400
1721050200,2024-07-15,562.030029296875,564.8400268554688,559.6300048828125,561.530029296875,40584300
1721136600,2024-07-16,562.8699951171875,565.1599731445312,562.0999755859375,564.8599853515625,36475300
1721223000,2024-07-17,558.7999877929688,560.510009765625,556.6099853515625,556.9400024414062,57119000
1721309400,2024-07-18,558.510009765625,559.52001953125,550.4299926757812,552.6599731445312,56270400
1721395800,2024-07-19,552.4199829101562,554.0800170898438,547.9099731445312,548.989990234375,65509100
1721655000,2024-07-22,553,555.27001953125,551.02001953125,554.6500244140625,43346700
1721741400,2024-07-23,554.5399780273438,556.739990234375,553.280029296875,553.780029296875,34439600
1721827800,2024-07-24,548.8599853515625,549.1699829101562,540.2899780273438,541.22998046875,74515300
1721914200,2024-07-25,541.3499755859375,547.4600219726562,537.4500122070312,538.4099731445312,61158300
1722000600,2024-07-26,542.280029296875,547.1900024414062,541.489990234375,544.4400024414062,53763800
1722259800,2024-07-29,546.02001953125,547.0499877929688,542.719970703125,544.760009765625,39515800
1722346200,2024-07-30,546.260009765625,547.3400268554688,538.52001953125,542,46853600
1722432600,2024-07-31,548.97998046875,553.5,547.5800170898438,550.8099975585938,65663400
1722519000,2024-08-01,552.5700073242188,554.8699951171875,539.4299926757812,543.010009765625,76428700
1722605400,2024-08-02,535.75,536.989990234375,528.5999755859375,532.9000244140625,82789100
1722864600,2024-08-05,511.6400146484375,523.5800170898438,510.2699890136719,517.3800048828125,146267400
1722951000,2024-08-06,519.219970703125,529.75,517.8699951171875,522.1500244140625,84826300
1723037400,2024-08-07,528.469970703125,531.5900268554688,518.0499877929688,518.6599731445312,70698300
1723123800,2024-08-08,523.9099731445312,531.2899780273438,521.8400268554688,530.6500244140625,63276600
1723210200,2024-08-09,529.8099975585938,534.510009765625,528.5599975585938,532.989990234375,45619600
1723469400,2024-08-12,534.2100219726562,535.72998046875,530.9500122070312,533.27001953125,42542100
1723555800,2024-08-13,536.530029296875,542.280029296875,536.280029296875,542.0399780273438,52333100
1723642200,2024-08-14,542.8499755859375,544.9600219726562,540.1199951171875,543.75,42446900
1723728600,2024-08-15,549.5,553.3599853515625,548.8800048828125,553.0700073242188,60846800
1723815000,2024-08-16,551.4199829101562,555.02001953125,551.260009765625,554.3099975585938,44430700
1724074200,2024-08-19,554.72998046875,559.6099853515625,553.8599853515625,559.6099853515625,39121800
1724160600,2024-08-20,559.1500244140625,560.8400268554688,557.3300170898438,558.7000122070312,33732300
1724247000,2024-08-21,559.77001953125,562.1099853515625,554.72998046875,560.6199951171875,41514600
1724333400,2024-08-22,562.5599975585938,563.1799926757812,554.97998046875,556.219970703125,56121500
1724419800,2024-08-23,559.530029296875,563.0900268554688,557.2899780273438,562.1300048828125,50639400
1724679000,2024-08-26,563.1799926757812,563.9099731445312,559.0499877929688,560.7899780273438,35788600
1724765400,2024-08-27,559.489990234375,562.0599975585938,558.3200073242188,561.5599975585938,32693900
1724851800,2024-08-28,561.2100219726562,561.6500244140625,555.0399780273438,558.2999877929688,41066000
1724938200,2024-08-29,560.3099975585938,563.6799926757812,557.1799926757812,558.3499755859375,38715200
1725024600,2024-08-30,560.77001953125,564.2000122070312,557.1400146484375,563.6799926757812,62700100
1725370200,2024-09-03,560.469970703125,560.8099975585938,549.510009765625,552.0800170898438,60600100
1725456600,2024-09-04,550.2000122070312,554.4299926757812,549.4600219726562,550.9500122070312,47224900
1725543000,2024-09-05,550.8900146484375,553.7999877929688,547.0999755859375,549.6099853515625,44264300
1725629400,2024-09-06,549.9400024414062,551.5999755859375,539.4400024414062,540.3599853515625,68493800
1725888600,2024-09-09,544.6500244140625,547.7100219726562,542.6799926757812,546.4099731445312,40445800
1725975000,2024-09-10,548.3599853515625,549.1500244140625,543.3800048828125,548.7899780273438,36394600
1726061400,2024-09-11,548.7000122070312,555.3599853515625,539.9600219726562,554.4199829101562,75248600
1726147800,2024-09-12,555.010009765625,559.4000244140625,552.739990234375,559.0900268554688,51819600
1726234200,2024-09-13,559.7100219726562,563.030029296875,559.4500122070312,562.010009765625,39310500
1726493400,2024-09-16,561.739990234375,563.1099853515625,559.9000244140625,562.8400268554688,36656100
1726579800,2024-09-17,565.0999755859375,566.5800170898438,560.7899780273438,563.0700073242188,49321000
1726666200,2024-09-18,563.739990234375,568.6900024414062,560.8300170898438,561.4000244140625,59044900
1726752600,2024-09-19,571.010009765625,572.8800048828125,568.0800170898438,570.97998046875,75315500
1726839000,2024-09-20,567.8400268554688,569.3099975585938,565.1699829101562,568.25,77503100
1727098200,2024-09-23,569.3400268554688,570.3300170898438,568.0999755859375,569.6699829101562,44116900
1727184600,2024-09-24,570.47998046875,571.3599853515625,567.5999755859375,571.2999877929688,46805700
1727271000,2024-09-25,571.1400146484375,571.8900146484375,568.9099731445312,570.0399780273438,38428600
1727357400,2024-09-26,574.3800048828125,574.7100219726562,569.9000244140625,572.2999877929688,48336000
1727443800,2024-09-27,573.3900146484375,574.219970703125,570.4199829101562,571.469970703125,42100900
1727703000,2024-09-30,570.4199829101562,574.3800048828125,568.0800170898438,573.760009765625,63557400
1727789400,2024-10-01,573.4000244140625,574.0599975585938,566,568.6199951171875,72668800
1727875800,2024-10-02,567.7100219726562,569.9000244140625,565.27001953125,568.8599853515625,38097800
1727962200,2024-10-03,567.3599853515625,569.7999877929688,565.489990234375,567.8200073242188,40846500
1728048600,2024-10-04,572.3499755859375,573.3599853515625,568.0999755859375,572.97998046875,42939100
1728307800,2024-10-07,571.2999877929688,571.9600219726562,566.6300048828125,567.7999877929688,49964700
1728394200,2024-10-08,570.4199829101562,573.780029296875,569.530029296875,573.1699829101562,37398700
1728480600,2024-10-09,573.1599731445312,577.7100219726562,572.5499877929688,577.1400146484375,37912200
1728567000,2024-10-10,575.77001953125,577.5800170898438,574.489990234375,576.1300048828125,44138100
1728653400,2024-10-11,576.0499877929688,580.3300170898438,575.9099731445312,579.5800170898438,42268000
1728912600,2024-10-14,581.219970703125,585.27001953125,580.72998046875,584.3200073242188,36217200
1728999000,2024-10-15,584.5900268554688,584.9000244140625,578.5399780273438,579.780029296875,54203600
1729085400,2024-10-16,579.780029296875,582.8300170898438,578.9600219726562,582.2999877929688,30725400
1729171800,2024-10-17,585.9099731445312,586.1199951171875,582.1599731445312,582.3499755859375,34393700
1729258200,2024-10-18,584.0700073242188,585.3900146484375,582.5800170898438,584.5900268554688,37416800
1729517400,2024-10-21,583.8499755859375,584.8499755859375,580.5999755859375,583.6300048828125,36439000
1729603800,2024-10-22,581.0499877929688,584.5,580.3800048828125,583.3200073242188,34183800
1729690200,2024-10-23,581.260009765625,581.7100219726562,574.4199829101562,577.989990234375,49314600
1729776600,2024-10-24,579.97998046875,580.0599975585938,576.5700073242188,579.239990234375,34979900
1729863000,2024-10-25,581.510009765625,584.4600219726562,578.0800170898438,579.0399780273438,47268200
1730122200,2024-10-28,582.5800170898438,582.7100219726562,580.52001953125,580.8300170898438,30174700
1730208600,2024-10-29,579.8499755859375,582.9099731445312,578.4299926757812,581.77001953125,42899700
1730295000,2024-10-30,581.2899780273438,583.3200073242188,579.2899780273438,580.010009765625,41435800
1730381400,2024-10-31,575.5599975585938,575.6300048828125,568.4400024414062,568.6400146484375,60182500
1730467800,2024-11-01,571.3200073242188,575.5499877929688,570.6199951171875,571.0399780273438,45667500
1730730600,2024-11-04,571.1799926757812,572.5,567.8900146484375,569.8099975585938,38217000
1730817000,2024-11-05,570.739990234375,576.739990234375,570.52001953125,576.7000122070312,39478300
1730903400,2024-11-06,589.2000122070312,591.9299926757812,585.3900146484375,591.0399780273438,68182000
1730989800,2024-11-07,593.0800170898438,596.6500244140625,593,595.6099853515625,47233200
1731076200,2024-11-08,596.1699829101562,599.6400146484375,596.1699829101562,598.1900024414062,46444900
1731335400,2024-11-11,599.8099975585938,600.1699829101562,597,598.760009765625,37586800
1731421800,2024-11-12,598.6799926757812,599.2899780273438,594.3699951171875,596.9000244140625,43006100
1731508200,2024-11-13,597.3699951171875,599.22998046875,594.9600219726562,597.1900024414062,47388600
1731594600,2024-11-14,597.3200073242188,597.8099975585938,592.6500244140625,593.3499755859375,38904100
1731681000,2024-11-15,589.719970703125,590.2000122070312,583.8599853515625,585.75,75988800
1731940200,2024-11-18,586.219970703125,589.489990234375,585.3400268554688,588.1500244140625,37001700
1732026600,2024-11-19,584.7100219726562,591.0399780273438,584.030029296875,590.2999877929688,49412000
1732113000,2024-11-20,590.3800048828125,590.7899780273438,584.6300048828125,590.5,50032600
1732199400,2024-11-21,593.4000244140625,595.1199951171875,587.4500122070312,593.6699829101562,46750300
1732285800,2024-11-22,593.6599731445312,596.1500244140625,593.1500244140625,595.510009765625,38226400
1732545000,2024-11-25,599.52001953125,600.8599853515625,595.2000122070312,597.530029296875,42441400
1732631400,2024-11-26,598.7999877929688,601.3300170898438,598.0700073242188,600.6500244140625,45621300
1732717800,2024-11-27,600.4600219726562,600.8499755859375,597.280029296875,598.8300170898438,34000200
1732890600,2024-11-29,599.6599731445312,603.3499755859375,599.3800048828125,602.5499877929688,30177400
1733149800,2024-12-02,602.969970703125,604.3200073242188,602.469970703125,603.6300048828125,31746000
1733236200,2024-12-03,603.3900146484375,604.1599731445312,602.3400268554688,603.9099731445312,26906600
1733322600,2024-12-04,605.6300048828125,607.9099731445312,604.9500122070312,607.6599731445312,42787600
1733409000,2024-12-05,607.6599731445312,608.47998046875,606.2999877929688,606.6599731445312,28762200
1733495400,2024-12-06,607.4400024414062,609.0700073242188,607.02001953125,607.8099975585938,31241500
1733754600,2024-12-09,607.6900024414062,607.8599853515625,604.0800170898438,604.6799926757812,34742700
1733841000,2024-12-10,605.3699951171875,605.7999877929688,602.1300048828125,602.7999877929688,37234500
1733927400,2024-12-11,605.780029296875,608.4299926757812,605.5,607.4600219726562,28677700
1734013800,2024-12-12,606.5800170898438,607.1599731445312,604.3300170898438,604.3300170898438,31543800
1734100200,2024-12-13,606.4000244140625,607.1300048828125,602.8099975585938,604.2100219726562,35904700
1734359400,2024-12-16,606,607.780029296875,605.2100219726562,606.7899780273438,43695200
1734445800,2024-12-17,604.1900024414062,605.1699829101562,602.8900146484375,604.2899780273438,55773500
1734532200,2024-12-18,603.97998046875,606.4099731445312,585.8900146484375,586.280029296875,108248700
1734618600,2024-12-19,591.3599853515625,593,585.8499755859375,586.0999755859375,85919500
1734705000,2024-12-20,581.77001953125,595.75,580.9099731445312,591.1500244140625,125716700
1734964200,2024-12-23,590.8900146484375,595.2999877929688,587.6599731445312,594.6900024414062,57635800
1735050600,2024-12-24,596.0599975585938,601.3400268554688,595.469970703125,601.2999877929688,33160100
1735223400,2024-12-26,599.5,602.47998046875,598.0800170898438,601.3400268554688,41219100
1735309800,2024-12-27,597.5399780273438,597.780029296875,590.760009765625,595.010009765625,64969300
1735569000,2024-12-30,587.8900146484375,591.739990234375,584.4099731445312,588.219970703125,56578800
1735655400,2024-12-31,589.9099731445312,590.6400146484375,584.4199829101562,586.0800170898438,57052700
1735828200,2025-01-02,589.3900146484375,591.1300048828125,580.5,584.6400146484375,50204000
1735914600,2025-01-03,587.530029296875,592.5999755859375,586.4299926757812,591.9500122070312,37888500
1736173800,2025-01-06,596.27001953125,599.7000122070312,593.5999755859375,595.3599853515625,47679400
1736260200,2025-01-07,597.4199829101562,597.75,586.780029296875,588.6300048828125,60393100
1736346600,2025-01-08,588.7000122070312,590.5800170898438,585.2000122070312,589.489990234375,47304700
1736519400,2025-01-10,585.8800048828125,585.9500122070312,578.5499877929688,580.489990234375,73105000
1736778600,2025-01-13,575.77001953125,581.75,575.3499755859375,581.3900146484375,47910100
1736865000,2025-01-14,584.3599853515625,585,578.3499755859375,582.1900024414062,48420600
1736951400,2025-01-15,590.3300170898438,593.9400024414062,589.2000122070312,592.780029296875,56900200
1737037800,2025-01-16,594.1699829101562,594.3499755859375,590.9299926757812,591.6400146484375,43319700
1737124200,2025-01-17,596.9600219726562,599.3599853515625,595.6099853515625,597.5800170898438,58070600
1737469800,2025-01-21,600.6699829101562,603.0599975585938,598.6699829101562,603.0499877929688,42532900
1737556200,2025-01-22,605.9199829101562,607.8200073242188,605.3599853515625,606.4400024414062,48196000
1737642600,2025-01-23,605.7999877929688,609.75,605.52001953125,609.75,41152100
1737729000,2025-01-24,609.8099975585938,610.780029296875,606.7999877929688,607.969970703125,34604700
1737988200,2025-01-27,594.8099975585938,599.6900024414062,594.6400146484375,599.3699951171875,70361100
1738074600,2025-01-28,600.6199951171875,605.3699951171875,597.25,604.52001953125,44433300
1738161000,2025-01-29,603.719970703125,604.1300048828125,599.219970703125,601.8099975585938,37177400
1738247400,2025-01-30,603.9600219726562,606.5999755859375,600.719970703125,605.0399780273438,39281300
1738333800,2025-01-31,607.5,609.9600219726562,601.0499877929688,601.8200073242188,66566900
1738593000,2025-02-03,592.6699829101562,600.2899780273438,590.489990234375,597.77001953125,65857200
1738679400,2025-02-04,597.8300170898438,602.2999877929688,597.280029296875,601.780029296875,33457800
1738765800,2025-02-05,600.6400146484375,604.3699951171875,598.5800170898438,604.219970703125,30653100
1738852200,2025-02-06,605.989990234375,606.4500122070312,602.6300048828125,606.3200073242188,35771500
1738938600,2025-02-07,606.8900146484375,608.1300048828125,600.0499877929688,600.77001953125,50788500
1739197800,2025-02-10,604.030029296875,605.5,602.739990234375,604.8499755859375,26048700
1739284200,2025-02-11,602.5499877929688,605.8599853515625,602.4299926757812,605.3099975585938,30056700
1739370600,2025-02-12,599.2000122070312,604.5499877929688,598.510009765625,603.3599853515625,45076100
1739457000,2025-02-13,604.47998046875,609.9400024414062,603.2000122070312,609.72998046875,40921300
1739543400,2025-02-14,609.9400024414062,610.989990234375,609.0700073242188,609.7000122070312,26910400
1739889000,2025-02-18,610.8800048828125,611.489990234375,608.3800048828125,611.489990234375,26749000
1739975400,2025-02-19,610.0800170898438,613.22998046875,609.5599975585938,612.9299926757812,31011100
1740061800,2025-02-20,611.5399780273438,611.6799926757812,607.02001953125,610.3800048828125,36554000
1740148200,2025-02-21,610.1599731445312,610.2999877929688,599.469970703125,599.9400024414062,76519800
1740407400,2025-02-24,602.02001953125,603.030029296875,596.489990234375,597.2100219726562,50737200
1740493800,2025-02-25,597.1500244140625,597.8900146484375,589.5599975585938,594.239990234375,58266500
1740580200,2025-02-26,595.9299926757812,599.5800170898438,591.8599853515625,594.5399780273438,43321600
1740666600,2025-02-27,596.8499755859375,598.02001953125,584.6500244140625,585.0499877929688,74196700
1740753000,2025-02-28,585.5599975585938,594.719970703125,582.4400024414062,594.1799926757812,88744100
1741012200,2025-03-03,596.1799926757812,597.3400268554688,579.9000244140625,583.77001953125,74249200
1741098600,2025-03-04,579.7100219726562,585.3900146484375,572.25,576.8599853515625,109648200
1741185000,2025-03-05,576.6900024414062,584.8800048828125,573.0800170898438,583.0599975585938,71230500
1741271400,2025-03-06,575.47998046875,580.1699829101562,570.1199951171875,572.7100219726562,80094900
1741357800,2025-03-07,570.9000244140625,577.3900146484375,565.6300048828125,575.9199829101562,81158800
1741613400,2025-03-10,567.5900268554688,569.5399780273438,555.5900268554688,560.5800170898438,99326600
1741699800,2025-03-11,559.4000244140625,564.02001953125,552.02001953125,555.9199829101562,88102100
1741786200,2025-03-12,562.1699829101562,563.1099853515625,553.6900024414062,558.8699951171875,69588200
1741872600,2025-03-13,558.489990234375,559.1099853515625,549.6799926757812,551.4199829101562,74079400
1741959000,2025-03-14,556.1099853515625,563.8300170898438,551.489990234375,562.8099975585938,62660300
1742218200,2025-03-17,562.7899780273438,569.7100219726562,562.3499755859375,567.1500244140625,49008700
1742304600,2025-03-18,564.7999877929688,565.02001953125,559.0599975585938,561.02001953125,66041400
1742391000,2025-03-19,562.8300170898438,570.9500122070312,561.6300048828125,567.1300048828125,66556000
1742477400,2025-03-20,563.3300170898438,570.5700073242188,562.5999755859375,565.489990234375,62958200
1742563800,2025-03-21,559.280029296875,564.8900146484375,558.030029296875,563.97998046875,83763000
1742823000,2025-03-24,570.7999877929688,575.1500244140625,570.2000122070312,574.0800170898438,58766800
1742909400,2025-03-25,575.2999877929688,576.4099731445312,573.6900024414062,575.4600219726562,38355700
1742995800,2025-03-26,575.1900024414062,576.3300170898438,567.1900024414062,568.5900268554688,51848300
1743082200,2025-03-27,567.1799926757812,570.9000244140625,564.9400024414062,567.0800170898438,42164200
1743168600,2025-03-28,565.530029296875,566.27001953125,555.0700073242188,555.6599731445312,71662700
1743427800,2025-03-31,549.8300170898438,560.7100219726562,546.8699951171875,559.3900146484375,95328200
1743514200,2025-04-01,557.4500122070312,562.9400024414062,553.6799926757812,560.969970703125,54609600
1743600600,2025-04-02,555.0499877929688,567.4199829101562,554.8099975585938,564.52001953125,76014500
1743687000,2025-04-03,545.1099853515625,547.969970703125,536.7000122070312,536.7000122070312,125986000
1743773400,2025-04-04,523.6699829101562,525.8699951171875,505.05999755859375,505.2799987792969,217965100
1744032600,2025-04-07,489.19000244140625,523.1699829101562,481.79998779296875,504.3800048828125,256611400
1744119000,2025-04-08,521.8599853515625,524.97998046875,489.1600036621094,496.4800109863281,165816600
1744205400,2025-04-09,493.44000244140625,548.6199951171875,493.04998779296875,548.6199951171875,241867300
1744291800,2025-04-10,532.1699829101562,533.5,509.32000732421875,524.5800170898438,162331200
1744378200,2025-04-11,523.010009765625,536.4299926757812,520.0700073242188,533.9400024414062,97866300
1744637400,2025-04-14,544.0499877929688,544.280029296875,533.8599853515625,539.1199951171875,68034000
1744723800,2025-04-15,539.6699829101562,543.22998046875,536.8099975585938,537.6099853515625,56892900
1744810200,2025-04-16,531.6799926757812,537.8900146484375,520.2899780273438,525.6599731445312,83484800
1744896600,2025-04-17,527.6400146484375,531.1699829101562,523.9099731445312,526.4099731445312,79868100
1745242200,2025-04-21,521.1599731445312,521.7000122070312,508.4599914550781,513.8800048828125,69368100
1745328600,2025-04-22,520.1400146484375,529.2999877929688,519.1900024414062,527.25,75948100
1745415000,2025-04-23,540.4299926757812,545.4299926757812,533.8800048828125,535.4199829101562,90590700
1745501400,2025-04-24,536.719970703125,547.4299926757812,535.4500122070312,546.6900024414062,64150400
1745587800,2025-04-25,546.6500244140625,551.0499877929688,543.6900024414062,550.6400146484375,61119600
1745847000,2025-04-28,551.3900146484375,553.5499877929688,545.02001953125,550.8499755859375,47613800
1745933400,2025-04-29,548.9099731445312,555.4500122070312,548.5499877929688,554.3200073242188,47775100
1746019800,2025-04-30,547.5700073242188,556.52001953125,541.52001953125,554.5399780273438,93101500
1746106200,2025-05-01,560.3699951171875,564.0700073242188,557.8599853515625,558.469970703125,63186100
1746192600,2025-05-02,564.72998046875,568.3800048828125,562.3800048828125,566.760009765625,60717300
1746451800,2025-05-05,562.5700073242188,566.6500244140625,561.7000122070312,563.510009765625,38659200
1746538200,2025-05-06,557.9299926757812,563.3499755859375,556.9600219726562,558.7999877929688,48264700
1746624600,2025-05-07,560.1500244140625,563.8200073242188,556.0399780273438,561.1500244140625,55588000
1746711000,2025-05-08,565.239990234375,570.3099975585938,561.7000122070312,565.0599975585938,65130800
1746797400,2025-05-09,566.47998046875,567.5,562.760009765625,564.3400268554688,37603400
1747056600,2025-05-12,581.469970703125,583,577.0399780273438,582.989990234375,78993600
1747143000,2025-05-13,583.4099731445312,589.0800170898438,582.8400268554688,586.8400268554688,67947200
1747229400,2025-05-14,587.8099975585938,588.97998046875,585.5399780273438,587.5900268554688,66283500
1747315800,2025-05-15,585.5599975585938,590.969970703125,585.0999755859375,590.4600219726562,71268100
1747402200,2025-05-16,591.25,594.5,589.280029296875,594.2000122070312,76052100
1747661400,2025-05-19,588.0999755859375,595.5399780273438,588.0999755859375,594.8499755859375,68168500
1747747800,2025-05-20,593.0900268554688,594.0499877929688,589.5999755859375,592.8499755859375,60614500
1747834200,2025-05-21,588.4400024414062,592.5800170898438,581.8200073242188,582.8599853515625,95197700
1747920600,2025-05-22,582.6599731445312,586.6199951171875,581.4099731445312,583.0900268554688,70860400
1748007000,2025-05-23,575.97998046875,581.8099975585938,575.5999755859375,579.1099853515625,76029000
1748352600,2025-05-27,586.0700073242188,591.3099975585938,578.4299926757812,591.1500244140625,72588500
1748439000,2025-05-28,591.5599975585938,592.77001953125,586.989990234375,587.72998046875,68445500
1748525400,2025-05-29,593.0599975585938,593.2000122070312,586.0700073242188,590.0499877929688,69973300
1748611800,2025-05-30,588.9299926757812,591.1300048828125,583.239990234375,589.3900146484375,90601200
1748871000,2025-06-02,587.760009765625,592.7899780273438,585.0599975585938,592.7100219726562,61630500
1748957400,2025-06-03,592.3400268554688,597.0800170898438,591.8499755859375,596.0900268554688,63606200
1749043800,2025-06-04,596.9600219726562,597.9500122070312,595.489990234375,595.9299926757812,57314200
1749130200,2025-06-05,597.6300048828125,599,591.0499877929688,593.0499877929688,92278700
1749216600,2025-06-06,598.6599731445312,600.8300170898438,596.8599853515625,599.1400146484375,66588700
1749475800,2025-06-09,599.719970703125,601.25,598.489990234375,599.6799926757812,53016400
1749562200,2025-06-10,600.219970703125,603.469970703125,599.0900268554688,603.0800170898438,66247000
1749648600,2025-06-11,604.1900024414062,605.0599975585938,599.27001953125,601.3599853515625,73658200
1749735000,2025-06-12,600.010009765625,603.75,599.52001953125,603.75,64129000
1749821400,2025-06-13,598.5,601.8499755859375,595.47998046875,597,89506000
1750080600,2025-06-16,600.4000244140625,604.4500122070312,600.219970703125,602.6799926757812,79984100
1750167000,2025-06-17,600.2100219726562,601.75,596.760009765625,597.530029296875,82209400
1750253400,2025-06-18,598.4400024414062,601.219970703125,596.469970703125,597.4400024414062,76605000
1750426200,2025-06-20,598.3800048828125,599.4600219726562,592.8599853515625,594.280029296875,94051400
1750685400,2025-06-23,595.0399780273438,600.5399780273438,591.8900146484375,600.1500244140625,87426000
1750771800,2025-06-24,604.3300170898438,607.8499755859375,603.4099731445312,606.780029296875,67735300
1750858200,2025-06-25,607.9099731445312,608.6099853515625,605.5399780273438,607.1199951171875,62114800
1750944600,2025-06-26,608.989990234375,612.3099975585938,608.3699951171875,611.8699951171875,78548400
1751031000,2025-06-27,612.8800048828125,616.3900146484375,610.8300170898438,614.9099731445312,86258400
1751290200,2025-06-30,617.3800048828125,619.219970703125,615.0399780273438,617.8499755859375,92502500
1751376600,2025-07-01,616.3599853515625,618.8300170898438,615.52001953125,617.6500244140625,70030100
1751463000,2025-07-02,617.239990234375,620.489990234375,616.6099853515625,620.4500122070312,66510400
1751549400,2025-07-03,622.4500122070312,626.280029296875,622.4299926757812,625.3400268554688,51065800
1751895000,2025-07-07,623.3599853515625,624.030029296875,617.8699951171875,620.6799926757812,74814500
1751981400,2025-07-08,621.3499755859375,622.1099853515625,619.52001953125,620.3400268554688,59024600
1752067800,2025-07-09,622.77001953125,624.719970703125,620.9099731445312,624.0599975585938,66113300
1752154200,2025-07-10,624.2000122070312,626.8699951171875,623.010009765625,625.8200073242188,57529000
1752240600,2025-07-11,622.739990234375,624.8599853515625,621.530029296875,623.6199951171875,63670200
1752499800,2025-07-14,623.1599731445312,625.1599731445312,621.7999877929688,624.8099975585938,51898500
1752586200,2025-07-15,627.52001953125,627.8599853515625,622.0599975585938,622.1400146484375,74317300
1752672600,2025-07-16,623.739990234375,624.72998046875,618.0499877929688,624.219970703125,88987500
1752759000,2025-07-17,624.4000244140625,628.4000244140625,624.1799926757812,628.0399780273438,68885700
1752845400,2025-07-18,629.2999877929688,629.469970703125,626.4600219726562,627.5800170898438,65621600
1753104600,2025-07-21,628.77001953125,631.5399780273438,628.3400268554688,628.77001953125,63375000
1753191000,2025-07-22,629.0999755859375,629.72998046875,626.1900024414062,628.8599853515625,60046300
1753277400,2025-07-23,631.5499877929688,634.2100219726562,629.72998046875,634.2100219726562,70511000
1753363800,2025-07-24,634.5999755859375,636.1500244140625,633.989990234375,634.4199829101562,71307100
1753450200,2025-07-25,635.0900268554688,637.5800170898438,634.8400268554688,637.0999755859375,56865400
1753709400,2025-07-28,637.47998046875,638.0399780273438,635.5399780273438,636.9400024414062,54917100
1753795800,2025-07-29,638.3499755859375,638.6699829101562,634.3400268554688,635.260009765625,60556300
1753882200,2025-07-30,635.9199829101562,637.6799926757812,631.5399780273438,634.4600219726562,80418900
1753968600,2025-07-31,639.4600219726562,639.8499755859375,630.77001953125,632.0800170898438,103385200
1754055000,2025-08-01,626.2999877929688,626.3400268554688,619.2899780273438,621.719970703125,140103600
1754314200,2025-08-04,625.6699829101562,631.219970703125,625.5800170898438,631.1699829101562,73218000
1754400600,2025-08-05,631.7899780273438,632.6099853515625,627.0399780273438,627.969970703125,68051400
1754487000,2025-08-06,629.0499877929688,633.4400024414062,628.1300048828125,632.780029296875,64357500
1754573400,2025-08-07,636.239990234375,636.97998046875,629.1099853515625,632.25,74205800
1754659800,2025-08-08,634.0599975585938,637.6500244140625,633.739990234375,637.1799926757812,64051600
1754919000,2025-08-11,637.4600219726562,638.9500122070312,634.6599731445312,635.9199829101562,58742300
1755005400,2025-08-12,638.2899780273438,642.8499755859375,636.7899780273438,642.6900024414062,64730800
1755091800,2025-08-13,644.9099731445312,646.1900024414062,642.6799926757812,644.8900146484375,60092800
1755178200,2025-08-14,642.7899780273438,645.6199951171875,642.3400268554688,644.9500122070312,59327500
1755264600,2025-08-15,645.989990234375,646.0900268554688,642.52001953125,643.4400024414062,68592500
1755523800,2025-08-18,642.8599853515625,644,642.1799926757812,643.2999877929688,43804900
1755610200,2025-08-19,643.1199951171875,644.1099853515625,638.47998046875,639.8099975585938,69750700
1755696600,2025-08-20,639.4000244140625,639.6599731445312,632.9500122070312,638.1099853515625,88890300
1755783000,2025-08-21,636.280029296875,637.969970703125,633.8099975585938,635.5499877929688,54805800
1755869400,2025-08-22,637.760009765625,646.5,637.25,645.3099975585938,84083200
1756128600,2025-08-25,644.0399780273438,645.2899780273438,642.3499755859375,642.469970703125,51274300
1756215000,2025-08-26,642.2000122070312,645.510009765625,641.5700073242188,645.1599731445312,51581600
1756301400,2025-08-27,644.5700073242188,647.3699951171875,644.4199829101562,646.6300048828125,48341100
1756387800,2025-08-28,647.239990234375,649.47998046875,645.3400268554688,648.9199829101562,61519500
1756474200,2025-08-29,647.469970703125,647.8400268554688,643.1400146484375,645.0499877929688,74522200
1756819800,2025-09-02,637.5,640.489990234375,634.9199829101562,640.27001953125,81983500
1756906200,2025-09-03,642.6699829101562,644.2100219726562,640.4600219726562,643.739990234375,70820900
1756992600,2025-09-04,644.4199829101562,649.1500244140625,643.510009765625,649.1199951171875,65219200
1757079000,2025-09-05,651.47998046875,652.2100219726562,643.3300170898438,647.239990234375,85178900
1757338200,2025-09-08,648.6199951171875,649.8400268554688,647.22998046875,648.8300170898438,63133100
1757424600,2025-09-09,648.969970703125,650.8599853515625,647.219970703125,650.3300170898438,66133900
1757511000,2025-09-10,653.6199951171875,654.5499877929688,650.6300048828125,652.2100219726562,78034500
1757597400,2025-09-11,654.1799926757812,658.3300170898438,653.5900268554688,657.6300048828125,69934400
1757683800,2025-09-12,657.5999755859375,659.1099853515625,656.9000244140625,657.4099731445312,72780100
1757943000,2025-09-15,659.6400146484375,661.0399780273438,659.3400268554688,660.9099731445312,63772400
1758029400,2025-09-16,661.469970703125,661.780029296875,659.2100219726562,660,61169000
1758115800,2025-09-17,660.010009765625,661.719970703125,654.2999877929688,659.1799926757812,101952200
1758202200,2025-09-18,661.8900146484375,664.8900146484375,660.27001953125,662.260009765625,90459200
1758288600,2025-09-19,662.3300170898438,664.5499877929688,660.3699951171875,663.7000122070312,97945600
1758547800,2025-09-22,662.2000122070312,667.2899780273438,662.1699829101562,666.8400268554688,69452200
1758634200,2025-09-23,666.719970703125,667.3400268554688,661.97998046875,663.2100219726562,81708900
1758720600,2025-09-24,664.510009765625,664.6099853515625,659.6699829101562,661.0999755859375,68082200
1758807000,2025-09-25,657.9400024414062,659.4099731445312,654.4099731445312,658.0499877929688,89622100
1758893400,2025-09-26,659.510009765625,662.3699951171875,657.8800048828125,661.8200073242188,69179200
1759152600,2025-09-29,664.3599853515625,665.280029296875,661.8599853515625,663.6799926757812,73499000
1759239000,2025-09-30,662.9299926757812,666.6500244140625,661.6099853515625,666.1799926757812,86288000
1759325400,2025-10-01,663.1699829101562,669.3699951171875,663.0599975585938,668.4500122070312,72545400
1759411800,2025-10-02,670.4500122070312,670.5700073242188,666.780029296875,669.219970703125,56896000
1759498200,2025-10-03,669.989990234375,672.6799926757812,668.1599731445312,669.2100219726562,70494400
1759757400,2025-10-06,671.6199951171875,672.510009765625,669.4600219726562,671.6099853515625,54623300
1759843800,2025-10-07,672.5399780273438,672.989990234375,667.6699829101562,669.1199951171875,72020100
1759930200,2025-10-08,670.25,673.2100219726562,669.4199829101562,673.1099853515625,60702200
1760016600,2025-10-09,673.530029296875,673.9400024414062,669.2100219726562,671.1599731445312,66501900
1760103000,2025-10-10,672.1300048828125,673.9500122070312,652.8400268554688,653.02001953125,159422600
1760362200,2025-10-13,660.6500244140625,665.1300048828125,659.77001953125,663.0399780273438,79560500
1760448600,2025-10-14,657.1699829101562,665.8300170898438,653.1699829101562,662.22998046875,88779600
1760535000,2025-10-15,666.8200073242188,670.22998046875,658.9299926757812,665.1699829101562,81702600
1760621400,2025-10-16,666.8200073242188,668.7100219726562,657.1099853515625,660.6400146484375,110563300
1760707800,2025-10-17,659.5,665.760009765625,658.1400146484375,664.3900146484375,96500900
1760967000,2025-10-20,667.3200073242188,672.2100219726562,667.27001953125,671.2999877929688,60493400
1761053400,2025-10-21,671.4400024414062,672.989990234375,669.97998046875,671.2899780273438,56249000
1761139800,2025-10-22,672,672,663.2999877929688,667.7999877929688,80564000
1761226200,2025-10-23,668.1199951171875,672.7100219726562,667.7999877929688,671.760009765625,65604500
1761312600,2025-10-24,676.4600219726562,678.469970703125,675.6500244140625,677.25,74356500
1761571800,2025-10-27,682.72998046875,685.5399780273438,682.1199951171875,685.239990234375,63339800
1761658200,2025-10-28,687.0499877929688,688.9099731445312,684.8300170898438,687.0599975585938,61738100
1761744600,2025-10-29,688.719970703125,689.7000122070312,682.8699951171875,687.3900146484375,85657100
1761831000,2025-10-30,683.9000244140625,685.9400024414062,679.8300170898438,679.8300170898438,76335800
1761917400,2025-10-31,685.0399780273438,685.0800170898438,679.239990234375,682.0599975585938,87164100
1762180200,2025-11-03,685.6699829101562,685.7999877929688,679.9400024414062,683.3400268554688,57315000
1762266600,2025-11-04,676.1099853515625,679.9600219726562,674.5800170898438,675.239990234375,78427000
1762353000,2025-11-05,674.97998046875,680.8599853515625,674.1699829101562,677.5800170898438,74402400
1762439400,2025-11-06,676.469970703125,677.3800048828125,668.719970703125,670.3099975585938,85035300
1762525800,2025-11-07,667.9099731445312,671.0800170898438,661.2100219726562,670.969970703125,100592400
1762785000,2025-11-10,677.239990234375,682.1799926757812,675.030029296875,681.4400024414062,75842900
1762871400,2025-11-11,679.9500122070312,683.5700073242188,678.72998046875,683,58953400
1762957800,2025-11-12,684.7899780273438,684.9600219726562,680.9500122070312,683.3800048828125,62312500
1763044200,2025-11-13,680.5,680.8599853515625,670.52001953125,672.0399780273438,103457800
1763130600,2025-11-14,665.3800048828125,675.6599731445312,663.27001953125,671.9299926757812,96846700
1763389800,2025-11-17,669.7000122070312,673.7100219726562,662.1699829101562,665.6699829101562,90456100
1763476200,2025-11-18,662.0999755859375,665.1199951171875,655.8599853515625,660.0800170898438,114467500
1763562600,2025-11-19,660.780029296875,667.3400268554688,658.75,662.6300048828125,94703000
1763649000,2025-11-20,672.9099731445312,675.5599975585938,651.8900146484375,652.530029296875,165293500
1763735400,2025-11-21,655.0499877929688,664.5499877929688,650.8499755859375,659.030029296875,123956200
1763994600,2025-11-24,662.6900024414062,670.0599975585938,661.5900268554688,668.72998046875,80437900
1764081000,2025-11-25,668.6300048828125,676.2100219726562,664.47998046875,675.02001953125,81077100
1764167400,2025-11-26,677.6300048828125,681.7000122070312,676.719970703125,679.6799926757812,71879600
1764340200,2025-11-28,680.8599853515625,683.6699829101562,680.5,683.3900146484375,49212000
1764599400,2025-12-01,678.8099975585938,682.989990234375,678.739990234375,680.27001953125,61201200
1764685800,2025-12-02,681.9199829101562,683.8200073242188,679.3300170898438,681.530029296875,62953800
1764772200,2025-12-03,680.5700073242188,684.9099731445312,679.6900024414062,683.8900146484375,57238500
1764858600,2025-12-04,685.2999877929688,685.3699951171875,681.3400268554688,684.3900146484375,61970300
1764945000,2025-12-05,685.469970703125,688.3900146484375,684.5800170898438,685.6900024414062,79241000
1765204200,2025-12-08,686.5900268554688,686.6400146484375,681.5700073242188,683.6300048828125,55231500
1765290600,2025-12-09,683.1500244140625,685.3900146484375,682.5900268554688,683.0399780273438,58310100
1765377000,2025-12-10,682.5599975585938,688.969970703125,681.3099975585938,687.5700073242188,85671300
1765463400,2025-12-11,685.1400146484375,689.25,682.1699829101562,689.1699829101562,86173700
1765549800,2025-12-12,688.1699829101562,688.8800048828125,679.1699829101562,681.760009765625,113160300
1765809000,2025-12-15,685.739990234375,685.760009765625,679.25,680.72998046875,90811000
1765895400,2025-12-16,679.22998046875,681.0800170898438,674.97998046875,678.8699951171875,122030600
1765981800,2025-12-17,679.8900146484375,680.4400024414062,671.2000122070312,671.4000244140625,110625200
1766068200,2025-12-18,677.5999755859375,680.739990234375,674.9000244140625,676.469970703125,108650100
1766154600,2025-12-19,676.5900268554688,681.0900268554688,676.469970703125,680.5900268554688,103599500
1766413800,2025-12-22,683.9400024414062,685.3599853515625,680.5900268554688,684.8300170898438,69556700
1766500200,2025-12-23,683.9199829101562,688.2000122070312,683.8699951171875,687.9600219726562,64840000
1766586600,2025-12-24,687.9500122070312,690.8300170898438,687.7999877929688,690.3800048828125,39445600
1766759400,2025-12-26,690.6400146484375,691.6599731445312,689.27001953125,690.3099975585938,41613300
1767018600,2025-12-29,687.5399780273438,689.2000122070312,686.0700073242188,687.8499755859375,62559500
1767105000,2025-12-30,687.4500122070312,688.5599975585938,686.5800170898438,687.010009765625,47160700
1767191400,2025-12-31,687.1400146484375,687.3599853515625,681.7100219726562,681.9199829101562,74144800
1767364200,2026-01-02,685.7100219726562,686.8699951171875,679.8200073242188,683.1699829101562,89377200
1767623400,2026-01-05,686.5399780273438,689.4299926757812,686.3800048828125,687.719970703125,71927200
1767709800,2026-01-06,687.9299926757812,692.3200073242188,687.780029296875,691.8099975585938,69273800
1767796200,2026-01-07,692.1900024414062,693.9600219726562,689.3200073242188,689.5800170898438,75588300
1767882600,2026-01-08,688.8200073242188,690.6199951171875,687.489990234375,689.510009765625,64019200
1767969000,2026-01-09,690.6300048828125,695.3099975585938,689.1799926757812,694.0700073242188,80125500
1768228200,2026-01-12,690.6799926757812,696.0900268554688,690.6300048828125,695.1599731445312,63976000
1768314600,2026-01-13,695.489990234375,696.0900268554688,691.3499755859375,693.77001953125,78309700
1768401000,2026-01-14,691,691.719970703125,686.0399780273438,690.3599853515625,94676700
1768487400,2026-01-15,694.5700073242188,695.4500122070312,691.25,692.239990234375,77862000
1768573800,2026-01-16,693.6599731445312,694.25,690.0999755859375,691.6599731445312,79289200
1768919400,2026-01-20,681.489990234375,684.77001953125,676.5700073242188,677.5800170898438,111623300
1769005800,2026-01-21,679.6500244140625,688.739990234375,678.1300048828125,685.4000244140625,127844500
1769092200,2026-01-22,689.8499755859375,691.1300048828125,686.9199829101562,688.97998046875,77112200
1769178600,2026-01-23,688.1500244140625,690.9600219726562,687.1599731445312,689.22998046875,63059600
1769437800,2026-01-26,690.489990234375,694.1300048828125,689.9199829101562,692.72998046875,60473800
1769524200,2026-01-27,694.1799926757812,696.530029296875,693.5700073242188,695.489990234375,55506100
1769610600,2026-01-28,697.0499877929688,697.8400268554688,693.9400024414062,695.4199829101562,61172200
1769697000,2026-01-29,696.3900146484375,697.0599975585938,684.8300170898438,694.0399780273438,97486200
1769783400,2026-01-30,691.7899780273438,694.2100219726562,687.1199951171875,691.969970703125,101835100
1770042600,2026-02-02,689.5800170898438,696.9299926757812,689.4199829101562,695.4099731445312,79286500
1770129000,2026-02-03,696.2100219726562,696.9600219726562,684.030029296875,689.530029296875,107904600
1770215400,2026-02-04,690.3499755859375,691.4500122070312,681.760009765625,686.1900024414062,105204600
1770301800,2026-02-05,680.9400024414062,683.6900024414062,675.7899780273438,677.6199951171875,113610800
1770388200,2026-02-06,681.4600219726562,692.3099975585938,680.8499755859375,690.6199951171875,89127600
1770647400,2026-02-09,689.4199829101562,695.8699951171875,688.3400268554688,693.9500122070312,73885200
1770733800,2026-02-10,694.9500122070312,696.5399780273438,691.6599731445312,692.1199951171875,65185700
1770820200,2026-02-11,696.3900146484375,697.1400146484375,689.1799926757812,691.9600219726562,76353900
1770906600,2026-02-12,694.239990234375,695.3499755859375,680.3699951171875,681.27001953125,118829000
1770993000,2026-02-13,681.6900024414062,686.280029296875,677.52001953125,681.75,96267500
1771338600,2026-02-17,680.1400146484375,684.9400024414062,675.780029296875,682.8499755859375,81354700
1771425000,2026-02-18,684.02001953125,689.1500244140625,682.8300170898438,686.2899780273438,73570300
1771511400,2026-02-19,683.8400268554688,686.1799926757812,681.5499877929688,684.47998046875,58649400
1771597800,2026-02-20,682.3200073242188,690.0599975585938,681.72998046875,689.4299926757812,100034000
1771857000,2026-02-23,687.8300170898438,690,680.3699951171875,682.3900146484375,90558100
1771943400,2026-02-24,681.9000244140625,688.3499755859375,680,687.3499755859375,73798700
1772029800,2026-02-25,690.1799926757812,693.6799926757812,690.0999755859375,693.1500244140625,56369500
1772116200,2026-02-26,693.280029296875,693.2999877929688,684.3499755859375,689.2999877929688,71671000
1772202600,2026-02-27,683.0900268554688,686.8599853515625,681.6400146484375,685.989990234375,83308900
1772461800,2026-03-02,678.7000122070312,688.6199951171875,678.02001953125,686.3800048828125,87477200
1772548200,2026-03-03,675.0599975585938,682.6099853515625,669.6599731445312,680.3300170898438,105003100
1772634600,2026-03-04,681.6300048828125,687.0900268554688,679.6199951171875,685.1300048828125,79182200
1772721000,2026-03-05,682.0800170898438,685.530029296875,675.6099853515625,681.3099975585938,106606500
1772807400,2026-03-06,673.4099731445312,676.1099853515625,669.760009765625,672.3800048828125,100687000
1773063000,2026-03-09,666.3900146484375,679.9199829101562,662.3900146484375,678.27001953125,102667700
1773149400,2026-03-10,677.719970703125,683.3599853515625,674.760009765625,677.1799926757812,81505300
1773235800,2026-03-11,677.5800170898438,680.0800170898438,673.3400268554688,676.3300170898438,68441700
1773322200,2026-03-12,671.1599731445312,671.6500244140625,665.8699951171875,666.0599975585938,108882200
1773408600,2026-03-13,669.27001953125,672.3400268554688,661.3599853515625,662.2899780273438,97200200
1773667800,2026-03-16,668.3800048828125,672.0700073242188,667.1199951171875,669.030029296875,82023100
1773754200,2026-03-17,672.3900146484375,674.4400024414062,669.7000122070312,670.7899780273438,87128000
1773840600,2026-03-18,668.3599853515625,669.719970703125,661.1900024414062,661.4299926757812,82062600
1773927000,2026-03-19,656.969970703125,662.97998046875,655.1699829101562,659.7999877929688,111272500
1774013400,2026-03-20,656.510009765625,656.6900024414062,644.719970703125,648.5700073242188,163617500
1774272600,2026-03-23,658.0700073242188,662.6199951171875,653.9400024414062,655.3800048828125,134802700
1774359000,2026-03-24,651.3200073242188,657.030029296875,649.8800048828125,653.1799926757812,96457500
1774445400,2026-03-25,658.6699829101562,660.8900146484375,654.239990234375,656.8200073242188,90653800
1774531800,2026-03-26,652.0599975585938,654.8499755859375,644.8200073242188,645.0900268554688,96494400
1774618200,2026-03-27,642.5,642.6599731445312,633.1099853515625,634.0900268554688,103649400
1774877400,2026-03-30,640.1099853515625,640.3699951171875,629.280029296875,631.969970703125,99275900
1774963800,2026-03-31,638.9400024414062,651.5399780273438,637.97998046875,650.3400268554688,152534100
1775050200,2026-04-01,653.9000244140625,658.52001953125,653,655.239990234375,97841500
1775136600,2026-04-02,646.4199829101562,658.2000122070312,645.1099853515625,655.8300170898438,68358700
1775482200,2026-04-06,655.8599853515625,659.719970703125,655.52001953125,658.9299926757812,39105800
1775568600,2026-04-07,656.6500244140625,659.6099853515625,651.0599975585938,659.219970703125,69980400
1775655000,2026-04-08,676.3900146484375,677.0800170898438,671.4600219726562,676.010009765625,93606100
1775741400,2026-04-09,674.8400268554688,681.1599731445312,673.77001953125,679.9099731445312,57134400
1775827800,2026-04-10,681.3200073242188,682.030029296875,678.4500122070312,679.4600219726562,42253500
1776087000,2026-04-13,677.4099731445312,686.2999877929688,676.5800170898438,686.0999755859375,54185800
1776173400,2026-04-14,687.6900024414062,694.5800170898438,687.6599731445312,694.4600219726562,63480500
1776259800,2026-04-15,695.260009765625,700.280029296875,694.2000122070312,699.9400024414062,58240400
1776346200,2026-04-16,701.0599975585938,702.780029296875,698.530029296875,701.6599731445312,49972400
1776432600,2026-04-17,706.1400146484375,712.3900146484375,705.760009765625,710.1400146484375,70661900
1776691800,2026-04-20,708.780029296875,709.9099731445312,706.1400146484375,708.719970703125,43546800
1776778200,2026-04-21,710.280029296875,711.280029296875,702.6400146484375,704.0800170898438,58941400
1776864600,2026-04-22,709.1500244140625,711.4500122070312,708.219970703125,711.2100219726562,42518500
1776951000,2026-04-23,709.5,712.3599853515625,702.280029296875,708.4500122070312,56174000
1777037400,2026-04-24,710.75,714.469970703125,709.010009765625,713.9400024414062,45182000
1777296600,2026-04-27,713.1699829101562,715.6300048828125,712.2999877929688,715.1699829101562,33135900
1777383000,2026-04-28,711.8200073242188,712.8800048828125,709.25,711.6900024414062,43117400
1777469400,2026-04-29,711,712.2000122070312,708.3699951171875,711.5800170898438,41859200
1777555800,2026-04-30,714.6300048828125,719.7899780273438,710.4500122070312,718.6599731445312,67240900
1777642200,2026-05-01,721.25,724.8699951171875,720.469970703125,720.6500244140625,43049800
1777901400,2026-05-04,720.0700073242188,722.1199951171875,714.989990234375,718.010009765625,51950600
1777987800,2026-05-05,721.77001953125,725.0399780273438,721.489990234375,723.77001953125,36933200
1778074200,2026-05-06,728.1599731445312,734.5900268554688,727.8200073242188,733.8300170898438,53288900
1778160600,2026-05-07,735.0499877929688,736.1300048828125,729.75,731.5800170898438,51724600
1778247000,2026-05-08,734.9299926757812,738.0800170898438,734.5700073242188,737.6199951171875,47227100
1778506200,2026-05-11,736.4500122070312,740.7899780273438,736.4500122070312,739.2999877929688,44024000
1778592600,2026-05-12,736.8900146484375,738.8400268554688,731.8300170898438,738.1799926757812,54185300
1778679000,2026-05-13,738.469970703125,743.9099731445312,735.469970703125,742.3099975585938,44200200
1778765400,2026-05-14,743.6500244140625,749.530029296875,743.5599975585938,748.1699829101562,45307600
1778851800,2026-05-15,741.7899780273438,743.4600219726562,737.9600219726562,739.1699829101562,60410800
1779111000,2026-05-18,739.8300170898438,741.4199829101562,733.3900146484375,738.6500244140625,47843900
1779197400,2026-05-19,734.780029296875,737.6500244140625,731.530029296875,733.72998046875,54255900
1779283800,2026-05-20,735.7100219726562,741.8699951171875,733.8900146484375,741.25,45768000
1779370200,2026-05-21,738.6400146484375,744.8699951171875,737.030029296875,742.719970703125,43332200
1779456600,2026-05-22,746.239990234375,748.9400024414062,744.47998046875,745.6400146484375,41762000
1779802200,2026-05-26,750.010009765625,752.1300048828125,748.3699951171875,750.5900268554688,41123600
1779888600,2026-05-27,750.8800048828125,751.3800048828125,748.219970703125,750.4600219726562,42106300
1779975000,2026-05-28,750.25,755.1500244140625,749.22998046875,754.5999755859375,41562600
1780061400,2026-05-29,755.9000244140625,758.0800170898438,754.6900024414062,756.47998046875,55075700
1780320600,2026-06-01,755.3599853515625,760.280029296875,754.6900024414062,758.5399780273438,43634900
1780407000,2026-06-02,757.030029296875,760.4000244140625,756.75,759.5700073242188,31581900
1780493400,2026-06-03,758.1500244140625,758.7999877929688,753.5700073242188,754.239990234375,51402500
1780579800,2026-06-04,752.0999755859375,758.3099975585938,751.469970703125,757.0900268554688,49923000
1780666200,2026-06-05,752.3099975585938,752.8200073242188,735.530029296875,737.5499877929688,93989400
1780925400,2026-06-08,743.3599853515625,745.3400268554688,738.1900024414062,739.219970703125,49319100
1781011800,2026-06-09,743.6300048828125,746.9000244140625,722.5900268554688,737.0499877929688,87683500
1781098200,2026-06-10,733.3900146484375,738.3800048828125,725.3300170898438,725.4299926757812,60341300
1781184600,2026-06-11,728.760009765625,740,724.4099731445312,737.760009765625,86330500
1781271000,2026-06-12,740.7100219726562,744.4400024414062,735.030029296875,741.75,57079500
1781530200,2026-06-15,751.8499755859375,756.6799926757812,751.760009765625,754.8300170898438,60176400
1781616600,2026-06-16,754.5499877929688,755.4400024414062,749.8800048828125,750.3300170898438,67093100
1781703000,2026-06-17,751.2899780273438,752.1500244140625,739.219970703125,740.9600219726562,85945200
1781789400,2026-06-18,747.760009765625,748.22998046875,743.8599853515625,746.739990234375,80875700
1782135000,2026-06-22,747.7000122070312,750.1799926757812,743.1300048828125,744.3900146484375,46628100
1782221400,2026-06-23,733.8099975585938,739.6300048828125,732.2999877929688,733.5800170898438,66846800
1782307800,2026-06-24,735.1699829101562,739.9500122070312,730.8400268554688,733.239990234375,57439500
1782394200,2026-06-25,738.9099731445312,739.3699951171875,729.5999755859375,734.2999877929688,53934400
1782480600,2026-06-26,728.9500122070312,736.530029296875,716.5800170898438,728.989990234375,71034000
1782739800,2026-06-29,736.530029296875,741.5599975585938,732.0900268554688,741,58035200
1782826200,2026-06-30,741.2899780273438,748.02001953125,740.8900146484375,746.77001953125,55626000
1782912600,2026-07-01,745,749.4400024414062,742.3800048828125,745.760009765625,47100900
1782999000,2026-07-02,747.4000244140625,751.3099975585938,740.030029296875,744.780029296875,57447800
1783344600,2026-07-06,748.739990234375,752.4099731445312,747.4099731445312,751.280029296875,50673300
1783431000,2026-07-07,750.219970703125,750.9600219726562,745.2100219726562,747.7100219726562,43721500
1783517400,2026-07-08,743.1599731445312,746.1500244140625,739.510009765625,745.4000244140625,43767400
1783603800,2026-07-09,747.3499755859375,751.969970703125,745.5900268554688,751.7100219726562,41441700
1783690200,2026-07-10,752.0499877929688,755.4199829101562,748.0999755859375,754.9500122070312,42191300
1783949400,2026-07-13,752.469970703125,753.9099731445312,748,749.1699829101562,44013600
1784035800,2026-07-14,750.9099731445312,753.3400268554688,748.6599731445312,751.8300170898438,35143100
1784122200,2026-07-15,754.239990234375,755.5800170898438,750.2000122070312,754.8099975585938,43844800
1784208600,2026-07-16,752.760009765625,754.5700073242188,747.8800048828125,750.719970703125,46409800
1784295000,2026-07-17,742.0800170898438,747.2899780273438,740.7999877929688,743.2899780273438,62651000
1784554200,2026-07-20,747.0599975585938,748.72998046875,741.510009765625,742.0900268554688,50422300
1784640600,2026-07-21,746.2899780273438,749.0399780273438,744.1799926757812,748.280029296875,34324300
1784727000,2026-07-22,746.6199951171875,750.02001953125,746.3699951171875,747.4099731445312,32836200
1784813400,2026-07-23,739.3699951171875,742.5599975585938,735.2100219726562,738.1799926757812,55437300
1784899800,2026-07-24,738.510009765625,743.719970703125,737.2899780273438,738.9299926757812,44782000
1785159000,2026-07-27,744.9099731445312,745.530029296875,735.8699951171875,739.0900268554688,41461200
1785245400,2026-07-28,739.1900024414062,742.7899780273438,735.97998046875,740.8599853515625,47322200
1785331800,2026-07-29,739.969970703125,742.6799926757812,729.0999755859375,729.4600219726562,70697200
1785418200,2026-07-30,736.0499877929688,742.4500122070312,734.5900268554688,741.6900024414062,66811300
1785504600,2026-07-31,744.6799926757812,748.9000244140625,737.6799926757812,747.030029296875,62445900
1785763800,2026-08-03,749.4400024414062,758.5800170898438,748.7999877929688,757.6699829101562,59927500
1785850200,2026-08-04,760.6300048828125,773.4099731445312,760.52001953125,771.3300170898438,69154800
1785936600,2026-08-05,775.8499755859375,776.8499755859375,769.510009765625,769.7899780273438,44689100
1786023000,2026-08-06,770.2100219726562,771.8200073242188,767.4600219726562,768.5599975585938,38416900
1786109400,2026-08-07,771.02001953125,773.9199829101562,769.6099853515625,773.260009765625,43586300
1786368600,2026-08-10,772.5999755859375,775.0499877929688,771.6199951171875,773.030029296875,39249500
1786455000,2026-08-11,774.530029296875,774.6099853515625,769.2000122070312,770.5599975585938,36740600
1786541400,2026-08-12,774.7100219726562,774.9000244140625,771.280029296875,772.489990234375,33179100
1786627800,2026-08-13,774.8699951171875,779.3699951171875,774.1099853515625,777.8800048828125,35634500
1786714200,2026-08-14,778.5399780273438,778.7999877929688,775.4299926757812,776.3400268554688,31367900
1786973400,2026-08-17,776.1799926757812,776.780029296875,772.510009765625,772.6699829101562,34356600
1787059800,2026-08-18,768.7000122070312,769.5,766.9199829101562,767.4500122070312,43920900
1787146200,2026-08-19,770.3599853515625,772.469970703125,768.0999755859375,769.0599975585938,40306000
1787232600,2026-08-20,765.9600219726562,768.1500244140625,762.0399780273438,762.5999755859375,45520300
1787319000,2026-08-21,766.0499877929688,767.8499755859375,764.1699829101562,765.719970703125,39030400
