AXIOM TRADING BOT - SPY HISTORICAL DATA EXPORT - PART 1/4
(paste parts in order 1/4 -> 4/4)

AXIOM TRADING BOT - SPY HISTORICAL DATA EXPORT
Source: Yahoo Finance chart API (query1.finance.yahoo.com/v8/finance/chart/SPY)
Generated: 2026-08-26T01:38:48Z

===== DAILY OHLCV, 2001-08-27 to 2026-08-21 (6,283 bars) =====
Columns: epoch,date,open,high,low,close,volume
epoch,date,open,high,low,close,volume
998919000,2001-08-27,118.97000122070312,119.19999694824219,118.26000213623047,118.30999755859375,7425100
999005400,2001-08-28,118.27999877929688,118.48999786376953,116.58000183105469,116.58000183105469,12046600
999091800,2001-08-29,117.12999725341797,117.18000030517578,115.16999816894531,115.54000091552734,16180000
999178200,2001-08-30,114.8499984741211,115.73999786376953,112.04000091552734,113.31999969482422,17692600
999264600,2001-08-31,113.4000015258789,114.7699966430664,113.12999725341797,114.1500015258789,15985400
999610200,2001-09-04,113.8499984741211,116.16999816894531,113.37000274658203,113.41999816894531,24473400
999696600,2001-09-05,113.69999694824219,114.19000244140625,111.94999694824219,113.69999694824219,21477100
999783000,2001-09-06,112.6500015258789,113.30000305175781,110.7699966430664,110.7699966430664,21653000
999869400,2001-09-07,110.0199966430664,111.25,108.62999725341797,108.72000122070312,33133900
1000128600,2001-09-10,107.69999694824219,110.3499984741211,107.69999694824219,110.05000305175781,23408700
1000733400,2001-09-17,101,106.4000015258789,100,104.30000305175781,32388700
1000819800,2001-09-18,104.33000183105469,105.30000305175781,103.36000061035156,104.05000305175781,22029200
1000906200,2001-09-19,104.0999984741211,104.5,98.55999755859375,101.94999694824219,42771800
1000992600,2001-09-20,100.4000015258789,101.80999755859375,98.55999755859375,98.70999908447266,36210900
1001079000,2001-09-21,94.27999877929688,98.98999786376953,93.80000305175781,97.27999877929688,49782100
1001338200,2001-09-24,99.72000122070312,101.16000366210938,99.05999755859375,100.69999694824219,25549600
1001424600,2001-09-25,100.75,102,99.9000015258789,101.75,25466200
1001511000,2001-09-26,102.3499984741211,102.4000015258789,100.43000030517578,101.38999938964844,18587500
1001597400,2001-09-27,101.25,102.29000091552734,100,102.2699966430664,20536800
1001683800,2001-09-28,102.9800033569336,109.62000274658203,102.5,104.44000244140625,21687200
1001943000,2001-10-01,103.9000015258789,104.31999969482422,102.83000183105469,104.2699966430664,20457400
1002029400,2001-10-02,104,105.58000183105469,103.6500015258789,105.58000183105469,19833100
1002115800,2001-10-03,104.5999984741211,107.87999725341797,104.3499984741211,107.3499984741211,32045800
1002202200,2001-10-04,108.29000091552734,108.97000122070312,106.75,107.44000244140625,32674100
1002288600,2001-10-05,107.25,107.62000274658203,105.5199966430664,107.2300033569336,29796100
1002547800,2001-10-08,106.2699966430664,107.30000305175781,105.87000274658203,106.52999877929688,12970300
1002634200,2001-10-09,106.61000061035156,106.75,105.5999984741211,105.95999908447266,15976300
1002720600,2001-10-10,105.80000305175781,108.55000305175781,105.5199966430664,108.31999969482422,19987400
1002807000,2001-10-11,108.94999694824219,110.30000305175781,108.94999694824219,110,23006300
1002893400,2001-10-12,109.1500015258789,109.88999938964844,107.30000305175781,109.5,31360500
1003152600,2001-10-15,108.62999725341797,109.44999694824219,108.05999755859375,109.30000305175781,16873000
1003239000,2001-10-16,109.80000305175781,110.61000061035156,108.94999694824219,109.98999786376953,15877100
1003325400,2001-10-17,111.06999969482422,111.1500015258789,107.6500015258789,107.6500015258789,28542300
1003411800,2001-10-18,107.81999969482422,108.16000366210938,106.75,107.41999816894531,16510000
1003498200,2001-10-19,107,107.91000366210938,106.01000213623047,107.3499984741211,21912500
1003757400,2001-10-22,107.30000305175781,109.56999969482422,107.20999908447266,109.47000122070312,17540600
1003843800,2001-10-23,109.95999908447266,110.27999877929688,108.37999725341797,108.91000366210938,22062500
1003930200,2001-10-24,108.9800033569336,109.44999694824219,108.22000122070312,108.62000274658203,16065200
1004016600,2001-10-25,107.44999694824219,110.5999984741211,106.73999786376953,110.56999969482422,27467900
1004103000,2001-10-26,109.94999694824219,111.79000091552734,109.66999816894531,110.31999969482422,18623300
1004365800,2001-10-29,110.16000366210938,110.55000305175781,107.44999694824219,107.44999694824219,18727500
1004452200,2001-10-30,107.3499984741211,107.69999694824219,105.55999755859375,106.16000366210938,26178600
1004538600,2001-10-31,106.9000015258789,107.86000061035156,105.80000305175781,105.80000305175781,28124200
1004625000,2001-11-01,106.5999984741211,109.01000213623047,105.69999694824219,108.51000213623047,29806800
1004711400,2001-11-02,108.44000244140625,109.37999725341797,107.87000274658203,109.25,17575900
1004970600,2001-11-05,110.12000274658203,111.08999633789062,109.94999694824219,110.68000030517578,15929500
1005057000,2001-11-06,110.3499984741211,112.4800033569336,109.8499984741211,112.4000015258789,23245800
1005143400,2001-11-07,111.7699966430664,113.12000274658203,111.63999938964844,112.25,19716000
1005229800,2001-11-08,112.87000274658203,114.08000183105469,111.9000015258789,112.5999984741211,22563500
1005316200,2001-11-09,112.25,112.95999908447266,111.44000244140625,112.72000122070312,15895800
1005575400,2001-11-12,111,112.6500015258789,110,112.02999877929688,26068800
1005661800,2001-11-13,113.44000244140625,114.55000305175781,113.18000030517578,114.55000305175781,15296200
1005748200,2001-11-14,115.16999816894531,115.4000015258789,113.70999908447266,114.66000366210938,17571300
1005834600,2001-11-15,114.37000274658203,115.18000030517578,113.93000030517578,114.87000274658203,19470200
1005921000,2001-11-16,115.08000183105469,115.0999984741211,113.4000015258789,114.36000061035156,18134900
1006180200,2001-11-19,114.91999816894531,115.8499984741211,114.44999694824219,115.7699966430664,13625400
1006266600,2001-11-20,115.37000274658203,115.80000305175781,114.63999938964844,114.80000305175781,16209700
1006353000,2001-11-21,114.5,114.66999816894531,113.51000213623047,114.04000091552734,11470200
1006525800,2001-11-23,114.04000091552734,115.75,114,115.68000030517578,6717100
1006785000,2001-11-26,115.75,116.33999633789062,115.06999969482422,115.93000030517578,13726000
1006871400,2001-11-27,115.62000274658203,116.9000015258789,114.08999633789062,115.43000030517578,19261400
1006957800,2001-11-28,114.73999786376953,115.16999816894531,113.25,113.33999633789062,20195500
1007044200,2001-11-29,113.66000366210938,114.91999816894531,113,114.87000274658203,16354700
1007130600,2001-11-30,114.4000015258789,114.91000366210938,114.0199966430664,114.05000305175781,13680300
1007389800,2001-12-03,113.6500015258789,114.08000183105469,113.01000213623047,113.37000274658203,15220400
1007476200,2001-12-04,113.91999816894531,115.30000305175781,113.3499984741211,115.29000091552734,17239900
1007562600,2001-12-05,115.61000061035156,118,115.55999755859375,117.4000015258789,25204000
1007649000,2001-12-06,117.33999633789062,117.94000244140625,116.93000030517578,117.33999633789062,17972900
1007735400,2001-12-07,116.9000015258789,117.08999633789062,115.69999694824219,116.55999755859375,18857800
1007994600,2001-12-10,115.8499984741211,116.38999938964844,114.3499984741211,114.37999725341797,13862700
1008081000,2001-12-11,114.9000015258789,115.72000122070312,113.9000015258789,114.1500015258789,20833300
1008167400,2001-12-12,114.55000305175781,114.77999877929688,113.11000061035156,114.27999877929688,16171500
1008253800,2001-12-13,113.44999694824219,113.69999694824219,112.04000091552734,112.05999755859375,19026700
1008340200,2001-12-14,112.33000183105469,113.48999786376953,112,113.12999725341797,16721900
1008599400,2001-12-17,112.98999786376953,114.36000061035156,112.9000015258789,114.30000305175781,13925900
1008685800,2001-12-18,114.62999725341797,115.1500015258789,114.33999633789062,114.9800033569336,13663700
1008772200,2001-12-19,114.08999633789062,115.91999816894531,114,115.79000091552734,20143400
1008858600,2001-12-20,115.5,115.80000305175781,114.55000305175781,114.6500015258789,14867900
1008945000,2001-12-21,115.02999877929688,115.06999969482422,114.19999694824219,114.94999694824219,14037700
1009204200,2001-12-24,114.83000183105469,115.04000091552734,114.61000061035156,114.7300033569336,5728800
1009377000,2001-12-26,114.6500015258789,116.20999908447266,114.6500015258789,115.36000061035156,10304800
1009463400,2001-12-27,115.30000305175781,116.08000183105469,115.25,116.05999755859375,9407300
1009549800,2001-12-28,116.29000091552734,116.75,115.91999816894531,116,10593800
1009809000,2001-12-31,116.1500015258789,116.38999938964844,114.2300033569336,114.30000305175781,14619500
1009981800,2002-01-02,115.11000061035156,115.75,113.80999755859375,115.52999877929688,18651900
1010068200,2002-01-03,115.6500015258789,116.94999694824219,115.54000091552734,116.83999633789062,15743000
1010154600,2002-01-04,117.16999816894531,117.9800033569336,116.55000305175781,117.62000274658203,20140700
1010413800,2002-01-07,117.69999694824219,117.98999786376953,116.55999755859375,116.79000091552734,13106500
1010500200,2002-01-08,116.79000091552734,117.05999755859375,115.97000122070312,116.5199966430664,12683700
1010586600,2002-01-09,116.68000030517578,117.77999877929688,115.33999633789062,115.56999969482422,16610300
1010673000,2002-01-10,115.69000244140625,116.3499984741211,115.30000305175781,116.08000183105469,12823400
1010759400,2002-01-11,116.20999908447266,116.27999877929688,114.69999694824219,114.94000244140625,13708400
1011018600,2002-01-14,114.6500015258789,114.83999633789062,113.95999908447266,114.22000122070312,12301100
1011105000,2002-01-15,114.55000305175781,115.38999938964844,113.9000015258789,115.1500015258789,20219900
1011191400,2002-01-16,114.30000305175781,114.4000015258789,112.69000244140625,112.81999969482422,17067000
1011277800,2002-01-17,113.76000213623047,114.23999786376953,113.4000015258789,113.66999816894531,17283400
1011364200,2002-01-18,113,113.8499984741211,112.66999816894531,113.1500015258789,17028000
1011709800,2002-01-22,113.75,113.93000030517578,112.0199966430664,112.37000274658203,11689300
1011796200,2002-01-23,112.62999725341797,113.55000305175781,112.0199966430664,113.2300033569336,12438900
1011882600,2002-01-24,113.63999938964844,114.25,113.31999969482422,113.58000183105469,12142800
1011969000,2002-01-25,113.12000274658203,114.18000030517578,113.04000091552734,113.55000305175781,12810700
1012228200,2002-01-28,113.9000015258789,114.19000244140625,112.91999816894531,113.86000061035156,10589200
1012314600,2002-01-29,113.8499984741211,114.12999725341797,110.05000305175781,110.27999877929688,27720800
1012401000,2002-01-30,110.38999938964844,113.38999938964844,108.4000015258789,111.87000274658203,34711800
1012487400,2002-01-31,112.1500015258789,113.30000305175781,111.62000274658203,113.18000030517578,19909200
1012573800,2002-02-01,113.08999633789062,113.30000305175781,112.16999816894531,112.6500015258789,15838500
1012833000,2002-02-04,112.2300033569336,112.2300033569336,109.44000244140625,109.8499984741211,24243400
1012919400,2002-02-05,109.4000015258789,110.48999786376953,108.52999877929688,109.16999816894531,33614000
1013005800,2002-02-06,109.6500015258789,109.73999786376953,108.05999755859375,108.69999694824219,29486000
1013092200,2002-02-07,108.72000122070312,109.86000061035156,108,108.0199966430664,23445400
1013178600,2002-02-08,108.62999725341797,110.75,108.30000305175781,110.08999633789062,19277800
1013437800,2002-02-11,110.05000305175781,111.63999938964844,109.81999969482422,111.44000244140625,18792400
1013524200,2002-02-12,110.95999908447266,111.70999908447266,110.02999877929688,111.08999633789062,13942500
1013610600,2002-02-13,111.4800033569336,112.54000091552734,111.3499984741211,112.2699966430664,16781100
1013697000,2002-02-14,112.51000213623047,112.97000122070312,111.58999633789062,112.05999755859375,20453800
1013783400,2002-02-15,112.1500015258789,112.23999786376953,110.70999908447266,110.88999938964844,18366800
1014129000,2002-02-19,110.1500015258789,110.29000091552734,108.61000061035156,108.76000213623047,15988100
1014215400,2002-02-20,109.05000305175781,110.58999633789062,107.81999969482422,110.58999633789062,29242800
1014301800,2002-02-21,109.93000030517578,110.62999725341797,108.26000213623047,108.30000305175781,26288600
1014388200,2002-02-22,108.3499984741211,109.94000244140625,107.87000274658203,109.63999938964844,26572900
1014647400,2002-02-25,109.73999786376953,111.80999755859375,109.69999694824219,111.44999694824219,17458700
1014733800,2002-02-26,111.5999984741211,112.04000091552734,110.56999969482422,111.22000122070312,22346500
1014820200,2002-02-27,111.95999908447266,112.86000061035156,110.6500015258789,111.6500015258789,28597900
1014906600,2002-02-28,111.83000183105469,112.75,111.02999877929688,111.1500015258789,23755400
1014993000,2002-03-01,111.72000122070312,113.8499984741211,111.51000213623047,113.73999786376953,26273600
1015252200,2002-03-04,113.9000015258789,115.98999786376953,113.6500015258789,115.75,27184600
1015338600,2002-03-05,115.33000183105469,116.4000015258789,114.97000122070312,115.37999725341797,22718900
1015425000,2002-03-06,115.0999984741211,117.1500015258789,115.06999969482422,116.75,20143200
1015511400,2002-03-07,117.36000061035156,117.5,115.56999969482422,116.5,19330800
1015597800,2002-03-08,117.37999725341797,117.9000015258789,116.4800033569336,116.98999786376953,19930100
1015857000,2002-03-11,116.88999938964844,117.9000015258789,116.43000030517578,117.23999786376953,15621800
1015943400,2002-03-12,116.0999984741211,117.25,115.94000244140625,117.16999816894531,17153600
1016029800,2002-03-13,116.62999725341797,116.75,115.63999938964844,116.04000091552734,17175300
1016116200,2002-03-14,116.04000091552734,116.43000030517578,115.62999725341797,115.87999725341797,11168100
1016202600,2002-03-15,115.97000122070312,116.94999694824219,115.9000015258789,116.6500015258789,21220100
1016461800,2002-03-18,117.0999984741211,117.55999755859375,116.0999984741211,116.66999816894531,17548900
1016548200,2002-03-19,117.30000305175781,117.73999786376953,116.81999969482422,117.44999694824219,17912000
1016634600,2002-03-20,116.5,116.58000183105469,115.19000244140625,115.23999786376953,17114500
1016721000,2002-03-21,115.30000305175781,115.9000015258789,114.12000274658203,115.29000091552734,25846800
1016807400,2002-03-22,115.5,115.94000244140625,114.69999694824219,115.04000091552734,15235400
1017066600,2002-03-25,115.08999633789062,115.36000061035156,113.30000305175781,113.61000061035156,17499600
1017153000,2002-03-26,113.5199966430664,115.0199966430664,113.47000122070312,114.2699966430664,19947600
1017239400,2002-03-27,114.02999877929688,115.01000213623047,113.76000213623047,114.56999969482422,19020300
1017325800,2002-03-28,114.97000122070312,115.7699966430664,114.5,114.5199966430664,17532900
1017671400,2002-04-01,114.2300033569336,115.0999984741211,113.5,114.56999969482422,17711000
1017757800,2002-04-02,113.9800033569336,114.94999694824219,113.7699966430664,113.94000244140625,15669500
1017844200,2002-04-03,114.01000213623047,114.20999908447266,112.16000366210938,113.13999938964844,25658500
1017930600,2002-04-04,112.5999984741211,113.4000015258789,112.2300033569336,112.66999816894531,23549000
1018017000,2002-04-05,113.19000244140625,113.62999725341797,112.18000030517578,112.69000244140625,19404900
1018272600,2002-04-08,111.31999969482422,113.02999877929688,111.2300033569336,112.93000030517578,16470100
1018359000,2002-04-09,113.18000030517578,113.18000030517578,111.93000030517578,112.13999938964844,15122700
1018445400,2002-04-10,112.0999984741211,113.54000091552734,112.08999633789062,113.41000366210938,17199300
1018531800,2002-04-11,112.88999938964844,113.05000305175781,110.5,110.58999633789062,25453700
1018618200,2002-04-12,111.0199966430664,111.6500015258789,110.04000091552734,111.41999816894531,14950600
1018877400,2002-04-15,111.62000274658203,111.86000061035156,110.19999694824219,110.56999969482422,17394900
1018963800,2002-04-16,111.69999694824219,113.31999969482422,111.66999816894531,113.19999694824219,15040900
1019050200,2002-04-17,113.38999938964844,113.66999816894531,112.5999984741211,112.95999908447266,12920100
1019136600,2002-04-18,112.9000015258789,113.45999908447266,111.1500015258789,112.47000122070312,25204800
1019223000,2002-04-19,113.19999694824219,113.23999786376953,112.55999755859375,112.87999725341797,10499200
1019482200,2002-04-22,112.37999725341797,112.43000030517578,110.83999633789062,111,13922900
1019568600,2002-04-23,111.08999633789062,111.4800033569336,110.16999816894531,110.5199966430664,16967000
1019655000,2002-04-24,110.55999755859375,111.80999755859375,109.4000015258789,109.41000366210938,18902700
1019741400,2002-04-25,109.20999908447266,109.73999786376953,108.72000122070312,109.47000122070312,25451500
1019827800,2002-04-26,109.79000091552734,110.01000213623047,107.29000091552734,107.38999938964844,19769800
1020087000,2002-04-29,107.93000030517578,108.26000213623047,106.62999725341797,106.86000061035156,17724400
1020173400,2002-04-30,107.0199966430664,108.63999938964844,106.63999938964844,107.86000061035156,19473500
1020259800,2002-05-01,107.97000122070312,109.25,106.80000305175781,109.18000030517578,24575600
1020346200,2002-05-02,109.0999984741211,109.91000366210938,107.77999877929688,108.76000213623047,15666800
1020432600,2002-05-03,108.5999984741211,108.76000213623047,107.19999694824219,107.58000183105469,18185500
1020691800,2002-05-06,107.63999938964844,107.98999786376953,105.30999755859375,105.47000122070312,23630400
1020778200,2002-05-07,106.0999984741211,106.31999969482422,104.9000015258789,105.0999984741211,21910000
1020864600,2002-05-08,107.05000305175781,109.36000061035156,106.79000091552734,109.01000213623047,27917400
1020951000,2002-05-09,108.6500015258789,109.0999984741211,107.58000183105469,107.75,18085600
1021037400,2002-05-10,107.97000122070312,108.05000305175781,105.5999984741211,105.72000122070312,18958900
1021296600,2002-05-13,106.22000122070312,107.94999694824219,105.79000091552734,107.87000274658203,14677700
1021383000,2002-05-14,109.62000274658203,110.37000274658203,109,110.22000122070312,34201200
1021469400,2002-05-15,109.5,110.91000366210938,109.29000091552734,109.79000091552734,29535300
1021555800,2002-05-16,109.69999694824219,110.4800033569336,109.33000183105469,110.36000061035156,28092000
1021642200,2002-05-17,110.66000366210938,111.25,110.0999984741211,110.9000015258789,27823700
1021901400,2002-05-20,110.63999938964844,110.69000244140625,109.48999786376953,109.69999694824219,13833800
1021987800,2002-05-21,110.11000061035156,110.4800033569336,108.31999969482422,108.69999694824219,16877200
1022074200,2002-05-22,108.22000122070312,109.12000274658203,108,108.94000244140625,15844200
1022160600,2002-05-23,109.26000213623047,110.36000061035156,108.4800033569336,110.0999984741211,13879800
1022247000,2002-05-24,109.9800033569336,110.19999694824219,108.61000061035156,108.69000244140625,11877000
1022592600,2002-05-28,109.05000305175781,109.12999725341797,107.44999694824219,108.0999984741211,24236900
1022679000,2002-05-29,107.62000274658203,108.0199966430664,107.12999725341797,107.30000305175781,14773300
1022765400,2002-05-30,106.55000305175781,107.51000213623047,105.9000015258789,107,18217900
1022851800,2002-05-31,107.4000015258789,108.55999755859375,106.8499984741211,107.22000122070312,19826300
1023111000,2002-06-03,107.08999633789062,107.5999984741211,104.12999725341797,104.37000274658203,26056300
1023197400,2002-06-04,104.1500015258789,105.19999694824219,103.55000305175781,104.62999725341797,25856200
1023283800,2002-06-05,104.94999694824219,105.66999816894531,104.3499984741211,105.61000061035156,19695900
1023370200,2002-06-06,105.54000091552734,105.5999984741211,103.1500015258789,103.45999908447266,22998500
1023456600,2002-06-07,101.77999877929688,103.91999816894531,101.72000122070312,103.33999633789062,24011600
1023715800,2002-06-10,103.23999786376953,104.45999908447266,103.0199966430664,103.73999786376953,18759900
1023802200,2002-06-11,104.12999725341797,104.54000091552734,101.7300033569336,101.95999908447266,19990700
1023888600,2002-06-12,101.70999908447266,102.80999755859375,100.77999877929688,102.58000183105469,31266000
1023975000,2002-06-13,102.12999725341797,103,101.33999633789062,101.55000305175781,21043900
1024061400,2002-06-14,100.30999755859375,101.55999755859375,98.5,101.4000015258789,39267500
1024320600,2002-06-17,101.91999816894531,104.33999633789062,101.8499984741211,104.12000274658203,17647200
1024407000,2002-06-18,103.73999786376953,105.02999877929688,103.62999725341797,104.97000122070312,21628500
1024493400,2002-06-19,103.5,104.43000030517578,102.23999786376953,102.5199966430664,21540700
1024579800,2002-06-20,102.26000213623047,103.05000305175781,100.95999908447266,101.20999908447266,25691000
1024666200,2002-06-21,100.47000122070312,100.93000030517578,98.68000030517578,99.27999877929688,31190700
1024925400,2002-06-24,98.61000061035156,100.69000244140625,97.25,99.80000305175781,37169700
1025011800,2002-06-25,100.30000305175781,100.88999938964844,97.54000091552734,97.55999755859375,33355000
1025098200,2002-06-26,95.19999694824219,98.1500015258789,95.19000244140625,97.72000122070312,37913600
1025184600,2002-06-27,98.5,99.48999786376953,96.56999969482422,99.43000030517578,31616400
1025271000,2002-06-28,99.23999786376953,100.5,98.87999725341797,98.95999908447266,28184200
1025530200,2002-07-01,99.18000030517578,99.80000305175781,96.88999938964844,97.02999877929688,20270200
1025616600,2002-07-02,96.86000061035156,97.19999694824219,94.7699966430664,94.97000122070312,34213900
1025703000,2002-07-03,94.62000274658203,95.83999633789062,93.72000122070312,95.51000213623047,30565800
1025875800,2002-07-05,96.77999877929688,99.52999877929688,96.66000366210938,99.30999755859375,19013500
1026135000,2002-07-08,98.9800033569336,99.69999694824219,97.55999755859375,98.06999969482422,19118600
1026221400,2002-07-09,97.7300033569336,98.33999633789062,95.01000213623047,95.5999984741211,28620400
1026307800,2002-07-10,96,96.06999969482422,92.04000091552734,92.12000274658203,50522500
1026394200,2002-07-11,91.76000213623047,93.3499984741211,90.31999969482422,92.87000274658203,59476500
1026480600,2002-07-12,93.33000183105469,93.88999938964844,91.5199966430664,91.8499984741211,39018600
1026739800,2002-07-15,91.63999938964844,92.4000015258789,87.88999938964844,92.33999633789062,77317200
1026826200,2002-07-16,91.12000274658203,92.37999725341797,89.87000274658203,90.55999755859375,53282400
1026912600,2002-07-17,92.45999908447266,93.30000305175781,89.75,90.73999786376953,48880600
1026999000,2002-07-18,90.69999694824219,91.0999984741211,87.75,87.80000305175781,32656700
1027085400,2002-07-19,86.76000213623047,87.55000305175781,84.30000305175781,84.70999908447266,77572600
1027344600,2002-07-22,84.0999984741211,85.91000366210938,81.44999694824219,82.19999694824219,78134000
1027431000,2002-07-23,82.55000305175781,83.23999786376953,79.75,79.94999694824219,74484100
1027517400,2002-07-24,78.12999725341797,85.12000274658203,77.68000030517578,84.72000122070312,107022800
1027603800,2002-07-25,84.2699966430664,85.8499984741211,81.5999984741211,84,87176600
1027690200,2002-07-26,84.6500015258789,85.93000030517578,83.80000305175781,85.5999984741211,41206800
1027949400,2002-07-29,87.5,90.33999633789062,87.30000305175781,89.7699966430664,53492900
1028035800,2002-07-30,89.31999969482422,91.4000015258789,88.72000122070312,90.94000244140625,47532200
1028122200,2002-07-31,90.48999786376953,91.55000305175781,89.25,91.16000366210938,44669900
1028208600,2002-08-01,90.87999725341797,91.3499984741211,88.33000183105469,88.77999877929688,66571900
1028295000,2002-08-02,88.5,88.91000366210938,85.62000274658203,86.79000091552734,51772900
1028554200,2002-08-05,86.48999786376953,86.93000030517578,83.55000305175781,83.7699966430664,47191300
1028640600,2002-08-06,85.2300033569336,87.9000015258789,85.11000061035156,86.58999633789062,64730000
1028727000,2002-08-07,87.87000274658203,88.5,85.7699966430664,88.0999984741211,43289400
1028813400,2002-08-08,88.41999816894531,91.0999984741211,87.80000305175781,90.94999694824219,48339800
1028899800,2002-08-09,90.0999984741211,91.94000244140625,89.3499984741211,91.29000091552734,41879200
1029159000,2002-08-12,89.98999786376953,91.2699966430664,89.55000305175781,90.62000274658203,25841700
1029245400,2002-08-13,90.1500015258789,91.66000366210938,88.6500015258789,88.97000122070312,49690500
1029331800,2002-08-14,89.0199966430664,92.62999725341797,88.0199966430664,92.22000122070312,57423600
1029418200,2002-08-15,92.83999633789062,93.98999786376953,92.19999694824219,93.5,45551500
1029504600,2002-08-16,92.81999969482422,94.08000183105469,92,93.22000122070312,36517300
1029763800,2002-08-19,93.45999908447266,95.75,93.0999984741211,95.4000015258789,33669900
1029850200,2002-08-20,94.81999969482422,95.4000015258789,93.62000274658203,94.38999938964844,30508300
1029936600,2002-08-21,95.05999755859375,95.77999877929688,93.56999969482422,95.75,39628900
1030023000,2002-08-22,95.48999786376953,97.1500015258789,95.06999969482422,96.68000030517578,38399800
1030109400,2002-08-23,96.01000213623047,96.1500015258789,94.1500015258789,94.5999984741211,33716400
1030368600,2002-08-26,94.91000366210938,95.63999938964844,93.5,95.26000213623047,33830100
1030455000,2002-08-27,95.69999694824219,96.25,93.5,94.16000366210938,35335700
1030541400,2002-08-28,93.27999877929688,93.48999786376953,91.80000305175781,92.0999984741211,38970600
1030627800,2002-08-29,91.2699966430664,93.05000305175781,90.80999755859375,92.13999938964844,42965700
1030714200,2002-08-30,91.68000030517578,93.38999938964844,91.4000015258789,91.77999877929688,30366700
1031059800,2002-09-03,90.7300033569336,91,88.1500015258789,88.27999877929688,76586400
1031146200,2002-09-04,88.61000061035156,90.25,88.05999755859375,89.54000091552734,51099500
1031232600,2002-09-05,88.48999786376953,89.43000030517578,87.5,88.77999877929688,67250900
1031319000,2002-09-06,89.75,90.56999969482422,89.33999633789062,90,38622200
1031578200,2002-09-09,89.0999984741211,91.3499984741211,88.80000305175781,90.66000366210938,33998400
1031664600,2002-09-10,91.13999938964844,91.77999877929688,90.55999755859375,91.69999694824219,41416600
1031751000,2002-09-11,92.47000122070312,93.33000183105469,91.0999984741211,91.12999725341797,27711200
1031837400,2002-09-12,90.75,90.83999633789062,88.98999786376953,89.44999694824219,43601700
1031923800,2002-09-13,88.69000244140625,89.9000015258789,88.25,89.66999816894531,41131000
1032183000,2002-09-16,89.30999755859375,89.88999938964844,88.45999908447266,89.88999938964844,28167600
1032269400,2002-09-17,90.88999938964844,91.19000244140625,87.75,87.83000183105469,47609700
1032355800,2002-09-18,87.01000213623047,88.5,86.27999877929688,86.94999694824219,54719400
1032442200,2002-09-19,85.98999786376953,86.80000305175781,84.69999694824219,84.69999694824219,48510500
1032528600,2002-09-20,84.91999816894531,85.19999694824219,84.05000305175781,84.3499984741211,46325600
1032787800,2002-09-23,83.6500015258789,84.05999755859375,82.69000244140625,83.66000366210938,46893800
1032874200,2002-09-24,82.44000244140625,83.6500015258789,81.8499984741211,82.30999755859375,69507000
1032960600,2002-09-25,83.37000274658203,84.7699966430664,82.04000091552734,84.3499984741211,59294400
1033047000,2002-09-26,85.0199966430664,85.97000122070312,84.44999694824219,85.7300033569336,53638000
1033133400,2002-09-27,85,85.62999725341797,82.75,82.75,64648300
1033392600,2002-09-30,82,82.80000305175781,80.9000015258789,81.79000091552734,73096400
1033479000,2002-10-01,82.43000030517578,85.7699966430664,81.47000122070312,85.72000122070312,67198100
1033565400,2002-10-02,84.69000244140625,85.52999877929688,82.5999984741211,83.1500015258789,56749100
1033651800,2002-10-03,83.13999938964844,84.5999984741211,81.94999694824219,82.30999755859375,55547000
1033738200,2002-10-04,82.80000305175781,82.91999816894531,79.58000183105469,80.80000305175781,68483700
1033997400,2002-10-07,80.05999755859375,81.19999694824219,78.55000305175781,79.12999725341797,53188000
1034083800,2002-10-08,79.80999755859375,81.30999755859375,78.19999694824219,80.37000274658203,79531000
1034170200,2002-10-09,79.08999633789062,79.69999694824219,77.77999877929688,78.0999984741211,79956400
1034256600,2002-10-10,77.94000244140625,81.06999969482422,77.06999969482422,80.62999725341797,76749000
1034343000,2002-10-11,82.0999984741211,84.7300033569336,81.81999969482422,84.16000366210938,82308300
1034602200,2002-10-14,83.19999694824219,84.8499984741211,83.04000091552734,84.62999725341797,40631900
1034688600,2002-10-15,86.98999786376953,88.72000122070312,86.8499984741211,88.69999694824219,82320300
1034775000,2002-10-16,87.41000366210938,87.80000305175781,85.91999816894531,86.55000305175781,62977800
1034861400,2002-10-17,88.87000274658203,89.30000305175781,87.8499984741211,88.2699966430664,68534100
1034947800,2002-10-18,87.6500015258789,89.11000061035156,86.93000030517578,88.63999938964844,47448700
1035207000,2002-10-21,88.12000274658203,90.5,87.56999969482422,90.16999816894531,45859100
1035293400,2002-10-22,89.05000305175781,90.01000213623047,88.5199966430664,89.5199966430664,40966800
1035379800,2002-10-23,88.7699966430664,90.2699966430664,87.68000030517578,90.19999694824219,54905800
1035466200,2002-10-24,90.75,90.9000015258789,88.0999984741211,88.36000061035156,54987400
1035552600,2002-10-25,88.20999908447266,90.38999938964844,87.94000244140625,90.19999694824219,43672100
1035815400,2002-10-28,91.1500015258789,91.29000091552734,88.8499984741211,89.61000061035156,39416100
1035901800,2002-10-29,89.08000183105469,89.48999786376953,87,88.56999969482422,59508200
1035988200,2002-10-30,88.68000030517578,89.95999908447266,88.2300033569336,89.43000030517578,41688600
1036074600,2002-10-31,89.66000366210938,90.30000305175781,88.19000244140625,88.5199966430664,41620600
1036161000,2002-11-01,88.3499984741211,90.81999969482422,88.05000305175781,90.2699966430664,51878900
1036420200,2002-11-04,91.80000305175781,92.94000244140625,90.9000015258789,91.12999725341797,49080600
1036506600,2002-11-05,90.83999633789062,92.06999969482422,90.83999633789062,91.8499984741211,37270800
1036593000,2002-11-06,92.4800033569336,93.06999969482422,90.79000091552734,93.04000091552734,65013100
1036679400,2002-11-07,92.0199966430664,92.22000122070312,90.22000122070312,90.76000213623047,51572000
1036765800,2002-11-08,90.52999877929688,91.56999969482422,89.5199966430664,89.6500015258789,37905400
1037025000,2002-11-11,89.51000213623047,89.55999755859375,87.80000305175781,88.26000213623047,33505100
1037111400,2002-11-12,88.66000366210938,89.93000030517578,88.37000274658203,88.95999908447266,37724500
1037197800,2002-11-13,88.31999969482422,89.73999786376953,87.44999694824219,89.05000305175781,63891500
1037284200,2002-11-14,90.06999969482422,91,89.75,90.7300033569336,31896800
1037370600,2002-11-15,90,91.55000305175781,89.94999694824219,91.4000015258789,39152100
1037629800,2002-11-18,92.1500015258789,92.1500015258789,90.3499984741211,90.4800033569336,28934800
1037716200,2002-11-19,90.0199966430664,91.0999984741211,89.76000213623047,90.36000061035156,32806600
1037802600,2002-11-20,89.9800033569336,92.41999816894531,89.94999694824219,92.37000274658203,36688400
1037889000,2002-11-21,92.5999984741211,94.19000244140625,92.43000030517578,94.08999633789062,55128200
1037975400,2002-11-22,93.4800033569336,94.2699966430664,93.2699966430664,93.41999816894531,32513800
1038234600,2002-11-25,93.43000030517578,94.26000213623047,92.7699966430664,93.4800033569336,33846400
1038321000,2002-11-26,93.06999969482422,93.44999694824219,91.62000274658203,91.69999694824219,42284700
1038407400,2002-11-27,92.5199966430664,94.6500015258789,92.43000030517578,94.27999877929688,37764000
1038580200,2002-11-29,94.80000305175781,94.94999694824219,93.7699966430664,93.9800033569336,19385700
1038839400,2002-12-02,95.47000122070312,96.05000305175781,93.22000122070312,94.12999725341797,49911900
1038925800,2002-12-03,93.25,93.4000015258789,92.3499984741211,92.87000274658203,34407700
1039012200,2002-12-04,91.7699966430664,93.13999938964844,91.43000030517578,92.44999694824219,64040800
1039098600,2002-12-05,92.7300033569336,92.80000305175781,91.0999984741211,91.43000030517578,36724900
1039185000,2002-12-06,90.12000274658203,92.16999816894531,89.9800033569336,92.02999877929688,49824100
1039444200,2002-12-09,91.06999969482422,91.45999908447266,89.4800033569336,89.5,36789600
1039530600,2002-12-10,90.0199966430664,91.0999984741211,89.76000213623047,90.69999694824219,33319900
1039617000,2002-12-11,90.41999816894531,91.62000274658203,90.16000366210938,90.77999877929688,39201000
1039703400,2002-12-12,91.19999694824219,91.48999786376953,90.19999694824219,90.7699966430664,34465600
1039789800,2002-12-13,89.91000366210938,90.4800033569336,89.2699966430664,89.33999633789062,36862200
1040049000,2002-12-16,89.81999969482422,91.79000091552734,89.66000366210938,91.6500015258789,37098400
1040135400,2002-12-17,91.37000274658203,91.73999786376953,90.73999786376953,90.8499984741211,32353900
1040221800,2002-12-18,90.31999969482422,90.4000015258789,89.33000183105469,89.80000305175781,35612600
1040308200,2002-12-19,89.3499984741211,90.69999694824219,88.5999984741211,89.16000366210938,39264200
1040394600,2002-12-20,89.19999694824219,90.0199966430664,89.0999984741211,89.98999786376953,31176900
1040653800,2002-12-23,89.58999633789062,90.47000122070312,89.30999755859375,90.0199966430664,22599300
1040740200,2002-12-24,89.58999633789062,89.86000061035156,89.25,89.3499984741211,10937000
1040913000,2002-12-26,89.69999694824219,90.61000061035156,88.83999633789062,89.38999938964844,17485600
1040999400,2002-12-27,88.95999908447266,89.29000091552734,87.37999725341797,87.37999725341797,22205700
1041258600,2002-12-30,87.79000091552734,88.47000122070312,87.22000122070312,88.11000061035156,29968000
1041345000,2002-12-31,87.98999786376953,88.43000030517578,87.11000061035156,88.2300033569336,34036600
1041517800,2003-01-02,88.8499984741211,91.30000305175781,88.54000091552734,91.06999969482422,44516300
1041604200,2003-01-03,90.91000366210938,91.37999725341797,90.5,91.3499984741211,32222600
1041863400,2003-01-06,91.23999786376953,93.48999786376953,91.16999816894531,92.95999908447266,40984500
1041949800,2003-01-07,92.9000015258789,93.37000274658203,92.19999694824219,92.7300033569336,38640400
1042036200,2003-01-08,92.19999694824219,92.4000015258789,91.05000305175781,91.38999938964844,38702200
1042122600,2003-01-09,91.81999969482422,93.18000030517578,91.41000366210938,92.80999755859375,34804900
1042209000,2003-01-10,91.94999694824219,93.63999938964844,91.80000305175781,93.05999755859375,37768900
1042468200,2003-01-13,93.54000091552734,93.86000061035156,92.44000244140625,93.02999877929688,31649900
1042554600,2003-01-14,92.69000244140625,93.83000183105469,92.41000366210938,93.33000183105469,30733000
1042641000,2003-01-15,93.54000091552734,93.56999969482422,91.91000366210938,92.4000015258789,33511800
1042727400,2003-01-16,92.5,92.93000030517578,91.44999694824219,92.0199966430664,44812100
1042813800,2003-01-17,90.98999786376953,92.30000305175781,90.1500015258789,90.66000366210938,35618300
1043159400,2003-01-21,90.87000274658203,90.91999816894531,88.94999694824219,89.25,36826200
1043245800,2003-01-22,88.7699966430664,89.80000305175781,88,88.16999816894531,42286500
1043332200,2003-01-23,88.75,89.37999725341797,87.94999694824219,88.70999908447266,55919800
1043418600,2003-01-24,88.58999633789062,88.68000030517578,86.16999816894531,86.37999725341797,68633900
1043677800,2003-01-27,85.7300033569336,86.80000305175781,84.5,85.19999694824219,57884400
1043764200,2003-01-28,85.62999725341797,86.4000015258789,85.12999725341797,85.83000183105469,46929100
1043850600,2003-01-29,85.41999816894531,87.18000030517578,84.7699966430664,86.4800033569336,53712200
1043937000,2003-01-30,86.79000091552734,86.87999725341797,84.4000015258789,84.43000030517578,49845900
1044023400,2003-01-31,84.1500015258789,86.20999908447266,84.1500015258789,86.05999755859375,55317000
1044282600,2003-02-03,86.13999938964844,86.80999755859375,85.91999816894531,86.2300033569336,39696000
1044369000,2003-02-04,85.30999755859375,85.75,84.30000305175781,85.37999725341797,43633400
1044455400,2003-02-05,85.75,86.54000091552734,84.4800033569336,84.8499984741211,55270600
1044541800,2003-02-06,84.37000274658203,84.88999938964844,83.6500015258789,84.44999694824219,53638000
1044628200,2003-02-07,84.91000366210938,84.98999786376953,82.97000122070312,83.41999816894531,43165000
1044887400,2003-02-10,83.45999908447266,84.12999725341797,82.6500015258789,84.01000213623047,45455900
1044973800,2003-02-11,84.37000274658203,84.87999725341797,82.83000183105469,83.43000030517578,46861000
1045060200,2003-02-12,83.16000366210938,83.62000274658203,82.08999633789062,82.0999984741211,35873600
1045146600,2003-02-13,82.1500015258789,82.66000366210938,81,82.3499984741211,57934100
1045233000,2003-02-14,82.37000274658203,84.19999694824219,81.81999969482422,84.1500015258789,59580900
1045578600,2003-02-18,84.52999877929688,85.80000305175781,84.38999938964844,85.62999725341797,39492700
1045665000,2003-02-19,85.31999969482422,85.47000122070312,84.27999877929688,85.18000030517578,31432000
1045751400,2003-02-20,85.20999908447266,85.41999816894531,84.05000305175781,84.33000183105469,29280100
1045837800,2003-02-21,84.37999725341797,85.73999786376953,83.45999908447266,85.18000030517578,60955800
1046097000,2003-02-24,84.93000030517578,85,83.58999633789062,83.80000305175781,30628600
1046183400,2003-02-25,82.94999694824219,84.48999786376953,82.22000122070312,84.47000122070312,56770600
1046269800,2003-02-26,84.0199966430664,84.52999877929688,83.08000183105469,83.23999786376953,37787200
1046356200,2003-02-27,83.69999694824219,84.75,83.16000366210938,84.33999633789062,51126000
1046442600,2003-02-28,84.47000122070312,85.2300033569336,84.16000366210938,84.9000015258789,43666800
1046701800,2003-03-03,85.26000213623047,85.77999877929688,83.72000122070312,84.08999633789062,42923100
1046788200,2003-03-04,83.94999694824219,84.01000213623047,82.6500015258789,82.75,31440500
1046874600,2003-03-05,82.61000061035156,83.54000091552734,82.36000061035156,83.44999694824219,43974700
1046961000,2003-03-06,82.87000274658203,83.5199966430664,82.47000122070312,82.75,41217700
1047047400,2003-03-07,81.61000061035156,83.98999786376953,81.43000030517578,83.31999969482422,63538000
1047306600,2003-03-10,82.5999984741211,82.86000061035156,81.0999984741211,81.31999969482422,41014100
1047393000,2003-03-11,81.4800033569336,82,80.4800033569336,80.5199966430664,48102700
1047479400,2003-03-12,80.37999725341797,81.0999984741211,79.37999725341797,81.05999755859375,62459800
1047565800,2003-03-13,82.18000030517578,83.91000366210938,81.52999877929688,83.86000061035156,72117800
1047652200,2003-03-14,84.19999694824219,84.7699966430664,83.3499984741211,84.12999725341797,63951800
1047911400,2003-03-17,83.45999908447266,86.94999694824219,83.22000122070312,86.77999877929688,88217500
1047997800,2003-03-18,87.1500015258789,87.3499984741211,86.27999877929688,87.29000091552734,50792300
1048084200,2003-03-19,87.27999877929688,88.16000366210938,86.68000030517578,87.95999908447266,49630800
1048170600,2003-03-20,87.33000183105469,88.58999633789062,86.3499984741211,88.1500015258789,67321600
1048257000,2003-03-21,88.80000305175781,89.87999725341797,87.93000030517578,89.66999816894531,71165300
1048516200,2003-03-24,88.0199966430664,88.13999938964844,86.3499984741211,86.69000244140625,65398900
1048602600,2003-03-25,86.73999786376953,88.26000213623047,86.44000244140625,87.5199966430664,61040100
1048689000,2003-03-26,87.55999755859375,87.8499984741211,86.80000305175781,87.08000183105469,45740800
1048775400,2003-03-27,86.4000015258789,87.66000366210938,85.98999786376953,87.1500015258789,53120200
1048861800,2003-03-28,86.47000122070312,87.27999877929688,86.25,86.70999908447266,32583000
1049121000,2003-03-31,85.3499984741211,86.58999633789062,84.4000015258789,84.73999786376953,61119500
1049207400,2003-04-01,85.25,86.38999938964844,84.91000366210938,86.04000091552734,53574000
1049293800,2003-04-02,87.54000091552734,88.7699966430664,87.5,88.12000274658203,50431200
1049380200,2003-04-03,88.87000274658203,88.98999786376953,87.6500015258789,87.69999694824219,48755500
1049466600,2003-04-04,88.43000030517578,88.58999633789062,87.62000274658203,88.22000122070312,36250100
1049722200,2003-04-07,90.33999633789062,90.8499984741211,87.97000122070312,88.05000305175781,69776200
1049808600,2003-04-08,88.30000305175781,88.6500015258789,87.70999908447266,88.19000244140625,39712700
1049895000,2003-04-09,88.36000061035156,89.0999984741211,86.7699966430664,87.02999877929688,55647300
1049981400,2003-04-10,87.08999633789062,87.62999725341797,85.70999908447266,87.51000213623047,41812400
1050067800,2003-04-11,88.16000366210938,88.69999694824219,86.86000061035156,87.1500015258789,47730100
1050327000,2003-04-14,87.47000122070312,89,87,88.94999694824219,36711700
1050413400,2003-04-15,88.83999633789062,89.77999877929688,88.41999816894531,89.77999877929688,49709800
1050499800,2003-04-16,89.91000366210938,90.05999755859375,88.02999877929688,88.25,51788000
1050586200,2003-04-17,88.30000305175781,89.72000122070312,88.19000244140625,89.55999755859375,37403100
1050931800,2003-04-21,89.86000061035156,90.16000366210938,89.05999755859375,89.6500015258789,32052700
1051018200,2003-04-22,89.0999984741211,91.55999755859375,88.88999938964844,91.33999633789062,59763600
1051104600,2003-04-23,91.62000274658203,92.3499984741211,91.23999786376953,92.18000030517578,44227100
1051191000,2003-04-24,91.52999877929688,92.08000183105469,90.95999908447266,91.36000061035156,49692400
1051277400,2003-04-25,91.30000305175781,91.47000122070312,90.0199966430664,90.2300033569336,43917200
1051536600,2003-04-28,90.44000244140625,92.19000244140625,90.30000305175781,91.79000091552734,46432900
1051623000,2003-04-29,92.13999938964844,92.80000305175781,91.4000015258789,92.11000061035156,52017100
1051709400,2003-04-30,91.91000366210938,92.56999969482422,91.41000366210938,91.91000366210938,48709100
1051795800,2003-05-01,91.91999816894531,92.7300033569336,90.5,91.9000015258789,50240400
1051882200,2003-05-02,91.55999755859375,93.47000122070312,91.48999786376953,93.20999908447266,50201500
1052141400,2003-05-05,93.47000122070312,93.77999877929688,92.5,93.02999877929688,35437800
1052227800,2003-05-06,93.04000091552734,94.37999725341797,93,93.91000366210938,44401000
1052314200,2003-05-07,93.41999816894531,94.13999938964844,92.97000122070312,93.38999938964844,41413100
1052400600,2003-05-08,92.5199966430664,93.33000183105469,92.27999877929688,92.44999694824219,40570700
1052487000,2003-05-09,92.83000183105469,93.80000305175781,92.61000061035156,93.7300033569336,33608100
1052746200,2003-05-12,93.5,95.12000274658203,93.27999877929688,94.87999725341797,35662300
1052832600,2003-05-13,94.52999877929688,95.18000030517578,94.26000213623047,94.70999908447266,39253600
1052919000,2003-05-14,95.08999633789062,95.23999786376953,93.91000366210938,94.51000213623047,32195100
1053005400,2003-05-15,94.88999938964844,95.33000183105469,94.25,95.11000061035156,43879200
1053091800,2003-05-16,94.88999938964844,95.44999694824219,94.26000213623047,94.87000274658203,38905000
1053351000,2003-05-19,94.1500015258789,94.41999816894531,92.33000183105469,92.6500015258789,41606000
1053437400,2003-05-20,92.81999969482422,93.02999877929688,91.58999633789062,92.45999908447266,55404600
1053523800,2003-05-21,92.11000061035156,92.87999725341797,91.91000366210938,92.6500015258789,49333800
1053610200,2003-05-22,92.94999694824219,94.05000305175781,92.68000030517578,93.56999969482422,38421800
1053696600,2003-05-23,93.52999877929688,93.9800033569336,93.13999938964844,93.76000213623047,26155900
1054042200,2003-05-27,93.30000305175781,95.83999633789062,93.06999969482422,95.4000015258789,43719200
1054128600,2003-05-28,95.8499984741211,96.47000122070312,95.43000030517578,95.66999816894531,37727100
1054215000,2003-05-29,95.87999725341797,96.81999969482422,95.08000183105469,95.41999816894531,50844200
1054301400,2003-05-30,95.9000015258789,97.08999633789062,95.55999755859375,96.94999694824219,52529500
1054560600,2003-06-02,97.52999877929688,98.44999694824219,96.66999816894531,97.3499984741211,50305500
1054647000,2003-06-03,97.1500015258789,97.83999633789062,96.8499984741211,97.75,38254500
1054733400,2003-06-04,97.66000366210938,99.3499984741211,97.56999969482422,99.16000366210938,49360700
1054819800,2003-06-05,98.58000183105469,99.6500015258789,98.2699966430664,99.6500015258789,46262400
1054906200,2003-06-06,100.4000015258789,101.4000015258789,99.12999725341797,99.26000213623047,60356800
1055165400,2003-06-09,98.7699966430664,99.0999984741211,97.7699966430664,98.25,37808500
1055251800,2003-06-10,98.45999908447266,99.26000213623047,98.19000244140625,99.25,29965900
1055338200,2003-06-11,99.16000366210938,100.38999938964844,98.70999908447266,100.30000305175781,37610200
1055424600,2003-06-12,100.75,100.9000015258789,99.62000274658203,100.61000061035156,36442000
1055511000,2003-06-13,100.61000061035156,100.75,98.94999694824219,99.55999755859375,48628300
1055770200,2003-06-16,99.95999908447266,101.69999694824219,99.80000305175781,101.66000366210938,36326300
1055856600,2003-06-17,102.06999969482422,102.18000030517578,101.2300033569336,101.66000366210938,36801800
1055943000,2003-06-18,101.29000091552734,102.13999938964844,101,101.56999969482422,35521000
1056029400,2003-06-19,101.63999938964844,101.7300033569336,99.83999633789062,100.0199966430664,43551700
1056115800,2003-06-20,100.38999938964844,100.5,99.41999816894531,99.44000244140625,41545000
1056375000,2003-06-23,99.44999694824219,99.66000366210938,97.91999816894531,98.41999816894531,34237500
1056461400,2003-06-24,98.22000122070312,99.08999633789062,98.0199966430664,98.5199966430664,36213600
1056547800,2003-06-25,98.52999877929688,99.44000244140625,97.52999877929688,97.52999877929688,47743400
1056634200,2003-06-26,97.77999877929688,98.9800033569336,96.95999908447266,98.80000305175781,33477300
1056720600,2003-06-27,98.75,99.19000244140625,97.58000183105469,97.66000366210938,54208800
1056979800,2003-06-30,98.22000122070312,98.66999816894531,97.47000122070312,97.62999725341797,33349000
1057066200,2003-07-01,97.25,98.8499984741211,96.43000030517578,98.52999877929688,51322800
1057152600,2003-07-02,98.7699966430664,99.79000091552734,98.56999969482422,99.7699966430664,34662100
1057239000,2003-07-03,99.06999969482422,99.8499984741211,97.9000015258789,98.73999786376953,30792800
1057584600,2003-07-07,99.6500015258789,100.9000015258789,99.6500015258789,100.69999694824219,31391100
1057671000,2003-07-08,100.5,101.29000091552734,100.16999816894531,101.1500015258789,30952500
1057757400,2003-07-09,100.91999816894531,101.4000015258789,100.02999877929688,100.58000183105469,36528500
1057843800,2003-07-10,99.83999633789062,100.04000091552734,98.62999725341797,99.30000305175781,49777700
1057930200,2003-07-11,99.38999938964844,100.44999694824219,99.38999938964844,100.23999786376953,39976300
1058189400,2003-07-14,101.19999694824219,101.9000015258789,100.44999694824219,100.7300033569336,42114900
1058275800,2003-07-15,101.37999725341797,101.45999908447266,99.94999694824219,100.51000213623047,42573600
1058362200,2003-07-16,100.80999755859375,100.87000274658203,99.2300033569336,99.91999816894531,39894200
1058448600,2003-07-17,99.1500015258789,99.87999725341797,98.16000366210938,98.5,52253500
1058535000,2003-07-18,99.0199966430664,99.80000305175781,98.45999908447266,99.51000213623047,35698100
1058794200,2003-07-21,99.44999694824219,99.48999786376953,97.8499984741211,98.27999877929688,34786000
1058880600,2003-07-22,98.69000244140625,99.41000366210938,97.91999816894531,99.16999816894531,49968300
1058967000,2003-07-23,99.20999908447266,99.44999694824219,98.27999877929688,99.23999786376953,37275400
1059053400,2003-07-24,99.98999786376953,100.33999633789062,98.37000274658203,98.48999786376953,40896200
1059139800,2003-07-25,98.66000366210938,100.29000091552734,98.04000091552734,100.2300033569336,43241100
1059399000,2003-07-28,100.37000274658203,100.9800033569336,99.66999816894531,99.86000061035156,34382800
1059485400,2003-07-29,100.13999938964844,100.26000213623047,98.68000030517578,99.4000015258789,53472100
1059571800,2003-07-30,99.5999984741211,99.75,98.93000030517578,99.16000366210938,28363300
1059658200,2003-07-31,99.9800033569336,100.91000366210938,99.16999816894531,99.38999938964844,54937200
1059744600,2003-08-01,99.19000244140625,99.52999877929688,98.23999786376953,98.51000213623047,49321000
1060003800,2003-08-04,98.30999755859375,99,97,98.51000213623047,55214100
1060090200,2003-08-05,98.41000366210938,98.76000213623047,96.33999633789062,96.41999816894531,61415600
1060176600,2003-08-06,96.69000244140625,98.05999755859375,96.41999816894531,96.9800033569336,50096900
1060263000,2003-08-07,97.16999816894531,98.06999969482422,96.76000213623047,98,43427400
1060349400,2003-08-08,98.31999969482422,98.55000305175781,97.76000213623047,98.27999877929688,27357300
1060608600,2003-08-11,98.26000213623047,99.04000091552734,97.83999633789062,98.6500015258789,34631400
1060695000,2003-08-12,98.70999908447266,99.58999633789062,98.41999816894531,99.55000305175781,43285600
1060781400,2003-08-13,99.81999969482422,99.8499984741211,98.52999877929688,99.04000091552734,36152000
1060867800,2003-08-14,99.0999984741211,99.75,98.44999694824219,99.30999755859375,35525100
1060954200,2003-08-15,99.36000061035156,99.79000091552734,99.12000274658203,99.62000274658203,12567000
1061213400,2003-08-18,99.93000030517578,100.5999984741211,99.73999786376953,100.4800033569336,22873800
1061299800,2003-08-19,100.69000244140625,100.94000244140625,100,100.86000061035156,37437700
1061386200,2003-08-20,100.29000091552734,100.88999938964844,100.16000366210938,100.44999694824219,21295300
1061472600,2003-08-21,101.05000305175781,101.5199966430664,100.4000015258789,100.7699966430664,46494200
1061559000,2003-08-22,101.75,101.81999969482422,99.7300033569336,99.7699966430664,52040300
1061818200,2003-08-25,99.70999908447266,100.83000183105469,99.27999877929688,99.93000030517578,23473000
1061904600,2003-08-26,99.5,100.38999938964844,98.83000183105469,100.11000061035156,45065800
1061991000,2003-08-27,100.05000305175781,100.36000061035156,99.56999969482422,100.13999938964844,18919500
1062077400,2003-08-28,100.4000015258789,101,99.66000366210938,100.76000213623047,27402400
1062163800,2003-08-29,100.61000061035156,101.4800033569336,100.4800033569336,101.44000244140625,28706600
1062509400,2003-09-02,101.63999938964844,102.87999725341797,101.05000305175781,102.80000305175781,49419100
1062595800,2003-09-03,103.02999877929688,103.69999694824219,102.77999877929688,103.36000061035156,44912400
1062682200,2003-09-04,103.0999984741211,103.55000305175781,102.76000213623047,103.41000366210938,28381000
1062768600,2003-09-05,102.94000244140625,103.55000305175781,102.4000015258789,102.83000183105469,31637300
1063027800,2003-09-08,103.04000091552734,103.87999725341797,102.93000030517578,103.68000030517578,32632800
1063114200,2003-09-09,103.37000274658203,103.45999908447266,102.68000030517578,103,35053200
1063200600,2003-09-10,102.52999877929688,102.80000305175781,101.55000305175781,101.95999908447266,45904900
1063287000,2003-09-11,102.0999984741211,102.76000213623047,101.83999633789062,102.26000213623047,38396300
1063373400,2003-09-12,101.91000366210938,102.63999938964844,101.3499984741211,102.44999694824219,42524800
1063632600,2003-09-15,102.5199966430664,102.62999725341797,101.94999694824219,102.08999633789062,21312800
1063719000,2003-09-16,102.2300033569336,103.63999938964844,102.16999816894531,103.58000183105469,37892600
1063805400,2003-09-17,103.4800033569336,103.79000091552734,103.05000305175781,103.37999725341797,31885800
1063891800,2003-09-18,103.4000015258789,104.69999694824219,103.16999816894531,104.5999984741211,30243600
1063978200,2003-09-19,104.2699966430664,104.5999984741211,103.4000015258789,103.66999816894531,34331600
1064237400,2003-09-22,102.8499984741211,102.95999908447266,102.02999877929688,102.55000305175781,36677400
1064323800,2003-09-23,102.58999633789062,103.29000091552734,102.36000061035156,102.94000244140625,32489200
1064410200,2003-09-24,103.12000274658203,103.22000122070312,101.06999969482422,101.11000061035156,41694700
1064496600,2003-09-25,101.41000366210938,101.87999725341797,100.19999694824219,100.27999877929688,52673100
1064583000,2003-09-26,100.44000244140625,100.66000366210938,99.8499984741211,99.94999694824219,42914700
1064842200,2003-09-29,100.30000305175781,100.98999786376953,99.79000091552734,100.93000030517578,36771600
1064928600,2003-09-30,100.4800033569336,100.76000213623047,99.25,99.94999694824219,70764500
1065015000,2003-10-01,100.23999786376953,102.18000030517578,100.19999694824219,102.08000183105469,65797600
1065101400,2003-10-02,101.93000030517578,102.55999755859375,101.62999725341797,102.44999694824219,44591500
1065187800,2003-10-03,103.66999816894531,104.27999877929688,103.08000183105469,103.38999938964844,48806900
1065447000,2003-10-06,103.4800033569336,103.98999786376953,103.19999694824219,103.86000061035156,20226500
1065533400,2003-10-07,103.26000213623047,104.30999755859375,102.91000366210938,104.26000213623047,42602900
1065619800,2003-10-08,104.33000183105469,104.38999938964844,103.41000366210938,104,30920800
1065706200,2003-10-09,104.87999725341797,105.22000122070312,103.83000183105469,104.27999877929688,40066500
1065792600,2003-10-10,104.2699966430664,104.5999984741211,103.91000366210938,104.56999969482422,22682800
1066051800,2003-10-13,104.70999908447266,105.29000091552734,104.51000213623047,104.9000015258789,23825600
1066138200,2003-10-14,104.80000305175781,105.43000030517578,104.36000061035156,105.2699966430664,38484400
1066224600,2003-10-15,105.86000061035156,105.88999938964844,104.63999938964844,104.98999786376953,39021700
1066311000,2003-10-16,104.68000030517578,105.7300033569336,104.6500015258789,105.41000366210938,32772200
1066397400,2003-10-17,105.47000122070312,105.62999725341797,103.9800033569336,104.26000213623047,32790300
1066656600,2003-10-20,104.44999694824219,105.04000091552734,103.94000244140625,105.04000091552734,27657000
1066743000,2003-10-21,104.81999969482422,105.27999877929688,104.31999969482422,104.86000061035156,26729100
1066829400,2003-10-22,104.02999877929688,104.19000244140625,103.19000244140625,103.54000091552734,33914500
1066915800,2003-10-23,102.88999938964844,103.94999694824219,102.83999633789062,103.3499984741211,45830500
1067002200,2003-10-24,102.83000183105469,103.58000183105469,102.18000030517578,103.58000183105469,51723600
1067265000,2003-10-27,103.73999786376953,104.18000030517578,103.2699966430664,103.62999725341797,32460200
1067351400,2003-10-28,103.9800033569336,105.1500015258789,103.81999969482422,105.04000091552734,34956200
1067437800,2003-10-29,104.7699966430664,105.43000030517578,103.87000274658203,105.18000030517578,30955400
1067524200,2003-10-30,105.79000091552734,105.97000122070312,104.80000305175781,105.4000015258789,39123100
1067610600,2003-10-31,105.4000015258789,105.73999786376953,105.22000122070312,105.30000305175781,25761600
1067869800,2003-11-03,105.75,106.61000061035156,105.70999908447266,105.98999786376953,37589300
1067956200,2003-11-04,105.98999786376953,106.2699966430664,105.58000183105469,105.76000213623047,31421600
1068042600,2003-11-05,105.48999786376953,105.97000122070312,104.9000015258789,105.83999633789062,33558800
1068129000,2003-11-06,105.5999984741211,106.44000244140625,105.0999984741211,106.4000015258789,28392300
1068215400,2003-11-07,106.63999938964844,106.72000122070312,105.56999969482422,105.61000061035156,31723200
1068474600,2003-11-10,105.73999786376953,105.83999633789062,105.01000213623047,105.18000030517578,25530800
1068561000,2003-11-11,105.08999633789062,105.33000183105469,104.80000305175781,105.1500015258789,26558600
1068647400,2003-11-12,105.2300033569336,106.47000122070312,105.16000366210938,106.33000183105469,28000000
1068733800,2003-11-13,106.01000213623047,106.54000091552734,105.77999877929688,106.36000061035156,29714800
1068820200,2003-11-14,106.4000015258789,106.94999694824219,105.29000091552734,105.45999908447266,49158500
1069079400,2003-11-17,104.91000366210938,105.13999938964844,104.04000091552734,104.93000030517578,44382100
1069165800,2003-11-18,105.23999786376953,105.44999694824219,103.69999694824219,103.83999633789062,41155000
1069252200,2003-11-19,104.02999877929688,105.01000213623047,103.91999816894531,104.72000122070312,29827000
1069338600,2003-11-20,104,105.23999786376953,103.75,103.77999877929688,53578700
1069425000,2003-11-21,104.23999786376953,104.33000183105469,103.62000274658203,104.20999908447266,30016000
1069684200,2003-11-24,104.69000244140625,105.77999877929688,104.68000030517578,105.58999633789062,28906400
1069770600,2003-11-25,105.7300033569336,106.41999816894531,105.44999694824219,105.98999786376953,37580000
1069857000,2003-11-26,106.41999816894531,106.44999694824219,105.38999938964844,106.37000274658203,33053600
1070029800,2003-11-28,106.27999877929688,106.66000366210938,106.19999694824219,106.44999694824219,10507500
1070289000,2003-12-01,106.8499984741211,107.68000030517578,106.80000305175781,107.5999984741211,38699000
1070375400,2003-12-02,107.37999725341797,107.7699966430664,107.06999969482422,107.33000183105469,35352000
1070461800,2003-12-03,107.6500015258789,108.08000183105469,107.06999969482422,107.16000366210938,39078600
1070548200,2003-12-04,107.16999816894531,107.72000122070312,106.94000244140625,107.5999984741211,36089500
1070634600,2003-12-05,107.12000274658203,107.80000305175781,106.62000274658203,106.8499984741211,28824400
1070893800,2003-12-08,106.73999786376953,107.63999938964844,106.68000030517578,107.56999969482422,32482900
1070980200,2003-12-09,107.9000015258789,107.93000030517578,106.54000091552734,106.73999786376953,43596100
1071066600,2003-12-10,106.7699966430664,106.9800033569336,105.95999908447266,106.7300033569336,36915400
1071153000,2003-12-11,106.68000030517578,108.0999984741211,106.66999816894531,107.93000030517578,45304000
1071239400,2003-12-12,107.97000122070312,108.19999694824219,107.38999938964844,108.13999938964844,34142200
1071498600,2003-12-15,109.16999816894531,109.2300033569336,107.4800033569336,107.5999984741211,38693400
1071585000,2003-12-16,107.68000030517578,108.5,107.5199966430664,108.16000366210938,32894200
1071671400,2003-12-17,108.05999755859375,108.5,107.80000305175781,108.5,23198800
1071757800,2003-12-18,108.55000305175781,109.7300033569336,108.38999938964844,109.72000122070312,29353100
1071844200,2003-12-19,109.30000305175781,109.37000274658203,108.58000183105469,108.9000015258789,41465100
1072103400,2003-12-22,108.79000091552734,109.66000366210938,108.77999877929688,109.66000366210938,27611300
1072189800,2003-12-23,109.4800033569336,109.94999694824219,109.37999725341797,109.7300033569336,24741200
1072276200,2003-12-24,109.5199966430664,109.87999725341797,109.43000030517578,109.62000274658203,8055800
1072449000,2003-12-26,109.70999908447266,110.08000183105469,109.62999725341797,109.69999694824219,8308400
1072708200,2003-12-29,110.0999984741211,111.2699966430664,109.77999877929688,111.16000366210938,22483700
1072794600,2003-12-30,111.08999633789062,111.2699966430664,110.8499984741211,111.18000030517578,19559500
1072881000,2003-12-31,111.22000122070312,111.5199966430664,110.83999633789062,111.27999877929688,31501800
1073053800,2004-01-02,111.73999786376953,112.19000244140625,110.7300033569336,111.2300033569336,38072300
1073313000,2004-01-05,111.69000244140625,112.5199966430664,111.58999633789062,112.44000244140625,27959800
1073399400,2004-01-06,112.16000366210938,112.7300033569336,112,112.55000305175781,20472800
1073485800,2004-01-07,112.38999938964844,113.05999755859375,111.88999938964844,112.93000030517578,30170400
1073572200,2004-01-08,113.25,113.41000366210938,112.7699966430664,113.37999725341797,36438400
1073658600,2004-01-09,112.83000183105469,113.5,112.2699966430664,112.38999938964844,54084300
1073917800,2004-01-12,112.55000305175781,113.25,112.36000061035156,113.22000122070312,31564100
1074004200,2004-01-13,113.08999633789062,113.2300033569336,111.76000213623047,112.55999755859375,54239700
1074090600,2004-01-14,112.76000213623047,113.66000366210938,112.66999816894531,113.5,30112800
1074177000,2004-01-15,113.56999969482422,114.05999755859375,112.58000183105469,113.77999877929688,38408700
1074263400,2004-01-16,114.04000091552734,114.30999755859375,113.62999725341797,114.2300033569336,31922700
1074609000,2004-01-20,114.52999877929688,114.6500015258789,113.81999969482422,114.19999694824219,29863000
1074695400,2004-01-21,114.12999725341797,115.30000305175781,113.72000122070312,115.0999984741211,30725000
1074781800,2004-01-22,115.13999938964844,115.37999725341797,114.58000183105469,114.80000305175781,29888500
1074868200,2004-01-23,115,115.37000274658203,113.94999694824219,114.43000030517578,44245300
1075127400,2004-01-26,114.38999938964844,115.93000030517578,114.37999725341797,115.87000274658203,30460600
1075213800,2004-01-27,115.75,116.5,114.6500015258789,114.68000030517578,35322800
1075300200,2004-01-28,114.9800033569336,115.27999877929688,112.94000244140625,113.37000274658203,52621300
1075386600,2004-01-29,113.55999755859375,113.8499984741211,112.55999755859375,113.4800033569336,60117100
1075473000,2004-01-30,113.5199966430664,113.72000122070312,113.08999633789062,113.4800033569336,30984400
1075732200,2004-02-02,113.69999694824219,114.68000030517578,113.12000274658203,113.97000122070312,38832400
1075818600,2004-02-03,113.73999786376953,114.13999938964844,113.44000244140625,113.77999877929688,25093500
1075905000,2004-02-04,113.19000244140625,113.7300033569336,112.79000091552734,112.8499984741211,39332600
1075991400,2004-02-05,113.16999816894531,113.54000091552734,112.77999877929688,113.18000030517578,37226800
1076077800,2004-02-06,113.41999816894531,114.69999694824219,113.19999694824219,114.44999694824219,37216000
1076337000,2004-02-09,114.66999816894531,114.87000274658203,114.29000091552734,114.4800033569336,24851300
1076423400,2004-02-10,114.27999877929688,115.13999938964844,114.26000213623047,114.8499984741211,27908100
1076509800,2004-02-11,114.8499984741211,116.38999938964844,114.16999816894531,116.06999969482422,42965700
1076596200,2004-02-12,115.97000122070312,116.2699966430664,115.58000183105469,115.6500015258789,27814700
1076682600,2004-02-13,115.81999969482422,116.19999694824219,114.75,115.12999725341797,44739900
1077028200,2004-02-17,115.8499984741211,116.43000030517578,115.7699966430664,116.16999816894531,23984300
1077114600,2004-02-18,116.19999694824219,116.5999984741211,115.3499984741211,115.66000366210938,28618000
1077201000,2004-02-19,116.33000183105469,116.38999938964844,115.05999755859375,115.2300033569336,51146200
1077287400,2004-02-20,115.4800033569336,115.55999755859375,114.31999969482422,114.87999725341797,46728800
1077546600,2004-02-23,115.22000122070312,115.26000213623047,114.16999816894531,114.58999633789062,36357000
1077633000,2004-02-24,114.2699966430664,114.98999786376953,113.02999877929688,114.38999938964844,43953000
1077719400,2004-02-25,114.45999908447266,115.05999755859375,114.31999969482422,114.87000274658203,31213600
1077805800,2004-02-26,114.61000061035156,115.29000091552734,114.33999633789062,114.94000244140625,29683000
1077892200,2004-02-27,115.19000244140625,115.73999786376953,114.62999725341797,115.0199966430664,39312000
1078151400,2004-03-01,115.43000030517578,116.33999633789062,115.25,116.16000366210938,33130800
1078237800,2004-03-02,115.94000244140625,116.97000122070312,115.2300033569336,115.4800033569336,38556400
1078324200,2004-03-03,115.25,115.87000274658203,114.91999816894531,115.69000244140625,31346200
1078410600,2004-03-04,115.72000122070312,116.0999984741211,115.5199966430664,115.98999786376953,21060000
1078497000,2004-03-05,115.41999816894531,116.94999694824219,115.27999877929688,116.37999725341797,55905600
1078756200,2004-03-08,116.33999633789062,116.62000274658203,114.91000366210938,114.95999908447266,39281600
1078842600,2004-03-09,115.0999984741211,115.20999908447266,114.23999786376953,114.5,39746100
1078929000,2004-03-10,114.72000122070312,114.7699966430664,112.55999755859375,112.58000183105469,67671800
1079015400,2004-03-11,112.4000015258789,113.2699966430664,111.0999984741211,111.12000274658203,89134800
1079101800,2004-03-12,111.7300033569336,112.70999908447266,111.58000183105469,112.58000183105469,54012200
1079361000,2004-03-15,112.2699966430664,112.3499984741211,110.9000015258789,111.19999694824219,57677200
1079447400,2004-03-16,111.77999877929688,112.05999755859375,110.83999633789062,111.79000091552734,59832600
1079533800,2004-03-17,112.18000030517578,113.26000213623047,112.0999984741211,113.04000091552734,41607300
1079620200,2004-03-18,112.69999694824219,113.2699966430664,111.93000030517578,113.06999969482422,60014300
1079706600,2004-03-19,112.41000366210938,112.56999969482422,111.04000091552734,111.05999755859375,48636200
1079965800,2004-03-22,110.54000091552734,110.56999969482422,109.0999984741211,109.6500015258789,62752100
1080052200,2004-03-23,110.25,110.4000015258789,109.36000061035156,109.45999908447266,54080200
1080138600,2004-03-24,109.58000183105469,110.13999938964844,108.8499984741211,109.55000305175781,51584300
1080225000,2004-03-25,110.08000183105469,111.30000305175781,109.79000091552734,111,49873600
1080311400,2004-03-26,110.95999908447266,111.79000091552734,110.80000305175781,111.02999877929688,37409500
1080570600,2004-03-29,111.62999725341797,112.73999786376953,111.58000183105469,112.58999633789062,44113600
1080657000,2004-03-30,112.30000305175781,113.06999969482422,112.22000122070312,112.97000122070312,39059900
1080743400,2004-03-31,112.98999786376953,113.4000015258789,112.37999725341797,113.0999984741211,48517600
1080829800,2004-04-01,113.06999969482422,113.87000274658203,113.05000305175781,113.77999877929688,45103800
1080916200,2004-04-02,114.80999755859375,114.83999633789062,113.9000015258789,114.63999938964844,50987700
1081171800,2004-04-05,114.45999908447266,115.37999725341797,114.44000244140625,115.2699966430664,30251800
1081258200,2004-04-06,114.83000183105469,115.18000030517578,114.62000274658203,114.9000015258789,28420900
1081344600,2004-04-07,114.94999694824219,114.9800033569336,114.11000061035156,114.62999725341797,45890500
1081431000,2004-04-08,115.41000366210938,115.41000366210938,113.73999786376953,114.37000274658203,46929700
1081776600,2004-04-12,114.58000183105469,115.08000183105469,114.56999969482422,114.81999969482422,23085200
1081863000,2004-04-13,115.26000213623047,115.30000305175781,113.0199966430664,113.20999908447266,56210300
1081949400,2004-04-14,112.61000061035156,113.63999938964844,112.55000305175781,113.38999938964844,62322300
1082035800,2004-04-15,113.44999694824219,113.77999877929688,112.36000061035156,112.95999908447266,61602500
1082122200,2004-04-16,113.37999725341797,114.05000305175781,112.9800033569336,113.83000183105469,47059200
1082381400,2004-04-19,113.55000305175781,113.98999786376953,113.2699966430664,113.83000183105469,28277600
1082467800,2004-04-20,114.08000183105469,114.31999969482422,111.77999877929688,111.91999816894531,53299400
1082554200,2004-04-21,112.19999694824219,112.94999694824219,111.87000274658203,112.66999816894531,50177300
1082640600,2004-04-22,112.4800033569336,114.66999816894531,112.44000244140625,114.25,62071500
1082727000,2004-04-23,114.41999816894531,114.56999969482422,113.79000091552734,114.36000061035156,29395700
1082986200,2004-04-26,114.5,114.94000244140625,113.5999984741211,114.19999694824219,35515200
1083072600,2004-04-27,114.2300033569336,115.12000274658203,113.95999908447266,114.30000305175781,43485500
1083159000,2004-04-28,113.88999938964844,114.01000213623047,112.5,112.81999969482422,50165800
1083245400,2004-04-29,112.72000122070312,113.31999969482422,111.16000366210938,111.83000183105469,69687600
1083331800,2004-04-30,112.16999816894531,112.37999725341797,110.9000015258789,110.95999908447266,48681400
1083591000,2004-05-03,111.37000274658203,112.29000091552734,111.3499984741211,112.1500015258789,33758000
1083677400,2004-05-04,112.25,113.26000213623047,111.66000366210938,112.05999755859375,51185100
1083763800,2004-05-05,112.41000366210938,112.95999908447266,112.16000366210938,112.77999877929688,34405000
1083850200,2004-05-06,112.0199966430664,112.58999633789062,111,111.80999755859375,54997000
1083936600,2004-05-07,111.22000122070312,112.2300033569336,109.95999908447266,109.95999908447266,60950000
1084195800,2004-05-10,109.44000244140625,109.75,108.36000061035156,108.83000183105469,75279400
1084282200,2004-05-11,109.45999908447266,110.05000305175781,109.33000183105469,109.75,48300600
1084368600,2004-05-12,109.56999969482422,110.54000091552734,108.05999755859375,110.44999694824219,90830500
1084455000,2004-05-13,109.76000213623047,110.80999755859375,109.62999725341797,109.98999786376953,57393700
1084541400,2004-05-14,109.94999694824219,110.73999786376953,109.2699966430664,110.04000091552734,54123100
1084800600,2004-05-17,108.88999938964844,109.5,108.41000366210938,109.0999984741211,55020400
1084887000,2004-05-18,109.48999786376953,109.94000244140625,109.33000183105469,109.6500015258789,30193100
1084973400,2004-05-19,110.5,111.18000030517578,109.1500015258789,109.2699966430664,54804100
1085059800,2004-05-20,109.44999694824219,109.87000274658203,109.04000091552734,109.62000274658203,38082900
1085146200,2004-05-21,109.97000122070312,110.55000305175781,109.47000122070312,109.80999755859375,47480400
1085405400,2004-05-24,110.52999877929688,110.76000213623047,109.68000030517578,110.2699966430664,40961500
1085491800,2004-05-25,109.9000015258789,111.9800033569336,109.5999984741211,111.8499984741211,48668000
1085578200,2004-05-26,111.66000366210938,112.29000091552734,111.51000213623047,112.23999786376953,35977000
1085664600,2004-05-27,112.54000091552734,113.02999877929688,112.05999755859375,112.87000274658203,45306900
1085751000,2004-05-28,112.7300033569336,112.87999725341797,112.36000061035156,112.86000061035156,23367200
1086096600,2004-06-01,112.45999908447266,112.86000061035156,111.87000274658203,112.70999908447266,41044700
1086183000,2004-06-02,113.02999877929688,113.4800033569336,112.45999908447266,113.12999725341797,39774200
1086269400,2004-06-03,112.80999755859375,113.19000244140625,112.06999969482422,112.08999633789062,38688300
1086355800,2004-06-04,112.9800033569336,113.58000183105469,112.70999908447266,112.9800033569336,32739500
1086615000,2004-06-07,113.43000030517578,114.80999755859375,113.41999816894531,114.69999694824219,31643800
1086701400,2004-06-08,114.37000274658203,114.91999816894531,114.16999816894531,114.86000061035156,32846500
1086787800,2004-06-09,114.51000213623047,114.69999694824219,113.72000122070312,113.79000091552734,36737600
1086874200,2004-06-10,114.04000091552734,114.3499984741211,113.93000030517578,114.3499984741211,21711000
1087219800,2004-06-14,113.81999969482422,113.8499984741211,112.87000274658203,113.22000122070312,34633000
1087306200,2004-06-15,113.9000015258789,114.44999694824219,113.51000213623047,114.0199966430664,37445000
1087392600,2004-06-16,114,114.19999694824219,113.69999694824219,114,26633400
1087479000,2004-06-17,113.8499984741211,114.06999969482422,113.33000183105469,113.83000183105469,28402400
1087565400,2004-06-18,113.2699966430664,114.22000122070312,113.18000030517578,113.62999725341797,31799800
1087824600,2004-06-21,113.75,114.13999938964844,113.12999725341797,113.19999694824219,25284000
1087911000,2004-06-22,113.12999725341797,113.87999725341797,112.66999816894531,113.7699966430664,37334000
1087997400,2004-06-23,113.61000061035156,114.83999633789062,113.41999816894531,114.75,35580000
1088083800,2004-06-24,114.55999755859375,114.93000030517578,114.26000213623047,114.38999938964844,35272100
1088170200,2004-06-25,114.41000366210938,114.94000244140625,113.68000030517578,113.83999633789062,32837900
1088429400,2004-06-28,114.5199966430664,114.61000061035156,113.41000366210938,113.44999694824219,40824500
1088515800,2004-06-29,113.52999877929688,114.16999816894531,113.41999816894531,113.91999816894531,28418100
1088602200,2004-06-30,114.06999969482422,114.79000091552734,113.6500015258789,114.52999877929688,52230600
1088688600,2004-07-01,114.25,114.4000015258789,112.58000183105469,112.94000244140625,57734700
1088775000,2004-07-02,113.16000366210938,113.29000091552734,112.5999984741211,112.87999725341797,34615100
1089120600,2004-07-06,112.37000274658203,112.44999694824219,111.62999725341797,111.88999938964844,38698200
1089207000,2004-07-07,111.80999755859375,112.56999969482422,111.75,112.22000122070312,29839800
1089293400,2004-07-08,111.80999755859375,112.31999969482422,111.19999694824219,111.44000244140625,45291100
1089379800,2004-07-09,111.72000122070312,111.94000244140625,111.37999725341797,111.7300033569336,27412900
1089639000,2004-07-12,111.5199966430664,112.04000091552734,111,111.77999877929688,35691300
1089725400,2004-07-13,111.91999816894531,112.0199966430664,111.5999984741211,111.86000061035156,26752000
1089811800,2004-07-14,111.26000213623047,112.38999938964844,111.12000274658203,111.5199966430664,54089400
1089898200,2004-07-15,111.73999786376953,111.91000366210938,110.69999694824219,110.80000305175781,38403500
1089984600,2004-07-16,111.56999969482422,111.66999816894531,110.44000244140625,110.70999908447266,40871200
1090243800,2004-07-19,110.75,110.95999908447266,109.98999786376953,110.23999786376953,39592800
1090330200,2004-07-20,110.52999877929688,111.9000015258789,110.25,111.63999938964844,46679800
1090416600,2004-07-21,111.81999969482422,112.05999755859375,109.44999694824219,109.58000183105469,56241100
1090503000,2004-07-22,109.36000061035156,110.38999938964844,108.7699966430664,109.87999725341797,72477100
1090589400,2004-07-23,109.62000274658203,109.70999908447266,108.69000244140625,108.95999908447266,49610500
1090848600,2004-07-26,109.19000244140625,109.43000030517578,108.20999908447266,108.75,49679100
1090935000,2004-07-27,109.05000305175781,110.11000061035156,108.97000122070312,109.7699966430664,51295100
1091021400,2004-07-28,109.55000305175781,110.37000274658203,108.58999633789062,110.0999984741211,65862300
1091107800,2004-07-29,110.54000091552734,110.87000274658203,110,110.56999969482422,52200500
1091194200,2004-07-30,110.31999969482422,110.9000015258789,110.0999984741211,110.83999633789062,41581700
1091453400,2004-08-02,110.19000244140625,111.36000061035156,110.05000305175781,111.06999969482422,38263100
1091539800,2004-08-03,110.93000030517578,111.05999755859375,110.16000366210938,110.20999908447266,40948800
1091626200,2004-08-04,109.88999938964844,110.75,109.63999938964844,110.19999694824219,40763200
1091712600,2004-08-05,110.29000091552734,110.37999725341797,108.2699966430664,108.4000015258789,50772000
1091799000,2004-08-06,107.62999725341797,107.95999908447266,106.62000274658203,106.8499984741211,74729000
1092058200,2004-08-09,107.0199966430664,107.4800033569336,106.87000274658203,107,37476300
1092144600,2004-08-10,107.30999755859375,108.41000366210938,107.26000213623047,108.37999725341797,55870600
1092231000,2004-08-11,107.68000030517578,108.33000183105469,107.0999984741211,108.16000366210938,52933200
1092317400,2004-08-12,107.68000030517578,107.94999694824219,106.62999725341797,106.9800033569336,50015900
1092403800,2004-08-13,107.0999984741211,107.3499984741211,106.58999633789062,107.19000244140625,41634700
1092663000,2004-08-16,107.13999938964844,108.63999938964844,107.0999984741211,108.30000305175781,45731900
1092749400,2004-08-17,108.75,109.27999877929688,108.52999877929688,108.91000366210938,40701600
1092835800,2004-08-18,108.5199966430664,110.16999816894531,108.48999786376953,110.02999877929688,43165400
1092922200,2004-08-19,109.80999755859375,110.0199966430664,109.18000030517578,109.70999908447266,39881600
1093008600,2004-08-20,109.61000061035156,110.62999725341797,109.51000213623047,110.4800033569336,44870900
1093267800,2004-08-23,110.55000305175781,110.7699966430664,110.05000305175781,110.19999694824219,33745100
1093354200,2004-08-24,110.63999938964844,110.7300033569336,109.8499984741211,110.3499984741211,30453100
1093440600,2004-08-25,110.33000183105469,111.2699966430664,109.9000015258789,111.0999984741211,38551400
1093527000,2004-08-26,110.95999908447266,111.30999755859375,110.8499984741211,111.0999984741211,26629500
1093613400,2004-08-27,111.19999694824219,111.62999725341797,111.05000305175781,111.44999694824219,24902900
1093872600,2004-08-30,111.22000122070312,111.33999633789062,110.44999694824219,110.52999877929688,26726500
1093959000,2004-08-31,110.66000366210938,111.16000366210938,110.0999984741211,111.11000061035156,44125300
1094045400,2004-09-01,110.94999694824219,111.63999938964844,110.4800033569336,111.31999969482422,52778300
1094131800,2004-09-02,111.23999786376953,112.69999694824219,111.23999786376953,112.58000183105469,42736600
1094218200,2004-09-03,112.33000183105469,112.81999969482422,112.01000213623047,112.12000274658203,30480500
1094563800,2004-09-07,112.54000091552734,113.12999725341797,112.31999969482422,112.86000061035156,37338800
1094650200,2004-09-08,112.62000274658203,113.05999755859375,112.30999755859375,112.58000183105469,32963100
1094736600,2004-09-09,112.56999969482422,112.87999725341797,112.02999877929688,112.4800033569336,34314800
1094823000,2004-09-10,112.5199966430664,113.2699966430664,112.08000183105469,113.05999755859375,27900600
1095082200,2004-09-13,113.30999755859375,113.73999786376953,113.01000213623047,113.43000030517578,44398100
1095168600,2004-09-14,113.30000305175781,113.69000244140625,113.19000244140625,113.66000366210938,28048900
1095255000,2004-09-15,113.30000305175781,113.36000061035156,112.68000030517578,112.80000305175781,38295000
1095341400,2004-09-16,112.8499984741211,113.37000274658203,112.80000305175781,113.13999938964844,23911700
1095427800,2004-09-17,112.94999694824219,113.36000061035156,112.69000244140625,113.1500015258789,33683000
1095687000,2004-09-20,112.66999816894531,112.98999786376953,112.27999877929688,112.47000122070312,37149400
1095773400,2004-09-21,112.75,113.47000122070312,112.54000091552734,112.95999908447266,40920800
1095859800,2004-09-22,112.5,112.5199966430664,111.47000122070312,111.55000305175781,49042100
1095946200,2004-09-23,111.5999984741211,111.69999694824219,110.94999694824219,110.94999694824219,44068700
1096032600,2004-09-24,111.16999816894531,111.7300033569336,111.12999725341797,111.45999908447266,34981100
1096291800,2004-09-27,111.0999984741211,111.19999694824219,110.58000183105469,110.75,39355100
1096378200,2004-09-28,110.91000366210938,111.51000213623047,110.41000366210938,111.27999877929688,41662900
1096464600,2004-09-29,111.20999908447266,111.8499984741211,111,111.83999633789062,33325700
1096551000,2004-09-30,111.55000305175781,111.9800033569336,111.26000213623047,111.76000213623047,43536700
1096637400,2004-10-01,112.26000213623047,113.6500015258789,112.20999908447266,113.6500015258789,62824300
1096896600,2004-10-04,114.0999984741211,114.44000244140625,113.80000305175781,113.83999633789062,33082400
1096983000,2004-10-05,113.8499984741211,114.16000366210938,113.54000091552734,113.9000015258789,36910600
1097069400,2004-10-06,113.7699966430664,114.68000030517578,113.68000030517578,114.68000030517578,42297800
1097155800,2004-10-07,114.37999725341797,114.4000015258789,113.36000061035156,113.44999694824219,39388800
1097242200,2004-10-08,113.1500015258789,113.7699966430664,112.3499984741211,112.51000213623047,51872600
1097501400,2004-10-11,112.77999877929688,113.0199966430664,112.63999938964844,112.97000122070312,20229100
1097587800,2004-10-12,112.19999694824219,112.83000183105469,111.94000244140625,112.52999877929688,41754700
1097674200,2004-10-13,113,113.06999969482422,111.31999969482422,111.54000091552734,54212600
1097760600,2004-10-14,111.68000030517578,111.93000030517578,110.58000183105469,110.63999938964844,64082200
1097847000,2004-10-15,111.0199966430664,111.73999786376953,110.56999969482422,111.26000213623047,63482200
1098106200,2004-10-18,110.88999938964844,111.9000015258789,110.69999694824219,111.68000030517578,43535100
1098192600,2004-10-19,112.0199966430664,112.2300033569336,110.58999633789062,110.73999786376953,55851900
1098279000,2004-10-20,110.37999725341797,110.81999969482422,109.75,110.5199966430664,57118500
1098365400,2004-10-21,110.79000091552734,111.31999969482422,110.20999908447266,111.23999786376953,53218300
1098451800,2004-10-22,111.19000244140625,111.25,109.86000061035156,109.98999786376953,48752400
1098711000,2004-10-25,109.75,110.12000274658203,109.3499984741211,109.86000061035156,43990900
1098797400,2004-10-26,110.12999725341797,111.5999984741211,109.87999725341797,111.54000091552734,54337400
1098883800,2004-10-27,111.37999725341797,113.0999984741211,111.12000274658203,112.87999725341797,73896000
1098970200,2004-10-28,112.77999877929688,113.55999755859375,112.48999786376953,113.22000122070312,54413300
1099056600,2004-10-29,113.12000274658203,113.63999938964844,112.9000015258789,113.19999694824219,48820200
1099319400,2004-11-01,113.55999755859375,113.83999633789062,113.19999694824219,113.51000213623047,36720900
1099405800,2004-11-02,113.66999816894531,114.56999969482422,113.22000122070312,113.55000305175781,56210000
1099492200,2004-11-03,115.02999877929688,115.36000061035156,114.23999786376953,114.9800033569336,76960200
1099578600,2004-11-04,114.77999877929688,116.66999816894531,114.68000030517578,116.55000305175781,55350300
1099665000,2004-11-05,117.05000305175781,117.63999938964844,116.48999786376953,117.27999877929688,63287200
1099924200,2004-11-08,116.9800033569336,117.2300033569336,116.72000122070312,117.11000061035156,33863800
1100010600,2004-11-09,117.08000183105469,117.5,116.76000213623047,116.87999725341797,44658100
1100097000,2004-11-10,117.05999755859375,117.55000305175781,116.76000213623047,116.97000122070312,45265400
1100183400,2004-11-11,117.18000030517578,118.12000274658203,117.0999984741211,117.86000061035156,37863200
1100269800,2004-11-12,117.97000122070312,119,117.68000030517578,118.79000091552734,55583700
1100529000,2004-11-15,118.5,118.7699966430664,118.2300033569336,118.7300033569336,35297900
1100615400,2004-11-16,118.36000061035156,118.41000366210938,117.7300033569336,117.87999725341797,40028700
1100701800,2004-11-17,118.37000274658203,119.13999938964844,118.06999969482422,118.58000183105469,54494000
1100788200,2004-11-18,118.52999877929688,118.80000305175781,118.2300033569336,118.73999786376953,31854300
1100874600,2004-11-19,118.69999694824219,118.72000122070312,117.13999938964844,117.41999816894531,54276500
1101133800,2004-11-22,117.16999816894531,118.12000274658203,117.02999877929688,117.9800033569336,37560200
1101220200,2004-11-23,117.93000030517578,118.26000213623047,117.37000274658203,118.16000366210938,41968800
1101306600,2004-11-24,118.2699966430664,118.58999633789062,118.05000305175781,118.44000244140625,29724800
1101479400,2004-11-26,118.51000213623047,118.9800033569336,118.30000305175781,118.3499984741211,15487700
1101738600,2004-11-29,118.79000091552734,119.01000213623047,117.4800033569336,117.80999755859375,61460800
1101825000,2004-11-30,118,118.23999786376953,117.63999938964844,117.88999938964844,53685200
1101911400,2004-12-01,118.16000366210938,119.5,118.0999984741211,119.2300033569336,49898300
1101997800,2004-12-02,119.0999984741211,119.87000274658203,119.01000213623047,119.33000183105469,60163500
1102084200,2004-12-03,119.30999755859375,120.13999938964844,119.08999633789062,119.25,49067900
1102343400,2004-12-06,119.20999908447266,119.63999938964844,118.83999633789062,119.20999908447266,33030500
1102429800,2004-12-07,119.48999786376953,119.62000274658203,118.04000091552734,118.0999984741211,52047200
1102516200,2004-12-08,118.20999908447266,118.81999969482422,118.01000213623047,118.79000091552734,43895100
1102602600,2004-12-09,118.13999938964844,119.45999908447266,117.7300033569336,119.20999908447266,60922800
1102689000,2004-12-10,118.91999816894531,119.55999755859375,118.8499984741211,119.33000183105469,47828600
1102948200,2004-12-13,119.76000213623047,120.4000015258789,119.3499984741211,120.37000274658203,38541000
1103034600,2004-12-14,120.18000030517578,120.95999908447266,120.18000030517578,120.79000091552734,41500700
1103121000,2004-12-15,120.69999694824219,121.11000061035156,120.30999755859375,120.87999725341797,46699200
1103207400,2004-12-16,120.72000122070312,121.23999786376953,120.04000091552734,120.80999755859375,51641800
1103293800,2004-12-17,119.45999908447266,119.97000122070312,119.16000366210938,119.44000244140625,70761900
1103553000,2004-12-20,119.75,120.29000091552734,119.16999816894531,119.47000122070312,47187400
1103639400,2004-12-21,119.5999984741211,120.4800033569336,119.45999908447266,120.38999938964844,33094200
1103725800,2004-12-22,120.37999725341797,121.08000183105469,120.30000305175781,120.68000030517578,31500700
1103812200,2004-12-23,120.87000274658203,121.27999877929688,120.66000366210938,120.7699966430664,25646100
1104157800,2004-12-27,121.19999694824219,121.36000061035156,120.38999938964844,120.5199966430664,29944100
1104244200,2004-12-28,120.63999938964844,121.33000183105469,120.5999984741211,121.18000030517578,23422900
1104330600,2004-12-29,121.08000183105469,121.4000015258789,120.94999694824219,121.36000061035156,22650600
1104417000,2004-12-30,121.4000015258789,121.56999969482422,121.04000091552734,121.12999725341797,21076900
1104503400,2004-12-31,121.30000305175781,121.66000366210938,120.80000305175781,120.87000274658203,28648800
1104762600,2005-01-03,121.55999755859375,121.76000213623047,119.9000015258789,120.30000305175781,55748000
1104849000,2005-01-04,120.45999908447266,120.54000091552734,118.44000244140625,118.83000183105469,69167600
1104935400,2005-01-05,118.73999786376953,119.25,118,118.01000213623047,65667300
1105021800,2005-01-06,118.44000244140625,119.1500015258789,118.26000213623047,118.61000061035156,47814700
1105108200,2005-01-07,118.97000122070312,119.2300033569336,118.12999725341797,118.44000244140625,55847700
1105367400,2005-01-10,118.33999633789062,119.45999908447266,118.33999633789062,119,56563300
1105453800,2005-01-11,118.63999938964844,118.73999786376953,117.98999786376953,118.18000030517578,63099700
1105540200,2005-01-12,118.4000015258789,118.83999633789062,117.5199966430664,118.56999969482422,72720500
1105626600,2005-01-13,118.63999938964844,118.7300033569336,117.5,117.62000274658203,55537500
1105713000,2005-01-14,117.97000122070312,118.52999877929688,117.76000213623047,118.23999786376953,42032500
1106058600,2005-01-18,118.05000305175781,119.62000274658203,117.94999694824219,119.47000122070312,57391700
1106145000,2005-01-19,119.43000030517578,119.5199966430664,118.20999908447266,118.22000122070312,54378900
1106231400,2005-01-20,117.88999938964844,118.19999694824219,117.29000091552734,117.5,72049300
1106317800,2005-01-21,117.79000091552734,118,116.6500015258789,116.77999877929688,63160400
1106577000,2005-01-24,117.08999633789062,117.33999633789062,116.37000274658203,116.55000305175781,58441900
1106663400,2005-01-25,116.91000366210938,117.47000122070312,116.72000122070312,116.87999725341797,68245000
1106749800,2005-01-26,117.31999969482422,117.5999984741211,117.04000091552734,117.2300033569336,57195100
1106836200,2005-01-27,117.19000244140625,117.75,116.9800033569336,117.43000030517578,55878800
1106922600,2005-01-28,117.48999786376953,117.55000305175781,116.61000061035156,117.43000030517578,60738900
1107181800,2005-01-31,117.94999694824219,118.25,117.70999908447266,118.16000366210938,52532700
1107268200,2005-02-01,118.25,119.08000183105469,118.0999984741211,118.91000366210938,49841200
1107354600,2005-02-02,119.05999755859375,119.58999633789062,118.9000015258789,119.2699966430664,52468900
1107441000,2005-02-03,119.05999755859375,119.16000366210938,118.56999969482422,118.95999908447266,48837100
1107527400,2005-02-04,119,120.43000030517578,118.9800033569336,120.2300033569336,50024600
1107786600,2005-02-07,120.25,120.5199966430664,119.95999908447266,120.06999969482422,45412000
1107873000,2005-02-08,120.16999816894531,120.6500015258789,120.06999969482422,120.20999908447266,39263500
1107959400,2005-02-09,120.41999816894531,120.48999786376953,119.25,119.30999755859375,55279400
1108045800,2005-02-10,119.66000366210938,120.0199966430664,119.26000213623047,119.73999786376953,45858600
1108132200,2005-02-11,119.69999694824219,121.04000091552734,119.45999908447266,120.7699966430664,53133000
1108391400,2005-02-14,120.69000244140625,120.86000061035156,120.4800033569336,120.68000030517578,32432100
1108477800,2005-02-15,120.80000305175781,121.43000030517578,120.68000030517578,121.12999725341797,43852700
1108564200,2005-02-16,120.93000030517578,121.45999908447266,120.66999816894531,121.20999908447266,55523000
1108650600,2005-02-17,121.2300033569336,121.33000183105469,120.22000122070312,120.2300033569336,58124000
1108737000,2005-02-18,120.23999786376953,120.4800033569336,119.9000015258789,120.38999938964844,47723300
1109082600,2005-02-22,119.9000015258789,120.47000122070312,118.58000183105469,118.5999984741211,80697600
1109169000,2005-02-23,118.93000030517578,119.56999969482422,118.62000274658203,119.44999694824219,68292600
1109255400,2005-02-24,119.23999786376953,120.31999969482422,118.9800033569336,120.23999786376953,68563600
1109341800,2005-02-25,120.2699966430664,121.66999816894531,120.18000030517578,121.43000030517578,60899900
1109601000,2005-02-28,121.1500015258789,121.30000305175781,120.04000091552734,120.62999725341797,69381300
1109687400,2005-03-01,120.81999969482422,121.5199966430664,120.77999877929688,121.2300033569336,47294400
1109773800,2005-03-02,120.76000213623047,121.93000030517578,120.6500015258789,121.16999816894531,64226500
1109860200,2005-03-03,121.66000366210938,121.9000015258789,120.69999694824219,121.22000122070312,61230800
1109946600,2005-03-04,122.05000305175781,122.83000183105469,121.79000091552734,122.7300033569336,56168500
1110205800,2005-03-07,122.66000366210938,123.25,122.4000015258789,122.79000091552734,43442400
1110292200,2005-03-08,122.66999816894531,123,122.11000061035156,122.33000183105469,44362000
1110378600,2005-03-09,121.97000122070312,122.29000091552734,120.95999908447266,120.97000122070312,73263600
1110465000,2005-03-10,121.19999694824219,121.5,120.4000015258789,121.23999786376953,65149000
1110551400,2005-03-11,121.30999755859375,121.72000122070312,120.16000366210938,120.38999938964844,57976500
1110810600,2005-03-14,120.61000061035156,121.16000366210938,120.27999877929688,121.13999938964844,36336400
1110897000,2005-03-15,121.41999816894531,121.45999908447266,120.08000183105469,120.13999938964844,62438500
1110983400,2005-03-16,119.69999694824219,120.16000366210938,118.9000015258789,119.12000274658203,74874200
1111069800,2005-03-17,119.30999755859375,119.73999786376953,118.9800033569336,119.36000061035156,62584200
1111156200,2005-03-18,119.11000061035156,119.52999877929688,118.1500015258789,118.54000091552734,60232000
1111415400,2005-03-21,118.70999908447266,118.77999877929688,117.76000213623047,118.0999984741211,61244300
1111501800,2005-03-22,118.37000274658203,118.93000030517578,116.9000015258789,116.9000015258789,92472400
1111588200,2005-03-23,116.94999694824219,117.72000122070312,116.75,117,70817300
1111674600,2005-03-24,117.45999908447266,117.98999786376953,117.05999755859375,117.13999938964844,51932500
1112020200,2005-03-28,117.41999816894531,117.94000244140625,117.30999755859375,117.30999755859375,46765500
1112106600,2005-03-29,117.13999938964844,117.9000015258789,116.25,116.52999877929688,71160300
1112193000,2005-03-30,116.77999877929688,118.19999694824219,116.7699966430664,118.18000030517578,62002100
1112279400,2005-03-31,118.19000244140625,118.45999908447266,117.87000274658203,117.95999908447266,64575400
1112365800,2005-04-01,118.62999725341797,118.98999786376953,116.91000366210938,117.43000030517578,95255300
1112621400,2005-04-04,117.36000061035156,117.86000061035156,116.73999786376953,117.62999725341797,71581200
1112707800,2005-04-05,117.77999877929688,118.37999725341797,117.66999816894531,118.19000244140625,46853900
1112794200,2005-04-06,118.44999694824219,118.94999694824219,118.18000030517578,118.5999984741211,53268200
1112880600,2005-04-07,118.41000366210938,119.26000213623047,118.31999969482422,119.23999786376953,46734600
1112967000,2005-04-08,119.16999816894531,119.20999908447266,118,118,63772900
1113226200,2005-04-11,118.29000091552734,118.41999816894531,117.83000183105469,118.08999633789062,44945000
1113312600,2005-04-12,117.88999938964844,119.05999755859375,117.06999969482422,118.69999694824219,86144800
1113399000,2005-04-13,118.55999755859375,118.80000305175781,117.12999725341797,117.30000305175781,65949000
1113485400,2005-04-14,117.4000015258789,117.5,115.7699966430664,115.7699966430664,96119800
1113571800,2005-04-15,115.73999786376953,116.19999694824219,114.0999984741211,114.1500015258789,128677300
1113831000,2005-04-18,114.12000274658203,114.95999908447266,113.95999908447266,114.5,100035200
1113917400,2005-04-19,115.0999984741211,115.52999877929688,114.83000183105469,115.41000366210938,64930100
1114003800,2005-04-20,115.37999725341797,115.62999725341797,113.55000305175781,113.80000305175781,107735900
1114090200,2005-04-21,114.79000091552734,116.20999908447266,114.37999725341797,116.01000213623047,86952200
1114176600,2005-04-22,115.73999786376953,116.5,114.2699966430664,115.56999969482422,88845800
1114435800,2005-04-25,115.86000061035156,116.5,115.72000122070312,116.33000183105469,52284100
1114522200,2005-04-26,115.95999908447266,116.7699966430664,115.1500015258789,115.19999694824219,72626000
1114608600,2005-04-27,114.86000061035156,116.06999969482422,114.44000244140625,115.6500015258789,84131900
1114695000,2005-04-28,115.2699966430664,115.68000030517578,114.19999694824219,114.19999694824219,72481500
1114781400,2005-04-29,115.06999969482422,115.87000274658203,113.97000122070312,115.75,103993800
1115040600,2005-05-02,116.06999969482422,116.41000366210938,115.5199966430664,116.4000015258789,56026400
1115127000,2005-05-03,116.06999969482422,116.8499984741211,115.69000244140625,116.5999984741211,86000300
1115213400,2005-05-04,116.6500015258789,117.75,116.27999877929688,117.5,81055700
1115299800,2005-05-05,117.66999816894531,118,116.73999786376953,117.45999908447266,96906700
1115386200,2005-05-06,117.93000030517578,117.98999786376953,117.05999755859375,117.08999633789062,67415400
1115645400,2005-05-09,117.20999908447266,118.08000183105469,117.05000305175781,117.81999969482422,43750500
1115731800,2005-05-10,117.36000061035156,117.5,116.38999938964844,116.5999984741211,74613500
1115818200,2005-05-11,116.93000030517578,117.4000015258789,115.8499984741211,117.23999786376953,91647400
1115904600,2005-05-12,117.31999969482422,117.58999633789062,115.94999694824219,115.94999694824219,95086800
1115991000,2005-05-13,116.30000305175781,116.62000274658203,114.80000305175781,115.72000122070312,85267000
1116250200,2005-05-16,115.69999694824219,116.83999633789062,115.66000366210938,116.80000305175781,49207000
1116336600,2005-05-17,116.41000366210938,117.69999694824219,116.16000366210938,117.58000183105469,61071800
1116423000,2005-05-18,118.08999633789062,119.08000183105469,118.01000213623047,118.79000091552734,77944900
1116509400,2005-05-19,119.0199966430664,119.41000366210938,118.69999694824219,119.29000091552734,61768100
1116595800,2005-05-20,119.33999633789062,119.38999938964844,118.73999786376953,119.12000274658203,46345500
1116855000,2005-05-23,119.20999908447266,120.04000091552734,119.19000244140625,119.77999877929688,51047900
1116941400,2005-05-24,119.44000244140625,119.83000183105469,119.19999694824219,119.5,50654100
1117027800,2005-05-25,119.3499984741211,119.87000274658203,118.83000183105469,119.41000366210938,47608800
1117114200,2005-05-26,119.79000091552734,120.20999908447266,119.62000274658203,120.05000305175781,43256200
1117200600,2005-05-27,120.05999755859375,120.25,119.80000305175781,120.25,24596100
1117546200,2005-05-31,120.08000183105469,120.16999816894531,119.4000015258789,119.4800033569336,43377200
1117632600,2005-06-01,119.5199966430664,120.91999816894531,119.44999694824219,120.5,69611000
1117719000,2005-06-02,120.2300033569336,120.83999633789062,120.0999984741211,120.76000213623047,39704500
1117805400,2005-06-03,120.55000305175781,120.88999938964844,119.7300033569336,120.1500015258789,60999400
1118064600,2005-06-06,119.94999694824219,120.19999694824219,119.55000305175781,120.04000091552734,36046400
1118151000,2005-06-07,120.38999938964844,121.25,120.01000213623047,120.12999725341797,66501300
1118237400,2005-06-08,120.43000030517578,120.58999633789062,119.66999816894531,119.91000366210938,46881200
1118323800,2005-06-09,119.73999786376953,120.58000183105469,119.44000244140625,120.4800033569336,56653300
1118410200,2005-06-10,120.55999755859375,120.6500015258789,119.5999984741211,120.19999694824219,36465300
1118669400,2005-06-13,119.94000244140625,121.08000183105469,119.80999755859375,120.58000183105469,49383200
1118755800,2005-06-14,120.44999694824219,121.19999694824219,120.37999725341797,120.86000061035156,33857100
1118842200,2005-06-15,121.16000366210938,121.23999786376953,120.2300033569336,121.08999633789062,53195600
1118928600,2005-06-16,121.05999755859375,121.63999938964844,120.91999816894531,121.4000015258789,46564500
1119015000,2005-06-17,121.54000091552734,121.9000015258789,121.22000122070312,121.36000061035156,51529400
1119274200,2005-06-20,121.08000183105469,121.83999633789062,120.94000244140625,121.4000015258789,41019400
1119360600,2005-06-21,121.5,121.6500015258789,121.02999877929688,121.47000122070312,39879800
1119447000,2005-06-22,121.68000030517578,121.94000244140625,121.06999969482422,121.56999969482422,46310100
1119533400,2005-06-23,121.31999969482422,121.5999984741211,119.83000183105469,119.86000061035156,62185600
1119619800,2005-06-24,119.87999725341797,120.01000213623047,118.83999633789062,118.9800033569336,58572500
1119879000,2005-06-27,118.97000122070312,119.41000366210938,118.75,119.1500015258789,48183800
1119965400,2005-06-28,119.4000015258789,120.23999786376953,119.37000274658203,120.1500015258789,41174200
1120051800,2005-06-29,120.37000274658203,120.4000015258789,119.76000213623047,119.83000183105469,42316500
1120138200,2005-06-30,120.22000122070312,120.31999969482422,118.94999694824219,119.18000030517578,62288800
1120224600,2005-07-01,119.44999694824219,119.80000305175781,119.20999908447266,119.52999877929688,49737500
1120570200,2005-07-05,119.25,120.6500015258789,119.19000244140625,120.48999786376953,51549000
1120656600,2005-07-06,120.38999938964844,120.6500015258789,119.41000366210938,119.4800033569336,52363600
1120743000,2005-07-07,118.29000091552734,119.94999694824219,118.26000213623047,119.94999694824219,103268800
1120829400,2005-07-08,119.97000122070312,121.31999969482422,119.72000122070312,121.31999969482422,64491200
1121088600,2005-07-11,121.33000183105469,122.0999984741211,121.30999755859375,121.94000244140625,49688300
1121175000,2005-07-12,121.98999786376953,122.62999725341797,121.63999938964844,122.26000213623047,51871100
1121261400,2005-07-13,122.2699966430664,122.5199966430664,121.98999786376953,122.43000030517578,41182300
1121347800,2005-07-14,122.9800033569336,123.44000244140625,122.48999786376953,122.91000366210938,63638800
1121434200,2005-07-15,122.79000091552734,123.04000091552734,122.36000061035156,122.83999633789062,56075900
1121693400,2005-07-18,122.5,122.62999725341797,122.05000305175781,122.3499984741211,56598400
1121779800,2005-07-19,122.70999908447266,123.11000061035156,122.41000366210938,123.0199966430664,59165700
1121866200,2005-07-20,122.58999633789062,123.7300033569336,122.30000305175781,123.44000244140625,69477000
1121952600,2005-07-21,123.55000305175781,123.61000061035156,122.47000122070312,122.72000122070312,101110900
1122039000,2005-07-22,122.87999725341797,123.55999755859375,122.62999725341797,123.54000091552734,52607100
1122298200,2005-07-25,123.41000366210938,123.94999694824219,122.8499984741211,123.19000244140625,57301600
1122384600,2005-07-26,123.2300033569336,123.52999877929688,122.94999694824219,123.33999633789062,42758800
1122471000,2005-07-27,123.5,123.88999938964844,123.05000305175781,123.79000091552734,43181600
1122557400,2005-07-28,123.95999908447266,124.63999938964844,123.63999938964844,124.56999969482422,47880700
1122643800,2005-07-29,124.41000366210938,124.62999725341797,123.5,123.73999786376953,62358100
1122903000,2005-08-01,123.83000183105469,124.04000091552734,123.44999694824219,123.6500015258789,40418200
1122989400,2005-08-02,123.87000274658203,124.5999984741211,123.73999786376953,124.38999938964844,45147400
1123075800,2005-08-03,124.25,124.73999786376953,124.12000274658203,124.72000122070312,36837200
1123162200,2005-08-04,124.2300033569336,124.30999755859375,123.56999969482422,123.72000122070312,50855600
1123248600,2005-08-05,123.44999694824219,123.9800033569336,122.66999816894531,122.87999725341797,53595500
1123507800,2005-08-08,123.1500015258789,123.41000366210938,122.37999725341797,122.6500015258789,47616000
1123594200,2005-08-09,123.05999755859375,123.58999633789062,122.87000274658203,123.38999938964844,47170000
1123680600,2005-08-10,123.81999969482422,124.5,122.81999969482422,123.33000183105469,72863700
1123767000,2005-08-11,123.2699966430664,124.02999877929688,123.01000213623047,123.81999969482422,58570200
1123853400,2005-08-12,123.56999969482422,123.69000244140625,122.75,123.05999755859375,54776900
1124112600,2005-08-15,123.22000122070312,123.87000274658203,122.83000183105469,123.81999969482422,36208500
1124199000,2005-08-16,123.44000244140625,123.5199966430664,122.08999633789062,122.20999908447266,71942100
1124285400,2005-08-17,122.19000244140625,122.87000274658203,122.02999877929688,122.19999694824219,62275100
1124371800,2005-08-18,122.05000305175781,122.55999755859375,121.83999633789062,122.19000244140625,53388600
1124458200,2005-08-19,122.62999725341797,122.81999969482422,122.19999694824219,122.47000122070312,39842100
1124717400,2005-08-22,122.58000183105469,123.2300033569336,121.87999725341797,122.47000122070312,69912000
1124803800,2005-08-23,122.5,122.61000061035156,121.1500015258789,122.23999786376953,55168600
1124890200,2005-08-24,121.94000244140625,122.7300033569336,121.08999633789062,121.1500015258789,79104600
1124976600,2005-08-25,121.3499984741211,121.66999816894531,121.20999908447266,121.58999633789062,35631100
1125063000,2005-08-26,121.4800033569336,121.48999786376953,120.68000030517578,120.76000213623047,61956800
1125322200,2005-08-29,120.41000366210938,121.77999877929688,120.37999725341797,121.69000244140625,56179200
1125408600,2005-08-30,121.25,121.30000305175781,120.38999938964844,121.05000305175781,74160200
1125495000,2005-08-31,121.19000244140625,122.66000366210938,120.73999786376953,122.58000183105469,102945200
1125581400,2005-09-01,122.5199966430664,123.1500015258789,121.13999938964844,122.48999786376953,74578700
1125667800,2005-09-02,122.8499984741211,122.87999725341797,122.04000091552734,122.2699966430664,47653400
1126013400,2005-09-06,122.66000366210938,123.80000305175781,122.6500015258789,123.69999694824219,57251300
1126099800,2005-09-07,123.62999725341797,124.12999725341797,123.45999908447266,123.91000366210938,41749700
1126186200,2005-09-08,123.66000366210938,124,123.30999755859375,123.5,39068700
1126272600,2005-09-09,123.83000183105469,124.73999786376953,123.80000305175781,124.5999984741211,43093900
1126531800,2005-09-12,124.44999694824219,124.66999816894531,124.2699966430664,124.3499984741211,33017600
1126618200,2005-09-13,124.12999725341797,124.41999816894531,123.5199966430664,123.66000366210938,58427500
1126704600,2005-09-14,123.73999786376953,123.91999816894531,123.0199966430664,123.20999908447266,57694600
1126791000,2005-09-15,123.58999633789062,123.6500015258789,122.9000015258789,123.1500015258789,73156900
1126877400,2005-09-16,123.30000305175781,123.73999786376953,122.87000274658203,123.5,75424100
1127136600,2005-09-19,123.47000122070312,123.55000305175781,122.63999938964844,123.08999633789062,53355300
1127223000,2005-09-20,123.19999694824219,123.61000061035156,121.87000274658203,122.05000305175781,84480300
1127309400,2005-09-21,121.79000091552734,121.87000274658203,120.77999877929688,120.91000366210938,94469100
1127395800,2005-09-22,120.94999694824219,121.66000366210938,120.44000244140625,121.33999633789062,84597200
1127482200,2005-09-23,121.23999786376953,121.88999938964844,120.9000015258789,121.44000244140625,59368100
1127741400,2005-09-26,122.0199966430664,122.23999786376953,121.08000183105469,121.58000183105469,70415400
1127827800,2005-09-27,121.5199966430664,121.98999786376953,121.0199966430664,121.55000305175781,66150800
1127914200,2005-09-28,121.93000030517578,122.12000274658203,121.19999694824219,121.66999816894531,58620500
1128000600,2005-09-29,121.55000305175781,122.86000061035156,121.08000183105469,122.66000366210938,66607700
1128087000,2005-09-30,122.62000274658203,123.04000091552734,121.73999786376953,123.04000091552734,47824200
1128346200,2005-10-03,122.95999908447266,123.33999633789062,122.44999694824219,122.5999984741211,50994800
1128432600,2005-10-04,122.79000091552734,123.02999877929688,121.16000366210938,121.22000122070312,60776300
1128519000,2005-10-05,121.25,121.30999755859375,119.56999969482422,119.62999725341797,106052100
1128605400,2005-10-06,119.77999877929688,120.26000213623047,118.16999816894531,119.19999694824219,140941800
1128691800,2005-10-07,119.69999694824219,120.05000305175781,119.12999725341797,119.61000061035156,75661400
1128951000,2005-10-10,119.68000030517578,119.70999908447266,118.30000305175781,118.5999984741211,52677000
1129037400,2005-10-11,118.98999786376953,119.38999938964844,118.31999969482422,118.43000030517578,75629800
1129123800,2005-10-12,118.38999938964844,119.12999725341797,117.41000366210938,117.5,100510400
1129210200,2005-10-13,117.45999908447266,118.08000183105469,116.87999725341797,117.43000030517578,99052900
1129296600,2005-10-14,118.12000274658203,118.80999755859375,117.55999755859375,118.66999816894531,88651000
1129555800,2005-10-17,118.80000305175781,119.2699966430664,118.44999694824219,119.11000061035156,68109300
1129642200,2005-10-18,118.94000244140625,118.95999908447266,117.80000305175781,117.81999969482422,74996900
1129728600,2005-10-19,117.5,119.80000305175781,117.12000274658203,119.77999877929688,116563800
1129815000,2005-10-20,119.48999786376953,119.80999755859375,117.30000305175781,117.66999816894531,131966700
1129901400,2005-10-21,118.29000091552734,118.77999877929688,117.51000213623047,118.12999725341797,96579500
1130160600,2005-10-24,118.44000244140625,120.08999633789062,118.41000366210938,119.95999908447266,71308400
1130247000,2005-10-25,119.72000122070312,120.23999786376953,118.94000244140625,119.72000122070312,76594500
1130333400,2005-10-26,119.51000213623047,120.54000091552734,119.19000244140625,119.37000274658203,80855800
1130419800,2005-10-27,119.19999694824219,119.37000274658203,117.93000030517578,118.0999984741211,66623100
1130506200,2005-10-28,118.43000030517578,119.94999694824219,118.0999984741211,119.80000305175781,72322000
1130769000,2005-10-31,120.29000091552734,121.30000305175781,120.12999725341797,120.12999725341797,77698900
1130855400,2005-11-01,120.58000183105469,120.9000015258789,120.22000122070312,120.48999786376953,66365100
1130941800,2005-11-02,120.16999816894531,121.75,120.12999725341797,121.75,74012300
1131028200,2005-11-03,122.1500015258789,122.66000366210938,121.75,122.2699966430664,84897600
1131114600,2005-11-04,122.4000015258789,122.45999908447266,121.55000305175781,122.11000061035156,59156000
1131373800,2005-11-07,122.37000274658203,122.62000274658203,121.8499984741211,122.2300033569336,46765400
1131460200,2005-11-08,121.93000030517578,122.41999816894531,121.79000091552734,122.2300033569336,42152800
1131546600,2005-11-09,122.08000183105469,122.94999694824219,121.86000061035156,122.38999938964844,57666800
1131633000,2005-11-10,122.33999633789062,123.5199966430664,121.75,123.33999633789062,79048100
1131719400,2005-11-11,123.3499984741211,123.83999633789062,122.43000030517578,123.76000213623047,34867000
1131978600,2005-11-14,123.79000091552734,124.0199966430664,123.37999725341797,123.69000244140625,45092200
1132065000,2005-11-15,123.55000305175781,124.08999633789062,122.86000061035156,123.23999786376953,69592500
1132151400,2005-11-16,123.37000274658203,123.55000305175781,122.9800033569336,123.48999786376953,51133000
1132237800,2005-11-17,123.68000030517578,124.6500015258789,123.13999938964844,124.63999938964844,55717500
1132324200,2005-11-18,125.05999755859375,125.27999877929688,124.33000183105469,125.12999725341797,72437200
1132583400,2005-11-21,125.1500015258789,125.91000366210938,124.9800033569336,125.76000213623047,50021200
1132669800,2005-11-22,125.55999755859375,126.5199966430664,125.41999816894531,126.30000305175781,66438800
1132756200,2005-11-23,126.25,127.41000366210938,126.20999908447266,127.02999877929688,50854700
1132929000,2005-11-25,126.9800033569336,127.22000122070312,126.80999755859375,127.12999725341797,15270000
1133188200,2005-11-28,127.25,127.2699966430664,126.04000091552734,126.2300033569336,54498500
1133274600,2005-11-29,126.6500015258789,126.9800033569336,126.08999633789062,126.08999633789062,51738900
1133361000,2005-11-30,126.16000366210938,126.5199966430664,125.29000091552734,125.41000366210938,56007200
1133447400,2005-12-01,126.0199966430664,127.02999877929688,125.9800033569336,126.69000244140625,65468200
1133533800,2005-12-02,126.7699966430664,127.08000183105469,126.5,126.8499984741211,46699400
1133793000,2005-12-05,126.69999694824219,126.7300033569336,126.18000030517578,126.58000183105469,59273400
1133879400,2005-12-06,127.05000305175781,127.73999786376953,126.62999725341797,126.81999969482422,57935200
1133965800,2005-12-07,126.7699966430664,126.87000274658203,125.68000030517578,126.08000183105469,66816500
1134052200,2005-12-08,126.22000122070312,126.81999969482422,125.4800033569336,126,62608600
1134138600,2005-12-09,126.16000366210938,126.77999877929688,125.81999969482422,126.33000183105469,50744500
1134397800,2005-12-12,126.70999908447266,126.86000061035156,125.95999908447266,126.44999694824219,48389900
1134484200,2005-12-13,126.41999816894531,127.69999694824219,126.29000091552734,127.30999755859375,88630900
1134570600,2005-12-14,127.19000244140625,128.08999633789062,127.13999938964844,127.80999755859375,64375000
1134657000,2005-12-15,127.83999633789062,128,127.18000030517578,127.44000244140625,55900300
1134743400,2005-12-16,127.27999877929688,127.36000061035156,126.36000061035156,126.36000061035156,46238300
1135002600,2005-12-19,126.7300033569336,126.87000274658203,125.69000244140625,125.70999908447266,48733000
1135089000,2005-12-20,125.86000061035156,126.58999633789062,125.4800033569336,125.83000183105469,46603200
1135175400,2005-12-21,126.22000122070312,126.76000213623047,125.80000305175781,126.02999877929688,51806900
1135261800,2005-12-22,126.30999755859375,126.69000244140625,126.08000183105469,126.69000244140625,32247900
1135348200,2005-12-23,126.77999877929688,126.86000061035156,126.41999816894531,126.76000213623047,27977300
1135693800,2005-12-27,126.95999908447266,127.05000305175781,125.37999725341797,125.47000122070312,44499500
1135780200,2005-12-28,125.73999786376953,125.98999786376953,125.5,125.75,30764300
1135866600,2005-12-29,125.72000122070312,125.95999908447266,125.05999755859375,125.19000244140625,32788900
1135953000,2005-12-30,124.80000305175781,125.05999755859375,124.36000061035156,124.51000213623047,44645600
1136298600,2006-01-03,125.19000244140625,127,124.38999938964844,126.69999694824219,73256700
1136385000,2006-01-04,126.86000061035156,127.48999786376953,126.69999694824219,127.30000305175781,51899600
1136471400,2006-01-05,127.1500015258789,127.58999633789062,126.87999725341797,127.37999725341797,47307500
1136557800,2006-01-06,128.02000427246094,128.5800018310547,127.36000061035156,128.44000244140625,62885900
1136817000,2006-01-09,128.4199981689453,129.05999755859375,128.3800048828125,128.77000427246094,43527400
1136903400,2006-01-10,128.38999938964844,128.97999572753906,128.25999450683594,128.89999389648438,44960800
1136989800,2006-01-11,129.02000427246094,129.44000244140625,128.72999572753906,129.30999755859375,49598900
1137076200,2006-01-12,129.0800018310547,129.27999877929688,128.44000244140625,128.8000030517578,40509200
1137162600,2006-01-13,128.57000732421875,128.89999389648438,128.1999969482422,128.67999267578125,44856700
1137508200,2006-01-17,128.1999969482422,128.4199981689453,127.80999755859375,128.3300018310547,52066600
1137594600,2006-01-18,127.58000183105469,128.89999389648438,127.16000366210938,127.81999969482422,75067600
1137681000,2006-01-19,128.1300048828125,128.77000427246094,127.80999755859375,128.30999755859375,81530400
1137767400,2006-01-20,128.27999877929688,128.30999755859375,125.97000122070312,125.97000122070312,114957800
1138026600,2006-01-23,126.20999908447266,126.81999969482422,126.12999725341797,126.41999816894531,67017400
1138113000,2006-01-24,126.62999725341797,127.1500015258789,126.41999816894531,126.55000305175781,53008800
1138199400,2006-01-25,127.04000091552734,127.18000030517578,125.83999633789062,126.66000366210938,87747700
1138285800,2006-01-26,127.25,127.66999816894531,126.76000213623047,127.36000061035156,71294000
1138372200,2006-01-27,127.66000366210938,128.66000366210938,127.44999694824219,128.5399932861328,65771200
1138631400,2006-01-30,128.44000244140625,128.80999755859375,128.35000610351562,128.44000244140625,33709600
1138717800,2006-01-31,128.32000732421875,128.5399932861328,127.48999786376953,127.5,72937000
1138804200,2006-02-01,127.81999969482422,128.42999267578125,127.72000122070312,128.38999938964844,63561000
1138890600,2006-02-02,128.10000610351562,128.13999938964844,126.80000305175781,126.9000015258789,83626900
1138977000,2006-02-03,126.58000183105469,128.38999938964844,126.13999938964844,126.2699966430664,86040400
1139236200,2006-02-06,126.44000244140625,126.80000305175781,126.16999816894531,126.5999984741211,45511900
1139322600,2006-02-07,126.37999725341797,126.66000366210938,125.4000015258789,125.4800033569336,71208100
1139409000,2006-02-08,125.8499984741211,128.10000610351562,125.5999984741211,126.62000274658203,59422200
1139495400,2006-02-09,126.91999816894531,127.5999984741211,126.37000274658203,126.41000366210938,62023300
1139581800,2006-02-10,126.43000030517578,127.12999725341797,125.44999694824219,126.63999938964844,64508700
1139841000,2006-02-13,126.5999984741211,126.79000091552734,125.94999694824219,126.41000366210938,52308700
1139927400,2006-02-14,126.45999908447266,128.02999877929688,126.20999908447266,127.75,90964400
1140013800,2006-02-15,127.68000030517578,128.32000732421875,127.23999786376953,128.1999969482422,85471300
1140100200,2006-02-16,128.33999633789062,129.2100067138672,128.17999267578125,129.16000366210938,61017900
1140186600,2006-02-17,129.0500030517578,129.16000366210938,128.5800018310547,128.80999755859375,40342600
1140532200,2006-02-21,129.11000061035156,129.39999389648438,128.2899932861328,128.49000549316406,46456300
1140618600,2006-02-22,128.77000427246094,129.64999389648438,128.64999389648438,129.27000427246094,42326700
1140705000,2006-02-23,129.27000427246094,129.63999938964844,128.27999877929688,129.0800018310547,43423200
1140791400,2006-02-24,129.11000061035156,129.47999572753906,128.75999450683594,129.41000366210938,36777400
1141050600,2006-02-27,129.39999389648438,130.0399932861328,129.27999877929688,129.4600067138672,35858600
1141137000,2006-02-28,129.1999969482422,129.91000366210938,128.1300048828125,128.22999572753906,74394800
1141223400,2006-03-01,128.60000610351562,129.49000549316406,128.5,129.3699951171875,48641600
1141309800,2006-03-02,128.89999389648438,129.4199981689453,128.61000061035156,129.36000061035156,60642300
1141396200,2006-03-03,128.6699981689453,130.07000732421875,128.64999389648438,128.75999450683594,73402500
1141655400,2006-03-06,129.13999938964844,129.17999267578125,127.8499984741211,128.1699981689453,57478400
1141741800,2006-03-07,127.86000061035156,128.05999755859375,127.4000015258789,127.97000122070312,61780800
1141828200,2006-03-08,127.69999694824219,128.44000244140625,127.18000030517578,128.24000549316406,66692400
1141914600,2006-03-09,128.27999877929688,128.67999267578125,127.37999725341797,127.37999725341797,56313600
1142001000,2006-03-10,127.70999908447266,128.83999633789062,127.44000244140625,128.58999633789062,60490800
1142260200,2006-03-13,128.83999633789062,129.16000366210938,128.52999877929688,128.8300018310547,45479100
1142346600,2006-03-14,128.7100067138672,130.22999572753906,128.61000061035156,130.17999267578125,69877300
1142433000,2006-03-15,130.14999389648438,130.86000061035156,129.85000610351562,130.75999450683594,53398900
1142519400,2006-03-16,131.00999450683594,131.47000122070312,130.83999633789062,131.02999877929688,65526400
1142605800,2006-03-17,130.67999267578125,130.89999389648438,130.3800048828125,130.6199951171875,47286800
1142865000,2006-03-20,130.63999938964844,130.89999389648438,130.2100067138672,130.41000366210938,45538500
1142951400,2006-03-21,130.3699951171875,130.99000549316406,129.4499969482422,129.58999633789062,87102700
1143037800,2006-03-22,129.50999450683594,130.50999450683594,129.4499969482422,130.3800048828125,51605700
1143124200,2006-03-23,130.25999450683594,130.38999938964844,129.66000366210938,130.11000061035156,46704200
1143210600,2006-03-24,129.99000549316406,130.57000732421875,129.74000549316406,130.2100067138672,43209200
1143469800,2006-03-27,130.02999877929688,130.27999877929688,129.74000549316406,130.02000427246094,32523000
1143556200,2006-03-28,129.92999267578125,130.52999877929688,129.0500030517578,129.22000122070312,82079900
1143642600,2006-03-29,129.41000366210938,130.5,129.2899932861328,130.02999877929688,61505700
1143729000,2006-03-30,130.11000061035156,130.97999572753906,129.5500030517578,129.8000030517578,70571700
1143815400,2006-03-31,130.02000427246094,130.24000549316406,129.3699951171875,129.8300018310547,62925600
1144071000,2006-04-03,130.07000732421875,130.8699951171875,129.49000549316406,129.72999572753906,61624700
1144157400,2006-04-04,129.72999572753906,130.72999572753906,129.36000061035156,130.55999755859375,54809300
1144243800,2006-04-05,130.61000061035156,131.27999877929688,130.3800048828125,131.00999450683594,50607200
1144330200,2006-04-06,130.85000610351562,131.2100067138672,130.19000244140625,130.8699951171875,57906200
1144416600,2006-04-07,131.05999755859375,131.39999389648438,129.35000610351562,129.5399932861328,80180900
1144675800,2006-04-10,129.74000549316406,130.0800018310547,129.25999450683594,129.74000549316406,41496500
1144762200,2006-04-11,129.85000610351562,130.05999755859375,128.25,128.63999938964844,72799400
1144848600,2006-04-12,128.77000427246094,129.1300048828125,128.61000061035156,128.8800048828125,43033700
1144935000,2006-04-13,128.58999633789062,129.25,128.30999755859375,128.7100067138672,51051800
1145280600,2006-04-17,128.8300018310547,129.30999755859375,128.02000427246094,128.66000366210938,64167700
1145367000,2006-04-18,128.92999267578125,130.94000244140625,128.92999267578125,130.6999969482422,92531800
1145453400,2006-04-19,130.75,131.07000732421875,130.24000549316406,130.9499969482422,87269000
1145539800,2006-04-20,131,131.86000061035156,130.60000610351562,131.1300048828125,86005500
1145626200,2006-04-21,131.69000244140625,131.7899932861328,130.6199951171875,131.14999389648438,72342600
1145885400,2006-04-24,130.88999938964844,131.07000732421875,130.3800048828125,130.91000366210938,52546400
1145971800,2006-04-25,131.0399932861328,131.1199951171875,129.9199981689453,130.3699951171875,84359800
1146058200,2006-04-26,130.5,131.13999938964844,130.3000030517578,130.39999389648438,67262400
1146144600,2006-04-27,129.89999389648438,131.6300048828125,129.58999633789062,131.02999877929688,124478600
1146231000,2006-04-28,130.7899932861328,131.75,130.7100067138672,131.47000122070312,55854400
1146490200,2006-05-01,131.47000122070312,131.8000030517578,130.32000732421875,130.39999389648438,64990300
1146576600,2006-05-02,131.00999450683594,131.4600067138672,130.74000549316406,131.3800048828125,49063500
1146663000,2006-05-03,131.14999389648438,131.32000732421875,130.4499969482422,130.88999938964844,60821300
1146749400,2006-05-04,131.0800018310547,131.6199951171875,130.97000122070312,131.36000061035156,42921400
1146835800,2006-05-05,132.0500030517578,132.8000030517578,131.85000610351562,132.52000427246094,62588200
1147095000,2006-05-08,132.50999450683594,132.77000427246094,132.36000061035156,132.36000061035156,30016700
1147181400,2006-05-09,132.4199981689453,132.77000427246094,132.30999755859375,132.6199951171875,29864000
1147267800,2006-05-10,132.41000366210938,132.75,131.88999938964844,132.5500030517578,64378200
1147354200,2006-05-11,132.50999450683594,132.5500030517578,130.52000427246094,130.9499969482422,80626900
1147440600,2006-05-12,130.36000061035156,130.72000122070312,129.19000244140625,129.24000549316406,91726500
1147699800,2006-05-15,128.7899932861328,129.74000549316406,128.61000061035156,129.5,84029300
1147786200,2006-05-16,129.75999450683594,130,129.00999450683594,129.30999755859375,62137600
1147872600,2006-05-17,128.6699981689453,129.10000610351562,126.7699966430664,126.8499984741211,144789500
1147959000,2006-05-18,127.3499984741211,127.75,126.11000061035156,126.20999908447266,87906300
1148045400,2006-05-19,126.87000274658203,127.48999786376953,125.80000305175781,127.0999984741211,124309400
1148304600,2006-05-22,126.27999877929688,127.16999816894531,125.5,126.12999725341797,110852800
1148391000,2006-05-23,127.18000030517578,127.62999725341797,125.16999816894531,125.16999816894531,92006500
1148477400,2006-05-24,125.68000030517578,126.88999938964844,124.76000213623047,126.16999816894531,168405000
1148563800,2006-05-25,126.91999816894531,127.7300033569336,126.43000030517578,127.7300033569336,78977900
1148650200,2006-05-26,128.00999450683594,128.3800048828125,127.51000213623047,128.3800048828125,62989700
1148995800,2006-05-30,127.97000122070312,128,126.05000305175781,126.0999984741211,72419900
1149082200,2006-05-31,126.62000274658203,127.51000213623047,126.19999694824219,127.51000213623047,86926200
1149168600,2006-06-01,127.37999725341797,128.94000244140625,127.2699966430664,128.72999572753906,73721700
1149255000,2006-06-02,129.25,129.42999267578125,128.32000732421875,129,91702600
1149514200,2006-06-05,128.85000610351562,128.86000061035156,126.7699966430664,127.12000274658203,86105100
1149600600,2006-06-06,127.20999908447266,127.37999725341797,125.76000213623047,126.80999755859375,130498600
1149687000,2006-06-07,126.91000366210938,127.6500015258789,125.79000091552734,125.86000061035156,108599400
1149773400,2006-06-08,125.58000183105469,126.5,123.87000274658203,125.75,204957200
1149859800,2006-06-09,126.36000061035156,126.95999908447266,125.29000091552734,125.3499984741211,94972200
1150119000,2006-06-12,125.87999725341797,125.93000030517578,123.81999969482422,123.98999786376953,95815900
1150205400,2006-06-13,123.73999786376953,124.83999633789062,122.55000305175781,122.55000305175781,185688800
1150291800,2006-06-14,122.83999633789062,123.62999725341797,122.33999633789062,123.5,163566400
1150378200,2006-06-15,123.94999694824219,126.36000061035156,123.86000061035156,126.12000274658203,134057000
1150464600,2006-06-16,125.29000091552734,125.55999755859375,124.45999908447266,124.6500015258789,94253500
1150723800,2006-06-19,125.4000015258789,125.4800033569336,123.55000305175781,123.66999816894531,95804400
1150810200,2006-06-20,124.01000213623047,124.80999755859375,123.72000122070312,124.08999633789062,65494700
1150896600,2006-06-21,124,125.69999694824219,123.95999908447266,125.01000213623047,75008200
1150983000,2006-06-22,124.94999694824219,125.05999755859375,124.04000091552734,124.45999908447266,74566100
1151069400,2006-06-23,124.33000183105469,125.30000305175781,124.02999877929688,124.44000244140625,54107000
1151328600,2006-06-26,124.54000091552734,125.05999755859375,124.25,124.98999786376953,37899600
1151415000,2006-06-27,125.01000213623047,125.29000091552734,123.7699966430664,123.91000366210938,69780200
1151501400,2006-06-28,124.19000244140625,124.7699966430664,123.6500015258789,124.75,62368100
1151587800,2006-06-29,125.19999694824219,127.3499984741211,125.16999816894531,127.2699966430664,110634800
1151674200,2006-06-30,127.54000091552734,127.66000366210938,126.95999908447266,127.27999877929688,54227800
1151933400,2006-07-03,127.43000030517578,128.00999450683594,127.30999755859375,127.80000305175781,23914000
1152106200,2006-07-05,127.29000091552734,127.44999694824219,126.5199966430664,127.06999969482422,69653400
1152192600,2006-07-06,127.19999694824219,127.8499984741211,127.08000183105469,127.44000244140625,50100300
1152279000,2006-07-07,127.19000244140625,127.55999755859375,126.29000091552734,126.61000061035156,81626500
1152538200,2006-07-10,126.94000244140625,127.43000030517578,126.41000366210938,126.8499984741211,60964100
1152624600,2006-07-11,126.61000061035156,127.41000366210938,125.94000244140625,127.41000366210938,73640800
1152711000,2006-07-12,127.1500015258789,127.4000015258789,125.72000122070312,126.05000305175781,82561300
1152797400,2006-07-13,125.44999694824219,125.68000030517578,124,124,102405700
1152883800,2006-07-14,124.12999725341797,124.26000213623047,122.83000183105469,123.5199966430664,103242500
1153143000,2006-07-17,123.5199966430664,124.0999984741211,123.1500015258789,123.33999633789062,81159000
1153229400,2006-07-18,123.70999908447266,124.05000305175781,122.38999938964844,123.97000122070312,122771000
1153315800,2006-07-19,124.18000030517578,126.26000213623047,123.72000122070312,125.69000244140625,133565300
1153402200,2006-07-20,126.12000274658203,126.30000305175781,124.66000366210938,124.83000183105469,112259800
1153488600,2006-07-21,125.1500015258789,125.19000244140625,123.81999969482422,123.94999694824219,101560000
1153747800,2006-07-24,124.44000244140625,126.31999969482422,124.44000244140625,126.20999908447266,92884000
1153834200,2006-07-25,125.9800033569336,127.30000305175781,125.72000122070312,126.66000366210938,95480700
1153920600,2006-07-26,126.58999633789062,127.44999694824219,126.18000030517578,126.83000183105469,84525800
1154007000,2006-07-27,127.37999725341797,127.69000244140625,126.19999694824219,126.70999908447266,87257100
1154093400,2006-07-28,127.04000091552734,128.13999938964844,126.86000061035156,127.9800033569336,82137000
1154352600,2006-07-31,127.66000366210938,127.95999908447266,127.44999694824219,127.8499984741211,49593100
1154439000,2006-08-01,127.33999633789062,127.37999725341797,126.5999984741211,127.22000122070312,65225600
1154525400,2006-08-02,127.58000183105469,128.4600067138672,127.55000305175781,128.0800018310547,64770900
1154611800,2006-08-03,127.33999633789062,128.5500030517578,127.1500015258789,128.4199981689453,63693800
1154698200,2006-08-04,129.0800018310547,129.42999267578125,127.4800033569336,128.1999969482422,96294200
1154957400,2006-08-07,127.9000015258789,128.0800018310547,127.4000015258789,127.9000015258789,45377300
1155043800,2006-08-08,128.08999633789062,128.4600067138672,126.94999694824219,127.41000366210938,90901300
1155130200,2006-08-09,128.17999267578125,128.60000610351562,126.61000061035156,126.9800033569336,78910600
1155216600,2006-08-10,126.58000183105469,127.5,126.27999877929688,127.37000274658203,69322300
1155303000,2006-08-11,127.16999816894531,127.19999694824219,126.38999938964844,127.01000213623047,47482200
1155562200,2006-08-14,127.62999725341797,128.16000366210938,126.91999816894531,127.11000061035156,57839000
1155648600,2006-08-15,128.25,128.8699951171875,127.9000015258789,128.6300048828125,68143000
1155735000,2006-08-16,129.32000732421875,129.88999938964844,129.0399932861328,129.6999969482422,71737600
1155821400,2006-08-17,129.5800018310547,130.3699951171875,129.49000549316406,130.02999877929688,70992800
1155907800,2006-08-18,130.19000244140625,130.69000244140625,129.58999633789062,130.69000244140625,58288400
1156167000,2006-08-21,130.17999267578125,130.27999877929688,129.8000030517578,130.1300048828125,42133600
1156253400,2006-08-22,129.99000549316406,130.52000427246094,129.67999267578125,130.1199951171875,60839900
1156339800,2006-08-23,130.17999267578125,130.44000244140625,129.19000244140625,129.75999450683594,66592100
1156426200,2006-08-24,129.99000549316406,130.10000610351562,129.39999389648438,129.64999389648438,57983000
1156512600,2006-08-25,129.63999938964844,130.25,129.5500030517578,129.80999755859375,41756000
1156771800,2006-08-28,129.64999389648438,130.82000732421875,129.63999938964844,130.42999267578125,52681500
1156858200,2006-08-29,130.49000549316406,130.8300018310547,129.80999755859375,130.5800018310547,61817800
1156944600,2006-08-30,130.8699951171875,131.0399932861328,130.5500030517578,130.66000366210938,50052200
1157031000,2006-08-31,130.85000610351562,130.99000549316406,130.5800018310547,130.63999938964844,37510300
1157117400,2006-09-01,131.13999938964844,131.5800018310547,130.83999633789062,131.4199981689453,48794500
1157463000,2006-09-05,131.50999450683594,131.85000610351562,131.1999969482422,131.6699981689453,52348300
1157549400,2006-09-06,131.11000061035156,131.16000366210938,130.3300018310547,130.50999450683594,53795600
1157635800,2006-09-07,130.05999755859375,130.57000732421875,129.35000610351562,129.91000366210938,86269400
1157722200,2006-09-08,130.0800018310547,130.4600067138672,129.8300018310547,130.27999877929688,45096300
1157981400,2006-09-11,129.86000061035156,130.69000244140625,129.47999572753906,130.41000366210938,68496600
1158067800,2006-09-12,130.55999755859375,131.83999633789062,130.3699951171875,131.69000244140625,69875600
1158154200,2006-09-13,131.63999938964844,132.4499969482422,131.52000427246094,132.22000122070312,62898400
1158240600,2006-09-14,131.9600067138672,132.24000549316406,131.75,132.22999572753906,57805400
1158327000,2006-09-15,132.30999755859375,132.38999938964844,131.67999267578125,131.9600067138672,76703100
1158586200,2006-09-18,131.7899932861328,132.38999938964844,131.64999389648438,132.13999938964844,64154100
1158672600,2006-09-19,132.1199951171875,132.1300048828125,131.07000732421875,131.80999755859375,92089100
1158759000,2006-09-20,132.25,132.77000427246094,132.05999755859375,132.50999450683594,75204100
1158845400,2006-09-21,132.61000061035156,132.75,131.4199981689453,131.8699951171875,88932500
1158931800,2006-09-22,131.6699981689453,131.67999267578125,131,131.47000122070312,65966800
1159191000,2006-09-25,131.72999572753906,132.85000610351562,131.0500030517578,132.47999572753906,92299100
1159277400,2006-09-26,132.5,133.60000610351562,132.39999389648438,133.5800018310547,73962700
1159363800,2006-09-27,133.49000549316406,133.97000122070312,133.27000427246094,133.74000549316406,82432200
1159450200,2006-09-28,133.74000549316406,133.99000549316406,133.27999877929688,133.69000244140625,58597500
1159536600,2006-09-29,133.8000030517578,133.94000244140625,133.47999572753906,133.5800018310547,47966600
1159795800,2006-10-02,133.5399932861328,133.8300018310547,132.9499969482422,133.0800018310547,51687400
1159882200,2006-10-03,132.88999938964844,133.8699951171875,132.64999389648438,133.36000061035156,73108100
1159968600,2006-10-04,133.22999572753906,135,133.0800018310547,134.9199981689453,80890500
1160055000,2006-10-05,134.9199981689453,135.41000366210938,134.75,135.17999267578125,60505900
1160141400,2006-10-06,134.9499969482422,135.10000610351562,134.39999389648438,135.00999450683594,64983600
1160400600,2006-10-09,134.85000610351562,135.3000030517578,134.63999938964844,135.08999633789062,41176800
1160487000,2006-10-10,135.10000610351562,135.4499969482422,134.83999633789062,135.27000427246094,56403700
1160573400,2006-10-11,134.83999633789062,135.42999267578125,134.3000030517578,135.11000061035156,104071800
1160659800,2006-10-12,135.4499969482422,136.38999938964844,135.39999389648438,136.27999877929688,59158600
1160746200,2006-10-13,136.16000366210938,136.7100067138672,136.0399932861328,136.6300048828125,53944000
1161005400,2006-10-16,136.52000427246094,137.0500030517578,136.4199981689453,136.83999633789062,42273000
1161091800,2006-10-17,136.47000122070312,136.6999969482422,135.6699981689453,136.41000366210938,90500600
1161178200,2006-10-18,137.0399932861328,137.3699951171875,136.10000610351562,136.58999633789062,86848600
1161264600,2006-10-19,136.38999938964844,136.8800048828125,136.22999572753906,136.80999755859375,64063200
1161351000,2006-10-20,136.83999633789062,136.9499969482422,136.3300018310547,136.83999633789062,48094500
1161610200,2006-10-23,136.55999755859375,137.8000030517578,136.38999938964844,137.47000122070312,66219900
1161696600,2006-10-24,137.27999877929688,137.92999267578125,137.22000122070312,137.8800048828125,53234900
1161783000,2006-10-25,137.74000549316406,138.41000366210938,137.50999450683594,138.35000610351562,78105400
1161869400,2006-10-26,138.66000366210938,139,137.97999572753906,138.77999877929688,66843700
1161955800,2006-10-27,138.61000061035156,138.75,137.6300048828125,137.91000366210938,80238000
1162218600,2006-10-30,137.66000366210938,138.1999969482422,137.39999389648438,137.80999755859375,49717800
1162305000,2006-10-31,138.07000732421875,138.25999450683594,137.25,137.7899932861328,71274100
1162391400,2006-11-01,138.22000122070312,138.30999755859375,136.72000122070312,136.86000061035156,83005600
1162477800,2006-11-02,136.50999450683594,137.00999450683594,136.36000061035156,136.77999877929688,60693100
1162564200,2006-11-03,137.27000427246094,137.38999938964844,135.6199951171875,136.5399932861328,71346400
1162823400,2006-11-06,136.9600067138672,138.27999877929688,136.9499969482422,138.0800018310547,63303300
1162909800,2006-11-07,138.1999969482422,138.97999572753906,138,138.61000061035156,63318900
1162996200,2006-11-08,138,139.0500030517578,136.86000061035156,138.91000366210938,87517800
1163082600,2006-11-09,139.00999450683594,139.13999938964844,137.89999389648438,138.17999267578125,95916300
1163169000,2006-11-10,138.13999938964844,138.33999633789062,137.72000122070312,138.24000549316406,48991500
1163428200,2006-11-13,138.17999267578125,139.0399932861328,138.07000732421875,138.5800018310547,59398200
1163514600,2006-11-14,138.97000122070312,139.74000549316406,138.1199951171875,139.6199951171875,96704000
1163601000,2006-11-15,139.57000732421875,140.4499969482422,139.52999877929688,140.02000427246094,76509600
1163687400,2006-11-16,140.44000244140625,140.67999267578125,139.49000549316406,140.3800048828125,76728800
1163773800,2006-11-17,139.92999267578125,140.42999267578125,139.72999572753906,140.4199981689453,56353800
1164033000,2006-11-20,140.3000030517578,140.74000549316406,139.94000244140625,140.5,69174200
1164119400,2006-11-21,140.49000549316406,140.6699981689453,140.2899932861328,140.63999938964844,51367900
1164205800,2006-11-22,140.75,141.16000366210938,140.5,140.9199981689453,45505300
1164378600,2006-11-24,140.24000549316406,140.83999633789062,140.1999969482422,140.35000610351562,30998000
1164637800,2006-11-27,140.27999877929688,140.35000610351562,138.3800048828125,138.4199981689453,84545100
1164724200,2006-11-28,138.24000549316406,139.16000366210938,138.11000061035156,139.02000427246094,106652900
1164810600,2006-11-29,139.47000122070312,140.52999877929688,139.0800018310547,140.47000122070312,90034900
1164897000,2006-11-30,140.44000244140625,141.0500030517578,139.75999450683594,140.52999877929688,83994300
1164983400,2006-12-01,140.52999877929688,140.66000366210938,138.97000122070312,140.22000122070312,126080000
1165242600,2006-12-04,140.25,141.5500030517578,140.22999572753906,141.2899932861328,87813200
1165329000,2006-12-05,141.55999755859375,141.9600067138672,141.25999450683594,141.89999389648438,73374400
1165415400,2006-12-06,141.8699951171875,142.07000732421875,141.5,141.77999877929688,53253200
1165501800,2006-12-07,142.02999877929688,142.3000030517578,141.11000061035156,141.16000366210938,62857400
1165588200,2006-12-08,141.1300048828125,141.89999389648438,140.77999877929688,141.4199981689453,79625500
1165847400,2006-12-11,141.4199981689453,142.08999633789062,141.33999633789062,141.8300018310547,39779400
1165933800,2006-12-12,141.69000244140625,141.8699951171875,140.88999938964844,141.72000122070312,77451600
1166020200,2006-12-13,142.22999572753906,142.33999633789062,141.55999755859375,141.8699951171875,55520200
1166106600,2006-12-14,141.86000061035156,143.24000549316406,141.83999633789062,143.1199951171875,64755200
1166193000,2006-12-15,142.63999938964844,142.88999938964844,142.24000549316406,142.33999633789062,70857400
1166452200,2006-12-18,142.5399932861328,142.8800048828125,141.75,141.9499969482422,48954600
1166538600,2006-12-19,141.5500030517578,142.55999755859375,141.19000244140625,142.22000122070312,65023600
1166625000,2006-12-20,142.27999877929688,142.66000366210938,142.00999450683594,142.13999938964844,41469600
1166711400,2006-12-21,142.27000427246094,142.42999267578125,141.32000732421875,141.6199951171875,48698400
1166797800,2006-12-22,141.63999938964844,141.64999389648438,140.6699981689453,140.75,62069100
1167143400,2006-12-26,140.80999755859375,141.61000061035156,140.77999877929688,141.5800018310547,32696900
1167229800,2006-12-27,141.8699951171875,142.60000610351562,141.8300018310547,142.50999450683594,39727100
1167316200,2006-12-28,142.41000366210938,142.6999969482422,141.99000549316406,142.2100067138672,37288800
1167402600,2006-12-29,142.05999755859375,142.5399932861328,141.42999267578125,141.6199951171875,45461200
1167834600,2007-01-03,142.25,142.86000061035156,140.57000732421875,141.3699951171875,94807600
1167921000,2007-01-04,141.22999572753906,142.0500030517578,140.61000061035156,141.6699981689453,69620600
1168007400,2007-01-05,141.3300018310547,141.39999389648438,140.3800048828125,140.5399932861328,76645300
1168266600,2007-01-08,140.82000732421875,141.41000366210938,140.25,141.19000244140625,71655000
1168353000,2007-01-09,141.30999755859375,141.60000610351562,140.39999389648438,141.07000732421875,75680100
1168439400,2007-01-10,140.5800018310547,141.57000732421875,140.3000030517578,141.5399932861328,72428000
1168525800,2007-01-11,141.5800018310547,142.6199951171875,141.5,142.16000366210938,54476800
1168612200,2007-01-12,142.14999389648438,143.24000549316406,142.11000061035156,143.24000549316406,55370600
1168957800,2007-01-16,143.07000732421875,143.44000244140625,142.72999572753906,142.9600067138672,44871300
1169044200,2007-01-17,142.85000610351562,143.4600067138672,142.72999572753906,143.02000427246094,50241400
1169130600,2007-01-18,143.1699981689453,143.25999450683594,142.30999755859375,142.5399932861328,68177300
1169217000,2007-01-19,142.5399932861328,143.10000610351562,142.4600067138672,142.82000732421875,56973000
1169476200,2007-01-22,143.07000732421875,143.10000610351562,141.92999267578125,142.3800048828125,60253600
1169562600,2007-01-23,142.25999450683594,143.0800018310547,142.05999755859375,142.8000030517578,54064400
1169649000,2007-01-24,142.97000122070312,143.97999572753906,142.91000366210938,143.9499969482422,55834700
1169735400,2007-01-25,143.86000061035156,143.9199981689453,142.00999450683594,142.25999450683594,73583800
1169821800,2007-01-26,142.57000732421875,142.64999389648438,141.5800018310547,142.1300048828125,67255600
1170081000,2007-01-29,142.19000244140625,142.8000030517578,141.74000549316406,142.0500030517578,66114600
1170167400,2007-01-30,142.35000610351562,142.86000061035156,142.05999755859375,142.7899932861328,70407600
1170253800,2007-01-31,142.6300048828125,144.1300048828125,142.39999389648438,143.75,91868600
1170340200,2007-02-01,144.14999389648438,144.66000366210938,143.91000366210938,144.61000061035156,69312400
1170426600,2007-02-02,144.72999572753906,144.9499969482422,144.3800048828125,144.80999755859375,49607000
1170685800,2007-02-05,144.6999969482422,144.94000244140625,144.33999633789062,144.85000610351562,45705300
1170772200,2007-02-06,144.97000122070312,145.02999877929688,144.3300018310547,144.88999938964844,57081300
1170858600,2007-02-07,145.1199951171875,145.36000061035156,144.57000732421875,145.2100067138672,55669700
1170945000,2007-02-08,144.77999877929688,145.1199951171875,144.27000427246094,145.02000427246094,70641000
1171031400,2007-02-09,145.05999755859375,145.3300018310547,143.38999938964844,143.94000244140625,79084400
1171290600,2007-02-12,143.94000244140625,144.0399932861328,143.19000244140625,143.4499969482422,65657000
1171377000,2007-02-13,143.77000427246094,144.89999389648438,143.75999450683594,144.66000366210938,64081800
1171463400,2007-02-14,144.8000030517578,145.89999389648438,144.77999877929688,145.61000061035156,66039400
1171549800,2007-02-15,145.6699981689453,145.9499969482422,145.42999267578125,145.8000030517578,38715200
1171636200,2007-02-16,145.44000244140625,145.75999450683594,145.22999572753906,145.72999572753906,39841800
1171981800,2007-02-20,145.55999755859375,146.1999969482422,145,146.0399932861328,56911800
1172068200,2007-02-21,145.61000061035156,146.07000732421875,145.35000610351562,145.97999572753906,63971600
1172154600,2007-02-22,146.0500030517578,146.4199981689453,145.1699981689453,145.8699951171875,79067400
1172241000,2007-02-23,145.74000549316406,145.7899932861328,145.02999877929688,145.3000030517578,71966200
1172500200,2007-02-26,145.8300018310547,145.9499969482422,144.75,145.1699981689453,69192800
1172586600,2007-02-27,143.8800048828125,144.1999969482422,139,139.5,274466500
1172673000,2007-02-28,140.38999938964844,141.97999572753906,139.8000030517578,140.92999267578125,177536300
1172759400,2007-03-01,139.33999633789062,141.25,138.0500030517578,140.50999450683594,212828600
1172845800,2007-03-02,140.0500030517578,140.66000366210938,138.66000366210938,138.6699981689453,162574000
1173105000,2007-03-05,137.92999267578125,139.5800018310547,137.3300018310547,137.35000610351562,143750400
1173191400,2007-03-06,138.77999877929688,140.1199951171875,137.72000122070312,139.6999969482422,143333300
1173277800,2007-03-07,139.58999633789062,140.4600067138672,139.39999389648438,139.55999755859375,115144900
1173364200,2007-03-08,140.5399932861328,141.16000366210938,140.07000732421875,140.74000549316406,117891600
1173450600,2007-03-09,141.30999755859375,141.4199981689453,140.0800018310547,140.77999877929688,107765100
1173706200,2007-03-12,140.4199981689453,141.33999633789062,140.16000366210938,140.99000549316406,80366900
1173792600,2007-03-13,140.17999267578125,140.77000427246094,138.0399932861328,138.25,190605200
1173879000,2007-03-14,138.42999267578125,139.36000061035156,136.75,139.27999877929688,231853800
1173965400,2007-03-15,138.97000122070312,139.99000549316406,138.8000030517578,139.47000122070312,132435900
1174051800,2007-03-16,139.30999755859375,139.6300048828125,138.1199951171875,138.52999877929688,121531600
1174311000,2007-03-19,139.25999450683594,140.3300018310547,139.14999389648438,140.1999969482422,96161200
1174397400,2007-03-20,140.0800018310547,141.0500030517578,139.9600067138672,140.97000122070312,82147400
1174483800,2007-03-21,141.10000610351562,143.64999389648438,140.82000732421875,143.2899932861328,152368700
1174570200,2007-03-22,143.47999572753906,143.67999267578125,142.7899932861328,143.17999267578125,118942200
1174656600,2007-03-23,143.27999877929688,143.80999755859375,143.14999389648438,143.38999938964844,74416800
1174915800,2007-03-26,143.5,143.64999389648438,142.08999633789062,143.1999969482422,113787500
1175002200,2007-03-27,143.1199951171875,143.16000366210938,142.38999938964844,142.86000061035156,99864600
1175088600,2007-03-28,142.13999938964844,142.47000122070312,141.25999450683594,141.82000732421875,152907900
1175175000,2007-03-29,142.5399932861328,142.61000061035156,141.19000244140625,141.97000122070312,139432700
1175261400,2007-03-30,142.24000549316406,142.83999633789062,140.55999755859375,142,128194100
1175520600,2007-04-02,142.16000366210938,142.4600067138672,141.47999572753906,142.16000366210938,79416400
1175607000,2007-04-03,142.97000122070312,143.97999572753906,142.91000366210938,143.69000244140625,82417800
1175693400,2007-04-04,143.69000244140625,143.9499969482422,143.16000366210938,143.85000610351562,63995200
1175779800,2007-04-05,143.6699981689453,144.44000244140625,143.61000061035156,144.24000549316406,46822800
1176125400,2007-04-09,144.64999389648438,144.8000030517578,144.14999389648438,144.44000244140625,50967400
1176211800,2007-04-10,144.3300018310547,144.85000610351562,144.27000427246094,144.61000061035156,56620000
1176298200,2007-04-11,144.82000732421875,144.86000061035156,143.5399932861328,144.02000427246094,106365700
1176384600,2007-04-12,143.74000549316406,144.9199981689453,143.33999633789062,144.66000366210938,115534400
1176471000,2007-04-13,144.89999389648438,145.32000732421875,144.36000061035156,145.32000732421875,84287000
1176730200,2007-04-16,145.8300018310547,146.86000061035156,145.82000732421875,146.6999969482422,83064600
1176816600,2007-04-17,146.97000122070312,147.39999389648438,146.64999389648438,147.08999633789062,108424100
1176903000,2007-04-18,146.60000610351562,147.6999969482422,146.57000732421875,147.27000427246094,88345300
1176989400,2007-04-19,146.5500030517578,147.39999389648438,146.36000061035156,147.22999572753906,102947700
1177075800,2007-04-20,148.22000122070312,148.6199951171875,147.0399932861328,148.6199951171875,124114100
1177335000,2007-04-23,148.3699951171875,148.72999572753906,147.97000122070312,148.05999755859375,77270800
1177421400,2007-04-24,148.22999572753906,148.39999389648438,147.32000732421875,148.1199951171875,114471000
1177507800,2007-04-25,148.72999572753906,149.66000366210938,148.02000427246094,149.47999572753906,108418800
1177594200,2007-04-26,149.49000549316406,149.8000030517578,149.10000610351562,149.64999389648438,88741600
1177680600,2007-04-27,149.08999633789062,149.74000549316406,148.83999633789062,149.52999877929688,108191100
1177939800,2007-04-30,149.63999938964844,149.74000549316406,148.2100067138672,148.2899932861328,100874100
1178026200,2007-05-01,148.4199981689453,149.47000122070312,147.6699981689453,148.6699981689453,134342700
1178112600,2007-05-02,148.89999389648438,149.9499969482422,148.75,149.5399932861328,87129800
1178199000,2007-05-03,149.97000122070312,150.39999389648438,149.72999572753906,150.35000610351562,86569700
1178285400,2007-05-04,150.75,151.1199951171875,150.22000122070312,150.9199981689453,96409000
1178544600,2007-05-07,150.8800048828125,151.1999969482422,150.80999755859375,150.9499969482422,63461400
1178631000,2007-05-08,150.5800018310547,150.9199981689453,150.1300048828125,150.75,80584000
1178717400,2007-05-09,150.63999938964844,152.82000732421875,150.3699951171875,151.16000366210938,102070100
1178803800,2007-05-10,150.72999572753906,151.02000427246094,149.27000427246094,149.5800018310547,153617800
1178890200,2007-05-11,149.75,150.92999267578125,149.72000122070312,150.86000061035156,113408900
1179149400,2007-05-14,150.86000061035156,151.3000030517578,149.7899932861328,150.52999877929688,108027500
1179235800,2007-05-15,150.6999969482422,151.66000366210938,150.19000244140625,150.57000732421875,180673300
1179322200,2007-05-16,150.8000030517578,151.6300048828125,150.3800048828125,151.60000610351562,114166500
1179408600,2007-05-17,151.3800048828125,151.9600067138672,151.11000061035156,151.3000030517578,101132800
1179495000,2007-05-18,152.00999450683594,152.6199951171875,151.80999755859375,152.6199951171875,99182000
1179754200,2007-05-21,152.5800018310547,153.22999572753906,152.5,152.5399932861328,174664600
1179840600,2007-05-22,152.6999969482422,153.16000366210938,152.3800048828125,152.4199981689453,82148800
1179927000,2007-05-23,152.9499969482422,153.5,152.36000061035156,152.44000244140625,133786600
1180013400,2007-05-24,152.52999877929688,153.2100067138672,150.74000549316406,151.05999755859375,187593000
1180099800,2007-05-25,151.5,152.02000427246094,151.17999267578125,151.69000244140625,83309200
1180445400,2007-05-29,151.94000244140625,152.5,151.4499969482422,152.24000549316406,82020000
1180531800,2007-05-30,151.4600067138672,153.5399932861328,151.33999633789062,153.47999572753906,129013600
1180618200,2007-05-31,153.6699981689453,153.88999938964844,153.1199951171875,153.32000732421875,114866700
1180704600,2007-06-01,153.8800048828125,154.39999389648438,153.50999450683594,154.0800018310547,107771700
1180963800,2007-06-04,153.5399932861328,154.38999938964844,153.47999572753906,154.10000610351562,78008800
1181050200,2007-06-05,153.74000549316406,153.89999389648438,152.86000061035156,153.49000549316406,126917900
1181136600,2007-06-06,152.86000061035156,152.9499969482422,151.75,151.83999633789062,164096800
1181223000,2007-06-07,151.55999755859375,152.5,149.05999755859375,149.10000610351562,232414600
1181309400,2007-06-08,149.5800018310547,151.19000244140625,149.08999633789062,151.0399932861328,175886000
1181568600,2007-06-11,150.92999267578125,151.9499969482422,150.6999969482422,151.3000030517578,102015600
1181655000,2007-06-12,150.6699981689453,151.5399932861328,149.5500030517578,149.64999389648438,233898000
1181741400,2007-06-13,150.5,152.07000732421875,149.72000122070312,151.88999938964844,193208200
1181827800,2007-06-14,152.05999755859375,153.1199951171875,152.02999877929688,152.86000061035156,146396500
1181914200,2007-06-15,153.13999938964844,153.66000366210938,152.92999267578125,153.07000732421875,154030800
1182173400,2007-06-18,153.3800048828125,153.38999938964844,152.66000366210938,152.88999938964844,88537500
1182259800,2007-06-19,152.5500030517578,153.3800048828125,152.36000061035156,153.27000427246094,110851700
1182346200,2007-06-20,153.5800018310547,153.5800018310547,150.9600067138672,151.13999938964844,177119700
1182432600,2007-06-21,151.0800018310547,152.11000061035156,150.25,151.97999572753906,205262000
1182519000,2007-06-22,151.52000427246094,151.77000427246094,149.85000610351562,150.5500030517578,204964700
1182778200,2007-06-25,150.24000549316406,151.25,149.02000427246094,149.8300018310547,232014400
1182864600,2007-06-26,150.2100067138672,150.4600067138672,148.27999877929688,148.2899932861328,198445700
1182951000,2007-06-27,148.1300048828125,150.57000732421875,148.05999755859375,150.39999389648438,213638000
1183037400,2007-06-28,150.3800048828125,151.41000366210938,149.6699981689453,150.3800048828125,157705000
1183123800,2007-06-29,150.89999389648438,151.64999389648438,149.14999389648438,150.42999267578125,199701800
1183383000,2007-07-02,150.8699951171875,151.9199981689453,150.77000427246094,151.7899932861328,103357000
1183469400,2007-07-03,152.17999267578125,152.5,151.99000549316406,152.33999633789062,54048400
1183642200,2007-07-05,152.39999389648438,152.55999755859375,151.6300048828125,152.17999267578125,89279000
1183728600,2007-07-06,152.3800048828125,153.1699981689453,151.92999267578125,152.97999572753906,81109000
1183987800,2007-07-09,153.16000366210938,153.36000061035156,152.6199951171875,153.10000610351562,72348100
1184074200,2007-07-10,152.2899932861328,152.61000061035156,150.77000427246094,150.9199981689453,180362600
1184160600,2007-07-11,150.75,152.0500030517578,150.52000427246094,151.99000549316406,175607600
1184247000,2007-07-12,152.3699951171875,154.75,152.33999633789062,154.38999938964844,133882500
1184333400,2007-07-13,154.57000732421875,155.4600067138672,154.38999938964844,154.85000610351562,111794300
1184592600,2007-07-16,154.99000549316406,155.52999877929688,154.5800018310547,154.8300018310547,98378700
1184679000,2007-07-17,154.92999267578125,155.47999572753906,154.67999267578125,154.75,126201300
1184765400,2007-07-18,154.22999572753906,154.8000030517578,153.3000030517578,154.47000122070312,237887400
1184851800,2007-07-19,155.1999969482422,155.52999877929688,154.75,155.07000732421875,145212700
1184938200,2007-07-20,154.88999938964844,154.99000549316406,152.8300018310547,153.5,245502500
1185197400,2007-07-23,154.17999267578125,154.72000122070312,153.3000030517578,153.97000122070312,121183900
1185283800,2007-07-24,153.1199951171875,154.27999877929688,150.75999450683594,151.3000030517578,256732400
1185370200,2007-07-25,152.02000427246094,152.38999938964844,150.25,151.61000061035156,265214500
1185456600,2007-07-26,150.19000244140625,150.8000030517578,146.38999938964844,148.02000427246094,467592500
1185543000,2007-07-27,148.2100067138672,148.8699951171875,145.0500030517578,145.11000061035156,422987600
1185802200,2007-07-30,145.92999267578125,147.80999755859375,145.2899932861328,147.3800048828125,283017500
1185888600,2007-07-31,148.3300018310547,149.4600067138672,145.0399932861328,145.72000122070312,316976700
1185975000,2007-08-01,145.17999267578125,147.00999450683594,143.9499969482422,146.42999267578125,467670000
1186061400,2007-08-02,146.75999450683594,147.75999450683594,145.25999450683594,147.60000610351562,294758400
1186147800,2007-08-03,147.27999877929688,147.5800018310547,143.1999969482422,143.8000030517578,359398200
1186407000,2007-08-06,144.2100067138672,146.8300018310547,142.52999877929688,146.2100067138672,324980000
1186493400,2007-08-07,145.94000244140625,149,145.22999572753906,147.77000427246094,232568700
1186579800,2007-08-08,148.41000366210938,150.58999633789062,147.33999633789062,149.8300018310547,274930600
1186666200,2007-08-09,147.42999267578125,148.9499969482422,145.2899932861328,145.38999938964844,357622100
1186752600,2007-08-10,144.38999938964844,146.5,143.1199951171875,144.7100067138672,411018400
1187011800,2007-08-13,146.5,146.88999938964844,145.02000427246094,145.22999572753906,181917200
1187098200,2007-08-14,145.6999969482422,146.05999755859375,142.72000122070312,143.00999450683594,264134500
1187184600,2007-08-15,142.72000122070312,144.4600067138672,140.6199951171875,141.0399932861328,323834000
1187271000,2007-08-16,139.7899932861328,142.94000244140625,137,142.10000610351562,546743700
1187357400,2007-08-17,145.5,145.80999755859375,141.38999938964844,144.7100067138672,388218100
1187616600,2007-08-20,145.1699981689453,145.47000122070312,143.2899932861328,144.63999938964844,187320400
1187703000,2007-08-21,144.60000610351562,145.97000122070312,144.13999938964844,144.92999267578125,157066400
1187789400,2007-08-22,146.00999450683594,146.8000030517578,145.3300018310547,146.64999389648438,173156700
1187875800,2007-08-23,147.33999633789062,147.64999389648438,145.61000061035156,146.52000427246094,203915300
1187962200,2007-08-24,146.47999572753906,148.3300018310547,146.27999877929688,148.3300018310547,128901900
1188221400,2007-08-27,147.85000610351562,148.3300018310547,146.72999572753906,146.9499969482422,113024300
1188307800,2007-08-28,146.16000366210938,146.25,143.4600067138672,143.72000122070312,219790700
1188394200,2007-08-29,144.3699951171875,146.74000549316406,143.9600067138672,146.5399932861328,207654200
1188480600,2007-08-30,145.4499969482422,147.19000244140625,145.30999755859375,146.14999389648438,191817300
1188567000,2007-08-31,147.64999389648438,148.5,146.8300018310547,147.58999633789062,185477500
1188912600,2007-09-04,147.4499969482422,149.97999572753906,147.39999389648438,149.0800018310547,120062000
1188999000,2007-09-05,148.1999969482422,148.36000061035156,147,147.7899932861328,166261800
1189085400,2007-09-06,147.9499969482422,148.61000061035156,147.1199951171875,148.1300048828125,127878400
1189171800,2007-09-07,146.47999572753906,146.88999938964844,145.25999450683594,146.07000732421875,235447600
1189431000,2007-09-10,146.52000427246094,146.72000122070312,144.3300018310547,145.7899932861328,192305900
1189517400,2007-09-11,146.24000549316406,147.6999969482422,146.1300048828125,147.49000549316406,162081900
1189603800,2007-09-12,147.2899932861328,148.44000244140625,146.97999572753906,147.8699951171875,149554600
1189690200,2007-09-13,148.5500030517578,149.4499969482422,148.1999969482422,148.91000366210938,154079000
1189776600,2007-09-14,147.9600067138672,149.08999633789062,147.74000549316406,148.89999389648438,121911000
1190035800,2007-09-17,148.30999755859375,148.64999389648438,147.6300048828125,148.10000610351562,109870800
1190122200,2007-09-18,148.8300018310547,152.5,148.1300048828125,152.4600067138672,263759500
1190208600,2007-09-19,153.41000366210938,154.38999938964844,152.7100067138672,153.36000061035156,193779900
1190295000,2007-09-20,153.33999633789062,153.42999267578125,152.11000061035156,152.27999877929688,175186800
1190381400,2007-09-21,152.7100067138672,153.1199951171875,151.74000549316406,151.97000122070312,141457500
1190640600,2007-09-24,152.4199981689453,152.82000732421875,151.36000061035156,151.69000244140625,139450200
1190727000,2007-09-25,150.80999755859375,151.66000366210938,150.47000122070312,151.38999938964844,142289900
1190813400,2007-09-26,152.25,152.77000427246094,151.38999938964844,152.19000244140625,135547000
1190899800,2007-09-27,152.91000366210938,153.10000610351562,152.19000244140625,153.08999633789062,102713300
1190986200,2007-09-28,152.85000610351562,153.19000244140625,151.97999572753906,152.5800018310547,133372100
1191245400,2007-10-01,152.60000610351562,154.75,152.5,154.3000030517578,148162300
1191331800,2007-10-02,154.61000061035156,154.64999389648438,153.80999755859375,154.08999633789062,112978800
1191418200,2007-10-03,153.80999755859375,154.41000366210938,153.00999450683594,153.77999877929688,119055900
1191504600,2007-10-04,154.11000061035156,154.25999450683594,153.58999633789062,154.02000427246094,76864400
1191591000,2007-10-05,155.02999877929688,156.10000610351562,154.6300048828125,155.85000610351562,134579700
1191850200,2007-10-08,155.38999938964844,155.49000549316406,154.77000427246094,155.02000427246094,71280400
1191936600,2007-10-09,155.60000610351562,156.5,155.02999877929688,156.47999572753906,94054300
1192023000,2007-10-10,156.0399932861328,156.44000244140625,155.41000366210938,156.22000122070312,101711100
1192109400,2007-10-11,156.92999267578125,157.52000427246094,154.5399932861328,155.47000122070312,233529100
1192195800,2007-10-12,155.4600067138672,156.35000610351562,155.27000427246094,156.3300018310547,124546700
1192455000,2007-10-15,156.27000427246094,156.36000061035156,153.94000244140625,155.00999450683594,161151900
1192541400,2007-10-16,154.41000366210938,154.52000427246094,153.47000122070312,153.77999877929688,166525700
1192627800,2007-10-17,154.97999572753906,155.08999633789062,152.47000122070312,154.25,216687300
1192714200,2007-10-18,153.4499969482422,154.19000244140625,153.0800018310547,153.69000244140625,148367500
1192800600,2007-10-19,153.08999633789062,156.47999572753906,149.66000366210938,149.6699981689453,297169900
1193059800,2007-10-22,148.86000061035156,150.75999450683594,148.66000366210938,150.5399932861328,261989800
1193146200,2007-10-23,151.4600067138672,151.9499969482422,150.25,151.75999450683594,180085100
1193232600,2007-10-24,151.2100067138672,151.74000549316406,148.83999633789062,151.47999572753906,326694200
1193319000,2007-10-25,151.64999389648438,152.2899932861328,149.8800048828125,151.83999633789062,237374500
1193405400,2007-10-26,153.05999755859375,153.6199951171875,151.89999389648438,153.6199951171875,176484000
1193664600,2007-10-29,153.92999267578125,154.44000244140625,153.5500030517578,154.1300048828125,106841000
1193751000,2007-10-30,153.4499969482422,153.75,152.8699951171875,153.05999755859375,132981600
1193837400,2007-10-31,153.97999572753906,155.27000427246094,152.83999633789062,154.64999389648438,220954400
1193923800,2007-11-01,153.2899932861328,153.41000366210938,150.58999633789062,151.02999877929688,333040800
1194010200,2007-11-02,151.52999877929688,152,149.2100067138672,151.1999969482422,331228200
1194273000,2007-11-05,149.63999938964844,151.16000366210938,148.97000122070312,150.0500030517578,226841000
1194359400,2007-11-06,150.86000061035156,152.11000061035156,149.89999389648438,152.07000732421875,177800500
1194445800,2007-11-07,150.44000244140625,151.1300048828125,147.5500030517578,147.91000366210938,306639700
1194532200,2007-11-08,147.99000549316406,148.39999389648438,145.07000732421875,147.16000366210938,374509900
1194618600,2007-11-09,145.69000244140625,147.5399932861328,144.88999938964844,145.13999938964844,277745100
1194877800,2007-11-12,145.2100067138672,146.61000061035156,143.6999969482422,143.6999969482422,243087800
1194964200,2007-11-13,145.3699951171875,148.30999755859375,145.22000122070312,148.0800018310547,191117400
1195050600,2007-11-14,149.22000122070312,149.39999389648438,146.77999877929688,147.6699981689453,230558800
1195137000,2007-11-15,146.57000732421875,147.49000549316406,144.52000427246094,145.5399932861328,263111100
1195223400,2007-11-16,146.30999755859375,146.47000122070312,144.57000732421875,145.7899932861328,308770600
1195482600,2007-11-19,145.27999877929688,145.36000061035156,143.19000244140625,143.75999450683594,267746000
1195569000,2007-11-20,144.02000427246094,145.52999877929688,142.11000061035156,144.63999938964844,414767500
1195655400,2007-11-21,143.0800018310547,143.91000366210938,141.6699981689453,141.67999267578125,259012400
1195828200,2007-11-23,143.07000732421875,144.33999633789062,142.6999969482422,144.1300048828125,77688400
1196087400,2007-11-26,144.42999267578125,144.8800048828125,140.66000366210938,140.9499969482422,214232000
1196173800,2007-11-27,141.74000549316406,143.22999572753906,140.9499969482422,142.57000732421875,293897900
1196260200,2007-11-28,144.19000244140625,147.47000122070312,144.13999938964844,147.1300048828125,258596900
1196346600,2007-11-29,146.6199951171875,147.72000122070312,146.10000610351562,147.17999267578125,199409900
1196433000,2007-11-30,149.0399932861328,149.8699951171875,147.3300018310547,148.66000366210938,222908000
1196692200,2007-12-03,148.19000244140625,148.4499969482422,147.2899932861328,147.67999267578125,146430400
1196778600,2007-12-04,146.66000366210938,147.5399932861328,146.30999755859375,146.36000061035156,136533900
1196865000,2007-12-05,147.92999267578125,149.1999969482422,147.8300018310547,148.80999755859375,171130000
1196951400,2007-12-06,148.6300048828125,151.2100067138672,148.57000732421875,150.94000244140625,154457400
1197037800,2007-12-07,151.4199981689453,151.5,150.5500030517578,150.91000366210938,148980100
1197297000,2007-12-10,151.27999877929688,152.25,150.86000061035156,152.0800018310547,123914300
1197383400,2007-12-11,152.13999938964844,152.88999938964844,147.8300018310547,147.91000366210938,250346400
1197469800,2007-12-12,151.05999755859375,151.77000427246094,147.1999969482422,149.3699951171875,322435600
1197556200,2007-12-13,148.32000732421875,149.38999938964844,147.3000030517578,149.05999755859375,237551300
1197642600,2007-12-14,147.92999267578125,149.10000610351562,147.10000610351562,147.1699981689453,159152900
1197901800,2007-12-17,146.61000061035156,146.8699951171875,144.86000061035156,145.07000732421875,177269400
1197988200,2007-12-18,146.10000610351562,146.47999572753906,143.9600067138672,145.8800048828125,245569300
1198074600,2007-12-19,145.94000244140625,146.88999938964844,144.94000244140625,145.8800048828125,198917200
1198161000,2007-12-20,146.83999633789062,146.86000061035156,145.17999267578125,146.8000030517578,214813800
1198247400,2007-12-21,147.3699951171875,148.4199981689453,147.08999633789062,148.1300048828125,146084400
1198506600,2007-12-24,148.82000732421875,149.47999572753906,148.47999572753906,149.22999572753906,45601400
1198679400,2007-12-26,148.64999389648438,149.67999267578125,148.5,149.5500030517578,67093100
1198765800,2007-12-27,149.02000427246094,149.02999877929688,147.32000732421875,147.6699981689453,122981700
