date,equity,cash,shares,close,drawdownPct
2001-08-27,100000,100000,0,118.30999755859375,0
2001-08-28,99277.61,50080.85,422,116.58000183105469,0.72
2001-08-29,98838.73,50080.85,422,115.54000091552734,1.16
2001-08-30,97901.89,50080.85,422,113.31999969482422,2.1
2001-08-31,98252.15,50080.85,422,114.1500015258789,1.75
2001-09-04,97944.09,50080.85,422,113.41999816894531,2.06
2001-09-05,98062.25,50080.85,422,113.69999694824219,1.94
2001-09-06,96825.79,50080.85,422,110.7699966430664,3.17
2001-09-07,95960.69,50080.85,422,108.72000122070312,4.04
2001-09-10,96521.95,50080.85,422,110.05000305175781,3.48
2001-09-17,94095.45,50080.85,422,104.30000305175781,5.9
2001-09-18,93962.36,40168.51,517,104.05000305175781,6.04
2001-09-19,92876.66,40168.51,517,101.94999694824219,7.12
2001-09-20,91201.58,40168.51,517,98.70999908447266,8.8
2001-09-21,90462.27,40168.51,517,97.27999877929688,9.54
2001-09-24,92230.41,40168.51,517,100.69999694824219,7.77
2001-09-25,92773.26,40168.51,517,101.75,7.23
2001-09-26,92587.14,40168.51,517,101.38999938964844,7.41
2001-09-27,93042.1,40168.51,517,102.2699966430664,6.96
2001-09-28,94163.99,40168.51,517,104.44000244140625,5.84
2001-10-01,94076.1,40168.51,517,104.2699966430664,5.92
2001-10-02,94753.37,40168.51,517,105.58000183105469,5.25
2001-10-03,95668.46,40168.51,517,107.3499984741211,4.33
2001-10-04,95714.99,40168.51,517,107.44000244140625,4.29
2001-10-05,95606.42,40168.51,517,107.2300033569336,4.39
2001-10-08,95244.52,40168.51,517,106.52999877929688,4.76
2001-10-09,94949.83,40168.51,517,105.95999908447266,5.05
2001-10-10,96169.95,40168.51,517,108.31999969482422,3.83
2001-10-11,97038.51,40168.51,517,110,2.96
2001-10-12,96780.01,40168.51,517,109.5,3.22
2001-10-15,96676.61,40168.51,517,109.30000305175781,3.32
2001-10-16,97033.34,40168.51,517,109.98999786376953,2.97
2001-10-17,95823.56,40168.51,517,107.6500015258789,4.18
2001-10-18,95704.65,40168.51,517,107.41999816894531,4.3
2001-10-19,95668.46,40168.51,517,107.3499984741211,4.33
2001-10-22,96764.5,40168.51,517,109.47000122070312,3.24
2001-10-23,96474.98,40168.51,517,108.91000366210938,3.53
2001-10-24,96325.05,40168.51,517,108.62000274658203,3.67
2001-10-25,97333.2,40168.51,517,110.56999969482422,2.67
2001-10-26,97203.95,40168.51,517,110.31999969482422,2.8
2001-10-29,95720.16,40168.51,517,107.44999694824219,4.28
2001-10-30,95053.23,40168.51,517,106.16000366210938,4.95
2001-10-31,94867.11,40168.51,517,105.80000305175781,5.13
2001-11-01,96268.18,40168.51,517,108.51000213623047,3.73
2001-11-02,96650.76,40168.51,517,109.25,3.35
2001-11-05,97390.07,40168.51,517,110.68000030517578,2.61
2001-11-06,98279.31,40168.51,517,112.4000015258789,1.72
2001-11-07,98201.76,40168.51,517,112.25,1.8
2001-11-08,98382.71,40168.51,517,112.5999984741211,1.62
2001-11-09,98444.75,40168.51,517,112.72000122070312,1.56
2001-11-12,98088.02,40168.51,517,112.02999877929688,1.91
2001-11-13,99390.86,40168.51,517,114.55000305175781,0.61
2001-11-14,99447.73,40168.51,517,114.66000366210938,0.55
2001-11-15,99556.3,40168.51,517,114.87000274658203,0.44
2001-11-16,99292.63,40168.51,517,114.36000061035156,0.71
2001-11-19,100021.6,40168.51,517,115.7699966430664,0
2001-11-20,99520.11,40168.51,517,114.80000305175781,0.5
2001-11-21,99127.19,40168.51,517,114.04000091552734,0.89
2001-11-23,99975.07,40168.51,517,115.68000030517578,0.05
2001-11-26,100104.32,40168.51,517,115.93000030517578,0
2001-11-27,99845.82,40168.51,517,115.43000030517578,0.26
2001-11-28,98765.29,40168.51,517,113.33999633789062,1.34
2001-11-29,99556.3,40168.51,517,114.87000274658203,0.55
2001-11-30,99132.36,40168.51,517,114.05000305175781,0.97
2001-12-03,98780.8,40168.51,517,113.37000274658203,1.32
2001-12-04,99773.44,40168.51,517,115.29000091552734,0.33
2001-12-05,100864.31,40168.51,517,117.4000015258789,0
2001-12-06,100833.29,40168.51,517,117.33999633789062,0.03
2001-12-07,100430.03,40168.51,517,116.55999755859375,0.43
2001-12-10,99302.97,40168.51,517,114.37999725341797,1.55
2001-12-11,99184.06,40168.51,517,114.1500015258789,1.67
2001-12-12,99251.27,40168.51,517,114.27999877929688,1.6
2001-12-13,98103.53,40168.51,517,112.05999755859375,2.74
2001-12-14,98656.72,40168.51,517,113.12999725341797,2.19
2001-12-17,99261.61,40168.51,517,114.30000305175781,1.59
2001-12-18,99613.17,40168.51,517,114.9800033569336,1.24
2001-12-19,100031.94,40168.51,517,115.79000091552734,0.83
2001-12-20,99442.56,40168.51,517,114.6500015258789,1.41
2001-12-21,99597.66,40168.51,517,114.94999694824219,1.26
2001-12-24,99483.92,40168.51,517,114.7300033569336,1.37
2001-12-26,99809.63,40168.51,517,115.36000061035156,1.05
2001-12-27,100171.53,40168.51,517,116.05999755859375,0.69
2001-12-28,100140.51,40168.51,517,116,0.72
2001-12-31,99261.61,40168.51,517,114.30000305175781,1.59
2002-01-02,99897.52,40168.51,517,115.52999877929688,0.96
2002-01-03,100574.79,40168.51,517,116.83999633789062,0.29
2002-01-04,100978.05,40168.51,517,117.62000274658203,0
2002-01-07,100548.94,40168.51,517,116.79000091552734,0.42
2002-01-08,100409.35,40168.51,517,116.5199966430664,0.56
2002-01-09,99918.2,40168.51,517,115.56999969482422,1.05
2002-01-10,100181.87,40168.51,517,116.08000183105469,0.79
2002-01-11,99592.49,40168.51,517,114.94000244140625,1.37
2002-01-14,99220.25,40168.51,517,114.22000122070312,1.74
2002-01-15,99701.06,40168.51,517,115.1500015258789,1.26
2002-01-16,98496.45,40168.51,517,112.81999969482422,2.46
2002-01-17,98935.9,40168.51,517,113.66999816894531,2.02
2002-01-18,98667.06,40168.51,517,113.1500015258789,2.29
2002-01-22,98263.8,40168.51,517,112.37000274658203,2.69
2002-01-23,98708.42,40168.51,517,113.2300033569336,2.25
2002-01-24,98889.37,40168.51,517,113.58000183105469,2.07
2002-01-25,98873.86,40168.51,517,113.55000305175781,2.08
2002-01-28,99034.13,40168.51,517,113.86000061035156,1.93
2002-01-29,97183.27,40168.51,517,110.27999877929688,3.76
2002-01-30,98005.3,40168.51,517,111.87000274658203,2.94
2002-01-31,98682.57,40168.51,517,113.18000030517578,2.27
2002-02-01,98408.56,40168.51,517,112.6500015258789,2.54
2002-02-04,96960.96,40168.51,517,109.8499984741211,3.98
2002-02-05,96609.4,40168.51,517,109.16999816894531,4.33
2002-02-06,96366.41,40168.51,517,108.69999694824219,4.57
2002-02-07,96014.85,40168.51,517,108.0199966430664,4.92
2002-02-08,97085.04,40168.51,517,110.08999633789062,3.86
2002-02-11,97782.99,40168.51,517,111.44000244140625,3.16
2002-02-12,97602.04,40168.51,517,111.08999633789062,3.34
2002-02-13,98212.1,40168.51,517,112.2699966430664,2.74
2002-02-14,98103.53,40168.51,517,112.05999755859375,2.85
2002-02-15,97498.64,40168.51,517,110.88999938964844,3.45
2002-02-19,96397.43,40168.51,517,108.76000213623047,4.54
2002-02-20,97343.54,40168.51,517,110.58999633789062,3.6
2002-02-21,96159.61,40168.51,517,108.30000305175781,4.77
2002-02-22,96852.39,40168.51,517,109.63999938964844,4.09
2002-02-25,97788.16,40168.51,517,111.44999694824219,3.16
2002-02-26,97669.25,40168.51,517,111.22000122070312,3.28
2002-02-27,97891.56,40168.51,517,111.6500015258789,3.06
2002-02-28,97633.06,40168.51,517,111.1500015258789,3.31
2002-03-01,98972.09,40168.51,517,113.73999786376953,1.99
2002-03-04,100011.26,40168.51,517,115.75,0.96
2002-03-05,99819.97,40168.51,517,115.37999725341797,1.15
2002-03-06,100528.26,40168.51,517,116.75,0.45
2002-03-07,100399.01,40168.51,517,116.5,0.57
2002-03-08,100652.34,40168.51,517,116.98999786376953,0.32
2002-03-11,100781.59,40168.51,517,117.23999786376953,0.19
2002-03-12,100745.4,40168.51,517,117.16999816894531,0.23
2002-03-13,100161.19,40168.51,517,116.04000091552734,0.81
2002-03-14,100078.47,40168.51,517,115.87999725341797,0.89
2002-03-15,100476.56,40168.51,517,116.6500015258789,0.5
2002-03-18,100486.9,40168.51,517,116.66999816894531,0.49
2002-03-19,100890.16,40168.51,517,117.44999694824219,0.09
2002-03-20,99747.59,40168.51,517,115.23999786376953,1.22
2002-03-21,99773.44,40168.51,517,115.29000091552734,1.19
2002-03-22,99644.19,40168.51,517,115.04000091552734,1.32
2002-03-25,98904.88,40168.51,517,113.61000061035156,2.05
2002-03-26,99246.1,40168.51,517,114.2699966430664,1.72
2002-03-27,99401.2,40168.51,517,114.56999969482422,1.56
2002-03-28,99375.35,40168.51,517,114.5199966430664,1.59
2002-04-01,99401.2,40168.51,517,114.56999969482422,1.56
2002-04-02,99075.49,40168.51,517,113.94000244140625,1.88
2002-04-03,98661.89,40168.51,517,113.13999938964844,2.29
2002-04-04,98418.9,40168.51,517,112.66999816894531,2.53
2002-04-05,98429.24,40168.51,517,112.69000244140625,2.52
2002-04-08,98553.32,40168.51,517,112.93000030517578,2.4
2002-04-09,98144.89,40168.51,517,112.13999938964844,2.81
2002-04-10,98801.48,40168.51,517,113.41000366210938,2.16
2002-04-11,97343.54,40168.51,517,110.58999633789062,3.6
2002-04-12,97772.65,40168.51,517,111.41999816894531,3.17
2002-04-15,97333.2,40168.51,517,110.56999969482422,3.61
2002-04-16,98692.91,40168.51,517,113.19999694824219,2.26
2002-04-17,98568.83,40168.51,517,112.95999908447266,2.39
2002-04-18,98315.5,40168.51,517,112.47000122070312,2.64
2002-04-19,98527.47,40168.51,517,112.87999725341797,2.43
2002-04-22,97555.51,40168.51,517,111,3.39
2002-04-23,97307.35,40168.51,517,110.5199966430664,3.64
2002-04-24,96733.48,40168.51,517,109.41000366210938,4.2
2002-04-25,96764.5,40168.51,517,109.47000122070312,4.17
2002-04-26,95689.14,40168.51,517,107.38999938964844,5.24
2002-04-29,95415.13,40168.51,517,106.86000061035156,5.51
2002-04-30,95932.13,40168.51,517,107.86000061035156,5
2002-05-01,96614.57,40168.51,517,109.18000030517578,4.32
2002-05-02,96397.43,40168.51,517,108.76000213623047,4.54
2002-05-03,95787.37,40168.51,517,107.58000183105469,5.14
2002-05-06,94696.5,40168.51,517,105.47000122070312,6.22
2002-05-07,94505.21,40168.51,517,105.0999984741211,6.41
2002-05-08,96526.68,40168.51,517,109.01000213623047,4.41
2002-05-09,95875.26,40168.51,517,107.75,5.05
2002-05-10,94825.75,40168.51,517,105.72000122070312,6.09
2002-05-13,95937.3,40168.51,517,107.87000274658203,4.99
2002-05-14,97152.25,40168.51,517,110.22000122070312,3.79
2002-05-15,96929.94,40168.51,517,109.79000091552734,4.01
2002-05-16,97224.63,40168.51,517,110.36000061035156,3.72
2002-05-17,97503.81,40168.51,517,110.9000015258789,3.44
2002-05-20,96883.41,40168.51,517,109.69999694824219,4.05
2002-05-21,96366.41,40168.51,517,108.69999694824219,4.57
2002-05-22,96490.49,40168.51,517,108.94000244140625,4.44
2002-05-23,97090.21,40168.51,517,110.0999984741211,3.85
2002-05-24,96361.24,40168.51,517,108.69000244140625,4.57
2002-05-28,96056.21,40168.51,517,108.0999984741211,4.87
2002-05-29,95642.61,40168.51,517,107.30000305175781,5.28
2002-05-30,95487.51,40168.51,517,107,5.44
2002-05-31,95601.25,40168.51,517,107.22000122070312,5.32
2002-06-03,94127.8,40168.51,517,104.37000274658203,6.78
2002-06-04,94262.22,40168.51,517,104.62999725341797,6.65
2002-06-05,94768.88,40168.51,517,105.61000061035156,6.15
2002-06-06,93657.33,40168.51,517,103.45999908447266,7.25
2002-06-07,93595.29,40168.51,517,103.33999633789062,7.31
2002-06-10,93802.09,40168.51,517,103.73999786376953,7.11
2002-06-11,92881.83,40168.51,517,101.95999908447266,8.02
2002-06-12,93202.37,40168.51,517,102.58000183105469,7.7
2002-06-13,92669.86,40168.51,517,101.55000305175781,8.23
2002-06-14,92592.31,40168.51,517,101.4000015258789,8.3
2002-06-17,93998.55,40168.51,517,104.12000274658203,6.91
2002-06-18,94438,40168.51,517,104.97000122070312,6.48
2002-06-19,93171.35,40168.51,517,102.5199966430664,7.73
2002-06-20,92494.08,40168.51,517,101.20999908447266,8.4
2002-06-21,91496.27,40168.51,517,99.27999877929688,9.39
2002-06-24,91765.11,40168.51,517,99.80000305175781,9.12
2002-06-25,90607.03,40168.51,517,97.55999755859375,10.27
2002-06-26,90689.75,40168.51,517,97.72000122070312,10.19
2002-06-27,91573.82,40168.51,517,99.43000030517578,9.31
2002-06-28,91330.83,40168.51,517,98.95999908447266,9.55
2002-07-01,90333.02,40168.51,517,97.02999877929688,10.54
2002-07-02,89268,40168.51,517,94.97000122070312,11.6
2002-07-03,89547.18,40168.51,517,95.51000213623047,11.32
2002-07-05,91511.78,40168.51,517,99.30999755859375,9.37
2002-07-08,90870.7,40168.51,517,98.06999969482422,10.01
2002-07-09,89593.71,40168.51,517,95.5999984741211,11.27
2002-07-10,87794.55,40168.51,517,92.12000274658203,13.06
2002-07-11,88301.19,30257.44,625,92.87000274658203,12.55
2002-07-12,87663.69,30257.44,625,91.8499984741211,13.19
2002-07-15,87969.93,30257.44,625,92.33999633789062,12.88
2002-07-16,86857.44,30257.44,625,90.55999755859375,13.98
2002-07-17,86969.94,30257.44,625,90.73999786376953,13.87
2002-07-18,85132.44,30257.44,625,87.80000305175781,15.69
2002-07-19,83201.19,30257.44,625,84.70999908447266,17.6
2002-07-22,81632.43,30257.44,625,82.19999694824219,19.16
2002-07-23,79910.59,20267.89,746,79.94999694824219,20.86
2002-07-24,83469.01,20267.89,746,84.72000122070312,17.34
2002-07-25,82931.89,20267.89,746,84,17.87
2002-07-26,84125.49,20267.89,746,85.5999984741211,16.69
2002-07-29,87236.3,20267.89,746,89.7699966430664,13.61
2002-07-30,88109.13,20267.89,746,90.94000244140625,12.74
2002-07-31,88273.25,20267.89,746,91.16000366210938,12.58
2002-08-01,86497.77,20267.89,746,88.77999877929688,14.34
2002-08-02,85013.23,20267.89,746,86.79000091552734,15.81
2002-08-05,82760.3,20267.89,746,83.7699966430664,18.04
2002-08-06,84864.02,20267.89,746,86.58999633789062,15.96
2002-08-07,85990.49,20267.89,746,88.0999984741211,14.84
2002-08-08,88116.59,20267.89,746,90.94999694824219,12.74
2002-08-09,88370.23,20267.89,746,91.29000091552734,12.49
2002-08-12,87870.41,20267.89,746,90.62000274658203,12.98
2002-08-13,86639.51,20267.89,746,88.97000122070312,14.2
2002-08-14,89064.01,20267.89,746,92.22000122070312,11.8
2002-08-15,90018.89,20267.89,746,93.5,10.85
2002-08-16,89810.01,20267.89,746,93.22000122070312,11.06
2002-08-19,91436.29,20267.89,746,95.4000015258789,9.45
2002-08-20,90682.83,20267.89,746,94.38999938964844,10.2
2002-08-21,91697.39,20267.89,746,95.75,9.19
2002-08-22,92391.17,20267.89,746,96.68000030517578,8.5
2002-08-23,90839.49,20267.89,746,94.5999984741211,10.04
2002-08-26,91331.85,20267.89,746,95.26000213623047,9.55
2002-08-27,90511.25,20267.89,746,94.16000366210938,10.37
2002-08-28,88974.49,20267.89,746,92.0999984741211,11.89
2002-08-29,89004.33,20267.89,746,92.13999938964844,11.86
2002-08-30,88735.77,20267.89,746,91.77999877929688,12.12
2002-09-03,86124.77,20267.89,746,88.27999877929688,14.71
2002-09-04,87064.73,20267.89,746,89.54000091552734,13.78
2002-09-05,86497.77,20267.89,746,88.77999877929688,14.34
2002-09-06,87407.89,20267.89,746,90,13.44
2002-09-09,87900.25,20267.89,746,90.66000366210938,12.95
2002-09-10,88676.09,20267.89,746,91.69999694824219,12.18
2002-09-11,88250.87,20267.89,746,91.12999725341797,12.6
2002-09-12,86997.59,20267.89,746,89.44999694824219,13.85
2002-09-13,87161.71,20267.89,746,89.66999816894531,13.68
2002-09-16,87325.83,20267.89,746,89.88999938964844,13.52
2002-09-17,85789.07,20267.89,746,87.83000183105469,15.04
2002-09-18,85132.59,20267.89,746,86.94999694824219,15.69
2002-09-19,83454.09,20267.89,746,84.69999694824219,17.35
2002-09-20,83192.99,20267.89,746,84.3499984741211,17.61
2002-09-23,82678.25,20267.89,746,83.66000366210938,18.12
2002-09-24,81671.15,20267.89,746,82.30999755859375,19.12
2002-09-25,83192.99,20267.89,746,84.3499984741211,17.61
2002-09-26,84222.47,20267.89,746,85.7300033569336,16.59
2002-09-27,81999.39,20267.89,746,82.75,18.79
2002-09-30,81283.23,20267.89,746,81.79000091552734,19.5
2002-10-01,84215.01,20267.89,746,85.72000122070312,16.6
2002-10-02,82297.79,20267.89,746,83.1500015258789,18.5
2002-10-03,81671.15,20267.89,746,82.30999755859375,19.12
2002-10-04,80544.69,20267.89,746,80.80000305175781,20.24
2002-10-07,79298.87,20267.89,746,79.12999725341797,21.47
2002-10-08,80223.91,20267.89,746,80.37000274658203,20.55
2002-10-09,78530.49,20267.89,746,78.0999984741211,22.23
2002-10-10,80417.87,20267.89,746,80.62999725341797,20.36
2002-10-11,83051.25,20267.89,746,84.16000366210938,17.75
2002-10-14,83401.87,20267.89,746,84.62999725341797,17.41
2002-10-15,86438.09,20267.89,746,88.69999694824219,14.4
2002-10-16,84834.19,20267.89,746,86.55000305175781,15.99
2002-10-17,86117.3,20267.89,746,88.2699966430664,14.72
2002-10-18,86393.33,20267.89,746,88.63999938964844,14.44
2002-10-21,87534.71,20267.89,746,90.16999816894531,13.31
2002-10-22,87049.8,20267.89,746,89.5199966430664,13.79
2002-10-23,87557.09,20267.89,746,90.19999694824219,13.29
2002-10-24,86184.45,20267.89,746,88.36000061035156,14.65
2002-10-25,87557.09,20267.89,746,90.19999694824219,13.29
2002-10-28,87116.95,20267.89,746,89.61000061035156,13.73
2002-10-29,86341.11,20267.89,746,88.56999969482422,14.5
2002-10-30,86982.67,20267.89,746,89.43000030517578,13.86
2002-10-31,86303.8,20267.89,746,88.5199966430664,14.53
2002-11-01,87609.3,20267.89,746,90.2699966430664,13.24
2002-11-04,88250.87,20267.89,746,91.12999725341797,12.6
2002-11-05,88787.99,20267.89,746,91.8499984741211,12.07
2002-11-06,89675.73,20267.89,746,93.04000091552734,11.19
2002-11-07,87974.85,20267.89,746,90.76000213623047,12.88
2002-11-08,87146.79,20267.89,746,89.6500015258789,13.7
2002-11-11,86109.85,20267.89,746,88.26000213623047,14.72
2002-11-12,86632.05,20267.89,746,88.95999908447266,14.21
2002-11-13,86699.19,20267.89,746,89.05000305175781,14.14
2002-11-14,87952.47,20267.89,746,90.7300033569336,12.9
2002-11-15,88452.29,20267.89,746,91.4000015258789,12.4
2002-11-18,87765.97,20267.89,746,90.4800033569336,13.08
2002-11-19,87676.45,20267.89,746,90.36000061035156,13.17
2002-11-20,89175.91,20267.89,746,92.37000274658203,11.69
2002-11-21,90459.02,20267.89,746,94.08999633789062,10.42
2002-11-22,89959.21,20267.89,746,93.41999816894531,10.91
2002-11-25,90003.97,20267.89,746,93.4800033569336,10.87
2002-11-26,88676.09,20267.89,746,91.69999694824219,12.18
2002-11-27,90600.77,20267.89,746,94.27999877929688,10.28
2002-11-29,90376.97,20267.89,746,93.9800033569336,10.5
2002-12-02,90488.87,20267.89,746,94.12999725341797,10.39
2002-12-03,89548.91,20267.89,746,92.87000274658203,11.32
2002-12-04,89235.59,20267.89,746,92.44999694824219,11.63
2002-12-05,88474.67,20267.89,746,91.43000030517578,12.38
2002-12-06,88922.27,20267.89,746,92.02999877929688,11.94
2002-12-09,87034.89,20267.89,746,89.5,13.81
2002-12-10,87930.09,20267.89,746,90.69999694824219,12.92
2002-12-11,87989.77,20267.89,746,90.77999877929688,12.86
2002-12-12,87982.3,20267.89,746,90.7699966430664,12.87
2002-12-13,86915.52,20267.89,746,89.33999633789062,13.93
2002-12-16,88638.79,20267.89,746,91.6500015258789,12.22
2002-12-17,88041.99,20267.89,746,90.8499984741211,12.81
2002-12-18,87258.69,20267.89,746,89.80000305175781,13.59
2002-12-19,86781.25,20267.89,746,89.16000366210938,14.06
2002-12-20,87400.43,20267.89,746,89.98999786376953,13.45
2002-12-23,87422.8,20267.89,746,90.0199966430664,13.42
2002-12-24,86922.99,20267.89,746,89.3499984741211,13.92
2002-12-26,86952.83,20267.89,746,89.38999938964844,13.89
2002-12-27,85453.37,20267.89,746,87.37999725341797,15.37
2002-12-30,85997.95,20267.89,746,88.11000061035156,14.84
2002-12-31,86087.47,20267.89,746,88.2300033569336,14.75
2003-01-02,88206.11,20267.89,746,91.06999969482422,12.65
2003-01-03,88414.99,20267.89,746,91.3499984741211,12.44
2003-01-06,89616.05,20267.89,746,92.95999908447266,11.25
2003-01-07,89444.47,20267.89,746,92.7300033569336,11.42
2003-01-08,88444.83,20267.89,746,91.38999938964844,12.41
2003-01-09,89504.15,20267.89,746,92.80999755859375,11.36
2003-01-10,89690.65,20267.89,746,93.05999755859375,11.18
2003-01-13,89668.27,20267.89,746,93.02999877929688,11.2
2003-01-14,89892.07,20267.89,746,93.33000183105469,10.98
2003-01-15,89198.29,20267.89,746,92.4000015258789,11.67
2003-01-16,88914.8,20267.89,746,92.0199966430664,11.95
2003-01-17,87900.25,20267.89,746,90.66000366210938,12.95
2003-01-21,86848.39,20267.89,746,89.25,13.99
2003-01-22,86042.71,20267.89,746,88.16999816894531,14.79
2003-01-23,86445.55,20267.89,746,88.70999908447266,14.39
2003-01-24,84707.37,20267.89,746,86.37999725341797,16.11
2003-01-27,83827.09,20267.89,746,85.19999694824219,16.98
2003-01-28,84297.07,20267.89,746,85.83000183105469,16.52
2003-01-29,84781.97,20267.89,746,86.4800033569336,16.04
2003-01-30,83252.67,20267.89,746,84.43000030517578,17.55
2003-01-31,84468.65,20267.89,746,86.05999755859375,16.35
2003-02-03,84595.47,20267.89,746,86.2300033569336,16.22
2003-02-04,83961.37,20267.89,746,85.37999725341797,16.85
2003-02-05,83565.99,20267.89,746,84.8499984741211,17.24
2003-02-06,83267.59,20267.89,746,84.44999694824219,17.54
2003-02-07,82499.21,20267.89,746,83.41999816894531,18.3
2003-02-10,82939.35,20267.89,746,84.01000213623047,17.86
2003-02-11,82506.67,20267.89,746,83.43000030517578,18.29
2003-02-12,81514.49,20267.89,746,82.0999984741211,19.28
2003-02-13,81700.99,20267.89,746,82.3499984741211,19.09
2003-02-14,83043.79,20267.89,746,84.1500015258789,17.76
2003-02-18,84147.87,20267.89,746,85.62999725341797,16.67
2003-02-19,83812.17,20267.89,746,85.18000030517578,17
2003-02-20,83178.07,20267.89,746,84.33000183105469,17.63
2003-02-21,83812.17,20267.89,746,85.18000030517578,17
2003-02-24,82782.69,20267.89,746,83.80000305175781,18.02
2003-02-25,83282.51,20267.89,746,84.47000122070312,17.52
2003-02-26,82364.93,20267.89,746,83.23999786376953,18.43
2003-02-27,83185.52,20267.89,746,84.33999633789062,17.62
2003-02-28,83603.29,20267.89,746,84.9000015258789,17.21
2003-03-03,82999.02,20267.89,746,84.08999633789062,17.8
2003-03-04,81999.39,20267.89,746,82.75,18.79
2003-03-05,82521.59,20267.89,746,83.44999694824219,18.28
2003-03-06,81999.39,20267.89,746,82.75,18.79
2003-03-07,82424.61,20267.89,746,83.31999969482422,18.37
2003-03-10,80932.61,20267.89,746,81.31999969482422,19.85
2003-03-11,80335.8,20267.89,746,80.5199966430664,20.44
2003-03-12,80738.65,20267.89,746,81.05999755859375,20.04
2003-03-13,82827.45,20267.89,746,83.86000061035156,17.97
2003-03-14,83028.87,20267.89,746,84.12999725341797,17.78
2003-03-17,85005.77,20267.89,746,86.77999877929688,15.82
2003-03-18,85386.23,20267.89,746,87.29000091552734,15.44
2003-03-19,85886.05,20267.89,746,87.95999908447266,14.95
2003-03-20,86027.79,20267.89,746,88.1500015258789,14.81
2003-03-21,87161.71,20267.89,746,89.66999816894531,13.68
2003-03-24,84938.63,20267.89,746,86.69000244140625,15.88
2003-03-25,85557.8,20267.89,746,87.5199966430664,15.27
2003-03-26,85229.57,20267.89,746,87.08000183105469,15.6
2003-03-27,85281.79,20267.89,746,87.1500015258789,15.54
2003-03-28,84953.55,20267.89,746,86.70999908447266,15.87
2003-03-31,83483.93,20267.89,746,84.73999786376953,17.32
2003-04-01,84453.73,20267.89,746,86.04000091552734,16.36
2003-04-02,86005.41,20267.89,746,88.12000274658203,14.83
2003-04-03,85692.09,20267.89,746,87.69999694824219,15.14
2003-04-04,86080.01,20267.89,746,88.22000122070312,14.75
2003-04-07,85953.19,20267.89,746,88.05000305175781,14.88
2003-04-08,86057.63,20267.89,746,88.19000244140625,14.78
2003-04-09,85192.27,20267.89,746,87.02999877929688,15.63
2003-04-10,85550.35,20267.89,746,87.51000213623047,15.28
2003-04-11,85281.79,20267.89,746,87.1500015258789,15.54
2003-04-14,86624.59,20267.89,746,88.94999694824219,14.21
2003-04-15,87243.77,20267.89,746,89.77999877929688,13.6
2003-04-16,86102.39,20267.89,746,88.25,14.73
2003-04-17,87079.65,20267.89,746,89.55999755859375,13.76
2003-04-21,87146.79,20267.89,746,89.6500015258789,13.7
2003-04-22,88407.52,20267.89,746,91.33999633789062,12.45
2003-04-23,89034.17,20267.89,746,92.18000030517578,11.83
2003-04-24,88422.45,20267.89,746,91.36000061035156,12.43
2003-04-25,87579.47,20267.89,746,90.2300033569336,13.27
2003-04-28,88743.23,20267.89,746,91.79000091552734,12.12
2003-04-29,88981.95,20267.89,746,92.11000061035156,11.88
2003-04-30,88832.75,20267.89,746,91.91000366210938,12.03
2003-05-01,88825.29,20267.89,746,91.9000015258789,12.04
2003-05-02,89802.55,20267.89,746,93.20999908447266,11.07
2003-05-05,89668.27,20267.89,746,93.02999877929688,11.2
2003-05-06,90324.75,20267.89,746,93.91000366210938,10.55
2003-05-07,89936.83,20267.89,746,93.38999938964844,10.93
2003-05-08,89235.59,20267.89,746,92.44999694824219,11.63
2003-05-09,90190.47,20267.89,746,93.7300033569336,10.68
2003-05-12,91048.37,20267.89,746,94.87999725341797,9.83
2003-05-13,90921.55,20267.89,746,94.70999908447266,9.96
2003-05-14,90772.35,20267.89,746,94.51000213623047,10.11
2003-05-15,91219.95,20267.89,746,95.11000061035156,9.66
2003-05-16,91040.91,20267.89,746,94.87000274658203,9.84
2003-05-19,89384.79,20267.89,746,92.6500015258789,11.48
2003-05-20,89243.05,20267.89,746,92.45999908447266,11.62
2003-05-21,89384.79,20267.89,746,92.6500015258789,11.48
2003-05-22,90071.11,20267.89,746,93.56999969482422,10.8
2003-05-23,90212.85,20267.89,746,93.76000213623047,10.66
2003-05-27,91436.29,20267.89,746,95.4000015258789,9.45
2003-05-28,91637.71,20267.89,746,95.66999816894531,9.25
2003-05-29,91451.21,20267.89,746,95.41999816894531,9.43
2003-05-30,92592.59,20267.89,746,96.94999694824219,8.3
2003-06-02,92890.99,20267.89,746,97.3499984741211,8.01
2003-06-03,93189.39,20267.89,746,97.75,7.71
2003-06-04,94241.25,20267.89,746,99.16000366210938,6.67
2003-06-05,94606.79,20267.89,746,99.6500015258789,6.31
2003-06-06,94315.85,20267.89,746,99.26000213623047,6.6
2003-06-09,93562.39,20267.89,746,98.25,7.34
2003-06-10,94308.39,20267.89,746,99.25,6.61
2003-06-11,95091.69,20267.89,746,100.30000305175781,5.83
2003-06-12,95322.95,20267.89,746,100.61000061035156,5.6
2003-06-13,94539.65,20267.89,746,99.55999755859375,6.38
2003-06-16,96106.25,20267.89,746,101.66000366210938,4.82
2003-06-17,96106.25,20267.89,746,101.66000366210938,4.82
2003-06-18,96039.11,20267.89,746,101.56999969482422,4.89
2003-06-19,94882.8,20267.89,746,100.0199966430664,6.04
2003-06-20,94450.13,20267.89,746,99.44000244140625,6.46
2003-06-23,93689.21,20267.89,746,98.41999816894531,7.22
2003-06-24,93763.8,20267.89,746,98.5199966430664,7.14
2003-06-25,93025.27,20267.89,746,97.52999877929688,7.88
2003-06-26,93972.69,20267.89,746,98.80000305175781,6.94
2003-06-27,93122.25,20267.89,746,97.66000366210938,7.78
2003-06-30,93099.87,20267.89,746,97.62999725341797,7.8
2003-07-01,93771.27,20267.89,746,98.52999877929688,7.14
2003-07-02,94696.3,20267.89,746,99.7699966430664,6.22
2003-07-03,93927.93,20267.89,746,98.73999786376953,6.98
2003-07-07,95390.09,20267.89,746,100.69999694824219,5.53
2003-07-08,95725.79,20267.89,746,101.1500015258789,5.2
2003-07-09,95300.57,20267.89,746,100.58000183105469,5.62
2003-07-10,94345.69,20267.89,746,99.30000305175781,6.57
2003-07-11,95046.93,20267.89,746,100.23999786376953,5.87
2003-07-14,95412.47,20267.89,746,100.7300033569336,5.51
2003-07-15,95248.35,20267.89,746,100.51000213623047,5.67
2003-07-16,94808.21,20267.89,746,99.91999816894531,6.11
2003-07-17,93748.89,20267.89,746,98.5,7.16
2003-07-18,94502.35,20267.89,746,99.51000213623047,6.41
2003-07-21,93584.77,20267.89,746,98.27999877929688,7.32
2003-07-22,94248.71,20267.89,746,99.16999816894531,6.66
2003-07-23,94300.93,20267.89,746,99.23999786376953,6.61
2003-07-24,93741.43,20267.89,746,98.48999786376953,7.17
2003-07-25,95039.47,20267.89,746,100.2300033569336,5.88
2003-07-28,94763.45,20267.89,746,99.86000061035156,6.15
2003-07-29,94420.29,20267.89,746,99.4000015258789,6.49
2003-07-30,94241.25,20267.89,746,99.16000366210938,6.67
2003-07-31,94412.83,20267.89,746,99.38999938964844,6.5
2003-08-01,93756.35,20267.89,746,98.51000213623047,7.15
2003-08-04,93756.35,20267.89,746,98.51000213623047,7.15
2003-08-05,92197.21,20267.89,746,96.41999816894531,8.7
2003-08-06,92614.97,20267.89,746,96.9800033569336,8.28
2003-08-07,93375.89,20267.89,746,98,7.53
2003-08-08,93584.77,20267.89,746,98.27999877929688,7.32
2003-08-11,93860.79,20267.89,746,98.6500015258789,7.05
2003-08-12,94532.19,20267.89,746,99.55000305175781,6.38
2003-08-13,94151.73,20267.89,746,99.04000091552734,6.76
2003-08-14,94353.15,20267.89,746,99.30999755859375,6.56
2003-08-15,94584.41,20267.89,746,99.62000274658203,6.33
2003-08-18,95225.97,20267.89,746,100.4800033569336,5.7
2003-08-19,95509.45,20267.89,746,100.86000061035156,5.42
2003-08-20,95203.59,20267.89,746,100.44999694824219,5.72
2003-08-21,95442.3,20267.89,746,100.7699966430664,5.48
2003-08-22,94696.3,20267.89,746,99.7699966430664,6.22
2003-08-25,94815.67,20267.89,746,99.93000030517578,6.1
2003-08-26,94949.95,20267.89,746,100.11000061035156,5.97
2003-08-27,94972.33,20267.89,746,100.13999938964844,5.95
2003-08-28,95434.85,20267.89,746,100.76000213623047,5.49
2003-08-29,95942.13,20267.89,746,101.44000244140625,4.99
2003-09-02,96956.69,20267.89,746,102.80000305175781,3.98
2003-09-03,97374.45,20267.89,746,103.36000061035156,3.57
2003-09-04,97411.75,20267.89,746,103.41000366210938,3.53
2003-09-05,96979.07,20267.89,746,102.83000183105469,3.96
2003-09-08,97613.17,20267.89,746,103.68000030517578,3.33
2003-09-09,97105.89,20267.89,746,103,3.83
2003-09-10,96330.05,20267.89,746,101.95999908447266,4.6
2003-09-11,96553.85,20267.89,746,102.26000213623047,4.38
2003-09-12,96695.59,20267.89,746,102.44999694824219,4.24
2003-09-15,96427.02,20267.89,746,102.08999633789062,4.51
2003-09-16,97538.57,20267.89,746,103.58000183105469,3.41
2003-09-17,97389.37,20267.89,746,103.37999725341797,3.55
2003-09-18,98299.49,20267.89,746,104.5999984741211,2.65
2003-09-19,97605.71,20267.89,746,103.66999816894531,3.34
2003-09-22,96770.19,20267.89,746,102.55000305175781,4.17
2003-09-23,97061.13,20267.89,746,102.94000244140625,3.88
2003-09-24,95695.95,20267.89,746,101.11000061035156,5.23
2003-09-25,95076.77,20267.89,746,100.27999877929688,5.84
2003-09-26,94830.59,20267.89,746,99.94999694824219,6.09
2003-09-29,95561.67,20267.89,746,100.93000030517578,5.36
2003-09-30,94830.59,20267.89,746,99.94999694824219,6.09
2003-10-01,96419.57,20267.89,746,102.08000183105469,4.51
2003-10-02,96695.59,20267.89,746,102.44999694824219,4.24
2003-10-03,97396.83,20267.89,746,103.38999938964844,3.55
2003-10-06,97747.45,20267.89,746,103.86000061035156,3.2
2003-10-07,98045.85,20267.89,746,104.26000213623047,2.9
2003-10-08,97851.89,20267.89,746,104,3.1
2003-10-09,98060.77,20267.89,746,104.27999877929688,2.89
2003-10-10,98277.11,20267.89,746,104.56999969482422,2.67
2003-10-13,98523.29,20267.89,746,104.9000015258789,2.43
2003-10-14,98799.3,20267.89,746,105.2699966430664,2.16
2003-10-15,98590.43,20267.89,746,104.98999786376953,2.36
2003-10-16,98903.75,20267.89,746,105.41000366210938,2.05
2003-10-17,98045.85,20267.89,746,104.26000213623047,2.9
2003-10-20,98627.73,20267.89,746,105.04000091552734,2.33
2003-10-21,98493.45,20267.89,746,104.86000061035156,2.46
2003-10-22,97508.73,20267.89,746,103.54000091552734,3.44
2003-10-23,97366.99,20267.89,746,103.3499984741211,3.58
2003-10-24,97538.57,20267.89,746,103.58000183105469,3.41
2003-10-27,97575.87,20267.89,746,103.62999725341797,3.37
2003-10-28,98627.73,20267.89,746,105.04000091552734,2.33
2003-10-29,98732.17,20267.89,746,105.18000030517578,2.22
2003-10-30,98896.29,20267.89,746,105.4000015258789,2.06
2003-10-31,98821.69,20267.89,746,105.30000305175781,2.14
2003-11-03,99336.43,20267.89,746,105.98999786376953,1.63
2003-11-04,99164.85,20267.89,746,105.76000213623047,1.8
2003-11-05,99224.52,20267.89,746,105.83999633789062,1.74
2003-11-06,99642.29,20267.89,746,106.4000015258789,1.32
2003-11-07,99052.95,20267.89,746,105.61000061035156,1.91
2003-11-10,98732.17,20267.89,746,105.18000030517578,2.22
2003-11-11,98709.79,20267.89,746,105.1500015258789,2.25
2003-11-12,99590.07,20267.89,746,106.33000183105469,1.37
2003-11-13,99612.45,20267.89,746,106.36000061035156,1.35
2003-11-14,98941.05,20267.89,746,105.45999908447266,2.02
2003-11-17,98545.67,20267.89,746,104.93000030517578,2.41
2003-11-18,97732.52,20267.89,746,103.83999633789062,3.21
2003-11-19,98389.01,20267.89,746,104.72000122070312,2.56
2003-11-20,97687.77,20267.89,746,103.77999877929688,3.26
2003-11-21,98008.55,20267.89,746,104.20999908447266,2.94
2003-11-24,99038.02,20267.89,746,105.58999633789062,1.92
2003-11-25,99336.43,20267.89,746,105.98999786376953,1.63
2003-11-26,99619.91,20267.89,746,106.37000274658203,1.34
2003-11-28,99679.59,20267.89,746,106.44999694824219,1.29
2003-12-01,100537.49,20267.89,746,107.5999984741211,0.44
2003-12-02,100336.07,20267.89,746,107.33000183105469,0.64
2003-12-03,100209.25,20267.89,746,107.16000366210938,0.76
2003-12-04,100537.49,20267.89,746,107.5999984741211,0.44
2003-12-05,99977.99,20267.89,746,106.8499984741211,0.99
2003-12-08,100515.11,20267.89,746,107.56999969482422,0.46
2003-12-09,99895.93,20267.89,746,106.73999786376953,1.07
2003-12-10,99888.47,20267.89,746,106.7300033569336,1.08
2003-12-11,100783.67,20267.89,746,107.93000030517578,0.19
2003-12-12,100940.33,20267.89,746,108.13999938964844,0.04
2003-12-15,100537.49,20267.89,746,107.5999984741211,0.44
2003-12-16,100955.25,20267.89,746,108.16000366210938,0.02
2003-12-17,101208.89,20267.89,746,108.5,0
2003-12-18,102119.01,20267.89,746,109.72000122070312,0
2003-12-19,101507.29,20267.89,746,108.9000015258789,0.6
2003-12-22,102074.25,20267.89,746,109.66000366210938,0.04
2003-12-23,102126.47,20267.89,746,109.7300033569336,0
2003-12-24,102044.41,20267.89,746,109.62000274658203,0.08
2003-12-26,102104.09,20267.89,746,109.69999694824219,0.02
2003-12-29,103193.25,20267.89,746,111.16000366210938,0
2003-12-30,103208.17,20267.89,746,111.18000030517578,0
2003-12-31,103282.77,20267.89,746,111.27999877929688,0
2004-01-02,103245.47,20267.89,746,111.2300033569336,0.04
2004-01-05,104148.13,20267.89,746,112.44000244140625,0
2004-01-06,104230.19,20267.89,746,112.55000305175781,0
2004-01-07,104513.67,20267.89,746,112.93000030517578,0
2004-01-08,104849.37,20267.89,746,113.37999725341797,0
2004-01-09,104110.83,20267.89,746,112.38999938964844,0.7
2004-01-12,104730.01,20267.89,746,113.22000122070312,0.11
2004-01-13,104237.65,20267.89,746,112.55999755859375,0.58
2004-01-14,104938.89,20267.89,746,113.5,0
2004-01-15,105147.77,20267.89,746,113.77999877929688,0
2004-01-16,105483.47,20267.89,746,114.2300033569336,0
2004-01-20,105461.09,20267.89,746,114.19999694824219,0.02
2004-01-21,106132.49,20267.89,746,115.0999984741211,0
2004-01-22,105908.69,20267.89,746,114.80000305175781,0.21
2004-01-23,105632.67,20267.89,746,114.43000030517578,0.47
2004-01-26,106706.91,20267.89,746,115.87000274658203,0
2004-01-27,105819.17,20267.89,746,114.68000030517578,0.83
2004-01-28,104841.91,20267.89,746,113.37000274658203,1.75
2004-01-29,104923.97,20267.89,746,113.4800033569336,1.67
2004-01-30,104923.97,20267.89,746,113.4800033569336,1.67
2004-02-02,105289.51,20267.89,746,113.97000122070312,1.33
2004-02-03,105147.77,20267.89,746,113.77999877929688,1.46
2004-02-04,104453.99,20267.89,746,112.8499984741211,2.11
2004-02-05,104700.17,20267.89,746,113.18000030517578,1.88
2004-02-06,105647.59,20267.89,746,114.44999694824219,0.99
2004-02-09,105669.97,20267.89,746,114.4800033569336,0.97
2004-02-10,105945.99,20267.89,746,114.8499984741211,0.71
2004-02-11,106856.11,20267.89,746,116.06999969482422,0
2004-02-12,106542.79,20267.89,746,115.6500015258789,0.29
2004-02-13,106154.87,20267.89,746,115.12999725341797,0.66
2004-02-17,106930.71,20267.89,746,116.16999816894531,0
2004-02-18,106550.25,20267.89,746,115.66000366210938,0.36
2004-02-19,106229.47,20267.89,746,115.2300033569336,0.66
2004-02-20,105968.37,20267.89,746,114.87999725341797,0.9
2004-02-23,105752.02,20267.89,746,114.58999633789062,1.1
2004-02-24,105602.83,20267.89,746,114.38999938964844,1.24
2004-02-25,105960.91,20267.89,746,114.87000274658203,0.91
2004-02-26,106013.13,20267.89,746,114.94000244140625,0.86
2004-02-27,106072.8,20267.89,746,115.0199966430664,0.8
2004-03-01,106923.25,20267.89,746,116.16000366210938,0.01
2004-03-02,106415.97,20267.89,746,115.4800033569336,0.48
2004-03-03,106572.63,20267.89,746,115.69000244140625,0.33
2004-03-04,106796.43,20267.89,746,115.98999786376953,0.13
2004-03-05,107087.37,20267.89,746,116.37999725341797,0
2004-03-08,106028.05,20267.89,746,114.95999908447266,0.99
2004-03-09,105684.89,20267.89,746,114.5,1.31
2004-03-10,104252.57,20267.89,746,112.58000183105469,2.65
2004-03-11,103163.41,20267.89,746,111.12000274658203,3.66
2004-03-12,104252.57,20267.89,746,112.58000183105469,2.65
2004-03-15,103223.09,20267.89,746,111.19999694824219,3.61
2004-03-16,103663.23,20267.89,746,111.79000091552734,3.2
2004-03-17,104595.73,20267.89,746,113.04000091552734,2.33
2004-03-18,104618.11,20267.89,746,113.06999969482422,2.31
2004-03-19,103118.65,20267.89,746,111.05999755859375,3.71
2004-03-22,102066.79,20267.89,746,109.6500015258789,4.69
2004-03-23,101925.05,20267.89,746,109.45999908447266,4.82
2004-03-24,101992.19,20267.89,746,109.55000305175781,4.76
2004-03-25,103073.89,20267.89,746,111,3.75
2004-03-26,103096.27,20267.89,746,111.02999877929688,3.73
2004-03-29,104260.02,20267.89,746,112.58999633789062,2.64
2004-03-30,104543.51,20267.89,746,112.97000122070312,2.38
2004-03-31,104640.49,20267.89,746,113.0999984741211,2.28
2004-04-01,105147.77,20267.89,746,113.77999877929688,1.81
2004-04-02,105789.33,20267.89,746,114.63999938964844,1.21
2004-04-05,106259.3,20267.89,746,115.2699966430664,0.77
2004-04-06,105983.29,20267.89,746,114.9000015258789,1.03
2004-04-07,105781.87,20267.89,746,114.62999725341797,1.22
2004-04-08,105587.91,20267.89,746,114.37000274658203,1.4
2004-04-12,105923.61,20267.89,746,114.81999969482422,1.09
2004-04-13,104722.55,20267.89,746,113.20999908447266,2.21
2004-04-14,104856.83,20267.89,746,113.38999938964844,2.08
2004-04-15,104536.05,20267.89,746,112.95999908447266,2.38
2004-04-16,105185.07,20267.89,746,113.83000183105469,1.78
2004-04-19,105185.07,20267.89,746,113.83000183105469,1.78
2004-04-20,103760.21,20267.89,746,111.91999816894531,3.11
2004-04-21,104319.71,20267.89,746,112.66999816894531,2.58
2004-04-22,105498.39,20267.89,746,114.25,1.48
2004-04-23,105580.45,20267.89,746,114.36000061035156,1.41
2004-04-26,105461.09,20267.89,746,114.19999694824219,1.52
2004-04-27,105535.69,20267.89,746,114.30000305175781,1.45
2004-04-28,104431.61,20267.89,746,112.81999969482422,2.48
2004-04-29,103693.07,20267.89,746,111.83000183105469,3.17
2004-04-30,103044.05,20267.89,746,110.95999908447266,3.78
2004-05-03,103931.79,20267.89,746,112.1500015258789,2.95
2004-05-04,103864.65,20267.89,746,112.05999755859375,3.01
2004-05-05,104401.77,20267.89,746,112.77999877929688,2.51
2004-05-06,103678.15,20267.89,746,111.80999755859375,3.18
2004-05-07,102298.05,20267.89,746,109.95999908447266,4.47
2004-05-10,101455.07,20267.89,746,108.83000183105469,5.26
2004-05-11,102141.39,20267.89,746,109.75,4.62
2004-05-12,102663.59,20267.89,746,110.44999694824219,4.13
2004-05-13,102320.43,20267.89,746,109.98999786376953,4.45
2004-05-14,102357.73,20267.89,746,110.04000091552734,4.42
2004-05-17,101656.49,20267.89,746,109.0999984741211,5.07
2004-05-18,102066.79,20267.89,746,109.6500015258789,4.69
2004-05-19,101783.3,20267.89,746,109.2699966430664,4.95
2004-05-20,102044.41,20267.89,746,109.62000274658203,4.71
2004-05-21,102186.15,20267.89,746,109.80999755859375,4.58
2004-05-24,102529.3,20267.89,746,110.2699966430664,4.26
2004-05-25,103707.99,20267.89,746,111.8499984741211,3.16
2004-05-26,103998.93,20267.89,746,112.23999786376953,2.88
2004-05-27,104468.91,20267.89,746,112.87000274658203,2.45
2004-05-28,104461.45,20267.89,746,112.86000061035156,2.45
2004-06-01,104349.55,20267.89,746,112.70999908447266,2.56
2004-06-02,104662.87,20267.89,746,113.12999725341797,2.26
2004-06-03,103887.02,20267.89,746,112.08999633789062,2.99
2004-06-04,104550.97,20267.89,746,112.9800033569336,2.37
2004-06-07,105834.09,20267.89,746,114.69999694824219,1.17
2004-06-08,105953.45,20267.89,746,114.86000061035156,1.06
2004-06-09,105155.23,20267.89,746,113.79000091552734,1.8
2004-06-10,105572.99,20267.89,746,114.3499984741211,1.41
2004-06-14,104730.01,20267.89,746,113.22000122070312,2.2
2004-06-15,105326.8,20267.89,746,114.0199966430664,1.64
2004-06-16,105311.89,20267.89,746,114,1.66
2004-06-17,105185.07,20267.89,746,113.83000183105469,1.78
2004-06-18,105035.87,20267.89,746,113.62999725341797,1.92
2004-06-21,104715.09,20267.89,746,113.19999694824219,2.22
2004-06-22,105140.3,20267.89,746,113.7699966430664,1.82
2004-06-23,105871.39,20267.89,746,114.75,1.14
2004-06-24,105602.83,20267.89,746,114.38999938964844,1.39
2004-06-25,105192.52,20267.89,746,113.83999633789062,1.77
2004-06-28,104901.59,20267.89,746,113.44999694824219,2.04
2004-06-29,105252.21,20267.89,746,113.91999816894531,1.71
2004-06-30,105707.27,20267.89,746,114.52999877929688,1.29
2004-07-01,104521.13,20267.89,746,112.94000244140625,2.4
2004-07-02,104476.37,20267.89,746,112.87999725341797,2.44
2004-07-06,103737.83,20267.89,746,111.88999938964844,3.13
2004-07-07,103984.01,20267.89,746,112.22000122070312,2.9
2004-07-08,103402.13,20267.89,746,111.44000244140625,3.44
2004-07-09,103618.47,20267.89,746,111.7300033569336,3.24
2004-07-12,103655.77,20267.89,746,111.77999877929688,3.2
2004-07-13,103715.45,20267.89,746,111.86000061035156,3.15
2004-07-14,103461.8,20267.89,746,111.5199966430664,3.39
2004-07-15,102924.69,20267.89,746,110.80000305175781,3.89
2004-07-16,102857.55,20267.89,746,110.70999908447266,3.95
2004-07-19,102506.93,20267.89,746,110.23999786376953,4.28
2004-07-20,103551.33,20267.89,746,111.63999938964844,3.3
2004-07-21,102014.57,20267.89,746,109.58000183105469,4.74
2004-07-22,102238.37,20267.89,746,109.87999725341797,4.53
2004-07-23,101552.05,20267.89,746,108.95999908447266,5.17
2004-07-26,101395.39,20267.89,746,108.75,5.32
2004-07-27,102156.3,20267.89,746,109.7699966430664,4.6
2004-07-28,102402.49,20267.89,746,110.0999984741211,4.37
2004-07-29,102753.11,20267.89,746,110.56999969482422,4.05
2004-07-30,102954.52,20267.89,746,110.83999633789062,3.86
2004-08-02,103126.11,20267.89,746,111.06999969482422,3.7
2004-08-03,102484.55,20267.89,746,110.20999908447266,4.3
2004-08-04,102477.09,20267.89,746,110.19999694824219,4.31
2004-08-05,101134.29,20267.89,746,108.4000015258789,5.56
2004-08-06,99977.99,20267.89,746,106.8499984741211,6.64
2004-08-09,100089.89,20267.89,746,107,6.53
2004-08-10,101119.37,20267.89,746,108.37999725341797,5.57
2004-08-11,100955.25,20267.89,746,108.16000366210938,5.73
2004-08-12,100074.97,20267.89,746,106.9800033569336,6.55
2004-08-13,100231.63,20267.89,746,107.19000244140625,6.4
2004-08-16,101059.69,20267.89,746,108.30000305175781,5.63
2004-08-17,101514.75,20267.89,746,108.91000366210938,5.2
2004-08-18,102350.27,20267.89,746,110.02999877929688,4.42
2004-08-19,102111.55,20267.89,746,109.70999908447266,4.65
2004-08-20,102685.97,20267.89,746,110.4800033569336,4.11
2004-08-23,102477.09,20267.89,746,110.19999694824219,4.31
2004-08-24,102588.99,20267.89,746,110.3499984741211,4.2
2004-08-25,103148.49,20267.89,746,111.0999984741211,3.68
2004-08-26,103148.49,20267.89,746,111.0999984741211,3.68
2004-08-27,103409.59,20267.89,746,111.44999694824219,3.43
2004-08-30,102723.27,20267.89,746,110.52999877929688,4.08
2004-08-31,103155.95,20267.89,746,111.11000061035156,3.67
2004-09-01,103312.61,20267.89,746,111.31999969482422,3.52
2004-09-02,104252.57,20267.89,746,112.58000183105469,2.65
2004-09-03,103909.41,20267.89,746,112.12000274658203,2.97
2004-09-07,104461.45,20267.89,746,112.86000061035156,2.45
2004-09-08,104252.57,20267.89,746,112.58000183105469,2.65
2004-09-09,104177.97,20267.89,746,112.4800033569336,2.72
2004-09-10,104610.65,20267.89,746,113.05999755859375,2.31
2004-09-13,104886.67,20267.89,746,113.43000030517578,2.06
2004-09-14,105058.25,20267.89,746,113.66000366210938,1.89
2004-09-15,104416.69,20267.89,746,112.80000305175781,2.49
2004-09-16,104670.33,20267.89,746,113.13999938964844,2.26
2004-09-17,104677.79,20267.89,746,113.1500015258789,2.25
2004-09-20,104170.51,20267.89,746,112.47000122070312,2.72
2004-09-21,104536.05,20267.89,746,112.95999908447266,2.38
2004-09-22,103484.19,20267.89,746,111.55000305175781,3.36
2004-09-23,103036.59,20267.89,746,110.94999694824219,3.78
2004-09-24,103417.05,20267.89,746,111.45999908447266,3.43
2004-09-27,102887.39,20267.89,746,110.75,3.92
2004-09-28,103282.77,20267.89,746,111.27999877929688,3.55
2004-09-29,103700.52,20267.89,746,111.83999633789062,3.16
2004-09-30,103640.85,20267.89,746,111.76000213623047,3.22
2004-10-01,105050.79,20267.89,746,113.6500015258789,1.9
2004-10-04,105192.52,20267.89,746,113.83999633789062,1.77
2004-10-05,105237.29,20267.89,746,113.9000015258789,1.73
2004-10-06,105819.17,20267.89,746,114.68000030517578,1.18
2004-10-07,104901.59,20267.89,746,113.44999694824219,2.04
2004-10-08,104200.35,20267.89,746,112.51000213623047,2.7
2004-10-11,104543.51,20267.89,746,112.97000122070312,2.38
2004-10-12,104215.27,20267.89,746,112.52999877929688,2.68
2004-10-13,103476.73,20267.89,746,111.54000091552734,3.37
2004-10-14,102805.33,20267.89,746,110.63999938964844,4
2004-10-15,103267.85,20267.89,746,111.26000213623047,3.57
2004-10-18,103581.17,20267.89,746,111.68000030517578,3.27
2004-10-19,102879.93,20267.89,746,110.73999786376953,3.93
2004-10-20,102715.8,20267.89,746,110.5199966430664,4.08
2004-10-21,103252.93,20267.89,746,111.23999786376953,3.58
2004-10-22,102320.43,20267.89,746,109.98999786376953,4.45
2004-10-25,102223.45,20267.89,746,109.86000061035156,4.54
2004-10-26,103476.73,20267.89,746,111.54000091552734,3.37
2004-10-27,104476.37,20267.89,746,112.87999725341797,2.44
2004-10-28,104730.01,20267.89,746,113.22000122070312,2.2
2004-10-29,104715.09,20267.89,746,113.19999694824219,2.22
2004-11-01,104946.35,20267.89,746,113.51000213623047,2
2004-11-02,104976.19,20267.89,746,113.55000305175781,1.97
2004-11-03,106042.97,20267.89,746,114.9800033569336,0.98
2004-11-04,107214.19,20267.89,746,116.55000305175781,0
2004-11-05,107758.77,20267.89,746,117.27999877929688,0
2004-11-08,107631.95,20267.89,746,117.11000061035156,0.12
2004-11-09,107460.37,20267.89,746,116.87999725341797,0.28
2004-11-10,107527.51,20267.89,746,116.97000122070312,0.21
2004-11-11,108191.45,20267.89,746,117.86000061035156,0
2004-11-12,108885.23,20267.89,746,118.79000091552734,0
2004-11-15,108840.47,20267.89,746,118.7300033569336,0.04
2004-11-16,108206.37,20267.89,746,117.87999725341797,0.62
2004-11-17,108728.57,20267.89,746,118.58000183105469,0.14
2004-11-18,108847.93,20267.89,746,118.73999786376953,0.03
2004-11-19,107863.21,20267.89,746,117.41999816894531,0.94
2004-11-22,108280.97,20267.89,746,117.9800033569336,0.55
2004-11-23,108415.25,20267.89,746,118.16000366210938,0.43
2004-11-24,108624.13,20267.89,746,118.44000244140625,0.24
2004-11-26,108556.99,20267.89,746,118.3499984741211,0.3
2004-11-29,108154.15,20267.89,746,117.80999755859375,0.67
2004-11-30,108213.83,20267.89,746,117.88999938964844,0.62
2004-12-01,109213.47,20267.89,746,119.2300033569336,0
2004-12-02,109288.07,20267.89,746,119.33000183105469,0
2004-12-03,109228.39,20267.89,746,119.25,0.05
2004-12-06,109198.55,20267.89,746,119.20999908447266,0.08
2004-12-07,108370.49,20267.89,746,118.0999984741211,0.84
2004-12-08,108885.23,20267.89,746,118.79000091552734,0.37
2004-12-09,109198.55,20267.89,746,119.20999908447266,0.08
2004-12-10,109288.07,20267.89,746,119.33000183105469,0
2004-12-13,110063.91,20267.89,746,120.37000274658203,0
2004-12-14,110377.23,20267.89,746,120.79000091552734,0
2004-12-15,110444.37,20267.89,746,120.87999725341797,0
2004-12-16,110392.15,20267.89,746,120.80999755859375,0.05
2004-12-17,109370.13,20267.89,746,119.44000244140625,0.97
2004-12-20,109392.51,20267.89,746,119.47000122070312,0.95
2004-12-21,110078.83,20267.89,746,120.38999938964844,0.33
2004-12-22,110295.17,20267.89,746,120.68000030517578,0.14
2004-12-23,110362.3,20267.89,746,120.7699966430664,0.07
2004-12-27,110175.8,20267.89,746,120.5199966430664,0.24
2004-12-28,110668.17,20267.89,746,121.18000030517578,0
2004-12-29,110802.45,20267.89,746,121.36000061035156,0
2004-12-30,110630.87,20267.89,746,121.12999725341797,0.15
2004-12-31,110436.91,20267.89,746,120.87000274658203,0.33
2005-01-03,110011.69,20267.89,746,120.30000305175781,0.71
2005-01-04,108915.07,20267.89,746,118.83000183105469,1.7
2005-01-05,108303.35,20267.89,746,118.01000213623047,2.26
2005-01-06,108750.95,20267.89,746,118.61000061035156,1.85
2005-01-07,108624.13,20267.89,746,118.44000244140625,1.97
2005-01-10,109041.89,20267.89,746,119,1.59
2005-01-11,108430.17,20267.89,746,118.18000030517578,2.14
2005-01-12,108721.11,20267.89,746,118.56999969482422,1.88
2005-01-13,108012.41,20267.89,746,117.62000274658203,2.52
2005-01-14,108474.93,20267.89,746,118.23999786376953,2.1
2005-01-18,109392.51,20267.89,746,119.47000122070312,1.27
2005-01-19,108460.01,20267.89,746,118.22000122070312,2.11
2005-01-20,107922.89,20267.89,746,117.5,2.6
2005-01-21,107385.77,20267.89,746,116.77999877929688,3.08
2005-01-24,107214.19,20267.89,746,116.55000305175781,3.24
2005-01-25,107460.37,20267.89,746,116.87999725341797,3.02
2005-01-26,107721.47,20267.89,746,117.2300033569336,2.78
2005-01-27,107870.67,20267.89,746,117.43000030517578,2.65
2005-01-28,107870.67,20267.89,746,117.43000030517578,2.65
2005-01-31,108415.25,20267.89,746,118.16000366210938,2.15
2005-02-01,108974.75,20267.89,746,118.91000366210938,1.65
2005-02-02,109243.3,20267.89,746,119.2699966430664,1.41
2005-02-03,109012.05,20267.89,746,118.95999908447266,1.62
2005-02-04,109959.47,20267.89,746,120.2300033569336,0.76
2005-02-07,109840.11,20267.89,746,120.06999969482422,0.87
2005-02-08,109944.55,20267.89,746,120.20999908447266,0.77
2005-02-09,109273.15,20267.89,746,119.30999755859375,1.38
2005-02-10,109593.93,20267.89,746,119.73999786376953,1.09
2005-02-11,110362.3,20267.89,746,120.7699966430664,0.4
2005-02-14,110295.17,20267.89,746,120.68000030517578,0.46
2005-02-15,110630.87,20267.89,746,121.12999725341797,0.15
2005-02-16,110690.55,20267.89,746,121.20999908447266,0.1
2005-02-17,109959.47,20267.89,746,120.2300033569336,0.76
2005-02-18,110078.83,20267.89,746,120.38999938964844,0.65
2005-02-22,108743.49,20267.89,746,118.5999984741211,1.86
2005-02-23,109377.59,20267.89,746,119.44999694824219,1.29
2005-02-24,109966.93,20267.89,746,120.23999786376953,0.75
2005-02-25,110854.67,20267.89,746,121.43000030517578,0
2005-02-28,110257.87,20267.89,746,120.62999725341797,0.54
2005-03-01,110705.47,20267.89,746,121.2300033569336,0.13
2005-03-02,110660.71,20267.89,746,121.16999816894531,0.17
2005-03-03,110698.01,20267.89,746,121.22000122070312,0.14
2005-03-04,111824.47,20267.89,746,122.7300033569336,0
2005-03-07,111869.23,20267.89,746,122.79000091552734,0
2005-03-08,111526.07,20267.89,746,122.33000183105469,0.31
2005-03-09,110511.51,20267.89,746,120.97000122070312,1.21
2005-03-10,110712.93,20267.89,746,121.23999786376953,1.03
2005-03-11,110078.83,20267.89,746,120.38999938964844,1.6
2005-03-14,110638.33,20267.89,746,121.13999938964844,1.1
2005-03-15,109892.33,20267.89,746,120.13999938964844,1.77
2005-03-16,109131.41,20267.89,746,119.12000274658203,2.45
2005-03-17,109310.45,20267.89,746,119.36000061035156,2.29
2005-03-18,108698.73,20267.89,746,118.54000091552734,2.83
2005-03-21,108370.49,20267.89,746,118.0999984741211,3.13
2005-03-22,107475.29,20267.89,746,116.9000015258789,3.93
2005-03-23,107549.89,20267.89,746,117,3.86
2005-03-24,107654.33,20267.89,746,117.13999938964844,3.77
2005-03-28,107781.15,20267.89,746,117.30999755859375,3.65
2005-03-29,107199.27,20267.89,746,116.52999877929688,4.17
2005-03-30,108430.17,20267.89,746,118.18000030517578,3.07
2005-03-31,108266.05,20267.89,746,117.95999908447266,3.22
2005-04-01,107870.67,20267.89,746,117.43000030517578,3.57
2005-04-04,108019.87,20267.89,746,117.62999725341797,3.44
2005-04-05,108437.63,20267.89,746,118.19000244140625,3.07
2005-04-06,108743.49,20267.89,746,118.5999984741211,2.79
2005-04-07,109220.93,20267.89,746,119.23999786376953,2.37
2005-04-08,108295.89,20267.89,746,118,3.19
2005-04-11,108363.02,20267.89,746,118.08999633789062,3.13
2005-04-12,108818.09,20267.89,746,118.69999694824219,2.73
2005-04-13,107773.69,20267.89,746,117.30000305175781,3.66
2005-04-14,106632.3,20267.89,746,115.7699966430664,4.68
2005-04-15,105423.79,20267.89,746,114.1500015258789,5.76
2005-04-18,105684.89,20267.89,746,114.5,5.53
2005-04-19,106363.75,20267.89,746,115.41000366210938,4.92
2005-04-20,105162.69,20267.89,746,113.80000305175781,5.99
2005-04-21,106811.35,20267.89,746,116.01000213623047,4.52
2005-04-22,106483.11,20267.89,746,115.56999969482422,4.81
2005-04-25,107050.07,20267.89,746,116.33000183105469,4.31
2005-04-26,106207.09,20267.89,746,115.19999694824219,5.06
2005-04-27,106542.79,20267.89,746,115.6500015258789,4.76
2005-04-28,105461.09,20267.89,746,114.19999694824219,5.73
2005-04-29,106617.39,20267.89,746,115.75,4.69
2005-05-02,107102.29,20267.89,746,116.4000015258789,4.26
2005-05-03,107251.49,20267.89,746,116.5999984741211,4.13
2005-05-04,107922.89,20267.89,746,117.5,3.53
2005-05-05,107893.05,20267.89,746,117.45999908447266,3.55
2005-05-06,107617.02,20267.89,746,117.08999633789062,3.8
2005-05-09,108161.61,20267.89,746,117.81999969482422,3.31
2005-05-10,107251.49,20267.89,746,116.5999984741211,4.13
2005-05-11,107728.93,20267.89,746,117.23999786376953,3.7
2005-05-12,106766.59,20267.89,746,115.94999694824219,4.56
2005-05-13,106595.01,20267.89,746,115.72000122070312,4.71
2005-05-16,107400.69,20267.89,746,116.80000305175781,3.99
2005-05-17,107982.57,20267.89,746,117.58000183105469,3.47
2005-05-18,108885.23,20267.89,746,118.79000091552734,2.67
2005-05-19,109258.23,20267.89,746,119.29000091552734,2.33
2005-05-20,109131.41,20267.89,746,119.12000274658203,2.45
2005-05-23,109623.77,20267.89,746,119.77999877929688,2.01
2005-05-24,109414.89,20267.89,746,119.5,2.19
2005-05-25,109347.75,20267.89,746,119.41000366210938,2.25
2005-05-26,109825.19,20267.89,746,120.05000305175781,1.83
2005-05-27,109974.39,20267.89,746,120.25,1.69
2005-05-31,109399.97,20267.89,746,119.4800033569336,2.21
2005-06-01,110160.89,20267.89,746,120.5,1.53
2005-06-02,110354.85,20267.89,746,120.76000213623047,1.35
2005-06-03,109899.79,20267.89,746,120.1500015258789,1.76
2005-06-06,109817.73,20267.89,746,120.04000091552734,1.83
2005-06-07,109884.87,20267.89,746,120.12999725341797,1.77
2005-06-08,109720.75,20267.89,746,119.91000366210938,1.92
2005-06-09,110145.97,20267.89,746,120.4800033569336,1.54
2005-06-10,109937.09,20267.89,746,120.19999694824219,1.73
2005-06-13,110220.57,20267.89,746,120.58000183105469,1.47
2005-06-14,110429.45,20267.89,746,120.86000061035156,1.29
2005-06-15,110601.02,20267.89,746,121.08999633789062,1.13
2005-06-16,110832.29,20267.89,746,121.4000015258789,0.93
2005-06-17,110802.45,20267.89,746,121.36000061035156,0.95
2005-06-20,110832.29,20267.89,746,121.4000015258789,0.93
2005-06-21,110884.51,20267.89,746,121.47000122070312,0.88
2005-06-22,110959.11,20267.89,746,121.56999969482422,0.81
2005-06-23,109683.45,20267.89,746,119.86000061035156,1.95
2005-06-24,109026.97,20267.89,746,118.9800033569336,2.54
2005-06-27,109153.79,20267.89,746,119.1500015258789,2.43
2005-06-28,109899.79,20267.89,746,120.1500015258789,1.76
2005-06-29,109661.07,20267.89,746,119.83000183105469,1.97
2005-06-30,109176.17,20267.89,746,119.18000030517578,2.41
2005-07-01,109437.27,20267.89,746,119.52999877929688,2.17
2005-07-05,110153.43,20267.89,746,120.48999786376953,1.53
2005-07-06,109399.97,20267.89,746,119.4800033569336,2.21
2005-07-07,109750.59,20267.89,746,119.94999694824219,1.89
2005-07-08,110772.61,20267.89,746,121.31999969482422,0.98
2005-07-11,111235.13,20267.89,746,121.94000244140625,0.57
2005-07-12,111473.85,20267.89,746,122.26000213623047,0.35
2005-07-13,111600.67,20267.89,746,122.43000030517578,0.24
2005-07-14,111958.75,20267.89,746,122.91000366210938,0
2005-07-15,111906.52,20267.89,746,122.83999633789062,0.05
2005-07-18,111540.99,20267.89,746,122.3499984741211,0.37
2005-07-19,112040.8,20267.89,746,123.0199966430664,0
2005-07-20,112354.13,20267.89,746,123.44000244140625,0
2005-07-21,111817.01,20267.89,746,122.72000122070312,0.48
2005-07-22,112428.73,20267.89,746,123.54000091552734,0
2005-07-25,112167.63,20267.89,746,123.19000244140625,0.23
2005-07-26,112279.52,20267.89,746,123.33999633789062,0.13
2005-07-27,112615.23,20267.89,746,123.79000091552734,0
2005-07-28,113197.11,20267.89,746,124.56999969482422,0
2005-07-29,112577.93,20267.89,746,123.73999786376953,0.55
2005-08-01,112510.79,20267.89,746,123.6500015258789,0.61
2005-08-02,113062.83,20267.89,746,124.38999938964844,0.12
2005-08-03,113309.01,20267.89,746,124.72000122070312,0
2005-08-04,112563.01,20267.89,746,123.72000122070312,0.66
2005-08-05,111936.37,20267.89,746,122.87999725341797,1.21
2005-08-08,111764.79,20267.89,746,122.6500015258789,1.36
2005-08-09,112316.83,20267.89,746,123.38999938964844,0.88
2005-08-10,112272.07,20267.89,746,123.33000183105469,0.92
2005-08-11,112637.61,20267.89,746,123.81999969482422,0.59
2005-08-12,112070.65,20267.89,746,123.05999755859375,1.09
2005-08-15,112637.61,20267.89,746,123.81999969482422,0.59
2005-08-16,111436.55,20267.89,746,122.20999908447266,1.65
2005-08-17,111429.09,20267.89,746,122.19999694824219,1.66
2005-08-18,111421.63,20267.89,746,122.19000244140625,1.67
2005-08-19,111630.51,20267.89,746,122.47000122070312,1.48
2005-08-22,111630.51,20267.89,746,122.47000122070312,1.48
2005-08-23,111458.93,20267.89,746,122.23999786376953,1.63
2005-08-24,110645.79,20267.89,746,121.1500015258789,2.35
2005-08-25,110974.02,20267.89,746,121.58999633789062,2.06
2005-08-26,110354.85,20267.89,746,120.76000213623047,2.61
2005-08-29,111048.63,20267.89,746,121.69000244140625,1.99
2005-08-30,110571.19,20267.89,746,121.05000305175781,2.42
2005-08-31,111712.57,20267.89,746,122.58000183105469,1.41
2005-09-01,111645.43,20267.89,746,122.48999786376953,1.47
2005-09-02,111481.3,20267.89,746,122.2699966430664,1.61
2005-09-06,112548.09,20267.89,746,123.69999694824219,0.67
2005-09-07,112704.75,20267.89,746,123.91000366210938,0.53
2005-09-08,112398.89,20267.89,746,123.5,0.8
2005-09-09,113219.49,20267.89,746,124.5999984741211,0.08
2005-09-12,113032.99,20267.89,746,124.3499984741211,0.24
2005-09-13,112518.25,20267.89,746,123.66000366210938,0.7
2005-09-14,112182.55,20267.89,746,123.20999908447266,0.99
2005-09-15,112137.79,20267.89,746,123.1500015258789,1.03
2005-09-16,112398.89,20267.89,746,123.5,0.8
2005-09-19,112093.02,20267.89,746,123.08999633789062,1.07
2005-09-20,111317.19,20267.89,746,122.05000305175781,1.76
2005-09-21,110466.75,20267.89,746,120.91000366210938,2.51
2005-09-22,110787.52,20267.89,746,121.33999633789062,2.23
2005-09-23,110862.13,20267.89,746,121.44000244140625,2.16
2005-09-26,110966.57,20267.89,746,121.58000183105469,2.07
2005-09-27,110944.19,20267.89,746,121.55000305175781,2.09
2005-09-28,111033.71,20267.89,746,121.66999816894531,2.01
2005-09-29,111772.25,20267.89,746,122.66000366210938,1.36
2005-09-30,112055.73,20267.89,746,123.04000091552734,1.11
2005-10-03,111727.49,20267.89,746,122.5999984741211,1.4
2005-10-04,110698.01,20267.89,746,121.22000122070312,2.3
2005-10-05,109511.87,20267.89,746,119.62999725341797,3.35
2005-10-06,109191.09,20267.89,746,119.19999694824219,3.63
2005-10-07,109496.95,20267.89,746,119.61000061035156,3.36
2005-10-10,108743.49,20267.89,746,118.5999984741211,4.03
2005-10-11,108616.67,20267.89,746,118.43000030517578,4.14
2005-10-12,107922.89,20267.89,746,117.5,4.75
2005-10-13,107870.67,20267.89,746,117.43000030517578,4.8
2005-10-14,108795.71,20267.89,746,118.66999816894531,3.98
2005-10-17,109123.95,20267.89,746,119.11000061035156,3.69
2005-10-18,108161.61,20267.89,746,117.81999969482422,4.54
2005-10-19,109623.77,20267.89,746,119.77999877929688,3.25
2005-10-20,108049.71,20267.89,746,117.66999816894531,4.64
2005-10-21,108392.87,20267.89,746,118.12999725341797,4.34
2005-10-24,109758.05,20267.89,746,119.95999908447266,3.13
2005-10-25,109579.01,20267.89,746,119.72000122070312,3.29
2005-10-26,109317.91,20267.89,746,119.37000274658203,3.52
2005-10-27,108370.49,20267.89,746,118.0999984741211,4.36
2005-10-28,109638.69,20267.89,746,119.80000305175781,3.24
2005-10-31,109884.87,20267.89,746,120.12999725341797,3.02
2005-11-01,110153.43,20267.89,746,120.48999786376953,2.78
2005-11-02,111093.39,20267.89,746,121.75,1.96
2005-11-03,111481.3,20267.89,746,122.2699966430664,1.61
2005-11-04,111361.95,20267.89,746,122.11000061035156,1.72
2005-11-07,111451.47,20267.89,746,122.2300033569336,1.64
2005-11-08,111451.47,20267.89,746,122.2300033569336,1.64
2005-11-09,111570.83,20267.89,746,122.38999938964844,1.53
2005-11-10,112279.52,20267.89,746,123.33999633789062,0.91
2005-11-11,112592.85,20267.89,746,123.76000213623047,0.63
2005-11-14,112540.63,20267.89,746,123.69000244140625,0.68
2005-11-15,112204.93,20267.89,746,123.23999786376953,0.97
2005-11-16,112391.43,20267.89,746,123.48999786376953,0.81
2005-11-17,113249.33,20267.89,746,124.63999938964844,0.05
2005-11-18,113614.87,20267.89,746,125.12999725341797,0
2005-11-21,114084.85,20267.89,746,125.76000213623047,0
2005-11-22,114487.69,20267.89,746,126.30000305175781,0
2005-11-23,115032.27,20267.89,746,127.02999877929688,0
2005-11-25,115106.87,20267.89,746,127.12999725341797,0
2005-11-28,114435.47,20267.89,746,126.2300033569336,0.58
2005-11-29,114331.02,20267.89,746,126.08999633789062,0.67
2005-11-30,113823.75,20267.89,746,125.41000366210938,1.11
2005-12-01,114778.63,20267.89,746,126.69000244140625,0.29
2005-12-02,114897.99,20267.89,746,126.8499984741211,0.18
2005-12-05,114696.57,20267.89,746,126.58000183105469,0.36
2005-12-06,114875.61,20267.89,746,126.81999969482422,0.2
2005-12-07,114323.57,20267.89,746,126.08000183105469,0.68
2005-12-08,114263.89,20267.89,746,126,0.73
2005-12-09,114510.07,20267.89,746,126.33000183105469,0.52
2005-12-12,114599.59,20267.89,746,126.44999694824219,0.44
2005-12-13,115241.15,20267.89,746,127.30999755859375,0
2005-12-14,115614.15,20267.89,746,127.80999755859375,0
2005-12-15,115338.13,20267.89,746,127.44000244140625,0.24
2005-12-16,114532.45,20267.89,746,126.36000061035156,0.94
2005-12-19,114047.55,20267.89,746,125.70999908447266,1.36
2005-12-20,114137.07,20267.89,746,125.83000183105469,1.28
2005-12-21,114286.27,20267.89,746,126.02999877929688,1.15
2005-12-22,114778.63,20267.89,746,126.69000244140625,0.72
2005-12-23,114830.85,20267.89,746,126.76000213623047,0.68
2005-12-27,113868.51,20267.89,746,125.47000122070312,1.51
2005-12-28,114077.39,20267.89,746,125.75,1.33
2005-12-29,113659.63,20267.89,746,125.19000244140625,1.69
2005-12-30,113152.35,20267.89,746,124.51000213623047,2.13
2006-01-03,114786.09,20267.89,746,126.69999694824219,0.72
2006-01-04,115233.69,20267.89,746,127.30000305175781,0.33
2006-01-05,115293.37,20267.89,746,127.37999725341797,0.28
2006-01-06,116084.13,20267.89,746,128.44000244140625,0
2006-01-09,116330.31,20267.89,746,128.77000427246094,0
2006-01-10,116427.28,20267.89,746,128.89999389648438,0
2006-01-11,116733.15,20267.89,746,129.30999755859375,0
2006-01-12,116352.69,20267.89,746,128.8000030517578,0.33
2006-01-13,116263.16,20267.89,746,128.67999267578125,0.4
2006-01-17,116002.07,20267.89,746,128.3300018310547,0.63
2006-01-18,115621.61,20267.89,746,127.81999969482422,0.95
2006-01-19,115987.15,20267.89,746,128.30999755859375,0.64
2006-01-20,114241.51,20267.89,746,125.97000122070312,2.13
2006-01-23,114577.21,20267.89,746,126.41999816894531,1.85
2006-01-24,114674.19,20267.89,746,126.55000305175781,1.76
2006-01-25,114756.25,20267.89,746,126.66000366210938,1.69
2006-01-26,115278.45,20267.89,746,127.36000061035156,1.25
2006-01-27,116158.72,20267.89,746,128.5399932861328,0.49
2006-01-30,116084.13,20267.89,746,128.44000244140625,0.56
2006-01-31,115382.89,20267.89,746,127.5,1.16
2006-02-01,116046.83,20267.89,746,128.38999938964844,0.59
2006-02-02,114935.29,20267.89,746,126.9000015258789,1.54
2006-02-03,114465.3,20267.89,746,126.2699966430664,1.94
2006-02-06,114711.49,20267.89,746,126.5999984741211,1.73
2006-02-07,113875.97,20267.89,746,125.4800033569336,2.45
2006-02-08,114726.41,20267.89,746,126.62000274658203,1.72
2006-02-09,114569.75,20267.89,746,126.41000366210938,1.85
2006-02-10,114741.33,20267.89,746,126.63999938964844,1.71
2006-02-13,114569.75,20267.89,746,126.41000366210938,1.85
2006-02-14,115569.39,20267.89,746,127.75,1
2006-02-15,115905.09,20267.89,746,128.1999969482422,0.71
2006-02-16,116621.25,20267.89,746,129.16000366210938,0.1
2006-02-17,116360.15,20267.89,746,128.80999755859375,0.32
2006-02-21,116121.43,20267.89,746,128.49000549316406,0.52
2006-02-22,116703.31,20267.89,746,129.27000427246094,0.03
2006-02-23,116561.57,20267.89,746,129.0800018310547,0.15
2006-02-24,116807.75,20267.89,746,129.41000366210938,0
2006-02-27,116845.05,20267.89,746,129.4600067138672,0
2006-02-28,115927.46,20267.89,746,128.22999572753906,0.79
2006-03-01,116777.9,20267.89,746,129.3699951171875,0.06
2006-03-02,116770.45,20267.89,746,129.36000061035156,0.06
2006-03-03,116322.84,20267.89,746,128.75999450683594,0.45
2006-03-06,115882.71,20267.89,746,128.1699981689453,0.82
2006-03-07,115733.51,20267.89,746,127.97000122070312,0.95
2006-03-08,115934.93,20267.89,746,128.24000549316406,0.78
2006-03-09,115293.37,20267.89,746,127.37999725341797,1.33
2006-03-10,116196.02,20267.89,746,128.58999633789062,0.56
2006-03-13,116375.07,20267.89,746,128.8300018310547,0.4
2006-03-14,117382.16,20267.89,746,130.17999267578125,0
2006-03-15,117814.84,20267.89,746,130.75999450683594,0
2006-03-16,118016.27,20267.89,746,131.02999877929688,0
2006-03-17,117710.4,20267.89,746,130.6199951171875,0.26
2006-03-20,117553.75,20267.89,746,130.41000366210938,0.39
2006-03-21,116942.02,20267.89,746,129.58999633789062,0.91
2006-03-22,117531.37,20267.89,746,130.3800048828125,0.41
2006-03-23,117329.95,20267.89,746,130.11000061035156,0.58
2006-03-24,117404.55,20267.89,746,130.2100067138672,0.52
2006-03-27,117262.81,20267.89,746,130.02000427246094,0.64
2006-03-28,116666.01,20267.89,746,129.22000122070312,1.14
2006-03-29,117270.27,20267.89,746,130.02999877929688,0.63
2006-03-30,117098.69,20267.89,746,129.8000030517578,0.78
2006-03-31,117121.07,20267.89,746,129.8300018310547,0.76
2006-04-03,117046.46,20267.89,746,129.72999572753906,0.82
2006-04-04,117665.65,20267.89,746,130.55999755859375,0.3
2006-04-05,118001.34,20267.89,746,131.00999450683594,0.01
2006-04-06,117896.9,20267.89,746,130.8699951171875,0.1
2006-04-07,116904.72,20267.89,746,129.5399932861328,0.94
2006-04-10,117053.93,20267.89,746,129.74000549316406,0.82
2006-04-11,116233.33,20267.89,746,128.63999938964844,1.51
2006-04-12,116412.37,20267.89,746,128.8800048828125,1.36
2006-04-13,116285.55,20267.89,746,128.7100067138672,1.47
2006-04-17,116248.25,20267.89,746,128.66000366210938,1.5
2006-04-18,117770.09,20267.89,746,130.6999969482422,0.21
2006-04-19,117956.59,20267.89,746,130.9499969482422,0.05
2006-04-20,118090.87,20267.89,746,131.1300048828125,0
2006-04-21,118105.78,20267.89,746,131.14999389648438,0
2006-04-24,117926.75,20267.89,746,130.91000366210938,0.15
2006-04-25,117523.9,20267.89,746,130.3699951171875,0.49
2006-04-26,117546.28,20267.89,746,130.39999389648438,0.47
2006-04-27,118016.27,20267.89,746,131.02999877929688,0.08
2006-04-28,118344.51,20267.89,746,131.47000122070312,0
2006-05-01,117546.28,20267.89,746,130.39999389648438,0.67
2006-05-02,118277.37,20267.89,746,131.3800048828125,0.06
2006-05-03,117911.83,20267.89,746,130.88999938964844,0.37
2006-05-04,118262.45,20267.89,746,131.36000061035156,0.07
2006-05-05,119127.81,20267.89,746,132.52000427246094,0
2006-05-08,119008.45,20267.89,746,132.36000061035156,0.1
2006-05-09,119202.4,20267.89,746,132.6199951171875,0
2006-05-10,119150.19,20267.89,746,132.5500030517578,0.04
2006-05-11,117956.59,20267.89,746,130.9499969482422,1.05
2006-05-12,116680.93,20267.89,746,129.24000549316406,2.12
2006-05-15,116874.89,20267.89,746,129.5,1.95
2006-05-16,116733.15,20267.89,746,129.30999755859375,2.07
2006-05-17,114897.99,20267.89,746,126.8499984741211,3.61
2006-05-18,114420.55,20267.89,746,126.20999908447266,4.01
2006-05-19,115084.49,20267.89,746,127.0999984741211,3.45
2006-05-22,114360.87,20267.89,746,126.12999725341797,4.06
2006-05-23,113644.71,20267.89,746,125.16999816894531,4.66
2006-05-24,114390.71,20267.89,746,126.16999816894531,4.04
2006-05-25,115554.47,20267.89,746,127.7300033569336,3.06
2006-05-26,116039.37,20267.89,746,128.3800048828125,2.65
2006-05-30,114338.49,20267.89,746,126.0999984741211,4.08
2006-05-31,115390.35,20267.89,746,127.51000213623047,3.2
2006-06-01,116300.46,20267.89,746,128.72999572753906,2.43
2006-06-02,116501.89,20267.89,746,129,2.27
2006-06-05,115099.41,20267.89,746,127.12000274658203,3.44
2006-06-06,114868.15,20267.89,746,126.80999755859375,3.64
2006-06-07,114159.45,20267.89,746,125.86000061035156,4.23
2006-06-08,114077.39,20267.89,746,125.75,4.3
2006-06-09,113778.99,20267.89,746,125.3499984741211,4.55
2006-06-12,112764.43,20267.89,746,123.98999786376953,5.4
2006-06-13,111690.19,20267.89,746,122.55000305175781,6.3
2006-06-14,112398.89,20267.89,746,123.5,5.71
2006-06-15,114353.41,20267.89,746,126.12000274658203,4.07
2006-06-16,113256.79,20267.89,746,124.6500015258789,4.99
2006-06-19,112525.71,20267.89,746,123.66999816894531,5.6
2006-06-20,112839.02,20267.89,746,124.08999633789062,5.34
2006-06-21,113525.35,20267.89,746,125.01000213623047,4.76
2006-06-22,113115.05,20267.89,746,124.45999908447266,5.11
2006-06-23,113100.13,20267.89,746,124.44000244140625,5.12
2006-06-26,113510.43,20267.89,746,124.98999786376953,4.78
2006-06-27,112704.75,20267.89,746,123.91000366210938,5.45
2006-06-28,113331.39,20267.89,746,124.75,4.93
2006-06-29,115211.3,20267.89,746,127.2699966430664,3.35
2006-06-30,115218.77,20267.89,746,127.27999877929688,3.34
2006-07-03,115606.69,20267.89,746,127.80000305175781,3.02
2006-07-05,115062.11,20267.89,746,127.06999969482422,3.47
2006-07-06,115338.13,20267.89,746,127.44000244140625,3.24
2006-07-07,114718.95,20267.89,746,126.61000061035156,3.76
2006-07-10,114897.99,20267.89,746,126.8499984741211,3.61
2006-07-11,115315.75,20267.89,746,127.41000366210938,3.26
2006-07-12,114301.19,20267.89,746,126.05000305175781,4.11
2006-07-13,112771.89,20267.89,746,124,5.39
2006-07-14,112413.8,20267.89,746,123.5199966430664,5.7
2006-07-17,112279.52,20267.89,746,123.33999633789062,5.81
2006-07-18,112749.51,20267.89,746,123.97000122070312,5.41
2006-07-19,114032.63,20267.89,746,125.69000244140625,4.34
2006-07-20,113391.07,20267.89,746,124.83000183105469,4.88
2006-07-21,112734.59,20267.89,746,123.94999694824219,5.43
2006-07-24,114420.55,20267.89,746,126.20999908447266,4.01
2006-07-25,114756.25,20267.89,746,126.66000366210938,3.73
2006-07-26,114883.07,20267.89,746,126.83000183105469,3.62
2006-07-27,114793.55,20267.89,746,126.70999908447266,3.7
2006-07-28,115740.97,20267.89,746,127.9800033569336,2.9
2006-07-31,115643.99,20267.89,746,127.8499984741211,2.99
2006-08-01,115174.01,20267.89,746,127.22000122070312,3.38
2006-08-02,115815.57,20267.89,746,128.0800018310547,2.84
2006-08-03,116069.21,20267.89,746,128.4199981689453,2.63
2006-08-04,115905.09,20267.89,746,128.1999969482422,2.77
2006-08-07,115681.29,20267.89,746,127.9000015258789,2.95
2006-08-08,115315.75,20267.89,746,127.41000366210938,3.26
2006-08-09,114994.97,20267.89,746,126.9800033569336,3.53
2006-08-10,115285.91,20267.89,746,127.37000274658203,3.29
2006-08-11,115017.35,20267.89,746,127.01000213623047,3.51
2006-08-14,115091.95,20267.89,746,127.11000061035156,3.45
2006-08-15,116225.87,20267.89,746,128.6300048828125,2.5
2006-08-16,117024.09,20267.89,746,129.6999969482422,1.83
2006-08-17,117270.27,20267.89,746,130.02999877929688,1.62
2006-08-18,117762.63,20267.89,746,130.69000244140625,1.21
2006-08-21,117344.87,20267.89,746,130.1300048828125,1.56
2006-08-22,117337.4,20267.89,746,130.1199951171875,1.56
2006-08-23,117068.84,20267.89,746,129.75999450683594,1.79
2006-08-24,116986.78,20267.89,746,129.64999389648438,1.86
2006-08-25,117106.15,20267.89,746,129.80999755859375,1.76
2006-08-28,117568.66,20267.89,746,130.42999267578125,1.37
2006-08-29,117680.57,20267.89,746,130.5800018310547,1.28
2006-08-30,117740.25,20267.89,746,130.66000366210938,1.23
2006-08-31,117725.33,20267.89,746,130.63999938964844,1.24
2006-09-01,118307.21,20267.89,746,131.4199981689453,0.75
2006-09-05,118493.71,20267.89,746,131.6699981689453,0.59
2006-09-06,117628.34,20267.89,746,130.50999450683594,1.32
2006-09-07,117180.75,20267.89,746,129.91000366210938,1.7
2006-09-08,117456.77,20267.89,746,130.27999877929688,1.46
2006-09-11,117553.75,20267.89,746,130.41000366210938,1.38
2006-09-12,118508.63,20267.89,746,131.69000244140625,0.58
2006-09-13,118904.01,20267.89,746,132.22000122070312,0.25
2006-09-14,118911.46,20267.89,746,132.22999572753906,0.24
2006-09-15,118710.05,20267.89,746,131.9600067138672,0.41
2006-09-18,118844.33,20267.89,746,132.13999938964844,0.3
2006-09-19,118598.15,20267.89,746,131.80999755859375,0.51
2006-09-20,119120.34,20267.89,746,132.50999450683594,0.07
2006-09-21,118642.9,20267.89,746,131.8699951171875,0.47
2006-09-22,118344.51,20267.89,746,131.47000122070312,0.72
2006-09-25,119097.96,20267.89,746,132.47999572753906,0.09
2006-09-26,119918.57,20267.89,746,133.5800018310547,0
2006-09-27,120037.93,20267.89,746,133.74000549316406,0
2006-09-28,120000.63,20267.89,746,133.69000244140625,0.03
2006-09-29,119918.57,20267.89,746,133.5800018310547,0.1
2006-10-02,119545.57,20267.89,746,133.0800018310547,0.41
2006-10-03,119754.45,20267.89,746,133.36000061035156,0.24
2006-10-04,120918.21,20267.89,746,134.9199981689453,0
2006-10-05,121112.16,20267.89,746,135.17999267578125,0
2006-10-06,120985.34,20267.89,746,135.00999450683594,0.1
2006-10-09,121045.02,20267.89,746,135.08999633789062,0.06
2006-10-10,121179.31,20267.89,746,135.27000427246094,0
2006-10-11,121059.95,20267.89,746,135.11000061035156,0.1
2006-10-12,121932.77,20267.89,746,136.27999877929688,0
2006-10-13,122193.87,20267.89,746,136.6300048828125,0
2006-10-16,122350.52,20267.89,746,136.83999633789062,0
2006-10-17,122029.75,20267.89,746,136.41000366210938,0.26
2006-10-18,122164.02,20267.89,746,136.58999633789062,0.15
2006-10-19,122328.15,20267.89,746,136.80999755859375,0.02
2006-10-20,122350.52,20267.89,746,136.83999633789062,0
2006-10-23,122820.51,20267.89,746,137.47000122070312,0
2006-10-24,123126.37,20267.89,746,137.8800048828125,0
2006-10-25,123476.99,20267.89,746,138.35000610351562,0
2006-10-26,123797.77,20267.89,746,138.77999877929688,0
2006-10-27,123148.75,20267.89,746,137.91000366210938,0.52
2006-10-30,123074.15,20267.89,746,137.80999755859375,0.58
2006-10-31,123059.22,20267.89,746,137.7899932861328,0.6
2006-11-01,122365.45,20267.89,746,136.86000061035156,1.16
2006-11-02,122305.77,20267.89,746,136.77999877929688,1.21
2006-11-03,122126.72,20267.89,746,136.5399932861328,1.35
2006-11-06,123275.57,20267.89,746,138.0800018310547,0.42
2006-11-07,123670.95,20267.89,746,138.61000061035156,0.1
2006-11-08,123894.75,20267.89,746,138.91000366210938,0
2006-11-09,123350.16,20267.89,746,138.17999267578125,0.44
2006-11-10,123394.93,20267.89,746,138.24000549316406,0.4
2006-11-13,123648.57,20267.89,746,138.5800018310547,0.2
2006-11-14,124424.4,20267.89,746,139.6199951171875,0
2006-11-15,124722.81,20267.89,746,140.02000427246094,0
2006-11-16,124991.37,20267.89,746,140.3800048828125,0
2006-11-17,125021.21,20267.89,746,140.4199981689453,0
2006-11-20,125080.89,20267.89,746,140.5,0
2006-11-21,125185.33,20267.89,746,140.63999938964844,0
2006-11-22,125394.21,20267.89,746,140.9199981689453,0
2006-11-24,124968.99,20267.89,746,140.35000610351562,0.34
2006-11-27,123529.21,20267.89,746,138.4199981689453,1.49
2006-11-28,123976.81,20267.89,746,139.02000427246094,1.13
2006-11-29,125058.51,20267.89,746,140.47000122070312,0.27
2006-11-30,125103.27,20267.89,746,140.52999877929688,0.23
2006-12-01,124872.01,20267.89,746,140.22000122070312,0.42
2006-12-04,125670.22,20267.89,746,141.2899932861328,0
2006-12-05,126125.28,20267.89,746,141.89999389648438,0
2006-12-06,126035.77,20267.89,746,141.77999877929688,0.07
2006-12-07,125573.25,20267.89,746,141.16000366210938,0.44
2006-12-08,125767.21,20267.89,746,141.4199981689453,0.28
2006-12-11,126073.07,20267.89,746,141.8300018310547,0.04
2006-12-12,125991.01,20267.89,746,141.72000122070312,0.11
2006-12-13,126102.9,20267.89,746,141.8699951171875,0.02
2006-12-14,127035.4,20267.89,746,143.1199951171875,0
2006-12-15,126453.52,20267.89,746,142.33999633789062,0.46
2006-12-18,126162.59,20267.89,746,141.9499969482422,0.69
2006-12-19,126364.01,20267.89,746,142.22000122070312,0.53
2006-12-20,126304.33,20267.89,746,142.13999938964844,0.58
2006-12-21,125916.4,20267.89,746,141.6199951171875,0.88
2006-12-22,125267.39,20267.89,746,140.75,1.39
2006-12-26,125886.57,20267.89,746,141.5800018310547,0.9
2006-12-27,126580.34,20267.89,746,142.50999450683594,0.36
2006-12-28,126356.55,20267.89,746,142.2100067138672,0.53
2006-12-29,125916.4,20267.89,746,141.6199951171875,0.88
2007-01-03,125729.9,20267.89,746,141.3699951171875,1.03
2007-01-04,125953.71,20267.89,746,141.6699981689453,0.85
2007-01-05,125110.72,20267.89,746,140.5399932861328,1.52
2007-01-08,125595.63,20267.89,746,141.19000244140625,1.13
2007-01-09,125506.11,20267.89,746,141.07000732421875,1.2
2007-01-10,125856.72,20267.89,746,141.5399932861328,0.93
2007-01-11,126319.25,20267.89,746,142.16000366210938,0.56
2007-01-12,127124.93,20267.89,746,143.24000549316406,0
2007-01-16,126916.05,20267.89,746,142.9600067138672,0.16
2007-01-17,126960.81,20267.89,746,143.02000427246094,0.13
2007-01-18,126602.72,20267.89,746,142.5399932861328,0.41
2007-01-19,126811.61,20267.89,746,142.82000732421875,0.25
2007-01-22,126483.37,20267.89,746,142.3800048828125,0.5
2007-01-23,126796.69,20267.89,746,142.8000030517578,0.26
2007-01-24,127654.59,20267.89,746,143.9499969482422,0
2007-01-25,126393.84,20267.89,746,142.25999450683594,0.99
2007-01-26,126296.87,20267.89,746,142.1300048828125,1.06
2007-01-29,126237.19,20267.89,746,142.0500030517578,1.11
2007-01-30,126789.22,20267.89,746,142.7899932861328,0.68
2007-01-31,127505.39,20267.89,746,143.75,0.12
2007-02-01,128146.95,20267.89,746,144.61000061035156,0
2007-02-02,128296.15,20267.89,746,144.80999755859375,0
2007-02-05,128325.99,20267.89,746,144.85000610351562,0
2007-02-06,128355.83,20267.89,746,144.88999938964844,0
2007-02-07,128594.55,20267.89,746,145.2100067138672,0
2007-02-08,128452.81,20267.89,746,145.02000427246094,0.11
2007-02-09,127647.13,20267.89,746,143.94000244140625,0.74
2007-02-12,127281.59,20267.89,746,143.4499969482422,1.02
2007-02-13,128184.25,20267.89,746,144.66000366210938,0.32
2007-02-14,128892.95,20267.89,746,145.61000061035156,0
2007-02-15,129034.69,20267.89,746,145.8000030517578,0
2007-02-16,128982.46,20267.89,746,145.72999572753906,0.04
2007-02-20,129213.72,20267.89,746,146.0399932861328,0
2007-02-21,129168.96,20267.89,746,145.97999572753906,0.03
2007-02-22,129086.9,20267.89,746,145.8699951171875,0.1
2007-02-23,128661.69,20267.89,746,145.3000030517578,0.43
2007-02-26,128564.71,20267.89,746,145.1699981689453,0.5
2007-02-27,124334.89,20267.89,746,139.5,3.78
2007-02-28,125401.66,20267.89,746,140.92999267578125,2.95
2007-03-01,125088.34,20267.89,746,140.50999450683594,3.19
2007-03-02,123715.71,20267.89,746,138.6699981689453,4.25
2007-03-05,122730.99,20267.89,746,137.35000610351562,5.02
2007-03-06,124484.09,20267.89,746,139.6999969482422,3.66
2007-03-07,124379.65,20267.89,746,139.55999755859375,3.74
2007-03-08,125259.93,20267.89,746,140.74000549316406,3.06
2007-03-09,125289.77,20267.89,746,140.77999877929688,3.04
2007-03-12,125446.43,20267.89,746,140.99000549316406,2.92
2007-03-13,123402.39,20267.89,746,138.25,4.5
2007-03-14,124170.77,20267.89,746,139.27999877929688,3.9
2007-03-15,124312.51,20267.89,746,139.47000122070312,3.79
2007-03-16,123611.27,20267.89,746,138.52999877929688,4.34
2007-03-19,124857.09,20267.89,746,140.1999969482422,3.37
2007-03-20,125431.51,20267.89,746,140.97000122070312,2.93
2007-03-21,127162.22,20267.89,746,143.2899932861328,1.59
2007-03-22,127080.16,20267.89,746,143.17999267578125,1.65
2007-03-23,127236.83,20267.89,746,143.38999938964844,1.53
2007-03-26,127095.09,20267.89,746,143.1999969482422,1.64
2007-03-27,126841.45,20267.89,746,142.86000061035156,1.84
2007-03-28,126065.61,20267.89,746,141.82000732421875,2.44
2007-03-29,126177.51,20267.89,746,141.97000122070312,2.35
2007-03-30,126199.89,20267.89,746,142,2.33
2007-04-02,126319.25,20267.89,746,142.16000366210938,2.24
2007-04-03,127460.63,20267.89,746,143.69000244140625,1.36
2007-04-04,127579.99,20267.89,746,143.85000610351562,1.26
2007-04-05,127870.93,20267.89,746,144.24000549316406,1.04
2007-04-09,128020.13,20267.89,746,144.44000244140625,0.92
2007-04-10,128146.95,20267.89,746,144.61000061035156,0.83
2007-04-11,127706.81,20267.89,746,144.02000427246094,1.17
2007-04-12,128184.25,20267.89,746,144.66000366210938,0.8
2007-04-13,128676.61,20267.89,746,145.32000732421875,0.42
2007-04-16,129706.09,20267.89,746,146.6999969482422,0
2007-04-17,129997.02,20267.89,746,147.08999633789062,0
2007-04-18,130131.31,20267.89,746,147.27000427246094,0
2007-04-19,130101.46,20267.89,746,147.22999572753906,0.02
2007-04-20,131138.4,20267.89,746,148.6199951171875,0
2007-04-23,130720.65,20267.89,746,148.05999755859375,0.32
2007-04-24,130765.4,20267.89,746,148.1199951171875,0.28
2007-04-25,131779.96,20267.89,746,149.47999572753906,0
2007-04-26,131906.78,20267.89,746,149.64999389648438,0
2007-04-27,131817.27,20267.89,746,149.52999877929688,0.07
2007-04-30,130892.22,20267.89,746,148.2899932861328,0.77
2007-05-01,131175.71,20267.89,746,148.6699981689453,0.55
2007-05-02,131824.72,20267.89,746,149.5399932861328,0.06
2007-05-03,132428.99,20267.89,746,150.35000610351562,0
2007-05-04,132854.21,20267.89,746,150.9199981689453,0
2007-05-07,132876.59,20267.89,746,150.9499969482422,0
2007-05-08,132727.39,20267.89,746,150.75,0.11
2007-05-09,133033.25,20267.89,746,151.16000366210938,0
2007-05-10,131854.57,20267.89,746,149.5800018310547,0.89
2007-05-11,132809.45,20267.89,746,150.86000061035156,0.17
2007-05-14,132563.27,20267.89,746,150.52999877929688,0.35
2007-05-15,132593.11,20267.89,746,150.57000732421875,0.33
2007-05-16,133361.49,20267.89,746,151.60000610351562,0
2007-05-17,133137.69,20267.89,746,151.3000030517578,0.17
2007-05-18,134122.4,20267.89,746,152.6199951171875,0
2007-05-21,134062.72,20267.89,746,152.5399932861328,0.04
2007-05-22,133973.21,20267.89,746,152.4199981689453,0.11
2007-05-23,133988.13,20267.89,746,152.44000244140625,0.1
2007-05-24,132958.65,20267.89,746,151.05999755859375,0.87
2007-05-25,133428.63,20267.89,746,151.69000244140625,0.52
2007-05-29,133838.93,20267.89,746,152.24000549316406,0.21
2007-05-30,134763.96,20267.89,746,153.47999572753906,0
2007-05-31,134644.61,20267.89,746,153.32000732421875,0.09
2007-06-01,135211.57,20267.89,746,154.0800018310547,0
2007-06-04,135226.49,20267.89,746,154.10000610351562,0
2007-06-05,134771.43,20267.89,746,153.49000549316406,0.34
2007-06-06,133540.52,20267.89,746,151.83999633789062,1.25
2007-06-07,131496.49,20267.89,746,149.10000610351562,2.76
2007-06-08,132943.72,20267.89,746,151.0399932861328,1.69
2007-06-11,133137.69,20267.89,746,151.3000030517578,1.54
2007-06-12,131906.78,20267.89,746,149.64999389648438,2.45
2007-06-13,133577.83,20267.89,746,151.88999938964844,1.22
2007-06-14,134301.45,20267.89,746,152.86000061035156,0.68
2007-06-15,134458.11,20267.89,746,153.07000732421875,0.57
2007-06-18,134323.83,20267.89,746,152.88999938964844,0.67
2007-06-19,134607.31,20267.89,746,153.27000427246094,0.46
2007-06-20,133018.33,20267.89,746,151.13999938964844,1.63
2007-06-21,133644.96,20267.89,746,151.97999572753906,1.17
2007-06-22,132578.19,20267.89,746,150.5500030517578,1.96
2007-06-25,132041.07,20267.89,746,149.8300018310547,2.36
2007-06-26,130892.22,20267.89,746,148.2899932861328,3.21
2007-06-27,132466.28,20267.89,746,150.39999389648438,2.04
2007-06-28,132451.37,20267.89,746,150.3800048828125,2.05
2007-06-29,132488.66,20267.89,746,150.42999267578125,2.02
2007-07-02,133503.22,20267.89,746,151.7899932861328,1.27
2007-07-03,133913.52,20267.89,746,152.33999633789062,0.97
2007-07-05,133794.16,20267.89,746,152.17999267578125,1.06
2007-07-06,134390.96,20267.89,746,152.97999572753906,0.62
2007-07-09,134480.49,20267.89,746,153.10000610351562,0.55
2007-07-10,132854.21,20267.89,746,150.9199981689453,1.75
2007-07-11,133652.43,20267.89,746,151.99000549316406,1.16
2007-07-12,135442.83,20267.89,746,154.38999938964844,0
2007-07-13,135785.99,20267.89,746,154.85000610351562,0
2007-07-16,135771.07,20267.89,746,154.8300018310547,0.01
2007-07-17,135711.39,20267.89,746,154.75,0.05
2007-07-18,135502.51,20267.89,746,154.47000122070312,0.21
2007-07-19,135950.11,20267.89,746,155.07000732421875,0
2007-07-20,134778.89,20267.89,746,153.5,0.86
2007-07-23,135129.51,20267.89,746,153.97000122070312,0.6
2007-07-24,133137.69,20267.89,746,151.3000030517578,2.07
2007-07-25,133368.95,20267.89,746,151.61000061035156,1.9
2007-07-26,130690.81,20267.89,746,148.02000427246094,3.87
2007-07-27,128519.95,20267.89,746,145.11000061035156,5.47
2007-07-30,130213.37,20267.89,746,147.3800048828125,4.22
2007-07-31,128975.01,20267.89,746,145.72000122070312,5.13
2007-08-01,129504.66,20267.89,746,146.42999267578125,4.74
2007-08-02,130377.49,20267.89,746,147.60000610351562,4.1
2007-08-03,127542.69,20267.89,746,143.8000030517578,6.18
2007-08-06,129340.55,20267.89,746,146.2100067138672,4.86
2007-08-07,130504.31,20267.89,746,147.77000427246094,4.01
2007-08-08,132041.07,20267.89,746,149.8300018310547,2.88
2007-08-09,128728.83,20267.89,746,145.38999938964844,5.31
2007-08-10,128221.55,20267.89,746,144.7100067138672,5.68
2007-08-13,128609.46,20267.89,746,145.22999572753906,5.4
2007-08-14,126953.34,20267.89,746,143.00999450683594,6.62
2007-08-15,125483.72,20267.89,746,141.0399932861328,7.7
2007-08-16,126274.49,20267.89,746,142.10000610351562,7.12
2007-08-17,128221.55,20267.89,746,144.7100067138672,5.68
2007-08-20,128169.33,20267.89,746,144.63999938964844,5.72
2007-08-21,128385.66,20267.89,746,144.92999267578125,5.56
2007-08-22,129668.78,20267.89,746,146.64999389648438,4.62
2007-08-23,129571.81,20267.89,746,146.52000427246094,4.69
2007-08-24,130922.07,20267.89,746,148.3300018310547,3.7
2007-08-27,129892.59,20267.89,746,146.9499969482422,4.46
2007-08-28,127483.01,20267.89,746,143.72000122070312,6.23
2007-08-29,129586.72,20267.89,746,146.5399932861328,4.68
2007-08-30,129295.78,20267.89,746,146.14999389648438,4.89
2007-08-31,130370.02,20267.89,746,147.58999633789062,4.1
2007-09-04,131481.57,20267.89,746,149.0800018310547,3.29
2007-09-05,130519.22,20267.89,746,147.7899932861328,3.99
2007-09-06,130772.87,20267.89,746,148.1300048828125,3.81
2007-09-07,129236.11,20267.89,746,146.07000732421875,4.94
2007-09-10,129027.22,20267.89,746,145.7899932861328,5.09
2007-09-11,130295.43,20267.89,746,147.49000549316406,4.16
2007-09-12,130578.9,20267.89,746,147.8699951171875,3.95
2007-09-13,131354.75,20267.89,746,148.91000366210938,3.38
2007-09-14,131347.28,20267.89,746,148.89999389648438,3.39
2007-09-17,130750.49,20267.89,746,148.10000610351562,3.82
2007-09-18,134003.05,20267.89,746,152.4600067138672,1.43
2007-09-19,134674.45,20267.89,746,153.36000061035156,0.94
2007-09-20,133868.77,20267.89,746,152.27999877929688,1.53
2007-09-21,133637.51,20267.89,746,151.97000122070312,1.7
2007-09-24,133428.63,20267.89,746,151.69000244140625,1.85
2007-09-25,133204.83,20267.89,746,151.38999938964844,2.02
2007-09-26,133801.63,20267.89,746,152.19000244140625,1.58
2007-09-27,134473.02,20267.89,746,153.08999633789062,1.09
2007-09-28,134092.57,20267.89,746,152.5800018310547,1.37
2007-10-01,135375.69,20267.89,746,154.3000030517578,0.42
2007-10-02,135219.02,20267.89,746,154.08999633789062,0.54
2007-10-03,134987.77,20267.89,746,153.77999877929688,0.71
2007-10-04,135166.81,20267.89,746,154.02000427246094,0.58
2007-10-05,136531.99,20267.89,746,155.85000610351562,0
2007-10-08,135912.81,20267.89,746,155.02000427246094,0.45
2007-10-09,137001.96,20267.89,746,156.47999572753906,0
2007-10-10,136808.01,20267.89,746,156.22000122070312,0.14
2007-10-11,136248.51,20267.89,746,155.47000122070312,0.55
2007-10-12,136890.07,20267.89,746,156.3300018310547,0.08
2007-10-15,135905.34,20267.89,746,155.00999450683594,0.8
2007-10-16,134987.77,20267.89,746,153.77999877929688,1.47
2007-10-17,135338.39,20267.89,746,154.25,1.21
2007-10-18,134920.63,20267.89,746,153.69000244140625,1.52
2007-10-19,131921.71,20267.89,746,149.6699981689453,3.71
2007-10-22,132570.72,20267.89,746,150.5399932861328,3.23
2007-10-23,133480.84,20267.89,746,151.75999450683594,2.57
2007-10-24,133271.96,20267.89,746,151.47999572753906,2.72
2007-10-25,133540.52,20267.89,746,151.83999633789062,2.53
2007-10-26,134868.4,20267.89,746,153.6199951171875,1.56
2007-10-29,135248.87,20267.89,746,154.1300048828125,1.28
2007-10-30,134450.65,20267.89,746,153.05999755859375,1.86
2007-10-31,135636.78,20267.89,746,154.64999389648438,1
2007-11-01,132936.27,20267.89,746,151.02999877929688,2.97
2007-11-02,133063.09,20267.89,746,151.1999969482422,2.88
2007-11-05,132205.19,20267.89,746,150.0500030517578,3.5
2007-11-06,133712.11,20267.89,746,152.07000732421875,2.4
2007-11-07,130608.75,20267.89,746,147.91000366210938,4.67
2007-11-08,130049.25,20267.89,746,147.16000366210938,5.07
2007-11-09,128542.33,20267.89,746,145.13999938964844,6.17
2007-11-12,127468.09,20267.89,746,143.6999969482422,6.96
2007-11-13,130735.57,20267.89,746,148.0800018310547,4.57
2007-11-14,130429.71,20267.89,746,147.6699981689453,4.8
2007-11-15,128840.72,20267.89,746,145.5399932861328,5.96
2007-11-16,129027.22,20267.89,746,145.7899932861328,5.82
2007-11-19,127512.84,20267.89,746,143.75999450683594,6.93
2007-11-20,128169.33,20267.89,746,144.63999938964844,6.45
2007-11-21,125961.16,20267.89,746,141.67999267578125,8.06
2007-11-23,127788.87,20267.89,746,144.1300048828125,6.72
2007-11-26,125416.59,20267.89,746,140.9499969482422,8.46
2007-11-27,126625.11,20267.89,746,142.57000732421875,7.57
2007-11-28,130026.87,20267.89,746,147.1300048828125,5.09
2007-11-29,130064.16,20267.89,746,147.17999267578125,5.06
2007-11-30,131168.25,20267.89,746,148.66000366210938,4.26
2007-12-03,130437.16,20267.89,746,147.67999267578125,4.79
2007-12-04,129452.45,20267.89,746,146.36000061035156,5.51
2007-12-05,131280.15,20267.89,746,148.80999755859375,4.18
2007-12-06,132869.13,20267.89,746,150.94000244140625,3.02
2007-12-07,132846.75,20267.89,746,150.91000366210938,3.03
2007-12-10,133719.57,20267.89,746,152.0800018310547,2.4
2007-12-11,130608.75,20267.89,746,147.91000366210938,4.67
2007-12-12,131697.9,20267.89,746,149.3699951171875,3.87
2007-12-13,131466.65,20267.89,746,149.05999755859375,4.04
2007-12-14,130056.71,20267.89,746,147.1699981689453,5.07
2007-12-17,128490.11,20267.89,746,145.07000732421875,6.21
2007-12-18,129094.37,20267.89,746,145.8800048828125,5.77
2007-12-19,129094.37,20267.89,746,145.8800048828125,5.77
2007-12-20,129780.69,20267.89,746,146.8000030517578,5.27
2007-12-21,130772.87,20267.89,746,148.1300048828125,4.55
2007-12-24,131593.46,20267.89,746,149.22999572753906,3.95
2007-12-26,131832.19,20267.89,746,149.5500030517578,3.77
2007-12-27,130429.71,20267.89,746,147.6699981689453,4.8
2007-12-28,130153.69,20267.89,746,147.3000030517578,5
2007-12-31,129340.55,20267.89,746,146.2100067138672,5.59
2008-01-02,128385.66,20267.89,746,144.92999267578125,6.29
2008-01-03,128333.45,20267.89,746,144.86000061035156,6.33
2008-01-04,125685.15,20267.89,746,141.30999755859375,8.26
2008-01-07,125595.63,20267.89,746,141.19000244140625,8.33
2008-01-08,123894.75,20267.89,746,138.91000366210938,9.57
2008-01-09,125073.8,10391.51,817,140.3699951171875,8.71
2008-01-10,125825.43,10391.51,817,141.2899932861328,8.16
2008-01-11,124894.06,10391.51,817,140.14999389648438,8.84
2008-01-14,125817.27,10391.51,817,141.27999877929688,8.16
2008-01-15,123276.4,10391.51,817,138.1699981689453,10.02
2008-01-16,122304.17,10391.51,817,136.97999572753906,10.73
2008-01-17,119403.81,10391.51,817,133.42999267578125,12.85
2008-01-18,118284.53,10391.51,817,132.05999755859375,13.66
2008-01-22,117189.75,10391.51,817,130.72000122070312,14.46
2008-01-23,119755.13,10391.51,817,133.86000061035156,12.59
2008-01-24,120678.34,10391.51,817,134.99000549316406,11.91
2008-01-25,119085.18,10391.51,817,133.0399932861328,13.08
2008-01-28,120882.59,10391.51,817,135.24000549316406,11.77
2008-01-29,121429.98,10391.51,817,135.91000366210938,11.37
2008-01-30,120612.98,10391.51,817,134.91000366210938,11.96
2008-01-31,122622.8,10391.51,817,137.3699951171875,10.5
2008-02-01,124428.37,10391.51,817,139.5800018310547,9.18
2008-02-04,122990.46,10391.51,817,137.82000732421875,10.23
2008-02-05,119975.72,10391.51,817,134.1300048828125,12.43
2008-02-06,119093.36,10391.51,817,133.0500030517578,13.07
2008-02-07,119812.31,10391.51,817,133.92999267578125,12.55
2008-02-08,119109.71,10391.51,817,133.07000732421875,13.06
2008-02-11,119665.26,10391.51,817,133.75,12.65
2008-02-12,120678.34,10391.51,817,134.99000549316406,11.91
2008-02-13,121805.8,10391.51,817,136.3699951171875,11.09
2008-02-14,120825.4,10391.51,817,135.1699981689453,11.81
2008-02-15,120800.89,10391.51,817,135.13999938964844,11.83
2008-02-19,121111.35,10391.51,817,135.52000427246094,11.6
2008-02-20,121438.15,10391.51,817,135.9199981689453,11.36
2008-02-21,120514.93,10391.51,817,134.7899932861328,12.03
2008-02-22,121193.05,10391.51,817,135.6199951171875,11.54
2008-02-25,122590.12,10391.51,817,137.3300018310547,10.52
2008-02-26,123431.63,10391.51,817,138.36000061035156,9.91
2008-02-27,123317.25,10391.51,817,138.22000122070312,9.99
2008-02-28,122214.3,10391.51,817,136.8699951171875,10.79
2008-02-29,119722.46,10391.51,817,133.82000732421875,12.61
2008-03-03,119461.01,10391.51,817,133.5,12.8
2008-03-04,119044.34,10391.51,817,132.99000549316406,13.11
2008-03-05,119730.62,10391.51,817,133.8300018310547,12.61
2008-03-06,117467.53,10391.51,817,131.05999755859375,14.26
2008-03-07,116364.59,10391.51,817,129.7100067138672,15.06
2008-03-10,114967.51,10391.51,817,128,16.08
2008-03-11,118725.72,10391.51,817,132.60000610351562,13.34
2008-03-12,117712.63,10391.51,817,131.36000061035156,14.08
2008-03-13,117949.56,10391.51,817,131.64999389648438,13.91
2008-03-14,116282.88,10391.51,817,129.61000061035156,15.12
2008-03-17,115212.61,10391.51,817,128.3000030517578,15.9
2008-03-18,119567.22,10391.51,817,133.6300048828125,12.73
2008-03-19,116862.96,10391.51,817,130.32000732421875,14.7
2008-03-20,118300.87,10391.51,817,132.0800018310547,13.65
2008-03-24,120457.75,10391.51,817,134.72000122070312,12.08
2008-03-25,120563.97,10391.51,817,134.85000610351562,12
2008-03-26,119215.91,10391.51,817,133.1999969482422,12.98
2008-03-27,118872.77,10391.51,817,132.77999877929688,13.23
2008-03-28,117835.18,10391.51,817,131.50999450683594,13.99
2008-03-31,118211,10391.51,817,131.97000122070312,13.72
2008-04-01,122001.88,10391.51,817,136.61000061035156,10.95
2008-04-02,122075.41,10391.51,817,136.6999969482422,10.9
2008-04-03,122353.18,10391.51,817,137.0399932861328,10.69
2008-04-04,122230.64,10391.51,817,136.88999938964844,10.78
2008-04-07,122287.84,10391.51,817,136.9600067138672,10.74
2008-04-08,122173.46,10391.51,817,136.82000732421875,10.82
2008-04-09,121364.62,10391.51,817,135.8300018310547,11.41
2008-04-10,121519.85,10391.51,817,136.02000427246094,11.3
2008-04-11,119362.97,10391.51,817,133.3800048828125,12.87
2008-04-14,118995.31,10391.51,817,132.92999267578125,13.14
2008-04-15,119248.59,10391.51,817,133.24000549316406,12.96
2008-04-16,122197.97,10391.51,817,136.85000610351562,10.81
2008-04-17,122361.36,10391.51,817,137.0500030517578,10.69
2008-04-18,123529.67,10391.51,817,138.47999572753906,9.83
2008-04-21,123586.86,10391.51,817,138.5500030517578,9.79
2008-04-22,123088.49,10391.51,817,137.94000244140625,10.16
2008-04-23,122908.75,10391.51,817,137.72000122070312,10.29
2008-04-24,123398.96,10391.51,817,138.32000732421875,9.93
2008-04-25,124444.72,10391.51,817,139.60000610351562,9.17
2008-04-28,124469.22,10391.51,817,139.6300048828125,9.15
2008-04-29,124019.87,10391.51,817,139.0800018310547,9.48
2008-04-30,123349.93,10391.51,817,138.25999450683594,9.96
2008-05-01,125686.55,10391.51,817,141.1199951171875,8.26
2008-05-02,126005.18,10391.51,817,141.50999450683594,8.03
2008-05-05,125449.62,10391.51,817,140.8300018310547,8.43
2008-05-06,126446.36,10391.51,817,142.0500030517578,7.7
2008-05-07,124379.35,10391.51,817,139.52000427246094,9.21
2008-05-08,124085.23,10391.51,817,139.16000366210938,9.43
2008-05-09,123872.81,10391.51,817,138.89999389648438,9.58
2008-05-12,125147.34,10391.51,817,140.4600067138672,8.65
2008-05-13,125163.67,10391.51,817,140.47999572753906,8.64
2008-05-14,125400.6,10391.51,817,140.77000427246094,8.47
2008-05-15,126838.52,10391.51,817,142.52999877929688,7.42
2008-05-16,126944.73,10391.51,817,142.66000366210938,7.34
2008-05-19,127263.36,10391.51,817,143.0500030517578,7.11
2008-05-20,126315.64,10391.51,817,141.88999938964844,7.8
2008-05-21,124354.84,10391.51,817,139.49000549316406,9.23
2008-05-22,124371.18,10391.51,817,139.50999450683594,9.22
2008-05-23,122843.39,10391.51,817,137.63999938964844,10.33
2008-05-27,123676.73,10391.51,817,138.66000366210938,9.73
2008-05-28,124199.61,10391.51,817,139.3000030517578,9.34
2008-05-29,124771.51,10391.51,817,140,8.93
2008-05-30,125057.47,10391.51,817,140.35000610351562,8.72
2008-06-02,123872.81,10391.51,817,138.89999389648438,9.58
2008-06-03,123211.04,10391.51,817,138.08999633789062,10.07
2008-06-04,123153.85,10391.51,817,138.02000427246094,10.11
2008-06-05,125408.77,10391.51,817,140.77999877929688,8.46
2008-06-06,121740.43,10391.51,817,136.2899932861328,11.14
2008-06-09,122010.05,10391.51,817,136.6199951171875,10.94
2008-06-10,121454.49,10391.51,817,135.94000244140625,11.35
2008-06-11,119820.49,10391.51,817,133.94000244140625,12.54
2008-06-12,120237.16,10391.51,817,134.4499969482422,12.24
2008-06-13,121626.06,10391.51,817,136.14999389648438,11.22
2008-06-16,121691.42,10391.51,817,136.22999572753906,11.18
2008-06-17,121152.21,10391.51,817,135.57000732421875,11.57
2008-06-18,120073.76,10391.51,817,134.25,12.36
2008-06-19,120212.65,10391.51,817,134.4199981689453,12.25
2008-06-20,117892.37,10391.51,817,131.5800018310547,13.95
2008-06-23,117786.16,10391.51,817,131.4499969482422,14.03
2008-06-24,117573.74,10391.51,817,131.19000244140625,14.18
2008-06-25,118080.28,10391.51,817,131.80999755859375,13.81
2008-06-26,115155.42,10391.51,817,128.22999572753906,15.95
2008-06-27,114583.52,10391.51,817,127.52999877929688,16.36
2008-06-30,114951.17,10391.51,817,127.9800033569336,16.1
2008-07-01,115277.97,10391.51,817,128.3800048828125,15.86
2008-07-02,113480.57,10391.51,817,126.18000030517578,17.17
2008-07-03,113586.78,10391.51,817,126.30999755859375,17.09
2008-07-07,112532.85,10391.51,817,125.0199966430664,17.86
2008-07-08,114523.35,516.31,896,127.23999786376953,16.41
2008-07-09,112328.15,516.31,896,124.79000091552734,18.01
2008-07-10,112785.12,516.31,896,125.30000305175781,17.68
2008-07-11,111476.95,516.31,896,123.83999633789062,18.63
2008-07-14,110473.43,516.31,896,122.72000122070312,19.36
2008-07-15,108923.35,516.31,896,120.98999786376953,20.5
2008-07-16,111584.47,516.31,896,123.95999908447266,18.55
2008-07-17,112695.51,516.31,896,125.19999694824219,17.74
2008-07-18,113394.4,516.31,896,125.9800033569336,17.23
2008-07-21,113457.12,516.31,896,126.05000305175781,17.19
2008-07-22,114738.4,516.31,896,127.4800033569336,16.25
2008-07-23,115356.63,516.31,896,128.1699981689453,15.8
2008-07-24,112973.27,516.31,896,125.51000213623047,17.54
2008-07-25,112946.4,516.31,896,125.4800033569336,17.56
2008-07-28,111297.75,516.31,896,123.63999938964844,18.76
2008-07-29,113663.19,516.31,896,126.27999877929688,17.04
2008-07-30,115679.19,516.31,896,128.52999877929688,15.56
2008-07-31,114155.99,516.31,896,126.83000183105469,16.68
2008-08-01,113555.68,516.31,896,126.16000366210938,17.11
2008-08-04,112507.35,516.31,896,124.98999786376953,17.88
2008-08-05,115526.87,516.31,896,128.36000061035156,15.68
2008-08-06,116037.59,516.31,896,128.92999267578125,15.3
2008-08-07,114317.27,516.31,896,127.01000213623047,16.56
2008-08-08,116431.83,516.31,896,129.3699951171875,15.01
2008-08-11,117632.48,516.31,896,130.7100067138672,14.14
2008-08-12,116413.92,516.31,896,129.35000610351562,15.03
2008-08-13,115715.04,516.31,896,128.57000732421875,15.54
2008-08-14,116584.15,516.31,896,129.5399932861328,14.9
2008-08-15,117148.63,516.31,896,130.1699981689453,14.49
2008-08-18,115553.75,516.31,896,128.38999938964844,15.66
2008-08-19,114299.35,516.31,896,126.98999786376953,16.57
2008-08-20,114827.99,516.31,896,127.58000183105469,16.19
2008-08-21,115025.12,516.31,896,127.80000305175781,16.04
2008-08-22,116682.71,516.31,896,129.64999389648438,14.83
2008-08-25,114326.23,516.31,896,127.0199966430664,16.55
2008-08-26,114657.75,516.31,896,127.38999938964844,16.31
2008-08-27,115768.8,516.31,896,128.6300048828125,15.5
2008-08-28,117166.55,516.31,896,130.19000244140625,14.48
2008-08-29,115912.15,516.31,896,128.7899932861328,15.39
2008-09-02,115195.35,516.31,896,127.98999786376953,15.92
2008-09-03,115096.79,516.31,896,127.87999725341797,15.99
2008-09-04,111647.19,516.31,896,124.02999877929688,18.51
2008-09-05,111996.63,516.31,896,124.41999816894531,18.25
2008-09-08,114299.35,516.31,896,126.98999786376953,16.57
2008-09-09,110921.43,516.31,896,123.22000122070312,19.04
2008-09-10,111369.43,516.31,896,123.72000122070312,18.71
2008-09-11,112973.27,516.31,896,125.51000213623047,17.54
2008-09-12,113492.95,516.31,896,126.08999633789062,17.16
2008-09-15,108116.95,516.31,896,120.08999633789062,21.08
2008-09-16,109917.91,516.31,896,122.0999984741211,19.77
2008-09-17,104998.87,516.31,896,116.61000061035156,23.36
2008-09-18,108099.03,516.31,896,120.06999969482422,21.1
2008-09-19,111727.84,516.31,896,124.12000274658203,18.45
2008-09-22,109210.07,516.31,896,121.30999755859375,20.29
2008-09-23,106737.12,516.31,896,118.55000305175781,22.09
2008-09-24,107077.59,516.31,896,118.93000030517578,21.84
2008-09-25,108744.15,516.31,896,120.79000091552734,20.63
2008-09-26,108797.91,516.31,896,120.8499984741211,20.59
2008-09-29,100312.79,516.31,896,111.37999725341797,26.78
2008-09-30,104443.35,516.31,896,115.98999786376953,23.77
2008-10-01,104506.07,516.31,896,116.05999755859375,23.72
2008-10-02,100733.91,516.31,896,111.8499984741211,26.47
2008-10-03,99380.95,516.31,896,110.33999633789062,27.46
2008-10-06,94345.43,516.31,896,104.72000122070312,31.14
2008-10-07,90115.91,88.91,900,100.02999877929688,34.22
2008-10-08,87847.91,88.91,900,97.51000213623047,35.88
2008-10-09,81718.91,88.91,900,90.69999694824219,40.35
2008-10-10,79740.64,2.14,901,88.5,41.8
2008-10-13,91318.49,2.14,901,101.3499984741211,33.35
2008-10-14,89966.99,2.14,901,99.8499984741211,34.33
2008-10-15,81110.16,2.14,901,90.0199966430664,40.8
2008-10-16,84488.91,2.14,901,93.7699966430664,38.33
2008-10-17,83984.35,2.14,901,93.20999908447266,38.7
2008-10-20,89029.95,2.14,901,98.80999755859375,35.02
2008-10-21,86372,2.14,901,95.86000061035156,36.96
2008-10-22,81668.78,2.14,901,90.63999938964844,40.39
2008-10-23,82614.83,2.14,901,91.69000244140625,39.7
2008-10-24,78425.18,2.14,901,87.04000091552734,42.76
2008-10-27,75641.09,2.14,901,83.94999694824219,44.79
2008-10-28,84479.9,2.14,901,93.76000213623047,38.34
2008-10-29,83867.22,2.14,901,93.08000183105469,38.78
2008-10-30,86768.44,2.14,901,96.30000305175781,36.67
2008-10-31,87245.97,2.14,901,96.83000183105469,36.32
2008-11-03,87498.25,2.14,901,97.11000061035156,36.13
2008-11-04,90471.55,2.14,901,100.41000366210938,33.96
2008-11-05,86669.33,2.14,901,96.19000244140625,36.74
2008-11-06,81867,2.14,901,90.86000061035156,40.24
2008-11-07,84570,2.14,901,93.86000061035156,38.27
2008-11-10,83461.77,2.14,901,92.62999725341797,39.08
2008-11-11,80884.91,2.14,901,89.7699966430664,40.96
2008-11-12,77325.96,2.14,901,85.81999969482422,43.56
2008-11-13,82146.31,2.14,901,91.16999816894531,40.04
2008-11-14,78046.76,2.14,901,86.62000274658203,43.03
2008-11-17,77010.61,2.14,901,85.47000122070312,43.79
2008-11-18,78461.22,2.14,901,87.08000183105469,42.73
2008-11-19,73433.64,2.14,901,81.5,46.4
2008-11-20,67982.59,2.14,901,75.44999694824219,50.38
2008-11-21,71649.66,2.14,901,79.5199966430664,47.7
2008-11-24,76614.17,2.14,901,85.02999877929688,44.08
2008-11-25,77181.8,2.14,901,85.66000366210938,43.66
2008-11-26,80164.11,2.14,901,88.97000122070312,41.49
2008-11-28,81173.23,2.14,901,90.08999633789062,40.75
2008-12-01,73983.25,2.14,901,82.11000061035156,46
2008-12-02,76830.41,2.14,901,85.2699966430664,43.92
2008-12-03,78677.46,2.14,901,87.31999969482422,42.57
2008-12-04,76857.44,2.14,901,85.30000305175781,43.9
2008-12-05,79227.07,2.14,901,87.93000030517578,42.17
2008-12-08,81993.14,2.14,901,91,40.15
2008-12-09,80641.64,2.14,901,89.5,41.14
2008-12-10,81191.25,2.14,901,90.11000061035156,40.74
2008-12-11,79236.08,2.14,901,87.94000244140625,42.16
2008-12-12,80182.13,2.14,901,88.98999786376953,41.47
2008-12-15,79064.89,2.14,901,87.75,42.29
2008-12-16,82786.02,2.14,901,91.87999725341797,39.57
2008-12-17,81984.13,2.14,901,90.98999786376953,40.16
2008-12-18,80452.43,2.14,901,89.29000091552734,41.28
2008-12-19,79461.33,2.14,901,88.19000244140625,42
2008-12-22,78443.2,2.14,901,87.05999755859375,42.74
2008-12-23,77632.3,2.14,901,86.16000366210938,43.33
2008-12-24,78082.8,2.14,901,86.66000366210938,43.01
2008-12-26,78533.3,2.14,901,87.16000366210938,42.68
2008-12-29,78308.05,2.14,901,86.91000366210938,42.84
2008-12-30,80164.11,2.14,901,88.97000122070312,41.49
2008-12-31,81308.38,2.14,901,90.23999786376953,40.65
2009-01-02,83759.1,2.14,901,92.95999908447266,38.86
2009-01-05,83659.99,2.14,901,92.8499984741211,38.94
2009-01-06,84218.61,2.14,901,93.47000122070312,38.53
2009-01-07,81695.81,2.14,901,90.66999816894531,40.37
2009-01-08,82029.18,2.14,901,91.04000091552734,40.13
2009-01-09,80272.23,2.14,901,89.08999633789062,41.41
2009-01-12,78344.09,2.14,901,86.94999694824219,42.82
2009-01-13,78488.25,2.14,901,87.11000061035156,42.71
2009-01-14,76019.51,2.14,901,84.37000274658203,44.51
2009-01-15,76046.54,2.14,901,84.4000015258789,44.49
2009-01-16,76641.2,2.14,901,85.05999755859375,44.06
2009-01-20,72595.71,2.14,901,80.56999969482422,47.01
2009-01-21,75731.19,2.14,901,84.05000305175781,44.72
2009-01-22,74559.89,2.14,901,82.75,45.58
2009-01-23,74884.25,2.14,901,83.11000061035156,45.34
2009-01-26,75397.82,2.14,901,83.68000030517578,44.97
2009-01-27,76163.67,2.14,901,84.52999877929688,44.41
2009-01-28,78740.53,2.14,901,87.38999938964844,42.53
2009-01-29,76181.69,2.14,901,84.55000305175781,44.39
2009-01-30,74631.97,2.14,901,82.83000183105469,45.52
2009-02-02,74406.72,2.14,901,82.58000183105469,45.69
2009-02-03,75451.88,2.14,901,83.73999786376953,44.93
2009-02-04,75082.47,2.14,901,83.33000183105469,45.2
2009-02-05,76199.71,2.14,901,84.56999969482422,44.38
2009-02-06,78371.12,2.14,901,86.9800033569336,42.8
2009-02-09,78479.24,2.14,901,87.0999984741211,42.72
2009-02-10,74884.25,2.14,901,83.11000061035156,45.34
2009-02-11,75325.74,2.14,901,83.5999984741211,45.02
2009-02-12,75379.8,2.14,901,83.66000366210938,44.98
2009-02-13,74568.9,2.14,901,82.76000213623047,45.57
2009-02-17,71379.36,2.14,901,79.22000122070312,47.9
2009-02-18,71208.17,2.14,901,79.02999877929688,48.02
2009-02-19,70442.32,2.14,901,78.18000030517578,48.58
2009-02-20,69757.56,2.14,901,77.41999816894531,49.08
2009-02-23,67261.79,2.14,901,74.6500015258789,50.9
2009-02-24,69811.62,2.14,901,77.4800033569336,49.04
2009-02-25,69262.01,2.14,901,76.87000274658203,49.44
2009-02-26,68135.76,2.14,901,75.62000274658203,50.27
2009-02-27,66613.07,2.14,901,73.93000030517578,51.38
2009-03-02,63612.74,2.14,901,70.5999984741211,53.57
2009-03-03,63135.21,2.14,901,70.06999969482422,53.92
2009-03-04,64630.87,2.14,901,71.7300033569336,52.82
2009-03-05,61990.94,2.14,901,68.80000305175781,54.75
2009-03-06,62099.06,2.14,901,68.91999816894531,54.67
2009-03-09,61369.25,2.14,901,68.11000061035156,55.21
2009-03-10,65027.31,2.14,901,72.16999816894531,52.54
2009-03-11,65450.78,2.14,901,72.63999938964844,52.23
2009-03-12,68027.64,2.14,901,75.5,50.35
2009-03-13,68559.23,2.14,901,76.08999633789062,49.96
2009-03-16,68352,2.14,901,75.86000061035156,50.11
2009-03-17,70442.32,2.14,901,78.18000030517578,48.58
2009-03-18,72019.07,2.14,901,79.93000030517578,47.43
2009-03-19,71127.08,2.14,901,78.94000244140625,48.08
2009-03-20,69117.85,2.14,901,76.70999908447266,49.55
2009-03-23,74082.36,2.14,901,82.22000122070312,45.93
2009-03-24,72622.74,2.14,901,80.5999984741211,46.99
2009-03-25,73388.59,2.14,901,81.44999694824219,46.43
2009-03-26,74884.25,2.14,901,83.11000061035156,45.34
2009-03-27,73532.75,2.14,901,81.61000061035156,46.33
2009-03-30,70991.93,2.14,901,78.79000091552734,48.18
2009-03-31,71649.66,2.14,901,79.5199966430664,47.7
2009-04-01,73037.2,2.14,901,81.05999755859375,46.69
2009-04-02,75172.57,2.14,901,83.43000030517578,45.13
2009-04-03,75920.4,2.14,901,84.26000213623047,44.58
2009-04-06,75325.74,2.14,901,83.5999984741211,45.02
2009-04-07,73568.79,2.14,901,81.6500015258789,46.3
2009-04-08,74361.67,2.14,901,82.52999877929688,45.72
2009-04-09,77316.95,2.14,901,85.80999755859375,43.57
2009-04-13,77334.97,2.14,901,85.83000183105469,43.55
2009-04-14,76001.49,2.14,901,84.3499984741211,44.53
2009-04-15,76812.39,2.14,901,85.25,43.93
2009-04-16,77938.64,2.14,901,86.5,43.11
2009-04-17,78461.22,2.14,901,87.08000183105469,42.73
2009-04-20,75172.57,2.14,901,83.43000030517578,45.13
2009-04-21,76641.2,2.14,901,85.05999755859375,44.06
2009-04-22,76172.68,2.14,901,84.54000091552734,44.4
2009-04-23,76920.51,2.14,901,85.37000274658203,43.85
2009-04-24,78082.8,2.14,901,86.66000366210938,43.01
2009-04-27,77343.98,2.14,901,85.83999633789062,43.55
2009-04-28,77100.71,2.14,901,85.56999969482422,43.72
2009-04-29,78740.53,2.14,901,87.38999938964844,42.53
2009-04-30,78767.56,2.14,901,87.41999816894531,42.51
2009-05-01,79191.03,2.14,901,87.88999938964844,42.2
2009-05-04,81885.02,2.14,901,90.87999725341797,40.23
2009-05-05,81605.71,2.14,901,90.56999969482422,40.43
2009-05-06,83020.28,2.14,901,92.13999938964844,39.4
2009-05-07,81867,2.14,901,90.86000061035156,40.24
2009-05-08,83777.12,2.14,901,92.9800033569336,38.85
2009-05-11,82209.38,2.14,901,91.23999786376953,39.99
2009-05-12,81966.11,2.14,901,90.97000122070312,40.17
2009-05-13,79902.82,2.14,901,88.68000030517578,41.68
2009-05-14,80587.58,2.14,901,89.44000244140625,41.18
2009-05-15,79929.85,2.14,901,88.70999908447266,41.66
2009-05-18,82200.37,2.14,901,91.2300033569336,40
2009-05-19,82101.26,2.14,901,91.12000274658203,40.07
2009-05-20,81551.65,2.14,901,90.51000213623047,40.47
2009-05-21,80380.35,2.14,901,89.20999908447266,41.33
2009-05-22,80209.16,2.14,901,89.0199966430664,41.45
2009-05-26,82263.44,2.14,901,91.30000305175781,39.95
2009-05-27,80794.81,2.14,901,89.66999816894531,41.03
2009-05-28,81921.06,2.14,901,90.91999816894531,40.2
2009-05-29,83371.67,2.14,901,92.52999877929688,39.15
2009-06-01,85389.91,2.14,901,94.7699966430664,37.67
2009-06-02,85461.99,2.14,901,94.8499984741211,37.62
2009-06-03,84380.79,2.14,901,93.6500015258789,38.41
2009-06-04,85173.67,2.14,901,94.52999877929688,37.83
2009-06-05,85191.69,2.14,901,94.55000305175781,37.82
2009-06-08,84840.3,2.14,901,94.16000366210938,38.07
2009-06-09,85272.78,2.14,901,94.63999938964844,37.76
2009-06-10,85056.54,2.14,901,94.4000015258789,37.92
2009-06-11,85434.96,2.14,901,94.81999969482422,37.64
2009-06-12,85669.22,2.14,901,95.08000183105469,37.47
2009-06-15,83705.04,2.14,901,92.9000015258789,38.9
2009-06-16,82569.78,2.14,901,91.63999938964844,39.73
2009-06-17,82488.69,2.14,901,91.55000305175781,39.79
2009-06-18,83092.36,2.14,901,92.22000122070312,39.35
2009-06-19,82930.18,2.14,901,92.04000091552734,39.47
2009-06-22,80443.42,2.14,901,89.27999877929688,41.28
2009-06-23,80506.49,2.14,901,89.3499984741211,41.24
2009-06-24,81200.26,2.14,901,90.12000274658203,40.73
2009-06-25,82966.22,2.14,901,92.08000183105469,39.44
2009-06-26,82749.98,2.14,901,91.83999633789062,39.6
2009-06-29,83524.84,2.14,901,92.69999694824219,39.03
2009-06-30,82849.09,2.14,901,91.94999694824219,39.53
2009-07-01,83191.47,2.14,901,92.33000183105469,39.28
2009-07-02,80920.95,2.14,901,89.80999755859375,40.93
2009-07-06,80911.94,2.14,901,89.80000305175781,40.94
2009-07-07,79344.2,2.14,901,88.05999755859375,42.09
2009-07-08,79290.14,2.14,901,88,42.12
2009-07-09,79443.31,2.14,901,88.16999816894531,42.01
2009-07-10,79254.1,2.14,901,87.95999908447266,42.15
2009-07-13,81182.24,2.14,901,90.0999984741211,40.74
2009-07-14,81641.75,2.14,901,90.61000061035156,40.41
2009-07-15,84029.4,2.14,901,93.26000213623047,38.67
2009-07-16,83894.25,2.14,901,93.11000061035156,38.76
2009-07-17,84813.27,2.14,901,94.12999725341797,38.09
2009-07-20,85714.27,2.14,901,95.12999725341797,37.44
2009-07-21,86110.71,2.14,901,95.56999969482422,37.15
2009-07-22,86092.69,2.14,901,95.55000305175781,37.16
2009-07-23,87993.8,2.14,901,97.66000366210938,35.77
2009-07-24,88354.2,2.14,901,98.05999755859375,35.51
2009-07-27,88615.49,2.14,901,98.3499984741211,35.32
2009-07-28,88201.03,2.14,901,97.88999938964844,35.62
2009-07-29,87984.79,2.14,901,97.6500015258789,35.78
2009-07-30,88903.81,2.14,901,98.66999816894531,35.11
2009-07-31,89029.95,2.14,901,98.80999755859375,35.02
2009-08-03,90498.58,2.14,901,100.44000244140625,33.94
2009-08-04,90732.84,2.14,901,100.69999694824219,33.77
2009-08-05,90471.55,2.14,901,100.41000366210938,33.96
2009-08-06,90003.03,2.14,901,99.88999938964844,34.31
2009-08-07,91183.34,2.14,901,101.19999694824219,33.44
2009-08-10,90994.13,2.14,901,100.98999786376953,33.58
2009-08-11,89858.87,2.14,901,99.7300033569336,34.41
2009-08-12,90822.94,2.14,901,100.80000305175781,33.71
2009-08-13,91516.71,2.14,901,101.56999969482422,33.2
2009-08-14,90813.93,2.14,901,100.79000091552734,33.71
2009-08-17,88579.45,2.14,901,98.30999755859375,35.34
2009-08-18,89282.23,2.14,901,99.08999633789062,34.83
2009-08-19,90066.1,2.14,901,99.95999908447266,34.26
2009-08-20,90994.13,2.14,901,100.98999786376953,33.58
2009-08-21,92778.11,2.14,901,102.97000122070312,32.28
2009-08-24,92769.1,2.14,901,102.95999908447266,32.29
2009-08-25,92949.3,2.14,901,103.16000366210938,32.15
2009-08-26,92958.31,2.14,901,103.16999816894531,32.15
2009-08-27,93165.54,2.14,901,103.4000015258789,32
2009-08-28,93147.52,2.14,901,103.37999725341797,32.01
2009-08-31,92318.6,2.14,901,102.45999908447266,32.62
2009-09-01,90282.34,2.14,901,100.19999694824219,34.1
2009-09-02,89939.96,2.14,901,99.81999969482422,34.35
2009-09-03,90687.79,2.14,901,100.6500015258789,33.81
2009-09-04,91958.2,2.14,901,102.05999755859375,32.88
2009-09-08,92751.08,2.14,901,102.94000244140625,32.3
2009-09-09,93462.87,2.14,901,103.7300033569336,31.78
2009-09-10,94417.93,2.14,901,104.79000091552734,31.08
2009-09-11,94399.91,2.14,901,104.7699966430664,31.1
2009-09-14,94859.42,2.14,901,105.27999877929688,30.76
2009-09-15,95255.86,2.14,901,105.72000122070312,30.47
2009-09-16,96697.46,2.14,901,107.31999969482422,29.42
2009-09-17,96553.3,2.14,901,107.16000366210938,29.52
2009-09-18,96156.86,2.14,901,106.72000122070312,29.81
2009-09-21,95913.59,2.14,901,106.44999694824219,29.99
2009-09-22,96472.21,2.14,901,107.06999969482422,29.58
2009-09-23,95670.32,2.14,901,106.18000030517578,30.17
2009-09-24,94616.15,2.14,901,105.01000213623047,30.94
2009-09-25,94111.59,2.14,901,104.44999694824219,31.31
2009-09-28,95796.46,2.14,901,106.31999969482422,30.08
2009-09-29,95508.14,2.14,901,106,30.29
2009-09-30,95138.73,2.14,901,105.58999633789062,30.56
2009-10-01,92778.11,2.14,901,102.97000122070312,32.28
2009-10-02,92345.63,2.14,901,102.48999786376953,32.6
2009-10-05,93724.16,2.14,901,104.0199966430664,31.59
2009-10-06,95066.65,2.14,901,105.51000213623047,30.61
2009-10-07,95327.94,2.14,901,105.80000305175781,30.42
2009-10-08,96057.75,2.14,901,106.61000061035156,29.89
2009-10-09,96643.4,2.14,901,107.26000213623047,29.46
2009-10-12,97021.82,2.14,901,107.68000030517578,29.18
2009-10-13,96823.6,2.14,901,107.45999908447266,29.33
2009-10-14,98490.45,2.14,901,109.30999755859375,28.11
2009-10-15,98850.85,2.14,901,109.70999908447266,27.85
2009-10-16,98112.03,2.14,901,108.88999938964844,28.39
2009-10-19,98922.93,2.14,901,109.79000091552734,27.79
2009-10-20,98400.35,2.14,901,109.20999908447266,28.18
2009-10-21,97517.37,2.14,901,108.2300033569336,28.82
2009-10-22,98508.47,2.14,901,109.33000183105469,28.1
2009-10-23,97382.22,2.14,901,108.08000183105469,28.92
2009-10-26,96328.05,2.14,901,106.91000366210938,29.69
2009-10-27,95886.56,2.14,901,106.41999816894531,30.01
2009-10-28,94075.55,2.14,901,104.41000366210938,31.33
2009-10-29,96093.79,2.14,901,106.6500015258789,29.86
2009-10-30,93309.7,2.14,901,103.55999755859375,31.89
2009-11-02,93994.46,2.14,901,104.31999969482422,31.39
2009-11-03,94291.79,2.14,901,104.6500015258789,31.17
2009-11-04,94535.06,2.14,901,104.91999816894531,31
2009-11-05,96273.99,2.14,901,106.8499984741211,29.73
2009-11-06,96526.27,2.14,901,107.12999725341797,29.54
2009-11-09,98724.71,2.14,901,109.56999969482422,27.94
2009-11-10,98742.73,2.14,901,109.58999633789062,27.93
2009-11-11,99247.29,2.14,901,110.1500015258789,27.56
2009-11-12,98238.17,2.14,901,109.02999877929688,28.29
2009-11-13,98769.76,2.14,901,109.62000274658203,27.91
2009-11-16,100202.35,2.14,901,111.20999908447266,26.86
2009-11-17,100319.48,2.14,901,111.33999633789062,26.78
2009-11-18,100256.41,2.14,901,111.2699966430664,26.82
2009-11-19,98949.96,2.14,901,109.81999969482422,27.77
2009-11-20,98598.57,2.14,901,109.43000030517578,28.03
2009-11-23,99850.96,2.14,901,110.81999969482422,27.12
2009-11-24,100004.13,2.14,901,110.98999786376953,27.01
2009-11-25,100355.52,2.14,901,111.37999725341797,26.75
2009-11-27,98724.71,2.14,901,109.56999969482422,27.94
2009-11-30,99058.08,2.14,901,109.94000244140625,27.7
2009-12-01,100283.44,2.14,901,111.30000305175781,26.8
2009-12-02,100238.39,2.14,901,111.25,26.83
2009-12-03,99454.52,2.14,901,110.37999725341797,27.41
2009-12-04,100022.15,2.14,901,111.01000213623047,26.99
2009-12-07,99868.98,2.14,901,110.83999633789062,27.1
2009-12-08,98760.75,2.14,901,109.61000061035156,27.91
2009-12-09,99130.16,2.14,901,110.0199966430664,27.64
2009-12-10,99688.78,2.14,901,110.63999938964844,27.24
2009-12-11,100112.25,2.14,901,111.11000061035156,26.93
2009-12-14,100797.01,2.14,901,111.87000274658203,26.43
2009-12-15,100328.49,2.14,901,111.3499984741211,26.77
2009-12-16,100481.66,2.14,901,111.5199966430664,26.66
2009-12-17,99274.32,2.14,901,110.18000030517578,27.54
2009-12-18,99301.35,2.14,901,110.20999908447266,27.52
2009-12-21,100310.47,2.14,901,111.33000183105469,26.78
2009-12-22,100670.87,2.14,901,111.7300033569336,26.52
2009-12-23,100869.09,2.14,901,111.94999694824219,26.37
2009-12-24,101346.62,2.14,901,112.4800033569336,26.03
2009-12-28,101562.86,2.14,901,112.72000122070312,25.87
2009-12-29,101418.7,2.14,901,112.55999755859375,25.97
2009-12-30,101382.66,2.14,901,112.5199966430664,26
2009-12-31,100409.58,2.14,901,111.44000244140625,26.71
2010-01-04,102112.47,2.14,901,113.33000183105469,25.47
2010-01-05,102382.77,2.14,901,113.62999725341797,25.27
2010-01-06,102454.85,2.14,901,113.70999908447266,25.22
2010-01-07,102887.33,2.14,901,114.19000244140625,24.9
2010-01-08,103229.71,2.14,901,114.56999969482422,24.65
2010-01-11,103373.87,2.14,901,114.7300033569336,24.55
2010-01-12,102409.8,2.14,901,113.66000366210938,25.25
2010-01-13,103274.76,2.14,901,114.62000274658203,24.62
2010-01-14,103554.07,2.14,901,114.93000030517578,24.41
2010-01-15,102391.78,2.14,901,113.63999938964844,25.26
2010-01-19,103671.2,2.14,901,115.05999755859375,24.33
2010-01-20,102617.03,2.14,901,113.88999938964844,25.1
2010-01-21,100643.84,2.14,901,111.69999694824219,26.54
2010-01-22,98400.35,2.14,901,109.20999908447266,28.18
2010-01-25,98904.91,2.14,901,109.7699966430664,27.81
2010-01-26,98490.45,2.14,901,109.30999755859375,28.11
2010-01-27,98958.97,2.14,901,109.83000183105469,27.77
2010-01-28,97823.71,2.14,901,108.56999969482422,28.6
2010-01-29,96760.53,2.14,901,107.38999938964844,29.37
2010-02-01,98265.2,2.14,901,109.05999755859375,28.27
2010-02-02,99454.52,2.14,901,110.37999725341797,27.41
2010-02-03,98958.97,2.14,901,109.83000183105469,27.77
2010-02-04,95904.58,2.14,901,106.44000244140625,30
2010-02-05,96102.8,2.14,901,106.66000366210938,29.85
2010-02-08,95409.03,2.14,901,105.88999938964844,30.36
2010-02-09,96607.36,2.14,901,107.22000122070312,29.48
2010-02-10,96418.15,2.14,901,107.01000213623047,29.62
2010-02-11,97427.27,2.14,901,108.12999725341797,28.89
2010-02-12,97346.18,2.14,901,108.04000091552734,28.95
2010-02-16,98877.88,2.14,901,109.73999786376953,27.83
2010-02-17,99346.4,2.14,901,110.26000213623047,27.49
2010-02-18,99932.05,2.14,901,110.91000366210938,27.06
2010-02-19,100139.28,2.14,901,111.13999938964844,26.91
2010-02-22,100157.3,2.14,901,111.16000366210938,26.89
2010-02-23,98940.95,2.14,901,109.80999755859375,27.78
2010-02-24,99850.96,2.14,901,110.81999969482422,27.12
2010-02-25,99715.81,2.14,901,110.66999816894531,27.22
2010-02-26,99778.88,2.14,901,110.73999786376953,27.17
2010-03-01,100815.03,2.14,901,111.88999938964844,26.41
2010-03-02,101094.34,2.14,901,112.19999694824219,26.21
2010-03-03,101184.44,2.14,901,112.30000305175781,26.14
2010-03-04,101490.78,2.14,901,112.63999938964844,25.92
2010-03-05,102941.39,2.14,901,114.25,24.86
2010-03-08,102959.41,2.14,901,114.2699966430664,24.85
2010-03-09,103130.6,2.14,901,114.45999908447266,24.72
2010-03-10,103590.11,2.14,901,114.97000122070312,24.39
2010-03-11,104022.59,2.14,901,115.44999694824219,24.07
2010-03-12,104031.6,2.14,901,115.45999908447266,24.07
2010-03-15,104058.63,2.14,901,115.48999786376953,24.05
2010-03-16,104887.55,2.14,901,116.41000366210938,23.44
2010-03-17,105509.24,2.14,901,117.0999984741211,22.99
2010-03-18,105455.18,2.14,901,117.04000091552734,23.03
2010-03-19,104491.11,2.14,901,115.97000122070312,23.73
2010-03-22,105049.73,2.14,901,116.58999633789062,23.32
2010-03-23,105788.55,2.14,901,117.41000366210938,22.78
2010-03-24,105274.98,2.14,901,116.83999633789062,23.16
2010-03-25,105103.79,2.14,901,116.6500015258789,23.28
2010-03-26,105040.72,2.14,901,116.58000183105469,23.33
2010-03-29,105707.46,2.14,901,117.31999969482422,22.84
2010-03-30,105779.54,2.14,901,117.4000015258789,22.79
2010-03-31,105419.14,2.14,901,117,23.05
2010-04-01,106139.94,2.14,901,117.80000305175781,22.53
2010-04-05,107004.9,2.14,901,118.76000213623047,21.9
2010-04-06,107257.18,2.14,901,119.04000091552734,21.71
2010-04-07,106644.5,2.14,901,118.36000061035156,22.16
2010-04-08,107013.91,2.14,901,118.7699966430664,21.89
2010-04-09,107716.69,2.14,901,119.55000305175781,21.38
2010-04-12,107887.88,2.14,901,119.73999786376953,21.25
2010-04-13,107968.97,2.14,901,119.83000183105469,21.19
2010-04-14,109194.33,2.14,901,121.19000244140625,20.3
2010-04-15,109284.43,2.14,901,121.29000091552734,20.23
2010-04-16,107545.5,2.14,901,119.36000061035156,21.5
2010-04-19,107950.95,2.14,901,119.80999755859375,21.2
2010-04-20,108915.02,2.14,901,120.87999725341797,20.5
2010-04-21,108716.8,2.14,901,120.66000366210938,20.65
2010-04-22,109041.16,2.14,901,121.0199966430664,20.41
2010-04-23,109752.95,2.14,901,121.80999755859375,19.89
2010-04-26,109338.49,2.14,901,121.3499984741211,20.19
2010-04-27,106752.62,2.14,901,118.4800033569336,22.08
2010-04-28,107563.52,2.14,901,119.37999725341797,21.49
2010-04-29,108897,2.14,901,120.86000061035156,20.51
2010-04-30,107049.95,2.14,901,118.80999755859375,21.86
2010-05-03,108437.49,2.14,901,120.3499984741211,20.85
2010-05-04,105887.66,2.14,901,117.5199966430664,22.71
2010-05-05,105256.96,2.14,901,116.81999969482422,23.17
2010-05-06,101761.08,2.14,901,112.94000244140625,25.72
2010-05-07,100247.4,2.14,901,111.26000213623047,26.83
2010-05-10,104662.3,2.14,901,116.16000366210938,23.61
2010-05-11,104364.97,2.14,901,115.83000183105469,23.82
2010-05-12,105824.59,2.14,901,117.44999694824219,22.76
2010-05-13,104509.13,2.14,901,115.98999786376953,23.72
2010-05-14,102617.03,2.14,901,113.88999938964844,25.1
2010-05-17,102671.09,2.14,901,113.94999694824219,25.06
2010-05-18,101274.54,2.14,901,112.4000015258789,26.08
2010-05-19,100697.9,2.14,901,111.76000213623047,26.5
2010-05-20,96895.68,2.14,901,107.54000091552734,29.27
2010-05-21,98310.25,2.14,901,109.11000061035156,28.24
2010-05-24,97048.85,2.14,901,107.70999908447266,29.16
2010-05-25,97147.96,2.14,901,107.81999969482422,29.09
2010-05-26,96562.31,2.14,901,107.16999816894531,29.52
2010-05-27,99796.9,2.14,901,110.76000213623047,27.16
2010-05-28,98544.51,2.14,901,109.37000274658203,28.07
2010-06-01,96886.67,2.14,901,107.52999877929688,29.28
2010-06-02,99409.47,2.14,901,110.33000183105469,27.44
2010-06-03,99751.85,2.14,901,110.70999908447266,27.19
2010-06-04,96246.96,2.14,901,106.81999969482422,29.75
2010-06-07,95048.63,2.14,901,105.48999786376953,30.62
2010-06-08,96066.76,2.14,901,106.62000274658203,29.88
2010-06-09,95553.19,2.14,901,106.05000305175781,30.25
2010-06-10,98346.29,2.14,901,109.1500015258789,28.22
2010-06-11,98823.82,2.14,901,109.68000030517578,27.87
2010-06-14,98670.65,2.14,901,109.51000213623047,27.98
2010-06-15,100914.14,2.14,901,112,26.34
2010-06-16,100878.1,2.14,901,111.95999908447266,26.37
2010-06-17,101040.28,2.14,901,112.13999938964844,26.25
2010-06-18,100670.87,2.14,901,111.7300033569336,26.52
2010-06-21,100382.55,2.14,901,111.41000366210938,26.73
2010-06-22,98724.71,2.14,901,109.56999969482422,27.94
2010-06-23,98418.37,2.14,901,109.2300033569336,28.16
2010-06-24,96787.56,2.14,901,107.41999816894531,29.35
2010-06-25,97193.01,2.14,901,107.87000274658203,29.06
2010-06-28,96886.67,2.14,901,107.52999877929688,29.28
2010-06-29,93895.35,2.14,901,104.20999908447266,31.46
2010-06-30,93003.36,2.14,901,103.22000122070312,32.12
2010-07-01,92588.9,2.14,901,102.76000213623047,32.42
2010-07-02,92084.34,2.14,901,102.19999694824219,32.79
2010-07-06,92688.01,2.14,901,102.87000274658203,32.35
2010-07-07,95607.25,2.14,901,106.11000061035156,30.21
2010-07-08,96553.3,2.14,901,107.16000366210938,29.52
2010-07-09,97274.1,2.14,901,107.95999908447266,29
2010-07-12,97337.17,2.14,901,108.02999877929688,28.95
2010-07-13,98805.8,2.14,901,109.66000366210938,27.88
2010-07-14,98796.79,2.14,901,109.6500015258789,27.89
2010-07-15,98823.82,2.14,901,109.68000030517578,27.87
2010-07-16,96102.8,2.14,901,106.66000366210938,29.85
2010-07-19,96670.43,2.14,901,107.29000091552734,29.44
2010-07-20,97742.62,2.14,901,108.4800033569336,28.66
2010-07-21,96472.21,2.14,901,107.06999969482422,29.58
2010-07-22,98625.6,2.14,901,109.45999908447266,28.01
2010-07-23,99481.55,2.14,901,110.41000366210938,27.39
2010-07-26,100517.7,2.14,901,111.55999755859375,26.63
2010-07-27,100508.69,2.14,901,111.55000305175781,26.64
2010-07-28,99859.97,2.14,901,110.83000183105469,27.11
2010-07-29,99373.43,2.14,901,110.29000091552734,27.47
2010-07-30,99355.41,2.14,901,110.2699966430664,27.48
2010-08-02,101598.9,2.14,901,112.76000213623047,25.84
2010-08-03,101112.36,2.14,901,112.22000122070312,26.2
2010-08-04,101788.11,2.14,901,112.97000122070312,25.7
2010-08-05,101679.99,2.14,901,112.8499984741211,25.78
2010-08-06,101265.53,2.14,901,112.38999938964844,26.08
2010-08-09,101806.13,2.14,901,112.98999786376953,25.69
2010-08-10,101256.52,2.14,901,112.37999725341797,26.09
2010-08-11,98481.44,2.14,901,109.30000305175781,28.12
2010-08-12,97877.77,2.14,901,108.62999725341797,28.56
2010-08-13,97589.45,2.14,901,108.30999755859375,28.77
2010-08-16,97544.4,2.14,901,108.26000213623047,28.8
2010-08-17,98742.73,2.14,901,109.58999633789062,27.93
2010-08-18,98922.93,2.14,901,109.79000091552734,27.79
2010-08-19,97202.02,2.14,901,107.87999725341797,29.05
2010-08-20,96886.67,2.14,901,107.52999877929688,29.28
2010-08-23,96517.26,2.14,901,107.12000274658203,29.55
2010-08-24,95084.67,2.14,901,105.52999877929688,30.6
2010-08-25,95454.08,2.14,901,105.94000244140625,30.33
2010-08-26,94814.37,2.14,901,105.2300033569336,30.79
2010-08-27,96283,2.14,901,106.86000061035156,29.72
2010-08-30,94886.45,2.14,901,105.30999755859375,30.74
2010-08-31,94886.45,2.14,901,105.30999755859375,30.74
2010-09-01,97724.6,2.14,901,108.45999908447266,28.67
2010-09-02,98634.61,2.14,901,109.47000122070312,28
2010-09-03,99914.03,2.14,901,110.88999938964844,27.07
2010-09-07,98787.78,2.14,901,109.63999938964844,27.89
2010-09-08,99481.55,2.14,901,110.41000366210938,27.39
2010-09-09,99941.06,2.14,901,110.91999816894531,27.05
2010-09-10,100445.62,2.14,901,111.4800033569336,26.68
2010-09-13,101562.86,2.14,901,112.72000122070312,25.87
2010-09-14,101499.79,2.14,901,112.6500015258789,25.91
2010-09-15,101887.22,2.14,901,113.08000183105469,25.63
2010-09-16,101860.19,2.14,901,113.05000305175781,25.65
2010-09-17,101355.63,2.14,901,112.48999786376953,26.02
2010-09-20,102905.35,2.14,901,114.20999908447266,24.89
2010-09-21,102698.12,2.14,901,113.9800033569336,25.04
2010-09-22,102193.56,2.14,901,113.41999816894531,25.41
2010-09-23,101364.64,2.14,901,112.5,26.01
2010-09-24,103454.96,2.14,901,114.81999969482422,24.49
2010-09-27,102959.41,2.14,901,114.2699966430664,24.85
2010-09-28,103319.81,2.14,901,114.66999816894531,24.59
2010-09-29,103139.61,2.14,901,114.47000122070312,24.72
2010-09-30,102833.27,2.14,901,114.12999725341797,24.94
2010-10-01,103265.75,2.14,901,114.61000061035156,24.62
2010-10-04,102490.89,2.14,901,113.75,25.19
2010-10-05,104554.18,2.14,901,116.04000091552734,23.68
2010-10-06,104545.17,2.14,901,116.02999877929688,23.69
2010-10-07,104419.03,2.14,901,115.88999938964844,23.78
2010-10-08,105004.68,2.14,901,116.54000091552734,23.36
2010-10-11,105103.79,2.14,901,116.6500015258789,23.28
2010-10-12,105428.15,2.14,901,117.01000213623047,23.05
2010-10-13,106248.06,2.14,901,117.91999816894531,22.45
2010-10-14,105833.6,2.14,901,117.45999908447266,22.75
2010-10-15,106049.84,2.14,901,117.69999694824219,22.59
2010-10-18,106572.42,2.14,901,118.27999877929688,22.21
2010-10-19,105175.87,2.14,901,116.7300033569336,23.23
2010-10-20,106203.01,2.14,901,117.87000274658203,22.48
2010-10-21,106437.27,2.14,901,118.12999725341797,22.31
2010-10-22,106635.49,2.14,901,118.3499984741211,22.16
2010-10-25,106950.84,2.14,901,118.69999694824219,21.93
2010-10-26,106968.86,2.14,901,118.72000122070312,21.92
2010-10-27,106662.52,2.14,901,118.37999725341797,22.15
2010-10-28,106680.54,2.14,901,118.4000015258789,22.13
2010-10-29,106761.63,2.14,901,118.48999786376953,22.07
2010-11-01,106797.67,2.14,901,118.52999877929688,22.05
2010-11-02,107644.61,2.14,901,119.47000122070312,21.43
2010-11-03,108077.09,2.14,901,119.94999694824219,21.11
2010-11-04,110158.4,2.14,901,122.26000213623047,19.59
2010-11-05,110572.86,2.14,901,122.72000122070312,19.29
2010-11-08,110365.63,2.14,901,122.48999786376953,19.44
2010-11-09,109572.75,2.14,901,121.61000061035156,20.02
2010-11-10,110014.24,2.14,901,122.0999984741211,19.7
2010-11-11,109599.78,2.14,901,121.63999938964844,20
2010-11-12,108302.34,2.14,901,120.19999694824219,20.95
2010-11-15,108149.17,2.14,901,120.02999877929688,21.06
2010-11-16,106464.3,2.14,901,118.16000366210938,22.29
2010-11-17,106518.36,2.14,901,118.22000122070312,22.25
2010-11-18,108086.1,2.14,901,119.95999908447266,21.11
2010-11-19,108383.43,2.14,901,120.29000091552734,20.89
2010-11-22,108293.33,2.14,901,120.19000244140625,20.95
2010-11-23,106725.59,2.14,901,118.44999694824219,22.1
2010-11-24,108302.34,2.14,901,120.19999694824219,20.95
2010-11-26,107040.94,2.14,901,118.80000305175781,21.87
2010-11-29,107365.3,2.14,901,119.16000366210938,21.63
2010-11-30,106761.63,2.14,901,118.48999786376953,22.07
2010-12-01,109032.15,2.14,901,121.01000213623047,20.42
2010-12-02,110428.7,2.14,901,122.55999755859375,19.4
2010-12-03,110726.03,2.14,901,122.88999938964844,19.18
2010-12-06,110608.9,2.14,901,122.76000213623047,19.26
2010-12-07,110671.97,2.14,901,122.83000183105469,19.22
2010-12-08,111077.42,2.14,901,123.27999877929688,18.92
2010-12-09,111509.9,2.14,901,123.76000213623047,18.61
2010-12-10,112158.62,2.14,901,124.4800033569336,18.13
2010-12-13,112230.7,2.14,901,124.55999755859375,18.08
2010-12-14,112329.81,2.14,901,124.66999816894531,18.01
2010-12-15,111816.24,2.14,901,124.0999984741211,18.38
2010-12-16,112464.96,2.14,901,124.81999969482422,17.91
2010-12-17,111996.44,2.14,901,124.30000305175781,18.25
2010-12-20,112266.74,2.14,901,124.5999984741211,18.05
2010-12-21,112978.53,2.14,901,125.38999938964844,17.54
2010-12-22,113329.92,2.14,901,125.77999877929688,17.28
2010-12-23,113167.74,2.14,901,125.5999984741211,17.4
2010-12-27,113212.79,2.14,901,125.6500015258789,17.36
2010-12-28,113374.97,2.14,901,125.83000183105469,17.25
2010-12-29,113456.06,2.14,901,125.91999816894531,17.19
2010-12-30,113275.86,2.14,901,125.72000122070312,17.32
2010-12-31,113302.89,2.14,901,125.75,17.3
2011-01-03,114474.19,2.14,901,127.05000305175781,16.44
2011-01-04,114411.12,2.14,901,126.9800033569336,16.49
2011-01-05,115005.78,2.14,901,127.63999938964844,16.06
2011-01-06,114780.53,2.14,901,127.38999938964844,16.22
2011-01-07,114555.28,2.14,901,127.13999938964844,16.38
2011-01-10,114411.12,2.14,901,126.9800033569336,16.49
2011-01-11,114816.57,2.14,901,127.43000030517578,16.19
2011-01-12,115852.72,2.14,901,128.5800018310547,15.44
2011-01-13,115663.51,2.14,901,128.3699951171875,15.58
2011-01-14,116501.44,2.14,901,129.3000030517578,14.96
2011-01-18,116699.67,2.14,901,129.52000427246094,14.82
2011-01-19,115555.39,2.14,901,128.25,15.65
2011-01-20,115402.22,2.14,901,128.0800018310547,15.77
2011-01-21,115663.51,2.14,901,128.3699951171875,15.58
2011-01-24,116321.25,2.14,901,129.10000610351562,15.1
2011-01-25,116384.31,2.14,901,129.1699981689453,15.05
2011-01-26,116834.81,2.14,901,129.6699981689453,14.72
2011-01-27,117123.14,2.14,901,129.99000549316406,14.51
2011-01-28,115077.86,2.14,901,127.72000122070312,16
2011-01-31,115942.81,2.14,901,128.67999267578125,15.37
2011-02-01,117798.89,2.14,901,130.74000549316406,14.02
2011-02-02,117573.64,2.14,901,130.49000549316406,14.18
2011-02-03,117834.92,2.14,901,130.77999877929688,13.99
2011-02-04,118168.29,2.14,901,131.14999389648438,13.75
2011-02-07,118907.11,2.14,901,131.97000122070312,13.21
2011-02-08,119447.72,2.14,901,132.57000732421875,12.81
2011-02-09,119177.42,2.14,901,132.27000427246094,13.01
2011-02-10,119222.47,2.14,901,132.32000732421875,12.98
2011-02-11,119934.25,2.14,901,133.11000061035156,12.46
2011-02-14,120222.56,2.14,901,133.42999267578125,12.25
2011-02-15,119844.15,2.14,901,133.00999450683594,12.52
2011-02-16,120601,2.14,901,133.85000610351562,11.97
2011-02-17,120961.39,2.14,901,134.25,11.71
2011-02-18,121213.67,2.14,901,134.52999877929688,11.52
2011-02-22,118780.97,2.14,901,131.8300018310547,13.3
2011-02-23,118051.17,2.14,901,131.02000427246094,13.83
2011-02-24,117970.06,2.14,901,130.92999267578125,13.89
2011-02-25,119231.47,2.14,901,132.3300018310547,12.97
2011-02-28,119970.29,2.14,901,133.14999389648438,12.43
2011-03-01,117970.06,2.14,901,130.92999267578125,13.89
2011-03-02,118222.36,2.14,901,131.2100067138672,13.71
2011-03-03,120258.61,2.14,901,133.47000122070312,12.22
2011-03-04,119357.61,2.14,901,132.47000122070312,12.88
2011-03-07,118420.56,2.14,901,131.42999267578125,13.56
2011-03-08,119456.72,2.14,901,132.5800018310547,12.81
2011-03-09,119285.53,2.14,901,132.38999938964844,12.93
2011-03-10,117078.08,2.14,901,129.94000244140625,14.54
2011-03-11,117888.98,2.14,901,130.83999633789062,13.95
2011-03-14,117177.19,2.14,901,130.0500030517578,14.47
2011-03-15,115834.7,2.14,901,128.55999755859375,15.45
2011-03-16,113690.32,2.14,901,126.18000030517578,17.02
2011-03-17,115194.99,2.14,901,127.8499984741211,15.92
2011-03-18,115113.9,2.14,901,127.76000213623047,15.98
2011-03-21,116897.89,2.14,901,129.74000549316406,14.67
2011-03-22,116492.43,2.14,901,129.2899932861328,14.97
2011-03-23,116825.8,2.14,901,129.66000366210938,14.73
2011-03-24,117943.04,2.14,901,130.89999389648438,13.91
2011-03-25,118303.44,2.14,901,131.3000030517578,13.65
2011-03-28,118015.12,2.14,901,130.97999572753906,13.86
2011-03-29,118808,2.14,901,131.86000061035156,13.28
2011-03-30,119627.92,2.14,901,132.77000427246094,12.68
2011-03-31,119465.73,2.14,901,132.58999633789062,12.8
2011-04-01,119970.29,2.14,901,133.14999389648438,12.43
2011-04-04,120069.4,2.14,901,133.25999450683594,12.36
2011-04-05,120051.39,2.14,901,133.24000549316406,12.37
2011-04-06,120429.8,2.14,901,133.66000366210938,12.1
2011-04-07,120123.47,2.14,901,133.32000732421875,12.32
2011-04-08,119709,2.14,901,132.86000061035156,12.62
2011-04-11,119348.61,2.14,901,132.4600067138672,12.89
2011-04-12,118456.61,2.14,901,131.47000122070312,13.54
2011-04-13,118447.61,2.14,901,131.4600067138672,13.54
2011-04-14,118537.7,2.14,901,131.55999755859375,13.48
2011-04-15,118970.18,2.14,901,132.0399932861328,13.16
2011-04-18,117636.7,2.14,901,130.55999755859375,14.14
2011-04-19,118312.45,2.14,901,131.30999755859375,13.64
2011-04-20,119925.25,2.14,901,133.10000610351562,12.46
2011-04-21,120537.92,2.14,901,133.77999877929688,12.02
2011-04-25,120411.78,2.14,901,133.63999938964844,12.11
2011-04-26,121447.93,2.14,901,134.7899932861328,11.35
2011-04-27,122240.81,2.14,901,135.6699981689453,10.77
2011-04-28,122637.25,2.14,901,136.11000061035156,10.49
2011-04-29,122925.56,2.14,901,136.42999267578125,10.27
2011-05-02,122736.36,2.14,901,136.22000122070312,10.41
2011-05-03,122294.87,2.14,901,135.72999572753906,10.73
2011-05-04,121483.97,2.14,901,134.8300018310547,11.33
2011-05-05,120384.75,2.14,901,133.61000061035156,12.13
2011-05-06,120916.34,2.14,901,134.1999969482422,11.74
2011-05-09,121384.86,2.14,901,134.72000122070312,11.4
2011-05-10,122421.01,2.14,901,135.8699951171875,10.64
2011-05-11,121132.58,2.14,901,134.44000244140625,11.58
2011-05-12,121709.22,2.14,901,135.0800018310547,11.16
2011-05-13,120772.18,2.14,901,134.0399932861328,11.85
2011-05-16,120006.33,2.14,901,133.19000244140625,12.41
2011-05-17,119988.31,2.14,901,133.1699981689453,12.42
2011-05-18,121060.5,2.14,901,134.36000061035156,11.64
2011-05-19,121348.81,2.14,901,134.67999267578125,11.43
2011-05-20,120384.75,2.14,901,133.61000061035156,12.13
2011-05-23,118988.2,2.14,901,132.05999755859375,13.15
2011-05-24,118889.09,2.14,901,131.9499969482422,13.22
2011-05-25,119285.53,2.14,901,132.38999938964844,12.93
2011-05-26,119835.14,2.14,901,133,12.53
2011-05-27,120294.65,2.14,901,133.50999450683594,12.19
2011-05-31,121547.04,2.14,901,134.89999389648438,11.28
2011-06-01,118817.01,2.14,901,131.8699951171875,13.27
2011-06-02,118690.87,2.14,901,131.72999572753906,13.37
2011-06-03,117510.56,2.14,901,130.4199981689453,14.23
2011-06-06,116267.18,2.14,901,129.0399932861328,15.13
2011-06-07,116195.11,2.14,901,128.9600067138672,15.19
2011-06-08,115708.56,2.14,901,128.4199981689453,15.54
2011-06-09,116591.54,2.14,901,129.39999389648438,14.9
2011-06-10,114969.74,2.14,901,127.5999984741211,16.08
2011-06-13,115059.84,2.14,901,127.69999694824219,16.02
2011-06-14,116519.47,2.14,901,129.32000732421875,14.95
2011-06-15,114447.16,2.14,901,127.0199966430664,16.46
2011-06-16,114699.44,2.14,901,127.30000305175781,16.28
2011-06-17,114474.19,2.14,901,127.05000305175781,16.44
2011-06-20,115059.84,2.14,901,127.69999694824219,16.02
2011-06-21,116636.59,2.14,901,129.4499969482422,14.87
2011-06-22,115933.81,2.14,901,128.6699981689453,15.38
2011-06-23,115600.44,2.14,901,128.3000030517578,15.62
2011-06-24,114257.95,2.14,901,126.80999755859375,16.6
2011-06-27,115276.08,2.14,901,127.94000244140625,15.86
2011-06-28,116780.75,2.14,901,129.61000061035156,14.76
2011-06-29,117780.86,2.14,901,130.72000122070312,14.03
2011-06-30,118907.11,2.14,901,131.97000122070312,13.21
2011-07-01,120664.06,2.14,901,133.9199981689453,11.93
2011-07-05,120564.95,2.14,901,133.80999755859375,12
2011-07-06,120709.11,2.14,901,133.97000122070312,11.89
2011-07-07,121961.5,2.14,901,135.36000061035156,10.98
2011-07-08,121096.54,2.14,901,134.39999389648438,11.61
2011-07-11,118907.11,2.14,901,131.97000122070312,13.21
2011-07-12,118393.54,2.14,901,131.39999389648438,13.58
2011-07-13,118789.98,2.14,901,131.83999633789062,13.29
2011-07-14,117970.06,2.14,901,130.92999267578125,13.89
2011-07-15,118654.83,2.14,901,131.69000244140625,13.39
2011-07-18,117681.75,2.14,901,130.61000061035156,14.1
2011-07-19,119591.87,2.14,901,132.72999572753906,12.71
2011-07-20,119519.79,2.14,901,132.64999389648438,12.76
2011-07-21,121177.64,2.14,901,134.49000549316406,11.55
2011-07-22,121258.72,2.14,901,134.5800018310547,11.49
2011-07-25,120582.97,2.14,901,133.8300018310547,11.98
2011-07-26,120132.47,2.14,901,133.3300018310547,12.31
2011-07-27,117672.75,2.14,901,130.60000610351562,14.11
2011-07-28,117330.36,2.14,901,130.22000122070312,14.36
2011-07-29,116528.47,2.14,901,129.3300018310547,14.94
2011-08-01,116032.92,2.14,901,128.77999877929688,15.31
2011-08-02,113068.63,2.14,901,125.48999786376953,17.47
2011-08-03,113681.31,2.14,901,126.16999816894531,17.02
2011-08-04,108356.4,2.14,901,120.26000213623047,20.91
2011-08-05,108194.22,2.14,901,120.08000183105469,21.03
2011-08-08,101148.4,2.14,901,112.26000213623047,26.17
2011-08-09,105851.62,2.14,901,117.4800033569336,22.74
2011-08-10,101175.43,2.14,901,112.29000091552734,26.15
2011-08-11,105716.47,2.14,901,117.33000183105469,22.84
2011-08-12,106428.26,2.14,901,118.12000274658203,22.32
2011-08-15,108680.76,2.14,901,120.62000274658203,20.67
2011-08-16,107752.73,2.14,901,119.58999633789062,21.35
2011-08-17,107824.81,2.14,901,119.66999816894531,21.3
2011-08-18,103175.65,2.14,901,114.51000213623047,24.69
2011-08-19,101490.78,2.14,901,112.63999938964844,25.92
2011-08-22,101571.87,2.14,901,112.7300033569336,25.86
2011-08-23,104914.58,2.14,901,116.44000244140625,23.42
2011-08-24,106392.22,2.14,901,118.08000183105469,22.34
2011-08-25,104770.42,2.14,901,116.27999877929688,23.53
2011-08-26,106293.11,2.14,901,117.97000122070312,22.41
2011-08-29,109347.5,2.14,901,121.36000061035156,20.19
2011-08-30,109635.82,2.14,901,121.68000030517578,19.98
2011-08-31,110122.36,2.14,901,122.22000122070312,19.62
2011-09-01,108969.08,2.14,901,120.94000244140625,20.46
2011-09-02,106184.99,2.14,901,117.8499984741211,22.49
2011-09-06,105410.13,2.14,901,116.98999786376953,23.06
2011-09-07,108383.43,2.14,901,120.29000091552734,20.89
2011-09-08,107257.18,2.14,901,119.04000091552734,21.71
2011-09-09,104446.06,2.14,901,115.91999816894531,23.76
2011-09-12,105121.81,2.14,901,116.66999816894531,23.27
2011-09-13,106085.88,2.14,901,117.73999786376953,22.57
2011-09-14,107554.51,2.14,901,119.37000274658203,21.49
2011-09-15,109410.57,2.14,901,121.43000030517578,20.14
2011-09-16,109491.66,2.14,901,121.5199966430664,20.08
2011-09-19,108401.45,2.14,901,120.30999755859375,20.88
2011-09-20,108275.31,2.14,901,120.16999816894531,20.97
2011-09-21,105085.77,2.14,901,116.62999725341797,23.3
2011-09-22,101689,2.14,901,112.86000061035156,25.78
2011-09-23,102301.68,2.14,901,113.54000091552734,25.33
2011-09-26,104734.38,2.14,901,116.23999786376953,23.55
2011-09-27,105905.68,2.14,901,117.54000091552734,22.7
2011-09-28,103743.28,2.14,901,115.13999938964844,24.28
2011-09-29,104563.19,2.14,901,116.05000305175781,23.68
2011-09-30,101950.29,2.14,901,113.1500015258789,25.58
2011-10-03,99049.07,2.14,901,109.93000030517578,27.7
2011-10-04,101220.48,2.14,901,112.33999633789062,26.12
2011-10-05,103094.56,2.14,901,114.41999816894531,24.75
2011-10-06,104959.63,2.14,901,116.48999786376953,23.39
2011-10-07,104256.85,2.14,901,115.70999908447266,23.9
2011-10-10,107743.72,2.14,901,119.58000183105469,21.36
2011-10-11,107851.84,2.14,901,119.69999694824219,21.28
2011-10-12,108797.89,2.14,901,120.75,20.59
2011-10-13,108581.65,2.14,901,120.51000213623047,20.74
2011-10-14,110437.71,2.14,901,122.56999969482422,19.39
2011-10-17,108329.37,2.14,901,120.2300033569336,20.93
2011-10-18,110446.72,2.14,901,122.58000183105469,19.38
2011-10-19,109140.27,2.14,901,121.12999725341797,20.34
2011-10-20,109617.8,2.14,901,121.66000366210938,19.99
2011-10-21,111699.11,2.14,901,123.97000122070312,18.47
2011-10-24,113068.63,2.14,901,125.48999786376953,17.47
2011-10-25,110870.19,2.14,901,123.05000305175781,19.07
2011-10-26,111996.44,2.14,901,124.30000305175781,18.25
2011-10-27,115897.78,2.14,901,128.6300048828125,15.4
2011-10-28,115870.75,2.14,901,128.60000610351562,15.42
2011-10-31,113077.64,2.14,901,125.5,17.46
2011-11-01,109924.14,2.14,901,122,19.76
2011-11-02,111717.13,2.14,901,123.98999786376953,18.46
2011-11-03,113753.39,2.14,901,126.25,16.97
2011-11-04,113059.62,2.14,901,125.4800033569336,17.48
2011-11-07,113762.4,2.14,901,126.26000213623047,16.96
2011-11-08,115222.02,2.14,901,127.87999725341797,15.9
2011-11-09,110969.3,2.14,901,123.16000366210938,19
2011-11-10,112014.46,2.14,901,124.31999969482422,18.24
2011-11-11,114122.8,2.14,901,126.66000366210938,16.7
2011-11-14,113041.6,2.14,901,125.45999908447266,17.49
2011-11-15,113600.22,2.14,901,126.08000183105469,17.08
2011-11-16,111798.22,2.14,901,124.08000183105469,18.4
2011-11-17,110023.25,2.14,901,122.11000061035156,19.69
2011-11-18,109906.12,2.14,901,121.9800033569336,19.78
2011-11-21,107815.8,2.14,901,119.66000366210938,21.3
2011-11-22,107392.33,2.14,901,119.19000244140625,21.61
2011-11-23,105022.7,2.14,901,116.55999755859375,23.34
2011-11-25,104824.48,2.14,901,116.33999633789062,23.49
2011-11-28,107860.85,2.14,901,119.70999908447266,21.27
2011-11-29,108167.19,2.14,901,120.05000305175781,21.05
2011-11-30,112618.13,2.14,901,124.98999786376953,17.8
2011-12-01,112600.11,2.14,901,124.97000122070312,17.81
2011-12-02,112501,2.14,901,124.86000061035156,17.88
2011-12-05,113726.36,2.14,901,126.22000122070312,16.99
2011-12-06,113762.4,2.14,901,126.26000213623047,16.96
2011-12-07,114185.87,2.14,901,126.7300033569336,16.65
2011-12-08,111681.09,2.14,901,123.94999694824219,18.48
2011-12-09,113573.19,2.14,901,126.05000305175781,17.1
2011-12-12,111915.35,2.14,901,124.20999908447266,18.31
2011-12-13,110870.19,2.14,901,123.05000305175781,19.07
2011-12-14,109689.88,2.14,901,121.73999786376953,19.94
2011-12-15,110086.32,2.14,901,122.18000030517578,19.65
2011-12-16,109554.73,2.14,901,121.58999633789062,20.03
2011-12-19,108383.43,2.14,901,120.29000091552734,20.89
2011-12-20,111663.07,2.14,901,123.93000030517578,18.5
2011-12-21,111879.31,2.14,901,124.16999816894531,18.34
2011-12-22,112870.41,2.14,901,125.2699966430664,17.61
2011-12-23,113879.53,2.14,901,126.38999938964844,16.88
2011-12-27,113969.63,2.14,901,126.48999786376953,16.81
2011-12-28,112473.97,2.14,901,124.83000183105469,17.9
2011-12-29,113636.26,2.14,901,126.12000274658203,17.06
2011-12-30,113077.64,2.14,901,125.5,17.46
2012-01-03,114879.64,2.14,901,127.5,16.15
2012-01-04,115059.84,2.14,901,127.69999694824219,16.02
2012-01-05,115366.18,2.14,901,128.0399932861328,15.79
2012-01-06,115068.85,2.14,901,127.70999908447266,16.01
2012-01-09,115348.17,2.14,901,128.02000427246094,15.81
2012-01-10,116348.28,2.14,901,129.1300048828125,15.08
2012-01-11,116411.34,2.14,901,129.1999969482422,15.03
2012-01-12,116690.65,2.14,901,129.50999450683594,14.83
2012-01-13,116086.98,2.14,901,128.83999633789062,15.27
2012-01-17,116537.48,2.14,901,129.33999633789062,14.94
2012-01-18,117825.92,2.14,901,130.77000427246094,14
2012-01-19,118447.61,2.14,901,131.4600067138672,13.54
2012-01-20,118889.09,2.14,901,131.9499969482422,13.22
2012-01-23,118582.75,2.14,901,131.61000061035156,13.44
2012-01-24,118447.61,2.14,901,131.4600067138672,13.54
2012-01-25,119438.7,2.14,901,132.55999755859375,12.82
2012-01-26,118826.03,2.14,901,131.8800048828125,13.27
2012-01-27,118771.97,2.14,901,131.82000732421875,13.31
2012-01-30,118366.51,2.14,901,131.3699951171875,13.6
2012-01-31,118321.47,2.14,901,131.32000732421875,13.64
2012-02-01,119357.61,2.14,901,132.47000122070312,12.88
2012-02-02,119546.81,2.14,901,132.67999267578125,12.74
2012-02-03,121222.68,2.14,901,134.5399932861328,11.52
2012-02-06,121141.59,2.14,901,134.4499969482422,11.58
2012-02-07,121447.93,2.14,901,134.7899932861328,11.35
2012-02-08,121808.33,2.14,901,135.19000244140625,11.09
2012-02-09,121961.5,2.14,901,135.36000061035156,10.98
2012-02-10,121060.5,2.14,901,134.36000061035156,11.64
2012-02-13,121961.5,2.14,901,135.36000061035156,10.98
2012-02-14,121808.33,2.14,901,135.19000244140625,11.09
2012-02-15,121240.7,2.14,901,134.55999755859375,11.5
2012-02-16,122583.19,2.14,901,136.0500030517578,10.52
2012-02-17,122907.55,2.14,901,136.41000366210938,10.29
2012-02-21,122961.61,2.14,901,136.47000122070312,10.25
2012-02-22,122565.17,2.14,901,136.02999877929688,10.54
2012-02-23,123105.78,2.14,901,136.6300048828125,10.14
2012-02-24,123376.06,2.14,901,136.92999267578125,9.95
2012-02-27,123583.3,2.14,901,137.16000366210938,9.79
2012-02-28,123943.7,2.14,901,137.55999755859375,9.53
2012-02-29,123457.17,2.14,901,137.02000427246094,9.89
2012-03-01,124096.87,2.14,901,137.72999572753906,9.42
2012-03-02,123718.45,2.14,901,137.30999755859375,9.7
2012-03-05,123213.89,2.14,901,136.75,10.06
2012-03-06,121411.89,2.14,901,134.75,11.38
2012-03-07,122258.83,2.14,901,135.69000244140625,10.76
2012-03-08,123475.18,2.14,901,137.0399932861328,9.87
2012-03-09,123952.72,2.14,901,137.57000732421875,9.52
2012-03-12,123961.72,2.14,901,137.5800018310547,9.52
2012-03-13,126196.2,2.14,901,140.05999755859375,7.89
2012-03-14,126061.05,2.14,901,139.91000366210938,7.99
2012-03-15,126790.86,2.14,901,140.72000122070312,7.45
2012-03-16,126412.44,2.14,901,140.3000030517578,7.73
2012-03-19,126908,2.14,901,140.85000610351562,7.37
2012-03-20,126538.58,2.14,901,140.44000244140625,7.64
2012-03-21,126331.36,2.14,901,140.2100067138672,7.79
2012-03-22,125421.34,2.14,901,139.1999969482422,8.45
2012-03-23,125826.79,2.14,901,139.64999389648438,8.16
2012-03-26,127592.75,2.14,901,141.61000061035156,6.87
2012-03-27,127196.31,2.14,901,141.1699981689453,7.16
2012-03-28,126565.61,2.14,901,140.47000122070312,7.62
2012-03-29,126349.37,2.14,901,140.22999572753906,7.78
2012-03-30,126871.95,2.14,901,140.80999755859375,7.39
2012-04-02,127799.98,2.14,901,141.83999633789062,6.72
2012-04-03,127277.4,2.14,901,141.25999450683594,7.1
2012-04-04,126016,2.14,901,139.86000061035156,8.02
2012-04-05,125952.93,2.14,901,139.7899932861328,8.06
2012-04-09,124538.36,2.14,901,138.22000122070312,9.1
2012-04-10,122448.04,2.14,901,135.89999389648438,10.62
2012-04-11,123439.14,2.14,901,137,9.9
2012-04-12,125051.93,2.14,901,138.7899932861328,8.72
2012-04-13,123565.28,2.14,901,137.13999938964844,9.81
2012-04-16,123484.19,2.14,901,137.0500030517578,9.87
2012-04-17,125313.22,2.14,901,139.0800018310547,8.53
2012-04-18,124889.75,2.14,901,138.61000061035156,8.84
2012-04-19,124087.86,2.14,901,137.72000122070312,9.43
2012-04-20,124295.09,2.14,901,137.9499969482422,9.27
2012-04-23,123249.93,2.14,901,136.7899932861328,10.04
2012-04-24,123718.45,2.14,901,137.30999755859375,9.7
2012-04-25,125412.33,2.14,901,139.19000244140625,8.46
2012-04-26,126286.3,2.14,901,140.16000366210938,7.82
2012-04-27,126493.53,2.14,901,140.38999938964844,7.67
2012-04-30,126025.01,2.14,901,139.8699951171875,8.01
2012-05-01,126808.89,2.14,901,140.74000549316406,7.44
2012-05-02,126430.47,2.14,901,140.32000732421875,7.72
2012-05-03,125466.39,2.14,901,139.25,8.42
2012-05-04,123439.14,2.14,901,137,9.9
2012-05-07,123529.25,2.14,901,137.10000610351562,9.83
2012-05-08,123033.69,2.14,901,136.5500030517578,10.2
2012-05-09,122303.89,2.14,901,135.74000549316406,10.73
2012-05-10,122556.17,2.14,901,136.02000427246094,10.54
2012-05-11,122186.75,2.14,901,135.61000061035156,10.81
2012-05-14,120835.25,2.14,901,134.11000061035156,11.8
2012-05-15,120141.48,2.14,901,133.33999633789062,12.31
2012-05-16,119681.97,2.14,901,132.8300018310547,12.64
2012-05-17,117907,2.14,901,130.86000061035156,13.94
2012-05-18,116897.89,2.14,901,129.74000549316406,14.67
2012-05-21,118907.11,2.14,901,131.97000122070312,13.21
2012-05-22,119114.34,2.14,901,132.1999969482422,13.06
2012-05-23,119177.42,2.14,901,132.27000427246094,13.01
2012-05-24,119411.67,2.14,901,132.52999877929688,12.84
2012-05-25,119024.25,2.14,901,132.10000610351562,13.12
2012-05-29,120465.84,2.14,901,133.6999969482422,12.07
2012-05-30,118717.9,2.14,901,131.75999450683594,13.35
2012-05-31,118456.61,2.14,901,131.47000122070312,13.54
2012-06-01,115474.3,2.14,901,128.16000366210938,15.71
2012-06-04,115420.25,2.14,901,128.10000610351562,15.75
2012-06-05,116294.22,2.14,901,129.07000732421875,15.11
2012-06-06,118907.11,2.14,901,131.97000122070312,13.21
2012-06-07,118979.19,2.14,901,132.0500030517578,13.16
2012-06-08,119925.25,2.14,901,133.10000610351562,12.46
2012-06-11,118402.55,2.14,901,131.41000366210938,13.58
2012-06-12,119763.06,2.14,901,132.9199981689453,12.58
2012-06-13,118997.22,2.14,901,132.07000732421875,13.14
2012-06-14,120258.61,2.14,901,133.47000122070312,12.22
2012-06-15,120862.28,2.14,901,134.13999938964844,11.78
2012-06-18,121096.54,2.14,901,134.39999389648438,11.61
2012-06-19,122267.84,2.14,901,135.6999969482422,10.75
2012-06-20,122069.62,2.14,901,135.47999572753906,10.9
2012-06-21,119330.58,2.14,901,132.44000244140625,12.9
2012-06-22,120249.61,2.14,901,133.4600067138672,12.23
2012-06-25,118321.47,2.14,901,131.32000732421875,13.64
2012-06-26,118916.12,2.14,901,131.97999572753906,13.2
2012-06-27,119988.31,2.14,901,133.1699981689453,12.42
2012-06-28,119645.93,2.14,901,132.7899932861328,12.67
2012-06-29,122628.25,2.14,901,136.10000610351562,10.49
2012-07-02,122997.65,2.14,901,136.50999450683594,10.22
2012-07-03,123808.55,2.14,901,137.41000366210938,9.63
2012-07-05,123249.93,2.14,901,136.7899932861328,10.04
2012-07-06,122078.64,2.14,901,135.49000549316406,10.89
2012-07-09,121925.47,2.14,901,135.32000732421875,11
2012-07-10,120862.28,2.14,901,134.13999938964844,11.78
2012-07-11,120880.3,2.14,901,134.16000366210938,11.77
2012-07-12,120294.65,2.14,901,133.50999450683594,12.19
2012-07-13,122312.89,2.14,901,135.75,10.72
2012-07-16,122024.56,2.14,901,135.42999267578125,10.93
2012-07-17,122862.5,2.14,901,136.36000061035156,10.32
2012-07-18,123772.51,2.14,901,137.3699951171875,9.66
2012-07-19,124096.87,2.14,901,137.72999572753906,9.42
2012-07-20,122961.61,2.14,901,136.47000122070312,10.25
2012-07-23,121718.23,2.14,901,135.08999633789062,11.16
2012-07-24,120673.06,2.14,901,133.92999267578125,11.92
2012-07-25,120700.11,2.14,901,133.9600067138672,11.9
2012-07-26,122691.31,2.14,901,136.1699981689453,10.45
2012-07-27,124952.81,2.14,901,138.67999267578125,8.79
2012-07-30,124952.81,2.14,901,138.67999267578125,8.79
2012-07-31,124078.86,2.14,901,137.7100067138672,9.43
2012-08-01,123970.73,2.14,901,137.58999633789062,9.51
2012-08-02,123114.78,2.14,901,136.63999938964844,10.14
2012-08-03,125556.5,2.14,901,139.35000610351562,8.35
2012-08-06,125799.76,2.14,901,139.6199951171875,8.18
2012-08-07,126430.47,2.14,901,140.32000732421875,7.72
2012-08-08,126583.64,2.14,901,140.49000549316406,7.6
2012-08-09,126691.75,2.14,901,140.61000061035156,7.53
2012-08-10,126898.98,2.14,901,140.83999633789062,7.37
2012-08-13,126835.92,2.14,901,140.77000427246094,7.42
2012-08-14,126853.93,2.14,901,140.7899932861328,7.41
2012-08-15,126998.09,2.14,901,140.9499969482422,7.3
2012-08-16,127935.14,2.14,901,141.99000549316406,6.62
2012-08-17,128106.31,2.14,901,142.17999267578125,6.49
2012-08-20,128115.33,2.14,901,142.19000244140625,6.49
2012-08-21,127727.9,2.14,901,141.75999450683594,6.77
2012-08-22,127781.97,2.14,901,141.82000732421875,6.73
2012-08-23,126736.8,2.14,901,140.66000366210938,7.49
2012-08-24,127502.65,2.14,901,141.50999450683594,6.93
2012-08-27,127529.68,2.14,901,141.5399932861328,6.91
2012-08-28,127403.54,2.14,901,141.39999389648438,7.01
2012-08-29,127502.65,2.14,901,141.50999450683594,6.93
2012-08-30,126583.64,2.14,901,140.49000549316406,7.6
2012-08-31,127187.3,2.14,901,141.16000366210938,7.16
2012-09-04,127070.17,2.14,901,141.02999877929688,7.25
2012-09-05,126962.05,2.14,901,140.91000366210938,7.33
2012-09-06,129538.92,2.14,901,143.77000427246094,5.45
2012-09-07,130043.47,2.14,901,144.3300018310547,5.08
2012-09-10,129304.65,2.14,901,143.50999450683594,5.62
2012-09-11,129665.05,2.14,901,143.91000366210938,5.36
2012-09-12,130097.53,2.14,901,144.38999938964844,5.04
2012-09-13,132079.73,2.14,901,146.58999633789062,3.59
2012-09-14,132665.39,2.14,901,147.24000549316406,3.17
2012-09-17,132214.89,2.14,901,146.74000549316406,3.49
2012-09-18,132106.76,2.14,901,146.6199951171875,3.57
2012-09-19,132178.84,2.14,901,146.6999969482422,3.52
2012-09-20,132187.86,2.14,901,146.7100067138672,3.51
2012-09-21,131431.01,2.14,901,145.8699951171875,4.07
2012-09-24,131232.79,2.14,901,145.64999389648438,4.21
2012-09-25,129836.25,2.14,901,144.10000610351562,5.23
2012-09-26,129106.43,2.14,901,143.2899932861328,5.76
2012-09-27,130322.78,2.14,901,144.63999938964844,4.88
2012-09-28,129719.11,2.14,901,143.97000122070312,5.32
2012-10-01,130061.5,2.14,901,144.35000610351562,5.07
2012-10-02,130196.64,2.14,901,144.5,4.97
2012-10-03,130728.23,2.14,901,145.08999633789062,4.58
2012-10-04,131665.28,2.14,901,146.1300048828125,3.9
2012-10-05,131674.28,2.14,901,146.13999938964844,3.89
2012-10-08,131223.78,2.14,901,145.63999938964844,4.22
2012-10-09,129926.34,2.14,901,144.1999969482422,5.16
2012-10-10,129097.42,2.14,901,143.27999877929688,5.77
2012-10-11,129169.5,2.14,901,143.36000061035156,5.72
2012-10-12,128746.03,2.14,901,142.88999938964844,6.03
2012-10-15,129818.22,2.14,901,144.0800018310547,5.24
2012-10-16,131133.68,2.14,901,145.5399932861328,4.28
2012-10-17,131728.34,2.14,901,146.1999969482422,3.85
2012-10-18,131385.97,2.14,901,145.82000732421875,4.1
2012-10-19,129196.53,2.14,901,143.38999938964844,5.7
2012-10-22,129214.55,2.14,901,143.41000366210938,5.68
2012-10-23,127421.56,2.14,901,141.4199981689453,6.99
2012-10-24,127061.17,2.14,901,141.02000427246094,7.26
2012-10-25,127430.56,2.14,901,141.42999267578125,6.99
2012-10-26,127358.5,2.14,901,141.35000610351562,7.04
2012-10-31,127358.5,2.14,901,141.35000610351562,7.04
2012-11-01,128691.97,2.14,901,142.8300018310547,6.07
2012-11-02,127547.7,2.14,901,141.55999755859375,6.9
2012-11-05,127809,2.14,901,141.85000610351562,6.71
2012-11-06,128809.11,2.14,901,142.9600067138672,5.98
2012-11-07,125889.86,2.14,901,139.72000122070312,8.11
2012-11-08,124376.18,2.14,901,138.0399932861328,9.22
2012-11-09,124484.3,2.14,901,138.16000366210938,9.14
2012-11-12,124583.42,2.14,901,138.27000427246094,9.06
2012-11-13,124150.93,2.14,901,137.7899932861328,9.38
2012-11-14,122475.06,2.14,901,135.92999267578125,10.6
2012-11-15,122267.84,2.14,901,135.6999969482422,10.75
2012-11-16,122871.51,2.14,901,136.3699951171875,10.31
2012-11-19,125358.28,2.14,901,139.1300048828125,8.5
2012-11-20,125412.33,2.14,901,139.19000244140625,8.46
2012-11-21,125646.59,2.14,901,139.4499969482422,8.29
2012-11-23,127358.5,2.14,901,141.35000610351562,7.04
2012-11-26,127088.19,2.14,901,141.0500030517578,7.24
2012-11-27,126439.47,2.14,901,140.3300018310547,7.71
2012-11-28,127457.61,2.14,901,141.4600067138672,6.97
2012-11-29,128052.26,2.14,901,142.1199951171875,6.53
2012-11-30,128079.29,2.14,901,142.14999389648438,6.51
2012-12-03,127448.59,2.14,901,141.4499969482422,6.97
2012-12-04,127268.39,2.14,901,141.25,7.1
2012-12-05,127493.64,2.14,901,141.5,6.94
2012-12-06,127926.12,2.14,901,141.97999572753906,6.62
2012-12-07,128313.55,2.14,901,142.41000366210938,6.34
2012-12-10,128367.61,2.14,901,142.47000122070312,6.3
2012-12-11,129241.58,2.14,901,143.44000244140625,5.66
2012-12-12,129304.65,2.14,901,143.50999450683594,5.62
2012-12-13,128511.78,2.14,901,142.6300048828125,6.2
2012-12-14,128034.25,2.14,901,142.10000610351562,6.55
2012-12-17,129538.92,2.14,901,143.77000427246094,5.45
2012-12-18,130980.51,2.14,901,145.3699951171875,4.4
2012-12-19,130007.43,2.14,901,144.2899932861328,5.11
2012-12-20,130755.26,2.14,901,145.1199951171875,4.56
2012-12-21,128655.93,2.14,901,142.7899932861328,6.09
2012-12-24,128259.5,2.14,901,142.35000610351562,6.38
2012-12-26,127718.89,2.14,901,141.75,6.78
2012-12-27,127547.7,2.14,901,141.55999755859375,6.9
2012-12-28,126169.17,2.14,901,140.02999877929688,7.91
2012-12-31,128313.55,2.14,901,142.41000366210938,6.34
2013-01-02,131602.2,2.14,901,146.05999755859375,3.94
2013-01-03,131304.87,2.14,901,145.72999572753906,4.16
2013-01-04,131881.51,2.14,901,146.3699951171875,3.74
2013-01-07,131521.11,2.14,901,145.97000122070312,4
2013-01-08,131142.69,2.14,901,145.5500030517578,4.28
2013-01-09,131476.06,2.14,901,145.9199981689453,4.03
2013-01-10,132521.22,2.14,901,147.0800018310547,3.27
2013-01-11,132512.22,2.14,901,147.07000732421875,3.28
2013-01-14,132422.11,2.14,901,146.97000122070312,3.34
2013-01-15,132512.22,2.14,901,147.07000732421875,3.28
2013-01-16,132494.19,2.14,901,147.0500030517578,3.29
2013-01-17,133350.14,2.14,901,148,2.67
2013-01-18,133647.47,2.14,901,148.3300018310547,2.45
2013-01-22,134368.28,2.14,901,149.1300048828125,1.92
2013-01-23,134584.51,2.14,901,149.3699951171875,1.76
2013-01-24,134620.55,2.14,901,149.41000366210938,1.74
2013-01-25,135377.39,2.14,901,150.25,1.19
2013-01-28,135215.22,2.14,901,150.07000732421875,1.3
2013-01-29,135746.8,2.14,901,150.66000366210938,0.92
2013-01-30,135215.22,2.14,901,150.07000732421875,1.3
2013-01-31,134881.84,2.14,901,149.6999969482422,1.55
2013-02-01,136269.39,2.14,901,151.24000549316406,0.53
2013-02-04,134737.68,2.14,901,149.5399932861328,1.65
2013-02-05,136098.19,2.14,901,151.0500030517578,0.66
2013-02-06,136197.3,2.14,901,151.16000366210938,0.59
2013-02-07,136017.11,2.14,901,150.9600067138672,0.72
2013-02-08,136773.94,2.14,901,151.8000030517578,0.17
2013-02-11,136746.92,2.14,901,151.77000427246094,0.19
2013-02-12,136972.17,2.14,901,152.02000427246094,0.02
2013-02-13,137089.29,2.14,901,152.14999389648438,0
2013-02-14,137215.43,2.14,901,152.2899932861328,0
2013-02-15,137053.25,2.14,901,152.11000061035156,0.12
2013-02-19,138080.39,2.14,901,153.25,0
2013-02-20,136359.48,2.14,901,151.33999633789062,1.25
2013-02-21,135530.56,2.14,901,150.4199981689453,1.85
2013-02-22,136855.03,2.14,901,151.88999938964844,0.89
2013-02-25,134251.14,2.14,901,149,2.77
2013-02-26,135170.17,2.14,901,150.02000427246094,2.11
2013-02-27,136873.05,2.14,901,151.91000366210938,0.87
2013-02-28,136602.75,2.14,901,151.61000061035156,1.07
2013-03-01,137053.25,2.14,901,152.11000061035156,0.74
2013-03-04,137783.06,2.14,901,152.9199981689453,0.22
2013-03-05,139017.43,2.14,901,154.2899932861328,0
2013-03-06,139206.64,2.14,901,154.5,0
2013-03-07,139458.92,2.14,901,154.77999877929688,0
2013-03-08,140053.58,2.14,901,155.44000244140625,0
2013-03-11,140585.17,2.14,901,156.02999877929688,0
2013-03-12,140269.81,2.14,901,155.67999267578125,0.22
2013-03-13,140468.04,2.14,901,155.89999389648438,0.08
2013-03-14,141215.87,2.14,901,156.72999572753906,0
2013-03-15,140404.97,2.14,901,155.8300018310547,0.57
2013-03-18,139630.11,2.14,901,154.97000122070312,1.12
2013-03-19,139305.75,2.14,901,154.61000061035156,1.35
2013-03-20,140278.83,2.14,901,155.69000244140625,0.66
2013-03-21,139080.5,2.14,901,154.36000061035156,1.51
2013-03-22,140197.75,2.14,901,155.60000610351562,0.72
2013-03-25,139612.09,2.14,901,154.9499969482422,1.14
2013-03-26,140729.33,2.14,901,156.19000244140625,0.34
2013-03-27,140729.33,2.14,901,156.19000244140625,0.34
2013-03-28,141161.81,2.14,901,156.6699981689453,0.04
2013-04-01,140603.19,2.14,901,156.0500030517578,0.43
2013-04-02,141296.97,2.14,901,156.82000732421875,0
2013-04-03,139864.37,2.14,901,155.22999572753906,1.01
2013-04-04,140432,2.14,901,155.86000061035156,0.61
2013-04-05,139801.3,2.14,901,155.16000366210938,1.06
2013-04-08,140747.36,2.14,901,156.2100067138672,0.39
2013-04-09,141233.89,2.14,901,156.75,0.04
2013-04-10,142963.81,2.14,901,158.6699981689453,0
2013-04-11,143432.33,2.14,901,159.19000244140625,0
2013-04-12,143080.94,2.14,901,158.8000030517578,0.24
2013-04-15,139765.26,2.14,901,155.1199951171875,2.56
2013-04-16,141828.55,2.14,901,157.41000366210938,1.12
2013-04-17,139756.25,2.14,901,155.11000061035156,2.56
2013-04-18,138882.28,2.14,901,154.13999938964844,3.17
2013-04-19,140089.62,2.14,901,155.47999572753906,2.33
2013-04-22,140711.31,2.14,901,156.1699981689453,1.9
2013-04-23,142161.92,2.14,901,157.77999877929688,0.89
2013-04-24,142252.03,2.14,901,157.8800048828125,0.82
2013-04-25,142828.67,2.14,901,158.52000427246094,0.42
2013-04-26,142576.39,2.14,901,158.24000549316406,0.6
2013-04-29,143531.44,2.14,901,159.3000030517578,0
2013-04-30,143873.81,2.14,901,159.67999267578125,0
2013-05-01,142612.42,2.14,901,158.27999877929688,0.88
2013-05-02,143936.89,2.14,901,159.75,0
2013-05-03,145396.51,2.14,901,161.3699951171875,0
2013-05-06,145765.92,2.14,901,161.77999877929688,0
2013-05-07,146504.75,2.14,901,162.60000610351562,0
2013-05-08,147171.48,2.14,901,163.33999633789062,0
2013-05-09,146757.03,2.14,901,162.8800048828125,0.28
2013-05-10,147234.55,2.14,901,163.41000366210938,0
2013-05-13,147351.68,2.14,901,163.5399932861328,0
2013-05-14,148874.37,2.14,901,165.22999572753906,0
2013-05-15,149676.26,2.14,901,166.1199951171875,0
2013-05-16,148973.48,2.14,901,165.33999633789062,0.47
2013-05-17,150415.08,2.14,901,166.94000244140625,0
2013-05-20,150406.06,2.14,901,166.92999267578125,0.01
2013-05-21,150622.31,2.14,901,167.1699981689453,0
2013-05-22,149505.06,2.14,901,165.92999267578125,0.74
2013-05-23,149072.59,2.14,901,165.4499969482422,1.03
2013-05-24,148946.45,2.14,901,165.30999755859375,1.11
2013-05-28,149838.44,2.14,901,166.3000030517578,0.52
2013-05-29,148865.36,2.14,901,165.22000122070312,1.17
2013-05-30,149414.97,2.14,901,165.8300018310547,0.8
2013-05-31,147270.59,2.14,901,163.4499969482422,2.23
2013-06-03,148081.5,2.14,901,164.35000610351562,1.69
2013-06-04,147369.7,2.14,901,163.55999755859375,2.16
2013-06-05,145306.42,2.14,901,161.27000427246094,3.53
2013-06-06,146621.87,2.14,901,162.72999572753906,2.66
2013-06-07,148486.94,2.14,901,164.8000030517578,1.42
2013-06-10,148486.94,2.14,901,164.8000030517578,1.42
2013-06-11,146955.25,2.14,901,163.10000610351562,2.43
2013-06-12,145738.89,2.14,901,161.75,3.24
2013-06-13,147955.36,2.14,901,164.2100067138672,1.77
2013-06-14,147027.31,2.14,901,163.17999267578125,2.39
2013-06-17,148162.58,2.14,901,164.44000244140625,1.63
2013-06-18,149333.89,2.14,901,165.74000549316406,0.86
2013-06-19,147270.59,2.14,901,163.4499969482422,2.23
2013-06-20,143621.54,2.14,901,159.39999389648438,4.65
2013-06-21,143324.22,2.14,901,159.07000732421875,4.85
2013-06-24,141513.2,2.14,901,157.05999755859375,6.05
2013-06-25,142873.72,2.14,901,158.57000732421875,5.14
2013-06-26,144288.28,2.14,901,160.13999938964844,4.21
2013-06-27,145135.22,2.14,901,161.0800018310547,3.64
2013-06-28,144540.56,2.14,901,160.4199981689453,4.04
2013-07-01,145387.5,2.14,901,161.36000061035156,3.48
2013-07-02,145252.36,2.14,901,161.2100067138672,3.57
2013-07-03,145315.42,2.14,901,161.27999877929688,3.52
2013-07-05,146883.17,2.14,901,163.02000427246094,2.48
2013-07-08,147721.09,2.14,901,163.9499969482422,1.93
2013-07-09,148784.28,2.14,901,165.1300048828125,1.22
2013-07-10,148838.33,2.14,901,165.19000244140625,1.18
2013-07-11,150865.58,2.14,901,167.44000244140625,0
2013-07-12,150928.65,2.14,901,167.50999450683594,0
2013-07-15,151505.29,2.14,901,168.14999389648438,0
2013-07-16,150937.67,2.14,901,167.52000427246094,0.37
2013-07-17,151325.09,2.14,901,167.9499969482422,0.12
2013-07-18,152154.01,2.14,901,168.8699951171875,0
2013-07-19,152424.31,2.14,901,169.1699981689453,0
2013-07-22,152721.64,2.14,901,169.5,0
2013-07-23,152397.28,2.14,901,169.13999938964844,0.21
2013-07-24,151838.67,2.14,901,168.52000427246094,0.58
2013-07-25,152208.06,2.14,901,168.92999267578125,0.34
2013-07-26,152370.25,2.14,901,169.11000061035156,0.23
2013-07-29,151901.73,2.14,901,168.58999633789062,0.54
2013-07-30,151901.73,2.14,901,168.58999633789062,0.54
2013-07-31,152009.86,2.14,901,168.7100067138672,0.47
2013-08-01,153766.8,2.14,901,170.66000366210938,0
2013-08-02,154028.09,2.14,901,170.9499969482422,0
2013-08-05,153802.84,2.14,901,170.6999969482422,0.15
2013-08-06,152928.87,2.14,901,169.72999572753906,0.71
2013-08-07,152433.31,2.14,901,169.17999267578125,1.04
2013-08-08,152991.94,2.14,901,169.8000030517578,0.67
2013-08-09,152550.45,2.14,901,169.30999755859375,0.96
2013-08-12,152370.25,2.14,901,169.11000061035156,1.08
2013-08-13,152820.75,2.14,901,169.61000061035156,0.78
2013-08-14,152036.89,2.14,901,168.74000549316406,1.29
2013-08-15,149910.53,2.14,901,166.3800048828125,2.67
2013-08-16,149414.97,2.14,901,165.8300018310547,2.99
2013-08-19,148459.92,2.14,901,164.77000427246094,3.62
2013-08-20,149189.72,2.14,901,165.5800018310547,3.14
2013-08-21,148270.7,2.14,901,164.55999755859375,3.74
2013-08-22,149622.2,2.14,901,166.05999755859375,2.86
2013-08-23,150126.76,2.14,901,166.6199951171875,2.53
2013-08-26,149568.14,2.14,901,166,2.9
2013-08-27,147162.47,2.14,901,163.3300018310547,4.46
2013-08-28,147685.05,2.14,901,163.91000366210938,4.12
2013-08-29,147919.31,2.14,901,164.1699981689453,3.97
2013-08-30,147450.79,2.14,901,163.64999389648438,4.27
2013-09-03,148117.53,2.14,901,164.38999938964844,3.84
2013-09-04,149342.89,2.14,901,165.75,3.04
2013-09-05,149532.11,2.14,901,165.9600067138672,2.92
2013-09-06,149604.18,2.14,901,166.0399932861328,2.87
2013-09-09,151036.78,2.14,901,167.6300048828125,1.94
2013-09-10,152154.01,2.14,901,168.8699951171875,1.22
2013-09-11,152631.54,2.14,901,169.39999389648438,0.91
2013-09-12,152226.09,2.14,901,168.9499969482422,1.17
2013-09-13,152568.47,2.14,901,169.3300018310547,0.95
2013-09-16,153451.45,2.14,901,170.30999755859375,0.37
2013-09-17,154136.22,2.14,901,171.07000732421875,0
2013-09-18,155920.19,2.14,901,173.0500030517578,0
2013-09-19,155658.9,2.14,901,172.75999450683594,0.17
2013-09-20,153820.86,2.14,901,170.72000122070312,1.35
2013-09-23,153109.06,2.14,901,169.92999267578125,1.8
2013-09-24,152748.67,2.14,901,169.52999877929688,2.03
2013-09-25,152307.18,2.14,901,169.0399932861328,2.32
2013-09-26,152892.83,2.14,901,169.69000244140625,1.94
2013-09-27,152190.05,2.14,901,168.91000366210938,2.39
2013-09-30,151379.15,2.14,901,168.00999450683594,2.91
2013-10-01,152577.48,2.14,901,169.33999633789062,2.14
2013-10-02,152433.31,2.14,901,169.17999267578125,2.24
2013-10-03,151027.76,2.14,901,167.6199951171875,3.14
2013-10-04,152172.03,2.14,901,168.88999938964844,2.4
2013-10-07,150856.56,2.14,901,167.42999267578125,3.25
2013-10-08,149099.62,2.14,901,165.47999572753906,4.37
2013-10-09,149207.75,2.14,901,165.60000610351562,4.31
2013-10-10,152424.31,2.14,901,169.1699981689453,2.24
2013-10-11,153406.4,2.14,901,170.25999450683594,1.61
2013-10-14,154019.08,2.14,901,170.94000244140625,1.22
2013-10-15,152901.84,2.14,901,169.6999969482422,1.94
2013-10-16,155037.22,2.14,901,172.07000732421875,0.57
2013-10-17,156073.36,2.14,901,173.22000122070312,0
2013-10-18,157127.53,2.14,901,174.38999938964844,0
2013-10-21,157136.54,2.14,901,174.39999389648438,0
2013-10-22,158046.55,2.14,901,175.41000366210938,0
2013-10-23,157289.72,2.14,901,174.57000732421875,0.48
2013-10-24,157812.29,2.14,901,175.14999389648438,0.15
2013-10-25,158533.09,2.14,901,175.9499969482422,0
2013-10-28,158785.37,2.14,901,176.22999572753906,0
2013-10-29,159632.31,2.14,901,177.1699981689453,0
2013-10-30,158839.43,2.14,901,176.2899932861328,0.5
2013-10-31,158388.93,2.14,901,175.7899932861328,0.78
2013-11-01,158767.36,2.14,901,176.2100067138672,0.54
2013-11-04,159325.97,2.14,901,176.8300018310547,0.19
2013-11-05,158821.42,2.14,901,176.27000427246094,0.51
2013-11-06,159632.31,2.14,901,177.1699981689453,0
2013-11-07,157614.06,2.14,901,174.92999267578125,1.26
2013-11-08,159740.43,2.14,901,177.2899932861328,0
2013-11-11,159767.47,2.14,901,177.32000732421875,0
2013-11-12,159443.11,2.14,901,176.9600067138672,0.2
2013-11-13,160722.53,2.14,901,178.3800048828125,0
2013-11-14,161524.42,2.14,901,179.27000427246094,0
2013-11-15,162227.19,2.14,901,180.0500030517578,0
2013-11-18,161659.56,2.14,901,179.4199981689453,0.35
2013-11-19,161308.17,2.14,901,179.02999877929688,0.57
2013-11-20,160803.61,2.14,901,178.47000122070312,0.88
2013-11-21,162101.05,2.14,901,179.91000366210938,0.08
2013-11-22,162911.95,2.14,901,180.80999755859375,0
2013-11-25,162749.78,2.14,901,180.6300048828125,0.1
2013-11-26,162794.81,2.14,901,180.67999267578125,0.07
2013-11-27,163191.26,2.14,901,181.1199951171875,0
2013-11-29,163083.14,2.14,901,181,0.07
2013-12-02,162659.67,2.14,901,180.52999877929688,0.33
2013-12-03,161956.89,2.14,901,179.75,0.76
2013-12-04,161938.87,2.14,901,179.72999572753906,0.77
2013-12-05,161227.08,2.14,901,178.94000244140625,1.2
2013-12-06,163029.08,2.14,901,180.94000244140625,0.1
2013-12-09,163443.54,2.14,901,181.39999389648438,0
2013-12-10,162857.89,2.14,901,180.75,0.36
2013-12-11,161028.86,2.14,901,178.72000122070312,1.48
2013-12-12,160497.28,2.14,901,178.1300048828125,1.8
2013-12-13,160479.25,2.14,901,178.11000061035156,1.81
2013-12-16,161479.36,2.14,901,179.22000122070312,1.2
2013-12-17,160965.79,2.14,901,178.64999389648438,1.52
2013-12-18,163713.84,2.14,901,181.6999969482422,0
2013-12-19,163524.64,2.14,901,181.49000549316406,0.12
2013-12-20,163587.7,2.14,901,181.55999755859375,0.08
2013-12-23,164461.67,2.14,901,182.52999877929688,0
2013-12-24,164822.06,2.14,901,182.92999267578125,0
2013-12-26,165660,2.14,901,183.86000061035156,0
2013-12-27,165651,2.14,901,183.85000610351562,0.01
2013-12-30,165623.97,2.14,901,183.82000732421875,0.02
2013-12-31,166407.83,2.14,901,184.69000244140625,0
2014-01-02,164813.06,2.14,901,182.9199981689453,0.96
2014-01-03,164786.03,2.14,901,182.88999938964844,0.97
2014-01-06,164308.5,2.14,901,182.36000061035156,1.26
2014-01-07,165317.62,2.14,901,183.47999572753906,0.66
2014-01-08,165353.67,2.14,901,183.52000427246094,0.63
2014-01-09,165461.78,2.14,901,183.63999938964844,0.57
2014-01-10,165912.28,2.14,901,184.13999938964844,0.3
2014-01-13,163704.83,2.14,901,181.69000244140625,1.62
2014-01-14,165488.81,2.14,901,183.6699981689453,0.55
2014-01-15,166380.8,2.14,901,184.66000366210938,0.02
2014-01-16,166164.56,2.14,901,184.4199981689453,0.15
2014-01-17,165461.78,2.14,901,183.63999938964844,0.57
2014-01-21,165948.31,2.14,901,184.17999267578125,0.28
2014-01-22,166056.44,2.14,901,184.3000030517578,0.21
2014-01-23,164695.93,2.14,901,182.7899932861328,1.03
2014-01-24,161182.03,2.14,901,178.88999938964844,3.14
2014-01-27,160389.15,2.14,901,178.00999450683594,3.62
2014-01-28,161344.22,2.14,901,179.07000732421875,3.04
2014-01-29,159794.5,2.14,901,177.35000610351562,3.97
2014-01-30,161488.37,2.14,901,179.22999572753906,2.96
2014-01-31,160542.31,2.14,901,178.17999267578125,3.52
2014-02-03,156929.31,2.14,901,174.1699981689453,5.7
2014-02-04,158028.53,2.14,901,175.38999938964844,5.04
2014-02-05,157830.31,2.14,901,175.1699981689453,5.15
2014-02-06,159911.62,2.14,901,177.47999572753906,3.9
2014-02-07,161893.81,2.14,901,179.67999267578125,2.71
2014-02-10,162191.15,2.14,901,180.00999450683594,2.53
2014-02-11,163966.12,2.14,901,181.97999572753906,1.47
2014-02-12,164047.22,2.14,901,182.07000732421875,1.42
2014-02-13,164894.15,2.14,901,183.00999450683594,0.91
2014-02-14,165804.17,2.14,901,184.02000427246094,0.36
2014-02-18,166002.39,2.14,901,184.24000549316406,0.24
2014-02-19,164903.17,2.14,901,183.02000427246094,0.9
2014-02-20,165876.25,2.14,901,184.10000610351562,0.32
2014-02-21,165687.03,2.14,901,183.88999938964844,0.43
2014-02-24,166606.05,2.14,901,184.91000366210938,0
2014-02-25,166542.98,2.14,901,184.83999633789062,0.04
2014-02-26,166552,2.14,901,184.85000610351562,0.03
2014-02-27,167425.97,2.14,901,185.82000732421875,0
2014-02-28,167849.43,2.14,901,186.2899932861328,0
2014-03-03,166669.12,2.14,901,184.97999572753906,0.7
2014-03-04,169011.72,2.14,901,187.5800018310547,0
2014-03-05,169164.89,2.14,901,187.75,0
2014-03-06,169552.31,2.14,901,188.17999267578125,0
2014-03-07,169624.4,2.14,901,188.25999450683594,0
2014-03-10,169534.3,2.14,901,188.16000366210938,0.05
2014-03-11,168696.37,2.14,901,187.22999572753906,0.55
2014-03-12,168741.42,2.14,901,187.27999877929688,0.52
2014-03-13,166849.31,2.14,901,185.17999267578125,1.64
2014-03-14,166380.8,2.14,901,184.66000366210938,1.91
2014-03-17,167885.47,2.14,901,186.3300018310547,1.03
2014-03-18,169083.8,2.14,901,187.66000366210938,0.32
2014-03-19,168182.8,2.14,901,186.66000366210938,0.85
2014-03-20,169164.89,2.14,901,187.75,0.27
2014-03-21,167768.34,2.14,901,186.1999969482422,1.09
2014-03-24,167074.56,2.14,901,185.42999267578125,1.5
2014-03-25,167867.45,2.14,901,186.30999755859375,1.04
2014-03-26,166660.11,2.14,901,184.97000122070312,1.75
2014-03-27,166308.72,2.14,901,184.5800018310547,1.95
2014-03-28,167128.64,2.14,901,185.49000549316406,1.47
2014-03-31,168498.15,2.14,901,187.00999450683594,0.66
2014-04-01,169615.39,2.14,901,188.25,0.01
2014-04-02,170183.03,2.14,901,188.8800048828125,0
2014-04-03,169957.78,2.14,901,188.6300048828125,0.13
2014-04-04,167948.54,2.14,901,186.39999389648438,1.31
2014-04-07,166092.48,2.14,901,184.33999633789062,2.4
2014-04-08,166777.25,2.14,901,185.10000610351562,2
2014-04-09,168570.23,2.14,901,187.08999633789062,0.95
2014-04-10,165029.3,2.14,901,183.16000366210938,3.03
2014-04-11,163542.65,2.14,901,181.50999450683594,3.9
2014-04-14,164831.08,2.14,901,182.94000244140625,3.14
2014-04-15,165966.34,2.14,901,184.1999969482422,2.48
2014-04-16,167705.28,2.14,901,186.1300048828125,1.46
2014-04-17,167939.53,2.14,901,186.38999938964844,1.32
2014-04-21,168525.18,2.14,901,187.0399932861328,0.97
2014-04-22,169291.03,2.14,901,187.88999938964844,0.52
2014-04-23,168894.59,2.14,901,187.4499969482422,0.76
2014-04-24,169236.97,2.14,901,187.8300018310547,0.56
2014-04-25,167849.43,2.14,901,186.2899932861328,1.37
2014-04-28,168381.03,2.14,901,186.8800048828125,1.06
2014-04-29,169164.89,2.14,901,187.75,0.6
2014-04-30,169669.45,2.14,901,188.30999755859375,0.3
2014-05-01,169687.47,2.14,901,188.3300018310547,0.29
2014-05-02,169444.2,2.14,901,188.05999755859375,0.43
2014-05-05,169768.56,2.14,901,188.4199981689453,0.24
2014-05-06,168290.92,2.14,901,186.77999877929688,1.11
2014-05-07,169282.03,2.14,901,187.8800048828125,0.53
2014-05-08,169101.81,2.14,901,187.67999267578125,0.64
2014-05-09,169354.11,2.14,901,187.9600067138672,0.49
2014-05-12,171002.93,2.14,901,189.7899932861328,0
2014-05-13,171156.11,2.14,901,189.9600067138672,0
2014-05-14,170345.2,2.14,901,189.05999755859375,0.47
2014-05-15,168849.54,2.14,901,187.39999389648438,1.35
2014-05-16,169435.19,2.14,901,188.0500030517578,1.01
2014-05-19,170056.89,2.14,901,188.74000549316406,0.64
2014-05-20,168984.69,2.14,901,187.5500030517578,1.27
2014-05-21,170408.28,2.14,901,189.1300048828125,0.44
2014-05-22,170822.73,2.14,901,189.58999633789062,0.19
2014-05-23,171507.5,2.14,901,190.35000610351562,0
2014-05-27,172561.67,2.14,901,191.52000427246094,0
2014-05-28,172435.53,2.14,901,191.3800048828125,0.07
2014-05-29,173327.51,2.14,901,192.3699951171875,0
2014-05-30,173606.81,2.14,901,192.67999267578125,0
2014-06-02,173805.04,2.14,901,192.89999389648438,0
2014-06-03,173714.94,2.14,901,192.8000030517578,0.05
2014-06-04,174066.33,2.14,901,193.19000244140625,0
2014-06-05,175201.59,2.14,901,194.4499969482422,0
2014-06-06,176039.53,2.14,901,195.3800048828125,0
2014-06-09,176219.72,2.14,901,195.5800018310547,0
2014-06-10,176237.75,2.14,901,195.60000610351562,0
2014-06-11,175625.06,2.14,901,194.9199981689453,0.35
2014-06-12,174381.68,2.14,901,193.5399932861328,1.05
2014-06-13,174913.28,2.14,901,194.1300048828125,0.75
2014-06-16,175057.43,2.14,901,194.2899932861328,0.67
2014-06-17,175543.97,2.14,901,194.8300018310547,0.39
2014-06-18,176832.4,2.14,901,196.25999450683594,0
2014-06-19,177030.62,2.14,901,196.47999572753906,0
2014-06-20,176544.08,2.14,901,195.94000244140625,0.27
2014-06-23,176490.03,2.14,901,195.8800048828125,0.31
2014-06-24,175426.84,2.14,901,194.6999969482422,0.91
2014-06-25,176219.72,2.14,901,195.5800018310547,0.46
2014-06-26,176093.58,2.14,901,195.44000244140625,0.53
2014-06-27,176435.97,2.14,901,195.82000732421875,0.34
2014-06-30,176345.86,2.14,901,195.72000122070312,0.39
2014-07-01,177526.17,2.14,901,197.02999877929688,0
2014-07-02,177706.37,2.14,901,197.22999572753906,0
2014-07-03,178580.34,2.14,901,198.1999969482422,0
2014-07-07,177958.65,2.14,901,197.50999450683594,0.35
2014-07-08,176814.39,2.14,901,196.24000549316406,0.99
2014-07-09,177607.26,2.14,901,197.1199951171875,0.54
2014-07-10,176904.48,2.14,901,196.33999633789062,0.94
2014-07-11,177147.75,2.14,901,196.61000061035156,0.8
2014-07-14,178039.75,2.14,901,197.60000610351562,0.3
2014-07-15,177706.37,2.14,901,197.22999572753906,0.49
2014-07-16,178364.11,2.14,901,197.9600067138672,0.12
2014-07-17,176336.86,2.14,901,195.7100067138672,1.26
2014-07-18,178138.86,2.14,901,197.7100067138672,0.25
2014-07-21,177805.48,2.14,901,197.33999633789062,0.43
2014-07-22,178580.34,2.14,901,198.1999969482422,0
2014-07-23,178976.78,2.14,901,198.63999938964844,0
2014-07-24,178985.79,2.14,901,198.64999389648438,0
2014-07-25,178147.86,2.14,901,197.72000122070312,0.47
2014-07-28,178219.94,2.14,901,197.8000030517578,0.43
2014-07-29,177454.09,2.14,901,196.9499969482422,0.86
2014-07-30,177481.12,2.14,901,196.97999572753906,0.84
2014-07-31,173976.23,2.14,901,193.08999633789062,2.8
2014-08-01,173444.64,2.14,901,192.5,3.1
2014-08-04,174697.03,2.14,901,193.88999938964844,2.4
2014-08-05,173003.15,2.14,901,192.00999450683594,3.34
2014-08-06,173057.22,2.14,901,192.07000732421875,3.31
2014-08-07,172120.17,2.14,901,191.02999877929688,3.84
2014-08-08,174111.39,2.14,901,193.24000549316406,2.72
2014-08-11,174615.94,2.14,901,193.8000030517578,2.44
2014-08-12,174372.67,2.14,901,193.52999877929688,2.58
2014-08-13,175552.98,2.14,901,194.83999633789062,1.92
2014-08-14,176381.9,2.14,901,195.75999450683594,1.45
2014-08-15,176345.86,2.14,901,195.72000122070312,1.47
2014-08-18,177823.5,2.14,901,197.36000061035156,0.65
2014-08-19,178751.53,2.14,901,198.38999938964844,0.13
2014-08-20,179229.06,2.14,901,198.9199981689453,0
2014-08-21,179751.64,2.14,901,199.5,0
2014-08-22,179472.33,2.14,901,199.19000244140625,0.16
2014-08-25,180382.34,2.14,901,200.1999969482422,0
2014-08-26,180499.47,2.14,901,200.3300018310547,0
2014-08-27,180427.39,2.14,901,200.25,0.04
2014-08-28,180328.28,2.14,901,200.13999938964844,0.09
2014-08-29,180841.86,2.14,901,200.7100067138672,0
2014-09-02,180751.75,2.14,901,200.61000061035156,0.05
2014-09-03,180652.64,2.14,901,200.5,0.1
2014-09-04,180391.36,2.14,901,200.2100067138672,0.25
2014-09-05,181202.25,2.14,901,201.11000061035156,0
2014-09-08,180733.73,2.14,901,200.58999633789062,0.26
2014-09-09,179589.47,2.14,901,199.32000732421875,0.89
2014-09-10,180265.22,2.14,901,200.07000732421875,0.52
2014-09-11,180472.44,2.14,901,200.3000030517578,0.4
2014-09-12,179418.28,2.14,901,199.1300048828125,0.98
2014-09-15,179283.12,2.14,901,198.97999572753906,1.06
2014-09-16,180634.62,2.14,901,200.47999572753906,0.31
2014-09-17,180877.89,2.14,901,200.75,0.18
2014-09-18,181841.97,2.14,901,201.82000732421875,0
2014-09-19,180832.84,2.14,901,200.6999969482422,0.55
2014-09-22,179436.29,2.14,901,199.14999389648438,1.32
2014-09-23,178409.15,2.14,901,198.00999450683594,1.89
2014-09-24,179805.7,2.14,901,199.55999755859375,1.12
2014-09-25,176904.48,2.14,901,196.33999633789062,2.72
2014-09-26,178310.04,2.14,901,197.89999389648438,1.94
2014-09-29,177985.68,2.14,901,197.5399932861328,2.12
2014-09-30,177517.17,2.14,901,197.02000427246094,2.38
2014-10-01,175111.5,2.14,901,194.35000610351562,3.7
2014-10-02,175138.53,2.14,901,194.3800048828125,3.69
2014-10-03,177066.67,2.14,901,196.52000427246094,2.63
2014-10-06,176859.43,2.14,901,196.2899932861328,2.74
2014-10-07,174129.4,2.14,901,193.25999450683594,4.24
2014-10-08,177174.78,2.14,901,196.63999938964844,2.57
2014-10-09,173660.89,2.14,901,192.74000549316406,4.5
2014-10-10,171678.68,2.14,901,190.5399932861328,5.59
2014-10-13,168858.55,2.14,901,187.41000366210938,7.14
2014-10-14,169119.84,2.14,901,187.6999969482422,7
2014-10-15,167975.56,2.14,901,186.42999267578125,7.63
2014-10-16,167831.42,2.14,901,186.27000427246094,7.7
2014-10-17,169813.61,2.14,901,188.47000122070312,6.61
2014-10-20,171462.44,2.14,901,190.3000030517578,5.71
2014-10-21,174859.22,2.14,901,194.07000732421875,3.84
2014-10-22,173615.83,2.14,901,192.69000244140625,4.52
2014-10-23,175634.06,2.14,901,194.92999267578125,3.41
2014-10-24,176985.56,2.14,901,196.42999267578125,2.67
2014-10-27,176742.3,2.14,901,196.16000366210938,2.8
2014-10-28,178769.55,2.14,901,198.41000366210938,1.69
2014-10-29,178499.25,2.14,901,198.11000061035156,1.84
2014-10-30,179643.53,2.14,901,199.3800048828125,1.21
2014-10-31,181697.8,2.14,901,201.66000366210938,0.08
2014-11-03,181796.92,2.14,901,201.77000427246094,0.02
2014-11-04,181166.22,2.14,901,201.07000732421875,0.37
2014-11-05,182310.48,2.14,901,202.33999633789062,0
2014-11-06,183040.29,2.14,901,203.14999389648438,0
2014-11-07,183211.48,2.14,901,203.33999633789062,0
2014-11-10,183788.12,2.14,901,203.97999572753906,0
2014-11-11,183968.31,2.14,901,204.17999267578125,0
2014-11-12,183770.11,2.14,901,203.9600067138672,0.11
2014-11-13,183977.33,2.14,901,204.19000244140625,0
2014-11-14,184022.39,2.14,901,204.24000549316406,0
2014-11-17,184139.51,2.14,901,204.3699951171875,0
2014-11-18,185202.69,2.14,901,205.5500030517578,0
2014-11-19,184905.36,2.14,901,205.22000122070312,0.16
2014-11-20,185229.72,2.14,901,205.5800018310547,0
2014-11-21,186220.81,2.14,901,206.67999267578125,0
2014-11-24,186743.4,2.14,901,207.25999450683594,0
2014-11-25,186608.25,2.14,901,207.11000061035156,0.07
2014-11-26,187085.78,2.14,901,207.63999938964844,0
2014-11-28,186689.34,2.14,901,207.1999969482422,0.21
2014-12-01,185391.9,2.14,901,205.75999450683594,0.91
2014-12-02,186590.23,2.14,901,207.08999633789062,0.26
2014-12-03,187311.03,2.14,901,207.88999938964844,0
2014-12-04,187103.8,2.14,901,207.66000366210938,0.11
2014-12-05,187410.14,2.14,901,208,0
2014-12-08,186157.75,2.14,901,206.61000061035156,0.67
2014-12-09,186031.61,2.14,901,206.47000122070312,0.74
2014-12-10,183049.3,2.14,901,203.16000366210938,2.33
2014-12-11,183977.33,2.14,901,204.19000244140625,1.83
2014-12-12,181004.03,2.14,901,200.88999938964844,3.42
2014-12-15,179760.65,2.14,901,199.50999450683594,4.08
2014-12-16,178319.05,2.14,901,197.91000366210938,4.85
2014-12-17,181814.93,2.14,901,201.7899932861328,2.99
2014-12-18,186310.92,2.14,901,206.77999877929688,0.59
2014-12-19,186076.67,2.14,901,206.52000427246094,0.71
2014-12-22,186932.61,2.14,901,207.47000122070312,0.25
2014-12-23,187184.89,2.14,901,207.75,0.12
2014-12-24,187202.92,2.14,901,207.77000427246094,0.11
2014-12-26,187806.58,2.14,901,208.44000244140625,0
2014-12-29,188058.86,2.14,901,208.72000122070312,0
2014-12-30,187049.75,2.14,901,207.60000610351562,0.54
2014-12-31,185193.68,2.14,901,205.5399932861328,1.52
2015-01-02,185094.56,2.14,901,205.42999267578125,1.58
2015-01-05,181751.86,2.14,901,201.72000122070312,3.35
2015-01-06,180039.97,2.14,901,199.82000732421875,4.26
2015-01-07,182283.45,2.14,901,202.30999755859375,3.07
2015-01-08,185518.04,2.14,901,205.89999389648438,1.35
2015-01-09,184031.39,2.14,901,204.25,2.14
2015-01-12,182589.79,2.14,901,202.64999389648438,2.91
2015-01-13,182076.22,2.14,901,202.0800018310547,3.18
2015-01-14,180977,2.14,901,200.86000061035156,3.77
2015-01-15,179319.17,2.14,901,199.02000427246094,4.65
2015-01-16,181670.78,2.14,901,201.6300048828125,3.4
2015-01-20,182058.2,2.14,901,202.05999755859375,3.19
2015-01-21,182977.22,2.14,901,203.0800018310547,2.7
2015-01-22,185698.25,2.14,901,206.10000610351562,1.26
2015-01-23,184680.11,2.14,901,204.97000122070312,1.8
2015-01-26,185112.59,2.14,901,205.4499969482422,1.57
2015-01-27,182670.89,2.14,901,202.74000549316406,2.87
2015-01-28,180328.28,2.14,901,200.13999938964844,4.11
2015-01-29,181995.14,2.14,901,201.99000549316406,3.22
2015-01-30,179706.59,2.14,901,199.4499969482422,4.44
2015-02-02,181932.06,2.14,901,201.9199981689453,3.26
2015-02-03,184562.98,2.14,901,204.83999633789062,1.86
2015-02-04,183860.2,2.14,901,204.05999755859375,2.23
2015-02-05,185716.26,2.14,901,206.1199951171875,1.25
2015-02-06,185202.69,2.14,901,205.5500030517578,1.52
2015-02-09,184373.78,2.14,901,204.6300048828125,1.96
2015-02-10,186337.95,2.14,901,206.80999755859375,0.92
2015-02-11,186446.06,2.14,901,206.92999267578125,0.86
2015-02-12,188239.06,2.14,901,208.9199981689453,0
2015-02-13,189013.92,2.14,901,209.77999877929688,0
2015-02-17,189311.25,2.14,901,210.11000061035156,0
2015-02-18,189329.28,2.14,901,210.1300048828125,0
2015-02-19,189194.12,2.14,901,209.97999572753906,0.07
2015-02-20,190329.39,2.14,901,211.24000549316406,0
2015-02-23,190302.36,2.14,901,211.2100067138672,0.01
2015-02-24,190842.95,2.14,901,211.80999755859375,0
2015-02-25,190680.78,2.14,901,211.6300048828125,0.08
2015-02-26,190455.53,2.14,901,211.3800048828125,0.2
2015-02-27,189806.8,2.14,901,210.66000366210938,0.54
2015-03-02,191005.14,2.14,901,211.99000549316406,0
2015-03-03,190221.26,2.14,901,211.1199951171875,0.41
2015-03-04,189419.37,2.14,901,210.22999572753906,0.83
2015-03-05,189626.61,2.14,901,210.4600067138672,0.72
2015-03-06,186959.64,2.14,901,207.5,2.12
2015-03-09,187734.5,2.14,901,208.36000061035156,1.71
2015-03-10,184689.12,2.14,901,204.97999572753906,3.31
2015-03-11,184256.64,2.14,901,204.5,3.53
2015-03-12,186599.25,2.14,901,207.10000610351562,2.31
2015-03-13,185454.97,2.14,901,205.8300018310547,2.91
2015-03-16,187932.72,2.14,901,208.5800018310547,1.61
2015-03-17,187374.11,2.14,901,207.9600067138672,1.9
2015-03-18,189626.61,2.14,901,210.4600067138672,0.72
2015-03-19,188761.64,2.14,901,209.5,1.17
2015-03-20,189581.55,2.14,901,210.41000366210938,0.75
2015-03-23,189212.14,2.14,901,210,0.94
2015-03-24,188148.97,2.14,901,208.82000732421875,1.5
2015-03-25,185391.9,2.14,901,205.75999450683594,2.94
2015-03-26,184950.42,2.14,901,205.27000427246094,3.17
2015-03-27,185373.89,2.14,901,205.74000549316406,2.95
2015-03-30,187635.39,2.14,901,208.25,1.76
2015-03-31,185995.56,2.14,901,206.42999267578125,2.62
2015-04-01,185337.84,2.14,901,205.6999969482422,2.97
2015-04-02,186004.58,2.14,901,206.44000244140625,2.62
2015-04-06,187256.97,2.14,901,207.8300018310547,1.96
2015-04-07,186761.42,2.14,901,207.27999877929688,2.22
2015-04-08,187392.12,2.14,901,207.97999572753906,1.89
2015-04-09,188221.04,2.14,901,208.89999389648438,1.46
2015-04-10,189248.18,2.14,901,210.0399932861328,0.92
2015-04-13,188392.23,2.14,901,209.08999633789062,1.37
2015-04-14,188752.64,2.14,901,209.49000549316406,1.18
2015-04-15,189599.56,2.14,901,210.42999267578125,0.74
2015-04-16,189545.51,2.14,901,210.3699951171875,0.76
2015-04-17,187365.09,2.14,901,207.9499969482422,1.91
2015-04-20,189077,2.14,901,209.85000610351562,1.01
2015-04-21,188851.75,2.14,901,209.60000610351562,1.13
2015-04-22,189779.78,2.14,901,210.6300048828125,0.64
2015-04-23,190257.3,2.14,901,211.16000366210938,0.39
2015-04-24,190698.79,2.14,901,211.64999389648438,0.16
2015-04-27,189905.92,2.14,901,210.77000427246094,0.58
2015-04-28,190509.58,2.14,901,211.44000244140625,0.26
2015-04-29,189725.72,2.14,901,210.57000732421875,0.67
2015-04-30,187824.61,2.14,901,208.4600067138672,1.67
2015-05-01,189860.86,2.14,901,210.72000122070312,0.6
2015-05-04,190401.47,2.14,901,211.32000732421875,0.32
2015-05-05,188221.04,2.14,901,208.89999389648438,1.46
2015-05-06,187446.18,2.14,901,208.0399932861328,1.86
2015-05-07,188194.01,2.14,901,208.8699951171875,1.47
2015-05-08,190671.76,2.14,901,211.6199951171875,0.17
2015-05-11,189761.75,2.14,901,210.61000061035156,0.65
2015-05-12,189194.12,2.14,901,209.97999572753906,0.95
2015-05-13,189230.17,2.14,901,210.02000427246094,0.93
2015-05-14,191203.36,2.14,901,212.2100067138672,0
2015-05-15,191410.58,2.14,901,212.44000244140625,0
2015-05-18,192005.25,2.14,901,213.10000610351562,0
2015-05-19,191942.17,2.14,901,213.02999877929688,0.03
2015-05-20,191807.03,2.14,901,212.8800048828125,0.1
2015-05-21,192365.64,2.14,901,213.5,0
2015-05-22,191906.14,2.14,901,212.99000549316406,0.24
2015-05-26,189842.84,2.14,901,210.6999969482422,1.31
2015-05-27,191644.84,2.14,901,212.6999969482422,0.37
2015-05-28,191428.61,2.14,901,212.4600067138672,0.49
2015-05-29,190239.28,2.14,901,211.13999938964844,1.11
2015-06-01,190626.72,2.14,901,211.57000732421875,0.9
2015-06-02,190437.5,2.14,901,211.36000061035156,1
2015-06-03,190942.06,2.14,901,211.9199981689453,0.74
2015-06-04,189329.28,2.14,901,210.1300048828125,1.58
2015-06-05,189004.92,2.14,901,209.77000427246094,1.75
2015-06-08,187842.62,2.14,901,208.47999572753906,2.35
2015-06-09,187815.59,2.14,901,208.4499969482422,2.37
2015-06-10,190068.09,2.14,901,210.9499969482422,1.19
2015-06-11,190680.78,2.14,901,211.6300048828125,0.88
2015-06-12,189221.15,2.14,901,210.00999450683594,1.63
2015-06-15,188410.25,2.14,901,209.11000061035156,2.06
2015-06-16,189437.39,2.14,901,210.25,1.52
2015-06-17,189743.73,2.14,901,210.58999633789062,1.36
2015-06-18,191716.92,2.14,901,212.77999877929688,0.34
2015-06-19,189941.95,2.14,901,210.80999755859375,1.26
2015-06-22,190915.03,2.14,901,211.88999938964844,0.75
2015-06-23,191050.18,2.14,901,212.0399932861328,0.68
2015-06-24,189662.64,2.14,901,210.5,1.41
2015-06-25,189086,2.14,901,209.86000061035156,1.7
2015-06-26,189049.97,2.14,901,209.82000732421875,1.72
2015-06-29,185085.56,2.14,901,205.4199981689453,3.78
2015-06-30,185473,2.14,901,205.85000610351562,3.58
2015-07-01,186959.64,2.14,901,207.5,2.81
2015-07-02,186788.45,2.14,901,207.30999755859375,2.9
2015-07-06,186256.86,2.14,901,206.72000122070312,3.18
2015-07-07,187428.17,2.14,901,208.02000427246094,2.57
2015-07-08,184283.67,2.14,901,204.52999877929688,4.2
2015-07-09,184617.04,2.14,901,204.89999389648438,4.03
2015-07-10,186941.62,2.14,901,207.47999572753906,2.82
2015-07-13,189004.92,2.14,901,209.77000427246094,1.75
2015-07-14,189824.81,2.14,901,210.67999267578125,1.32
2015-07-15,189761.75,2.14,901,210.61000061035156,1.35
2015-07-16,191284.44,2.14,901,212.3000030517578,0.56
2015-07-17,191446.62,2.14,901,212.47999572753906,0.48
2015-07-20,191545.73,2.14,901,212.58999633789062,0.43
2015-07-21,190788.89,2.14,901,211.75,0.82
2015-07-22,190446.51,2.14,901,211.3699951171875,1
2015-07-23,189374.31,2.14,901,210.17999267578125,1.56
2015-07-24,187410.14,2.14,901,208,2.58
2015-07-27,186319.93,2.14,901,206.7899932861328,3.14
2015-07-28,188608.47,2.14,901,209.3300018310547,1.95
2015-07-29,189905.92,2.14,901,210.77000427246094,1.28
2015-07-30,189950.97,2.14,901,210.82000732421875,1.26
2015-07-31,189662.64,2.14,901,210.5,1.41
2015-08-03,189022.93,2.14,901,209.7899932861328,1.74
2015-08-04,188653.53,2.14,901,209.3800048828125,1.93
2015-08-05,189275.22,2.14,901,210.07000732421875,1.61
2015-08-06,187725.5,2.14,901,208.35000610351562,2.41
2015-08-07,187365.09,2.14,901,207.9499969482422,2.6
2015-08-10,189725.72,2.14,901,210.57000732421875,1.37
2015-08-11,188013.81,2.14,901,208.6699981689453,2.26
2015-08-12,188239.06,2.14,901,208.9199981689453,2.15
2015-08-13,188004.8,2.14,901,208.66000366210938,2.27
2015-08-14,188689.56,2.14,901,209.4199981689453,1.91
2015-08-17,189743.73,2.14,901,210.58999633789062,1.36
2015-08-18,189194.12,2.14,901,209.97999572753906,1.65
2015-08-19,187698.47,2.14,901,208.32000732421875,2.43
2015-08-20,183779.11,2.14,901,203.97000122070312,4.46
2015-08-21,178246.97,2.14,901,197.8300018310547,7.34
2015-08-24,170741.64,2.14,901,189.5,11.24
2015-08-25,168732.42,2.14,901,187.27000427246094,12.29
2015-08-26,175210.61,2.14,901,194.4600067138672,8.92
2015-08-27,179544.42,2.14,901,199.27000427246094,6.67
2015-08-28,179553.42,2.14,901,199.27999877929688,6.66
2015-08-31,178102.81,2.14,901,197.6699981689453,7.41
2015-09-01,172786.92,2.14,901,191.77000427246094,10.18
2015-09-02,176066.55,2.14,901,195.41000366210938,8.47
2015-09-03,176192.69,2.14,901,195.5500030517578,8.41
2015-09-04,173525.73,2.14,901,192.58999633789062,9.79
2015-09-08,177886.56,2.14,901,197.42999267578125,7.53
2015-09-09,175507.93,2.14,901,194.7899932861328,8.76
2015-09-10,176463,2.14,901,195.85000610351562,8.27
2015-09-11,177264.89,2.14,901,196.74000549316406,7.85
2015-09-14,176607.15,2.14,901,196.00999450683594,8.19
2015-09-15,178814.61,2.14,901,198.4600067138672,7.04
2015-09-16,180364.31,2.14,901,200.17999267578125,6.24
2015-09-17,179958.87,2.14,901,199.72999572753906,6.45
2015-09-18,176102.59,2.14,901,195.4499969482422,8.45
2015-09-21,177012.61,2.14,901,196.4600067138672,7.98
2015-09-22,174715.05,2.14,901,193.91000366210938,9.18
2015-09-23,174435.75,2.14,901,193.60000610351562,9.32
2015-09-24,173805.04,2.14,901,192.89999389648438,9.65
2015-09-25,173760,2.14,901,192.85000610351562,9.67
2015-09-28,169399.15,2.14,901,188.00999450683594,11.94
2015-09-29,169498.26,2.14,901,188.1199951171875,11.89
2015-09-30,172660.78,2.14,901,191.6300048828125,10.24
2015-10-01,173111.28,2.14,901,192.1300048828125,10.01
2015-10-02,175697.14,2.14,901,195,8.67
2015-10-05,178823.61,2.14,901,198.47000122070312,7.04
2015-10-06,178210.93,2.14,901,197.7899932861328,7.36
2015-10-07,179670.55,2.14,901,199.41000366210938,6.6
2015-10-08,181292.36,2.14,901,201.2100067138672,5.76
2015-10-09,181400.47,2.14,901,201.3300018310547,5.7
2015-10-12,181571.67,2.14,901,201.52000427246094,5.61
2015-10-13,180427.39,2.14,901,200.25,6.21
2015-10-14,179562.43,2.14,901,199.2899932861328,6.66
2015-10-15,182319.5,2.14,901,202.35000610351562,5.22
2015-10-16,183148.42,2.14,901,203.27000427246094,4.79
2015-10-19,183238.51,2.14,901,203.3699951171875,4.74
2015-10-20,183004.25,2.14,901,203.11000061035156,4.87
2015-10-21,181869,2.14,901,201.85000610351562,5.46
2015-10-22,184941.4,2.14,901,205.25999450683594,3.86
2015-10-23,186968.65,2.14,901,207.50999450683594,2.81
2015-10-26,186509.14,2.14,901,207,3.04
2015-10-27,186148.75,2.14,901,206.60000610351562,3.23
2015-10-28,188266.09,2.14,901,208.9499969482422,2.13
2015-10-29,188157.97,2.14,901,208.8300018310547,2.19
2015-10-30,187347.06,2.14,901,207.92999267578125,2.61
2015-11-02,189563.53,2.14,901,210.38999938964844,1.46
2015-11-03,190113.14,2.14,901,211,1.17
2015-11-04,189536.5,2.14,901,210.36000061035156,1.47
2015-11-05,189347.29,2.14,901,210.14999389648438,1.57
2015-11-06,189248.18,2.14,901,210.0399932861328,1.62
2015-11-09,187482.22,2.14,901,208.0800018310547,2.54
2015-11-10,187914.7,2.14,901,208.55999755859375,2.31
2015-11-11,187175.89,2.14,901,207.74000549316406,2.7
2015-11-12,184562.98,2.14,901,204.83999633789062,4.06
2015-11-13,182490.68,2.14,901,202.5399932861328,5.13
2015-11-16,185265.76,2.14,901,205.6199951171875,3.69
2015-11-17,185130.61,2.14,901,205.47000122070312,3.76
2015-11-18,188067.87,2.14,901,208.72999572753906,2.23
2015-11-19,187905.69,2.14,901,208.5500030517578,2.32
2015-11-20,188590.45,2.14,901,209.30999755859375,1.96
2015-11-23,188374.22,2.14,901,209.07000732421875,2.07
2015-11-24,188626.5,2.14,901,209.35000610351562,1.94
2015-11-25,188599.47,2.14,901,209.32000732421875,1.96
2015-11-27,188815.7,2.14,901,209.55999755859375,1.85
2015-11-30,188031.83,2.14,901,208.69000244140625,2.25
2015-12-01,189824.81,2.14,901,210.67999267578125,1.32
2015-12-02,187887.67,2.14,901,208.52999877929688,2.33
2015-12-03,185256.75,2.14,901,205.61000061035156,3.7
2015-12-04,188869.76,2.14,901,209.6199951171875,1.82
2015-12-07,187725.5,2.14,901,208.35000610351562,2.41
2015-12-08,186464.09,2.14,901,206.9499969482422,3.07
2015-12-09,185013.48,2.14,901,205.33999633789062,3.82
2015-12-10,185491.01,2.14,901,205.8699951171875,3.57
2015-12-11,181896.03,2.14,901,201.8800048828125,5.44
2015-12-14,182815.04,2.14,901,202.89999389648438,4.96
2015-12-15,184734.17,2.14,901,205.02999877929688,3.97
2015-12-16,187437.17,2.14,901,208.02999877929688,2.56
2015-12-17,184581,2.14,901,204.86000061035156,4.05
2015-12-18,180220.17,2.14,901,200.02000427246094,6.31
2015-12-21,181706.81,2.14,901,201.6699981689453,5.54
2015-12-22,183355.64,2.14,901,203.5,4.68
2015-12-23,185626.17,2.14,901,206.02000427246094,3.5
2015-12-24,185319.81,2.14,901,205.67999267578125,3.66
2015-12-28,184896.36,2.14,901,205.2100067138672,3.88
2015-12-29,186869.54,2.14,901,207.39999389648438,2.86
2015-12-30,185545.06,2.14,901,205.92999267578125,3.55
2015-12-31,183689.01,2.14,901,203.8699951171875,4.51
2016-01-04,181121.17,2.14,901,201.02000427246094,5.85
2016-01-05,181427.5,2.14,901,201.36000061035156,5.69
2016-01-06,179138.97,2.14,901,198.82000732421875,6.88
2016-01-07,174841.19,2.14,901,194.0500030517578,9.11
2016-01-08,172922.06,2.14,901,191.9199981689453,10.11
2016-01-11,173093.25,2.14,901,192.11000061035156,10.02
2016-01-12,174489.8,2.14,901,193.66000366210938,9.29
2016-01-13,170137.97,2.14,901,188.8300018310547,11.55
2016-01-14,172931.06,2.14,901,191.92999267578125,10.1
2016-01-15,169218.95,2.14,901,187.80999755859375,12.03
2016-01-19,169444.2,2.14,901,188.05999755859375,11.92
2016-01-20,167272.79,2.14,901,185.64999389648438,13.04
2016-01-21,168209.83,2.14,901,186.69000244140625,12.56
2016-01-22,171660.67,2.14,901,190.52000427246094,10.76
2016-01-25,169065.78,2.14,901,187.63999938964844,12.11
2016-01-26,171372.34,2.14,901,190.1999969482422,10.91
2016-01-27,169507.28,2.14,901,188.1300048828125,11.88
2016-01-28,170390.25,2.14,901,189.11000061035156,11.42
2016-01-29,174543.86,2.14,901,193.72000122070312,9.26
2016-02-01,174480.79,2.14,901,193.64999389648438,9.3
2016-02-02,171336.3,2.14,901,190.16000366210938,10.93
2016-02-03,172363.44,2.14,901,191.3000030517578,10.4
2016-02-04,172633.75,2.14,901,191.60000610351562,10.26
2016-02-05,169345.09,2.14,901,187.9499969482422,11.97
2016-02-08,167065.56,2.14,901,185.4199981689453,13.15
2016-02-09,167074.56,2.14,901,185.42999267578125,13.15
2016-02-10,166930.42,2.14,901,185.27000427246094,13.22
2016-02-11,164759,2.14,901,182.86000061035156,14.35
2016-02-12,168155.78,2.14,901,186.6300048828125,12.59
2016-02-16,170993.92,2.14,901,189.77999877929688,11.11
2016-02-17,173787.03,2.14,901,192.8800048828125,9.66
2016-02-18,173075.23,2.14,901,192.08999633789062,10.03
2016-02-19,172994.14,2.14,901,192,10.07
2016-02-22,175498.92,2.14,901,194.77999877929688,8.77
2016-02-23,173282.47,2.14,901,192.32000732421875,9.92
2016-02-24,174075.34,2.14,901,193.1999969482422,9.51
2016-02-25,176183.68,2.14,901,195.5399932861328,8.41
2016-02-26,175778.23,2.14,901,195.08999633789062,8.62
2016-02-29,174399.7,2.14,901,193.55999755859375,9.34
2016-03-01,178499.25,2.14,901,198.11000061035156,7.21
2016-03-02,179301.14,2.14,901,199,6.79
2016-03-03,180003.92,2.14,901,199.77999877929688,6.43
2016-03-04,180589.56,2.14,901,200.42999267578125,6.12
2016-03-07,180733.73,2.14,901,200.58999633789062,6.05
2016-03-08,178760.54,2.14,901,198.39999389648438,7.07
2016-03-09,179643.53,2.14,901,199.3800048828125,6.61
2016-03-10,179787.68,2.14,901,199.5399932861328,6.54
2016-03-11,182688.9,2.14,901,202.75999450683594,5.03
2016-03-14,182454.64,2.14,901,202.5,5.15
2016-03-15,182157.31,2.14,901,202.1699981689453,5.31
2016-03-16,183211.48,2.14,901,203.33999633789062,4.76
2016-03-17,184373.78,2.14,901,204.6300048828125,4.15
2016-03-18,184148.53,2.14,901,204.3800048828125,4.27
2016-03-21,184409.81,2.14,901,204.6699981689453,4.14
2016-03-22,184310.7,2.14,901,204.55999755859375,4.19
2016-03-23,183094.36,2.14,901,203.2100067138672,4.82
2016-03-24,183013.26,2.14,901,203.1199951171875,4.86
2016-03-28,183121.39,2.14,901,203.24000549316406,4.81
2016-03-29,184815.26,2.14,901,205.1199951171875,3.93
2016-03-30,185626.17,2.14,901,206.02000427246094,3.5
2016-03-31,185175.67,2.14,901,205.52000427246094,3.74
2016-04-01,186437.06,2.14,901,206.9199981689453,3.08
2016-04-04,185833.39,2.14,901,206.25,3.4
2016-04-05,183977.33,2.14,901,204.19000244140625,4.36
2016-04-06,185986.56,2.14,901,206.4199981689453,3.32
2016-04-07,183761.09,2.14,901,203.9499969482422,4.47
2016-04-08,184256.64,2.14,901,204.5,4.22
2016-04-11,183824.17,2.14,901,204.02000427246094,4.44
2016-04-12,185536.06,2.14,901,205.9199981689453,3.55
2016-04-13,187410.14,2.14,901,208,2.58
2016-04-14,187419.15,2.14,901,208.00999450683594,2.57
2016-04-15,187211.92,2.14,901,207.77999877929688,2.68
2016-04-18,188527.39,2.14,901,209.24000549316406,2
2016-04-19,189122.04,2.14,901,209.89999389648438,1.69
2016-04-20,189302.25,2.14,901,210.10000610351562,1.59
2016-04-21,188284.11,2.14,901,208.97000122070312,2.12
2016-04-22,188284.11,2.14,901,208.97000122070312,2.12
2016-04-25,187959.75,2.14,901,208.61000061035156,2.29
2016-04-26,188239.06,2.14,901,208.9199981689453,2.15
2016-04-27,188626.5,2.14,901,209.35000610351562,1.94
2016-04-28,186914.59,2.14,901,207.4499969482422,2.83
2016-04-29,185905.47,2.14,901,206.3300018310547,3.36
2016-05-02,187383.11,2.14,901,207.97000122070312,2.59
2016-05-03,185752.3,2.14,901,206.16000366210938,3.44
2016-05-04,184716.15,2.14,901,205.00999450683594,3.98
2016-05-05,184680.11,2.14,901,204.97000122070312,4
2016-05-06,185355.86,2.14,901,205.72000122070312,3.64
2016-05-09,185509.03,2.14,901,205.88999938964844,3.56
2016-05-10,187815.59,2.14,901,208.4499969482422,2.37
2016-05-11,186058.64,2.14,901,206.5,3.28
2016-05-12,186112.7,2.14,901,206.55999755859375,3.25
2016-05-13,184490.9,2.14,901,204.75999450683594,4.09
2016-05-16,186310.92,2.14,901,206.77999877929688,3.15
2016-05-17,184572,2.14,901,204.85000610351562,4.05
2016-05-18,184626.05,2.14,901,204.91000366210938,4.02
2016-05-19,183986.34,2.14,901,204.1999969482422,4.36
2016-05-20,185148.64,2.14,901,205.49000549316406,3.75
2016-05-23,184896.36,2.14,901,205.2100067138672,3.88
2016-05-24,187293.01,2.14,901,207.8699951171875,2.64
2016-05-25,188563.42,2.14,901,209.27999877929688,1.98
2016-05-26,188617.48,2.14,901,209.33999633789062,1.95
2016-05-27,189428.39,2.14,901,210.24000549316406,1.53
2016-05-31,189067.98,2.14,901,209.83999633789062,1.71
2016-06-01,189455.42,2.14,901,210.27000427246094,1.51
2016-06-02,190032.05,2.14,901,210.91000366210938,1.21
2016-06-03,189464.42,2.14,901,210.27999877929688,1.51
2016-06-06,190428.5,2.14,901,211.35000610351562,1.01
2016-06-07,190725.81,2.14,901,211.67999267578125,0.85
2016-06-08,191347.51,2.14,901,212.3699951171875,0.53
2016-06-09,191086.22,2.14,901,212.0800018310547,0.67
2016-06-10,189275.22,2.14,901,210.07000732421875,1.61
2016-06-13,187815.59,2.14,901,208.4499969482422,2.37
2016-06-14,187446.18,2.14,901,208.0399932861328,2.56
2016-06-15,187184.89,2.14,901,207.75,2.69
2016-06-16,187743.51,2.14,901,208.3699951171875,2.4
2016-06-17,186076.67,2.14,901,206.52000427246094,3.27
2016-06-20,187275,2.14,901,207.85000610351562,2.65
2016-06-21,187806.58,2.14,901,208.44000244140625,2.37
2016-06-22,187500.25,2.14,901,208.10000610351562,2.53
2016-06-23,189941.95,2.14,901,210.80999755859375,1.26
2016-06-24,183121.39,2.14,901,203.24000549316406,4.81
2016-06-27,179841.75,2.14,901,199.60000610351562,6.51
2016-06-28,183085.34,2.14,901,203.1999969482422,4.82
2016-06-29,186202.8,2.14,901,206.66000366210938,3.2
2016-06-30,188743.62,2.14,901,209.47999572753906,1.88
2016-07-01,189140.06,2.14,901,209.9199981689453,1.68
2016-07-05,187779.55,2.14,901,208.41000366210938,2.38
2016-07-06,188905.8,2.14,901,209.66000366210938,1.8
2016-07-07,188788.67,2.14,901,209.52999877929688,1.86
2016-07-08,191599.79,2.14,901,212.64999389648438,0.4
2016-07-11,192275.54,2.14,901,213.39999389648438,0.05
2016-07-12,193672.09,2.14,901,214.9499969482422,0
2016-07-13,193645.06,2.14,901,214.9199981689453,0.01
2016-07-14,194726.26,2.14,901,216.1199951171875,0
2016-07-15,194464.97,2.14,901,215.8300018310547,0.13
2016-07-18,194987.55,2.14,901,216.41000366210938,0
2016-07-19,194789.33,2.14,901,216.19000244140625,0.1
2016-07-20,195600.23,2.14,901,217.08999633789062,0
2016-07-21,194861.42,2.14,901,216.27000427246094,0.38
2016-07-22,195735.39,2.14,901,217.24000549316406,0
2016-07-25,195203.79,2.14,901,216.64999389648438,0.27
2016-07-26,195293.89,2.14,901,216.75,0.23
2016-07-27,195086.67,2.14,901,216.52000427246094,0.33
2016-07-28,195311.92,2.14,901,216.77000427246094,0.22
2016-07-29,195627.26,2.14,901,217.1199951171875,0.06
2016-08-01,195465.08,2.14,901,216.94000244140625,0.14
2016-08-02,194212.69,2.14,901,215.5500030517578,0.78
2016-08-03,194780.31,2.14,901,216.17999267578125,0.49
2016-08-04,194987.55,2.14,901,216.41000366210938,0.38
2016-08-05,196582.31,2.14,901,218.17999267578125,0
2016-08-08,196465.19,2.14,901,218.0500030517578,0.06
2016-08-09,196582.31,2.14,901,218.17999267578125,0
2016-08-10,196095.78,2.14,901,217.63999938964844,0.25
2016-08-11,197005.79,2.14,901,218.64999389648438,0
2016-08-12,196834.61,2.14,901,218.4600067138672,0.09
2016-08-15,197402.23,2.14,901,219.08999633789062,0
2016-08-16,196384.11,2.14,901,217.9600067138672,0.52
2016-08-17,196753.51,2.14,901,218.3699951171875,0.33
2016-08-18,197195,2.14,901,218.86000061035156,0.1
2016-08-19,196906.68,2.14,901,218.5399932861328,0.25
2016-08-22,196897.67,2.14,901,218.52999877929688,0.26
2016-08-23,197294.11,2.14,901,218.97000122070312,0.05
2016-08-24,196285,2.14,901,217.85000610351562,0.57
2016-08-25,196149.84,2.14,901,217.6999969482422,0.63
2016-08-26,195780.43,2.14,901,217.2899932861328,0.82
2016-08-29,196744.5,2.14,901,218.36000061035156,0.33
2016-08-30,196420.14,2.14,901,218,0.5
2016-08-31,195861.53,2.14,901,217.3800048828125,0.78
2016-09-01,195870.53,2.14,901,217.38999938964844,0.78
2016-09-02,196753.51,2.14,901,218.3699951171875,0.33
2016-09-06,197348.17,2.14,901,219.02999877929688,0.03
2016-09-07,197330.15,2.14,901,219.00999450683594,0.04
2016-09-08,196879.65,2.14,901,218.50999450683594,0.26
2016-09-09,192167.42,2.14,901,213.27999877929688,2.65
2016-09-12,194924.48,2.14,901,216.33999633789062,1.26
2016-09-13,192122.37,2.14,901,213.22999572753906,2.67
2016-09-14,192050.29,2.14,901,213.14999389648438,2.71
2016-09-15,193969.42,2.14,901,215.27999877929688,1.74
2016-09-16,192248.51,2.14,901,213.3699951171875,2.61
2016-09-19,192284.55,2.14,901,213.41000366210938,2.59
2016-09-20,192293.56,2.14,901,213.4199981689453,2.59
2016-09-21,194455.97,2.14,901,215.82000732421875,1.49
2016-09-22,195681.31,2.14,901,217.17999267578125,0.87
2016-09-23,194609.14,2.14,901,215.99000549316406,1.41
2016-09-26,193032.39,2.14,901,214.24000549316406,2.21
2016-09-27,194230.72,2.14,901,215.57000732421875,1.61
2016-09-28,195194.78,2.14,901,216.63999938964844,1.12
2016-09-29,193428.81,2.14,901,214.67999267578125,2.01
2016-09-30,194888.44,2.14,901,216.3000030517578,1.27
2016-10-03,194419.92,2.14,901,215.77999877929688,1.51
2016-10-04,193428.81,2.14,901,214.67999267578125,2.01
2016-10-05,194284.78,2.14,901,215.6300048828125,1.58
2016-10-06,194419.92,2.14,901,215.77999877929688,1.51
2016-10-07,193753.18,2.14,901,215.0399932861328,1.85
2016-10-10,194762.3,2.14,901,216.16000366210938,1.34
2016-10-11,192302.56,2.14,901,213.42999267578125,2.58
2016-10-12,192554.86,2.14,901,213.7100067138672,2.46
2016-10-13,191924.15,2.14,901,213.00999450683594,2.78
2016-10-14,192023.26,2.14,901,213.1199951171875,2.72
2016-10-17,191356.53,2.14,901,212.3800048828125,3.06
2016-10-18,192554.86,2.14,901,213.7100067138672,2.46
2016-10-19,193068.42,2.14,901,214.27999877929688,2.2
2016-10-20,192708.03,2.14,901,213.8800048828125,2.38
2016-10-21,192798.12,2.14,901,213.97999572753906,2.33
2016-10-24,193618.03,2.14,901,214.88999938964844,1.92
2016-10-25,192969.31,2.14,901,214.1699981689453,2.25
2016-10-26,192581.89,2.14,901,213.74000549316406,2.44
2016-10-27,192068.31,2.14,901,213.1699981689453,2.7
2016-10-28,191500.68,2.14,901,212.5399932861328,2.99
2016-10-31,191509.69,2.14,901,212.5500030517578,2.99
2016-11-01,190122.15,2.14,901,211.00999450683594,3.69
2016-11-02,188977.89,2.14,901,209.74000549316406,4.27
2016-11-03,188112.92,2.14,901,208.77999877929688,4.71
2016-11-04,187905.69,2.14,901,208.5500030517578,4.81
2016-11-07,192050.29,2.14,901,213.14999389648438,2.71
2016-11-08,192915.25,2.14,901,214.11000061035156,2.27
2016-11-09,194960.53,2.14,901,216.3800048828125,1.24
2016-11-10,195447.06,2.14,901,216.9199981689453,0.99
2016-11-11,194996.56,2.14,901,216.4199981689453,1.22
2016-11-14,195149.73,2.14,901,216.58999633789062,1.14
2016-11-15,196672.42,2.14,901,218.27999877929688,0.37
2016-11-16,196303.01,2.14,901,217.8699951171875,0.56
2016-11-17,197312.14,2.14,901,218.99000549316406,0.05
2016-11-18,196870.64,2.14,901,218.5,0.27
2016-11-21,198357.29,2.14,901,220.14999389648438,0
2016-11-22,198744.72,2.14,901,220.5800018310547,0
2016-11-23,198852.84,2.14,901,220.6999969482422,0
2016-11-25,199591.67,2.14,901,221.52000427246094,0
2016-11-28,198654.62,2.14,901,220.47999572753906,0.47
2016-11-29,199042.05,2.14,901,220.91000366210938,0.28
2016-11-30,198564.53,2.14,901,220.3800048828125,0.51
2016-12-01,197834.72,2.14,901,219.57000732421875,0.88
2016-12-02,197933.81,2.14,901,219.67999267578125,0.83
2016-12-05,199123.14,2.14,901,221,0.23
2016-12-06,199753.84,2.14,901,221.6999969482422,0
2016-12-07,202366.75,2.14,901,224.60000610351562,0
2016-12-08,202862.29,2.14,901,225.14999389648438,0
2016-12-09,204087.65,2.14,901,226.50999450683594,0
2016-12-12,203853.39,2.14,901,226.25,0.11
2016-12-13,205213.9,2.14,901,227.75999450683594,0
2016-12-14,203520.03,2.14,901,225.8800048828125,0.83
2016-12-15,204357.95,2.14,901,226.80999755859375,0.42
2016-12-16,202763.18,2.14,901,225.0399932861328,1.19
2016-12-19,203204.67,2.14,901,225.52999877929688,0.98
2016-12-20,203988.54,2.14,901,226.39999389648438,0.6
2016-12-21,203420.92,2.14,901,225.77000427246094,0.87
2016-12-22,203069.53,2.14,901,225.3800048828125,1.04
2016-12-23,203366.86,2.14,901,225.7100067138672,0.9
2016-12-27,203871.42,2.14,901,226.27000427246094,0.65
2016-12-28,202186.54,2.14,901,224.39999389648438,1.48
2016-12-29,202141.5,2.14,901,224.35000610351562,1.5
2016-12-30,201402.67,2.14,901,223.52999877929688,1.86
2017-01-03,202943.39,2.14,901,225.24000549316406,1.11
2017-01-04,204150.72,2.14,901,226.5800018310547,0.52
2017-01-05,203988.54,2.14,901,226.39999389648438,0.6
2017-01-06,204718.36,2.14,901,227.2100067138672,0.24
2017-01-09,204042.61,2.14,901,226.4600067138672,0.57
2017-01-10,204042.61,2.14,901,226.4600067138672,0.57
2017-01-11,204619.25,2.14,901,227.10000610351562,0.29
2017-01-12,204105.67,2.14,901,226.52999877929688,0.54
2017-01-13,204574.19,2.14,901,227.0500030517578,0.31
2017-01-17,203853.39,2.14,901,226.25,0.66
2017-01-18,204303.89,2.14,901,226.75,0.44
2017-01-19,203547.05,2.14,901,225.91000366210938,0.81
2017-01-20,204294.89,2.14,901,226.74000549316406,0.45
2017-01-23,203763.29,2.14,901,226.14999389648438,0.71
2017-01-24,205069.75,2.14,901,227.60000610351562,0.07
2017-01-25,206844.72,2.14,901,229.57000732421875,0
2017-01-26,206628.47,2.14,901,229.3300018310547,0.1
2017-01-27,206304.11,2.14,901,228.97000122070312,0.26
2017-01-30,205024.69,2.14,901,227.5500030517578,0.88
2017-01-31,205006.67,2.14,901,227.52999877929688,0.89
2017-02-01,205087.76,2.14,901,227.6199951171875,0.85
2017-02-02,205222.92,2.14,901,227.77000427246094,0.78
2017-02-03,206637.48,2.14,901,229.33999633789062,0.1
2017-02-06,206268.06,2.14,901,228.92999267578125,0.28
2017-02-07,206277.08,2.14,901,228.94000244140625,0.27
2017-02-08,206547.39,2.14,901,229.24000549316406,0.14
2017-02-09,207772.75,2.14,901,230.60000610351562,0
2017-02-10,208592.65,2.14,901,231.50999450683594,0
2017-02-13,209727.92,2.14,901,232.77000427246094,0
2017-02-14,210565.84,2.14,901,233.6999969482422,0
2017-02-15,211665.06,2.14,901,234.9199981689453,0
2017-02-16,211484.86,2.14,901,234.72000122070312,0.09
2017-02-17,211818.23,2.14,901,235.08999633789062,0
2017-02-21,213079.64,2.14,901,236.49000549316406,0
2017-02-22,212890.42,2.14,901,236.27999877929688,0.09
2017-02-23,213034.58,2.14,901,236.44000244140625,0.02
2017-02-24,213304.89,2.14,901,236.74000549316406,0
2017-02-27,213638.25,2.14,901,237.11000061035156,0
2017-02-28,213061.61,2.14,901,236.47000122070312,0.27
2017-03-01,216043.92,2.14,901,239.77999877929688,0
2017-03-02,214683.42,2.14,901,238.27000427246094,0.63
2017-03-03,214818.56,2.14,901,238.4199981689453,0.57
2017-03-06,214178.86,2.14,901,237.7100067138672,0.86
2017-03-07,213539.14,2.14,901,237,1.16
2017-03-08,213142.7,2.14,901,236.55999755859375,1.34
2017-03-09,213413,2.14,901,236.86000061035156,1.22
2017-03-10,214160.83,2.14,901,237.69000244140625,0.87
2017-03-13,214268.95,2.14,901,237.80999755859375,0.82
2017-03-14,213449.04,2.14,901,236.89999389648438,1.2
2017-03-15,215296.09,2.14,901,238.9499969482422,0.35
2017-03-16,214872.62,2.14,901,238.47999572753906,0.54
2017-03-17,213566.17,2.14,901,237.02999877929688,1.15
2017-03-20,213331.92,2.14,901,236.77000427246094,1.26
2017-03-21,210592.87,2.14,901,233.72999572753906,2.52
2017-03-22,211088.42,2.14,901,234.27999877929688,2.29
2017-03-23,210863.17,2.14,901,234.02999877929688,2.4
2017-03-24,210710,2.14,901,233.86000061035156,2.47
2017-03-27,210493.76,2.14,901,233.6199951171875,2.57
2017-03-28,212025.47,2.14,901,235.32000732421875,1.86
2017-03-29,212223.68,2.14,901,235.5399932861328,1.77
2017-03-30,212899.43,2.14,901,236.2899932861328,1.46
2017-03-31,212403.89,2.14,901,235.74000549316406,1.68
2017-04-03,212034.47,2.14,901,235.3300018310547,1.86
2017-04-04,212169.62,2.14,901,235.47999572753906,1.79
2017-04-05,211538.92,2.14,901,234.77999877929688,2.09
2017-04-06,212133.58,2.14,901,235.44000244140625,1.81
2017-04-07,211917.34,2.14,901,235.1999969482422,1.91
2017-04-10,212043.48,2.14,901,235.33999633789062,1.85
2017-04-11,211791.2,2.14,901,235.05999755859375,1.97
2017-04-12,210863.17,2.14,901,234.02999877929688,2.4
2017-04-13,209493.65,2.14,901,232.50999450683594,3.03
2017-04-17,211349.72,2.14,901,234.57000732421875,2.17
2017-04-18,210719.01,2.14,901,233.8699951171875,2.46
2017-04-19,210331.58,2.14,901,233.44000244140625,2.64
2017-04-20,212043.48,2.14,901,235.33999633789062,1.85
2017-04-21,211367.73,2.14,901,234.58999633789062,2.16
2017-04-24,213692.31,2.14,901,237.1699981689453,1.09
2017-04-25,214935.69,2.14,901,238.5500030517578,0.51
2017-04-26,214800.54,2.14,901,238.39999389648438,0.58
2017-04-27,214980.75,2.14,901,238.60000610351562,0.49
2017-04-28,214512.22,2.14,901,238.0800018310547,0.71
2017-05-01,215052.81,2.14,901,238.67999267578125,0.46
2017-05-02,215133.92,2.14,901,238.77000427246094,0.42
2017-05-03,214872.62,2.14,901,238.47999572753906,0.54
2017-05-04,215124.9,2.14,901,238.75999450683594,0.43
2017-05-05,215971.84,2.14,901,239.6999969482422,0.03
2017-05-08,215935.8,2.14,901,239.66000366210938,0.05
2017-05-09,215737.58,2.14,901,239.44000244140625,0.14
2017-05-10,216125.01,2.14,901,239.8699951171875,0
2017-05-11,215683.53,2.14,901,239.3800048828125,0.2
2017-05-12,215323.12,2.14,901,238.97999572753906,0.37
2017-05-15,216512.44,2.14,901,240.3000030517578,0
2017-05-16,216314.22,2.14,901,240.0800018310547,0.09
2017-05-17,212475.97,2.14,901,235.82000732421875,1.86
2017-05-18,213331.92,2.14,901,236.77000427246094,1.47
2017-05-19,214719.45,2.14,901,238.30999755859375,0.83
2017-05-22,215809.67,2.14,901,239.52000427246094,0.32
2017-05-23,216287.19,2.14,901,240.0500030517578,0.1
2017-05-24,216791.75,2.14,901,240.61000061035156,0
2017-05-25,217827.9,2.14,901,241.75999450683594,0
2017-05-26,217782.86,2.14,901,241.7100067138672,0.02
2017-05-30,217593.64,2.14,901,241.5,0.11
2017-05-31,217539.58,2.14,901,241.44000244140625,0.13
2017-06-01,219269.5,2.14,901,243.36000061035156,0
2017-06-02,219999.31,2.14,901,244.1699981689453,0
2017-06-05,219837.14,2.14,901,243.99000549316406,0.07
2017-06-06,219134.36,2.14,901,243.2100067138672,0.39
2017-06-07,219539.8,2.14,901,243.66000366210938,0.21
2017-06-08,219647.92,2.14,901,243.77999877929688,0.16
2017-06-09,219314.55,2.14,901,243.41000366210938,0.31
2017-06-12,219269.5,2.14,901,243.36000061035156,0.33
2017-06-13,220341.69,2.14,901,244.5500030517578,0
2017-06-14,220062.39,2.14,901,244.24000549316406,0.13
2017-06-15,219638.92,2.14,901,243.77000427246094,0.32
2017-06-16,218620.78,2.14,901,242.63999938964844,0.78
2017-06-19,220440.8,2.14,901,244.66000366210938,0
2017-06-20,218954.15,2.14,901,243.00999450683594,0.67
2017-06-21,218900.09,2.14,901,242.9499969482422,0.7
2017-06-22,218800.98,2.14,901,242.83999633789062,0.74
2017-06-23,219062.28,2.14,901,243.1300048828125,0.63
2017-06-26,219206.43,2.14,901,243.2899932861328,0.56
2017-06-27,217440.47,2.14,901,241.3300018310547,1.36
2017-06-28,219386.64,2.14,901,243.49000549316406,0.48
2017-06-29,217458.5,2.14,901,241.35000610351562,1.35
2017-06-30,217863.94,2.14,901,241.8000030517578,1.17
2017-07-03,218233.36,2.14,901,242.2100067138672,1
2017-07-05,218737.92,2.14,901,242.77000427246094,0.77
2017-07-06,216737.69,2.14,901,240.5500030517578,1.68
2017-07-07,218143.25,2.14,901,242.11000061035156,1.04
2017-07-10,218377.51,2.14,901,242.3699951171875,0.94
2017-07-11,218215.33,2.14,901,242.19000244140625,1.01
2017-07-12,219855.15,2.14,901,244.00999450683594,0.27
2017-07-13,220224.56,2.14,901,244.4199981689453,0.1
2017-07-14,221251.7,2.14,901,245.55999755859375,0
2017-07-17,221224.67,2.14,901,245.52999877929688,0.01
2017-07-18,221341.8,2.14,901,245.66000366210938,0
2017-07-19,222540.14,2.14,901,246.99000549316406,0
2017-07-20,222639.25,2.14,901,247.10000610351562,0
2017-07-21,222441.03,2.14,901,246.8800048828125,0.09
2017-07-24,222386.97,2.14,901,246.82000732421875,0.11
2017-07-25,222927.56,2.14,901,247.4199981689453,0
2017-07-26,222936.56,2.14,901,247.42999267578125,0
2017-07-27,222729.34,2.14,901,247.1999969482422,0.09
2017-07-28,222468.05,2.14,901,246.91000366210938,0.21
2017-07-31,222341.92,2.14,901,246.77000427246094,0.27
2017-08-01,222837.47,2.14,901,247.32000732421875,0.04
2017-08-02,222945.58,2.14,901,247.44000244140625,0
2017-08-03,222513.11,2.14,901,246.9600067138672,0.19
2017-08-04,222918.55,2.14,901,247.41000366210938,0.01
2017-08-07,223333.01,2.14,901,247.8699951171875,0
2017-08-08,222783.4,2.14,901,247.25999450683594,0.25
2017-08-09,222774.39,2.14,901,247.25,0.25
2017-08-10,219629.9,2.14,901,243.75999450683594,1.66
2017-08-11,219954.26,2.14,901,244.1199951171875,1.51
2017-08-14,222134.68,2.14,901,246.5399932861328,0.54
2017-08-15,222107.65,2.14,901,246.50999450683594,0.55
2017-08-16,222495.08,2.14,901,246.94000244140625,0.38
2017-08-17,219026.23,2.14,901,243.08999633789062,1.93
2017-08-18,218683.86,2.14,901,242.7100067138672,2.08
2017-08-21,218855.04,2.14,901,242.89999389648438,2.01
2017-08-22,221143.58,2.14,901,245.44000244140625,0.98
2017-08-23,220350.7,2.14,901,244.55999755859375,1.34
2017-08-24,219837.14,2.14,901,243.99000549316406,1.57
2017-08-25,220350.7,2.14,901,244.55999755859375,1.34
2017-08-28,220359.72,2.14,901,244.57000732421875,1.33
2017-08-29,220612,2.14,901,244.85000610351562,1.22
2017-08-30,221657.15,2.14,901,246.00999450683594,0.75
2017-08-31,222990.64,2.14,901,247.49000549316406,0.15
2017-09-01,223305.98,2.14,901,247.83999633789062,0.01
2017-09-05,221702.2,2.14,901,246.05999755859375,0.73
2017-09-06,222459.04,2.14,901,246.89999389648438,0.39
2017-09-07,222432.01,2.14,901,246.8699951171875,0.4
2017-09-08,222170.72,2.14,901,246.5800018310547,0.52
2017-09-11,224540.36,2.14,901,249.2100067138672,0
2017-09-12,225297.19,2.14,901,250.0500030517578,0
2017-09-13,225405.31,2.14,901,250.1699981689453,0
2017-09-14,225333.23,2.14,901,250.08999633789062,0.03
2017-09-15,224522.33,2.14,901,249.19000244140625,0.39
2017-09-18,224999.86,2.14,901,249.72000122070312,0.18
2017-09-19,225225.11,2.14,901,249.97000122070312,0.08
2017-09-20,225306.2,2.14,901,250.05999755859375,0.04
2017-09-21,224702.53,2.14,901,249.38999938964844,0.31
2017-09-22,224747.58,2.14,901,249.44000244140625,0.29
2017-09-25,224288.06,2.14,901,248.92999267578125,0.5
2017-09-26,224423.22,2.14,901,249.0800018310547,0.44
2017-09-27,225297.19,2.14,901,250.0500030517578,0.05
2017-09-28,225567.5,2.14,901,250.35000610351562,0
2017-09-29,226360.37,2.14,901,251.22999572753906,0
2017-10-02,227342.47,2.14,901,252.32000732421875,0
2017-10-03,227829,2.14,901,252.86000061035156,0
2017-10-04,228099.3,2.14,901,253.16000366210938,0
2017-10-05,229450.8,2.14,901,254.66000366210938,0
2017-10-06,229189.51,2.14,901,254.3699951171875,0.11
2017-10-09,228811.09,2.14,901,253.9499969482422,0.28
2017-10-10,229414.76,2.14,901,254.6199951171875,0.02
2017-10-11,229775.17,2.14,901,255.02000427246094,0
2017-10-12,229432.78,2.14,901,254.63999938964844,0.15
2017-10-13,229712.09,2.14,901,254.9499969482422,0.03
2017-10-16,230018.43,2.14,901,255.2899932861328,0
2017-10-17,230180.61,2.14,901,255.47000122070312,0
2017-10-18,230405.86,2.14,901,255.72000122070312,0
2017-10-19,230468.93,2.14,901,255.7899932861328,0
2017-10-20,231658.24,2.14,901,257.1099853515625,0
2017-10-23,230757.24,2.14,901,256.1099853515625,0.39
2017-10-24,231162.7,2.14,901,256.55999755859375,0.21
2017-10-25,230018.43,2.14,901,255.2899932861328,0.71
2017-10-26,230315.76,2.14,901,255.6199951171875,0.58
2017-10-27,232198.84,2.14,901,257.7099914550781,0
2017-10-30,231333.89,2.14,901,256.75,0.37
2017-10-31,231694.29,2.14,901,257.1499938964844,0.22
2017-11-01,232000.62,2.14,901,257.489990234375,0.09
2017-11-02,232090.73,2.14,901,257.5899963378906,0.05
2017-11-03,232865.6,2.14,901,258.45001220703125,0
2017-11-06,233226,2.14,901,258.8500061035156,0
2017-11-07,233063.82,2.14,901,258.6700134277344,0.07
2017-11-08,233460.24,2.14,901,259.1099853515625,0
2017-11-09,232613.32,2.14,901,258.1700134277344,0.36
2017-11-10,232541.23,2.14,901,258.0899963378906,0.39
2017-11-13,232757.46,2.14,901,258.3299865722656,0.3
2017-11-14,232216.88,2.14,901,257.7300109863281,0.53
2017-11-15,231054.58,2.14,901,256.44000244140625,1.03
2017-11-16,233018.76,2.14,901,258.6199951171875,0.19
2017-11-17,232333.99,2.14,901,257.8599853515625,0.48
2017-11-20,232730.43,2.14,901,258.29998779296875,0.31
2017-11-21,234253.12,2.14,901,259.989990234375,0
2017-11-22,234045.91,2.14,901,259.760009765625,0.09
2017-11-24,234586.49,2.14,901,260.3599853515625,0
2017-11-27,234469.38,2.14,901,260.2300109863281,0.05
2017-11-28,236848.01,2.14,901,262.8699951171875,0
2017-11-29,236703.84,2.14,901,262.7099914550781,0.06
2017-11-30,238776.16,2.14,901,265.010009765625,0
2017-12-01,238280.59,2.14,901,264.4599914550781,0.21
2017-12-04,237992.29,2.14,901,264.1400146484375,0.33
2017-12-05,237136.33,2.14,901,263.19000244140625,0.69
2017-12-06,237181.37,2.14,901,263.239990234375,0.67
2017-12-07,237929.22,2.14,901,264.07000732421875,0.35
2017-12-08,239226.66,2.14,901,265.510009765625,0
2017-12-11,239947.45,2.14,901,266.30999755859375,0
2017-12-12,240370.92,2.14,901,266.7799987792969,0
2017-12-13,240343.89,2.14,901,266.75,0.01
2017-12-14,239361.8,2.14,901,265.6600036621094,0.42
2017-12-15,240127.66,2.14,901,266.510009765625,0.1
2017-12-18,241650.35,2.14,901,268.20001220703125,0
2017-12-19,240722.32,2.14,901,267.1700134277344,0.38
2017-12-20,240596.17,2.14,901,267.0299987792969,0.44
2017-12-21,241091.71,2.14,901,267.5799865722656,0.23
2017-12-22,241028.66,2.14,901,267.510009765625,0.26
2017-12-26,240740.33,2.14,901,267.19000244140625,0.38
2017-12-27,240857.47,2.14,901,267.32000732421875,0.33
2017-12-28,241353.01,2.14,901,267.8699951171875,0.12
2017-12-29,240442.99,2.14,901,266.8599853515625,0.5
2018-01-02,242163.9,2.14,901,268.7699890136719,0
2018-01-03,243695.61,2.14,901,270.4700012207031,0
2018-01-04,244722.74,2.14,901,271.6099853515625,0
2018-01-05,246353.57,2.14,901,273.4200134277344,0
2018-01-08,246804.07,2.14,901,273.9200134277344,0
2018-01-09,247362.69,2.14,901,274.5400085449219,0
2018-01-10,246984.26,2.14,901,274.1199951171875,0.15
2018-01-11,248786.26,2.14,901,276.1199951171875,0
2018-01-12,250408.07,2.14,901,277.9200134277344,0
2018-01-16,249552.11,2.14,901,276.9700012207031,0.34
2018-01-17,251930.74,2.14,901,279.6099853515625,0
2018-01-18,251507.29,2.14,901,279.1400146484375,0.17
2018-01-19,252651.55,2.14,901,280.4100036621094,0
2018-01-22,254705.83,2.14,901,282.69000244140625,0
2018-01-23,255246.44,2.14,901,283.2900085449219,0
2018-01-24,255147.31,2.14,901,283.17999267578125,0.04
2018-01-25,255255.43,2.14,901,283.29998779296875,0
2018-01-26,258210.71,2.14,901,286.5799865722656,0
2018-01-29,256498.81,2.14,901,284.67999267578125,0.66
2018-01-30,253867.91,2.14,901,281.760009765625,1.68
2018-01-31,253994.04,2.14,901,281.8999938964844,1.63
2018-02-01,253705.71,2.14,901,281.5799865722656,1.74
2018-02-02,248182.6,2.14,901,275.45001220703125,3.88
2018-02-05,237803.06,2.14,901,263.92999267578125,7.9
2018-02-06,242488.28,2.14,901,269.1300048828125,6.09
2018-02-07,241172.82,2.14,901,267.6700134277344,6.6
2018-02-08,232126.78,2.14,901,257.6300048828125,10.1
2018-02-09,235613.64,2.14,901,261.5,8.75
2018-02-12,239073.48,2.14,901,265.3399963378906,7.41
2018-02-13,239668.14,2.14,901,266,7.18
2018-02-14,242902.73,2.14,901,269.5899963378906,5.93
2018-02-15,246002.17,2.14,901,273.0299987792969,4.73
2018-02-16,246074.24,2.14,901,273.1099853515625,4.7
2018-02-20,244533.54,2.14,901,271.3999938964844,5.3
2018-02-21,243317.18,2.14,901,270.04998779296875,5.77
2018-02-22,243632.54,2.14,901,270.3999938964844,5.65
2018-02-23,247515.84,2.14,901,274.7099914550781,4.14
2018-02-26,250390.04,2.14,901,277.8999938964844,3.03
2018-02-27,247263.56,2.14,901,274.42999267578125,4.24
2018-02-28,244758.79,2.14,901,271.6499938964844,5.21
2018-03-01,241199.85,2.14,901,267.70001220703125,6.59
2018-03-02,242443.21,2.14,901,269.0799865722656,6.11
2018-03-05,245245.33,2.14,901,272.19000244140625,5.02
2018-03-06,245867.03,2.14,901,272.8800048828125,4.78
2018-03-07,245776.92,2.14,901,272.7799987792969,4.82
2018-03-08,246966.25,2.14,901,274.1000061035156,4.35
2018-03-09,251264.01,2.14,901,278.8699951171875,2.69
2018-03-12,250948.65,2.14,901,278.5199890136719,2.81
2018-03-13,249326.86,2.14,901,276.7200012207031,3.44
2018-03-14,248047.43,2.14,901,275.29998779296875,3.94
2018-03-15,247777.14,2.14,901,275,4.04
2018-03-16,247056.35,2.14,901,274.20001220703125,4.32
2018-03-19,243713.62,2.14,901,270.489990234375,5.61
2018-03-20,244128.1,2.14,901,270.95001220703125,5.45
2018-03-21,243659.56,2.14,901,270.42999267578125,5.64
2018-03-22,237568.82,2.14,901,263.6700134277344,7.99
2018-03-23,232505.18,2.14,901,258.04998779296875,9.96
2018-03-26,238866.24,2.14,901,265.1099853515625,7.49
2018-03-27,234802.75,2.14,901,260.6000061035156,9.07
2018-03-28,234108.96,2.14,901,259.8299865722656,9.33
2018-03-29,237100.29,2.14,901,263.1499938964844,8.18
2018-04-02,231982.61,2.14,901,257.4700012207031,10.16
2018-04-03,234955.9,2.14,901,260.7699890136719,9.01
2018-04-04,237469.7,2.14,901,263.55999755859375,8.03
2018-04-05,239343.79,2.14,901,265.6400146484375,7.31
2018-04-06,234009.86,2.14,901,259.7200012207031,9.37
2018-04-09,235163.14,2.14,901,261,8.93
2018-04-10,238902.29,2.14,901,265.1499938964844,7.48
2018-04-11,237649.91,2.14,901,263.760009765625,7.96
2018-04-12,239605.06,2.14,901,265.92999267578125,7.21
2018-04-13,238902.29,2.14,901,265.1499938964844,7.48
2018-04-16,240866.46,2.14,901,267.3299865722656,6.72
2018-04-17,243443.33,2.14,901,270.19000244140625,5.72
2018-04-18,243623.54,2.14,901,270.3900146484375,5.65
2018-04-19,242272.04,2.14,901,268.8900146484375,6.17
2018-04-20,240217.74,2.14,901,266.6099853515625,6.97
2018-04-23,240181.72,2.14,901,266.57000732421875,6.98
2018-04-24,236947.13,2.14,901,262.9800109863281,8.23
2018-04-25,237532.78,2.14,901,263.6300048828125,8.01
2018-04-26,239947.45,2.14,901,266.30999755859375,7.07
2018-04-27,240172.7,2.14,901,266.55999755859375,6.99
2018-04-30,238325.66,2.14,901,264.510009765625,7.7
2018-05-01,238749.13,2.14,901,264.9800109863281,7.54
2018-05-02,237145.35,2.14,901,263.20001220703125,8.16
2018-05-03,236622.76,2.14,901,262.6199951171875,8.36
2018-05-04,239686.15,2.14,901,266.0199890136719,7.17
2018-05-07,240497.07,2.14,901,266.9200134277344,6.86
2018-05-08,240497.07,2.14,901,266.9200134277344,6.86
2018-05-09,242821.64,2.14,901,269.5,5.96
2018-05-10,245092.15,2.14,901,272.0199890136719,5.08
2018-05-11,245840,2.14,901,272.8500061035156,4.79
2018-05-14,245957.13,2.14,901,272.9800109863281,4.75
2018-05-15,244263.25,2.14,901,271.1000061035156,5.4
2018-05-16,245290.37,2.14,901,272.239990234375,5
2018-05-17,245083.16,2.14,901,272.010009765625,5.08
2018-05-18,244470.46,2.14,901,271.3299865722656,5.32
2018-05-21,246308.51,2.14,901,273.3699951171875,4.61
2018-05-22,245623.74,2.14,901,272.6099853515625,4.87
2018-05-23,246299.49,2.14,901,273.3599853515625,4.61
2018-05-24,245794.93,2.14,901,272.79998779296875,4.81
2018-05-25,245209.29,2.14,901,272.1499938964844,5.04
2018-05-29,242389.15,2.14,901,269.0199890136719,6.13
2018-05-30,245623.74,2.14,901,272.6099853515625,4.87
2018-05-31,244119.08,2.14,901,270.94000244140625,5.46
2018-06-01,246515.75,2.14,901,273.6000061035156,4.53
2018-06-04,247687.04,2.14,901,274.8999938964844,4.08
2018-06-05,247867.25,2.14,901,275.1000061035156,4.01
2018-06-06,249939.54,2.14,901,277.3999938964844,3.2
2018-06-07,249912.51,2.14,901,277.3699951171875,3.21
2018-06-08,250651.33,2.14,901,278.19000244140625,2.93
2018-06-11,250984.7,2.14,901,278.55999755859375,2.8
2018-06-12,251309.07,2.14,901,278.9200134277344,2.67
2018-06-13,250507.17,2.14,901,278.0299987792969,2.98
2018-06-14,251137.88,2.14,901,278.7300109863281,2.74
2018-06-15,249696.28,2.14,901,277.1300048828125,3.3
2018-06-18,249182.7,2.14,901,276.55999755859375,3.5
2018-06-19,248227.64,2.14,901,275.5,3.87
2018-06-20,248651.11,2.14,901,275.9700012207031,3.7
2018-06-21,247092.37,2.14,901,274.239990234375,4.31
2018-06-22,247542.87,2.14,901,274.739990234375,4.13
2018-06-25,244173.14,2.14,901,271,5.44
2018-06-26,244713.75,2.14,901,271.6000061035156,5.23
2018-06-27,242686.5,2.14,901,269.3500061035156,6.01
2018-06-28,244074.04,2.14,901,270.8900146484375,5.47
2018-06-29,244425.42,2.14,901,271.2799987792969,5.34
2018-07-02,244947.99,2.14,901,271.8599853515625,5.14
2018-07-03,244083.04,2.14,901,270.8999938964844,5.47
2018-07-05,246074.24,2.14,901,273.1099853515625,4.7
2018-07-06,248155.57,2.14,901,275.4200134277344,3.89
2018-07-09,250390.04,2.14,901,277.8999938964844,3.03
2018-07-10,251291.04,2.14,901,278.8999938964844,2.68
2018-07-11,249452.99,2.14,901,276.8599853515625,3.39
2018-07-12,251714.51,2.14,901,279.3699951171875,2.52
2018-07-13,251912.73,2.14,901,279.5899963378906,2.44
2018-07-16,251687.48,2.14,901,279.3399963378906,2.53
2018-07-17,252705.61,2.14,901,280.4700012207031,2.13
2018-07-18,253237.2,2.14,901,281.05999755859375,1.93
2018-07-19,252282.14,2.14,901,280,2.3
2018-07-20,251993.81,2.14,901,279.67999267578125,2.41
2018-07-23,252462.35,2.14,901,280.20001220703125,2.23
2018-07-24,253732.74,2.14,901,281.6099853515625,1.73
2018-07-25,255895.16,2.14,901,284.010009765625,0.9
2018-07-26,255291.48,2.14,901,283.3399963378906,1.13
2018-07-27,253561.57,2.14,901,281.4200134277344,1.8
2018-07-30,252237.1,2.14,901,279.95001220703125,2.31
2018-07-31,253480.46,2.14,901,281.3299865722656,1.83
2018-08-01,253056.99,2.14,901,280.8599853515625,2
2018-08-02,254435.54,2.14,901,282.3900146484375,1.46
2018-08-03,255525.75,2.14,901,283.6000061035156,1.04
2018-08-06,256462.79,2.14,901,284.6400146484375,0.68
2018-08-07,257309.71,2.14,901,285.5799865722656,0.35
2018-08-08,257201.59,2.14,901,285.4599914550781,0.39
2018-08-09,256850.22,2.14,901,285.07000732421875,0.53
2018-08-10,255129.3,2.14,901,283.1600036621094,1.19
2018-08-13,254174.25,2.14,901,282.1000061035156,1.56
2018-08-14,255796.04,2.14,901,283.8999938964844,0.94
2018-08-15,253885.92,2.14,901,281.7799987792969,1.67
2018-08-16,255940.2,2.14,901,284.05999755859375,0.88
2018-08-17,256841.2,2.14,901,285.05999755859375,0.53
2018-08-20,257390.82,2.14,901,285.6700134277344,0.32
2018-08-21,257994.48,2.14,901,286.3399963378906,0.08
2018-08-22,257841.32,2.14,901,286.1700134277344,0.14
2018-08-23,257498.94,2.14,901,285.7900085449219,0.28
2018-08-24,259048.66,2.14,901,287.510009765625,0
2018-08-27,261093.92,2.14,901,289.7799987792969,0
2018-08-28,261220.07,2.14,901,289.9200134277344,0
2018-08-29,262625.63,2.14,901,291.4800109863281,0
2018-08-30,261562.43,2.14,901,290.29998779296875,0.4
2018-08-31,261571.45,2.14,901,290.30999755859375,0.4
2018-09-04,261120.95,2.14,901,289.80999755859375,0.57
2018-09-05,260418.17,2.14,901,289.0299987792969,0.84
2018-09-06,259634.3,2.14,901,288.1600036621094,1.14
2018-09-07,259129.75,2.14,901,287.6000061035156,1.33
2018-09-10,259580.25,2.14,901,288.1000061035156,1.16
2018-09-11,260436.18,2.14,901,289.04998779296875,0.83
2018-09-12,260499.26,2.14,901,289.1199951171875,0.81
2018-09-13,262039.96,2.14,901,290.8299865722656,0.22
2018-09-14,262085.03,2.14,901,290.8800048828125,0.21
2018-09-17,260697.48,2.14,901,289.3399963378906,0.73
2018-09-18,262112.05,2.14,901,290.9100036621094,0.2
2018-09-19,262391.36,2.14,901,291.2200012207031,0.09
2018-09-20,264517.71,2.14,901,293.5799865722656,0
2018-09-21,263085.12,2.14,901,291.989990234375,0.54
2018-09-24,262211.15,2.14,901,291.0199890136719,0.87
2018-09-25,261967.89,2.14,901,290.75,0.96
2018-09-26,261184.03,2.14,901,289.8800048828125,1.26
2018-09-27,261913.83,2.14,901,290.69000244140625,0.98
2018-09-28,261940.86,2.14,901,290.7200012207031,0.97
2018-10-01,262850.88,2.14,901,291.7300109863281,0.63
2018-10-02,262697.7,2.14,901,291.55999755859375,0.69
2018-10-03,262841.86,2.14,901,291.7200012207031,0.63
2018-10-04,260787.58,2.14,901,289.44000244140625,1.41
2018-10-05,259327.97,2.14,901,287.82000732421875,1.96
2018-10-08,259327.97,2.14,901,287.82000732421875,1.96
2018-10-09,258949.54,2.14,901,287.3999938964844,2.11
2018-10-10,250750.43,2.14,901,278.29998779296875,5.2
2018-10-11,245227.32,2.14,901,272.1700134277344,7.29
2018-10-12,248633.1,2.14,901,275.95001220703125,6.01
2018-10-15,247236.54,2.14,901,274.3999938964844,6.53
2018-10-16,252642.54,2.14,901,280.3999938964844,4.49
2018-10-17,252687.6,2.14,901,280.45001220703125,4.47
2018-10-18,249038.54,2.14,901,276.3999938964844,5.85
2018-10-19,248903.39,2.14,901,276.25,5.9
2018-10-22,247786.16,2.14,901,275.010009765625,6.33
2018-10-23,246524.74,2.14,901,273.6099853515625,6.8
2018-10-24,239055.47,2.14,901,265.32000732421875,9.63
2018-10-25,243344.21,2.14,901,270.0799865722656,8
2018-10-26,239064.46,2.14,901,265.3299865722656,9.62
2018-10-29,237739.99,2.14,901,263.8599853515625,10.12
2018-10-30,241262.9,2.14,901,267.7699890136719,8.79
2018-10-31,243839.78,2.14,901,270.6300048828125,7.82
2018-11-01,246434.66,2.14,901,273.510009765625,6.84
2018-11-02,244975.04,2.14,901,271.8900146484375,7.39
2018-11-05,246326.54,2.14,901,273.3900146484375,6.88
2018-11-06,247885.26,2.14,901,275.1199951171875,6.29
2018-11-07,253192.16,2.14,901,281.010009765625,4.28
2018-11-08,252732.64,2.14,901,280.5,4.46
2018-11-09,250263.91,2.14,901,277.760009765625,5.39
2018-11-12,245587.72,2.14,901,272.57000732421875,7.16
2018-11-13,245128.2,2.14,901,272.05999755859375,7.33
2018-11-14,243452.35,2.14,901,270.20001220703125,7.96
2018-11-15,245993.15,2.14,901,273.0199890136719,7
2018-11-16,246632.88,2.14,901,273.7300109863281,6.76
2018-11-19,242461.25,2.14,901,269.1000061035156,8.34
2018-11-20,237974.26,2.14,901,264.1199951171875,10.03
2018-11-21,238785.15,2.14,901,265.0199890136719,9.73
2018-11-23,237190.39,2.14,901,263.25,10.33
2018-11-26,241019.64,2.14,901,267.5,8.88
2018-11-27,241830.54,2.14,901,268.3999938964844,8.58
2018-11-28,247398.71,2.14,901,274.5799865722656,6.47
2018-11-29,246858.13,2.14,901,273.9800109863281,6.68
2018-11-30,248362.79,2.14,901,275.6499938964844,6.11
2018-12-03,251651.43,2.14,901,279.29998779296875,4.86
2018-12-04,243497.39,2.14,901,270.25,7.95
2018-12-06,243127.98,2.14,901,269.8399963378906,8.09
2018-12-07,237478.72,2.14,901,263.57000732421875,10.22
2018-12-10,237929.22,2.14,901,264.07000732421875,10.05
2018-12-11,237983.28,2.14,901,264.1300048828125,10.03
2018-12-12,239181.59,2.14,901,265.4599914550781,9.58
2018-12-13,239100.51,2.14,901,265.3699951171875,9.61
2018-12-14,234685.61,2.14,901,260.4700012207031,11.28
2018-12-17,230081.5,2.14,901,255.36000061035156,13.02
2018-12-18,229829.22,2.14,901,255.0800018310547,13.11
2018-12-19,226387.4,2.14,901,251.25999450683594,14.42
2018-12-20,222702.31,2.14,901,247.1699981689453,15.81
2018-12-21,216872.84,2.14,901,240.6999969482422,18.01
2018-12-24,211142.48,2.14,901,234.33999633789062,20.18
2018-12-26,221810.31,2.14,901,246.17999267578125,16.15
2018-12-27,223513.22,2.14,901,248.07000732421875,15.5
2018-12-28,223224.89,2.14,901,247.75,15.61
2018-12-31,225180.06,2.14,901,249.9199981689453,14.87
2019-01-02,225414.31,2.14,901,250.17999267578125,14.78
2019-01-03,220035.36,2.14,901,244.2100067138672,16.82
2019-01-04,227405.53,2.14,901,252.38999938964844,14.03
2019-01-07,229198.53,2.14,901,254.3800048828125,13.35
2019-01-08,231351.9,2.14,901,256.7699890136719,12.54
2019-01-09,232433.11,2.14,901,257.9700012207031,12.13
2019-01-10,233253.03,2.14,901,258.8800048828125,11.82
2019-01-11,233343.13,2.14,901,258.9800109863281,11.79
2019-01-14,231919.54,2.14,901,257.3999938964844,12.32
2019-01-15,234577.5,2.14,901,260.3500061035156,11.32
2019-01-16,235145.13,2.14,901,260.9800109863281,11.1
2019-01-17,236929.09,2.14,901,262.9599914550781,10.43
2019-01-18,240082.59,2.14,901,266.4599914550781,9.24
2019-01-22,236838.99,2.14,901,262.8599853515625,10.46
2019-01-23,237334.55,2.14,901,263.4100036621094,10.28
2019-01-24,237460.68,2.14,901,263.54998779296875,10.23
2019-01-25,239469.92,2.14,901,265.7799987792969,9.47
2019-01-28,237649.91,2.14,901,263.760009765625,10.16
2019-01-29,237334.55,2.14,901,263.4100036621094,10.28
2019-01-30,241091.71,2.14,901,267.5799865722656,8.86
2019-01-31,243209.06,2.14,901,269.92999267578125,8.06
2019-02-01,243326.2,2.14,901,270.05999755859375,8.01
2019-02-04,245038.09,2.14,901,271.9599914550781,7.36
2019-02-05,246065.25,2.14,901,273.1000061035156,6.98
2019-02-06,245740.87,2.14,901,272.739990234375,7.1
2019-02-07,243398.29,2.14,901,270.1400146484375,7.98
2019-02-08,243695.61,2.14,901,270.4700012207031,7.87
2019-02-11,243830.76,2.14,901,270.6199951171875,7.82
2019-02-12,246966.25,2.14,901,274.1000061035156,6.64
2019-02-13,247768.12,2.14,901,274.989990234375,6.33
2019-02-14,247218.53,2.14,901,274.3800048828125,6.54
2019-02-15,249912.51,2.14,901,277.3699951171875,5.52
2019-02-19,250345,2.14,901,277.8500061035156,5.36
2019-02-20,250849.55,2.14,901,278.4100036621094,5.17
2019-02-21,249957.57,2.14,901,277.4200134277344,5.5
2019-02-22,251507.29,2.14,901,279.1400146484375,4.92
2019-02-25,251849.65,2.14,901,279.5199890136719,4.79
2019-02-26,251669.47,2.14,901,279.32000732421875,4.86
2019-02-27,251561.35,2.14,901,279.20001220703125,4.9
2019-02-28,251092.81,2.14,901,278.67999267578125,5.08
2019-03-01,252660.57,2.14,901,280.4200134277344,4.48
2019-03-04,251741.54,2.14,901,279.3999938964844,4.83
2019-03-05,251399.15,2.14,901,279.0199890136719,4.96
2019-03-06,249876.46,2.14,901,277.3299865722656,5.54
2019-03-07,247786.16,2.14,901,275.010009765625,6.33
2019-03-08,247290.59,2.14,901,274.4599914550781,6.51
2019-03-11,250876.58,2.14,901,278.44000244140625,5.16
2019-03-12,251822.62,2.14,901,279.489990234375,4.8
2019-03-13,253489.48,2.14,901,281.3399963378906,4.17
2019-03-14,253327.3,2.14,901,281.1600036621094,4.23
2019-03-15,253462.45,2.14,901,281.30999755859375,4.18
2019-03-18,254381.46,2.14,901,282.3299865722656,3.83
2019-03-19,254444.54,2.14,901,282.3999938964844,3.81
2019-03-20,253678.68,2.14,901,281.54998779296875,4.1
2019-03-21,256543.88,2.14,901,284.7300109863281,3.01
2019-03-22,251606.39,2.14,901,279.25,4.88
2019-03-25,251417.19,2.14,901,279.0400085449219,4.95
2019-03-26,253291.26,2.14,901,281.1199951171875,4.24
2019-03-27,251966.79,2.14,901,279.6499938964844,4.74
2019-03-28,252921.84,2.14,901,280.7099914550781,4.38
2019-03-29,254516.63,2.14,901,282.4800109863281,3.78
2019-04-01,257534.96,2.14,901,285.8299865722656,2.64
2019-04-02,257661.11,2.14,901,285.9700012207031,2.59
2019-04-03,258066.57,2.14,901,286.4200134277344,2.44
2019-04-04,258751.31,2.14,901,287.17999267578125,2.18
2019-04-05,260003.72,2.14,901,288.57000732421875,1.71
2019-04-08,260201.94,2.14,901,288.7900085449219,1.63
2019-04-09,258868.45,2.14,901,287.30999755859375,2.14
2019-04-10,259751.44,2.14,901,288.2900085449219,1.8
2019-04-11,259679.34,2.14,901,288.2099914550781,1.83
2019-04-12,261436.3,2.14,901,290.1600036621094,1.16
2019-04-15,261265.11,2.14,901,289.9700012207031,1.23
2019-04-16,261436.3,2.14,901,290.1600036621094,1.16
2019-04-17,260796.6,2.14,901,289.45001220703125,1.41
2019-04-18,261310.15,2.14,901,290.0199890136719,1.21
2019-04-22,261535.4,2.14,901,290.2699890136719,1.13
2019-04-23,263887.03,2.14,901,292.8800048828125,0.24
2019-04-24,263301.38,2.14,901,292.2300109863281,0.46
2019-04-25,263139.18,2.14,901,292.04998779296875,0.52
2019-04-26,264364.55,2.14,901,293.4100036621094,0.06
2019-04-29,264779.01,2.14,901,293.8699951171875,0
2019-04-30,264914.15,2.14,901,294.0199890136719,0
2019-05-01,262922.95,2.14,901,291.80999755859375,0.75
2019-05-02,262355.31,2.14,901,291.17999267578125,0.97
2019-05-03,264923.17,2.14,901,294.0299987792969,0
2019-05-06,263832.97,2.14,901,292.82000732421875,0.41
2019-05-07,259427.06,2.14,901,287.92999267578125,2.07
2019-05-08,259066.67,2.14,901,287.5299987792969,2.21
2019-05-09,258282.8,2.14,901,286.6600036621094,2.51
2019-05-10,259580.25,2.14,901,288.1000061035156,2.02
2019-05-13,253056.99,2.14,901,280.8599853515625,4.48
2019-05-14,255345.54,2.14,901,283.3999938964844,3.62
2019-05-15,256841.2,2.14,901,285.05999755859375,3.05
2019-05-16,259219.85,2.14,901,287.70001220703125,2.15
2019-05-17,257543.98,2.14,901,285.8399963378906,2.79
2019-05-20,255841.1,2.14,901,283.95001220703125,3.43
2019-05-21,258147.66,2.14,901,286.510009765625,2.56
2019-05-22,257354.78,2.14,901,285.6300048828125,2.86
2019-05-23,254210.29,2.14,901,282.1400146484375,4.04
2019-05-24,254786.92,2.14,901,282.7799987792969,3.83
2019-05-28,252417.29,2.14,901,280.1499938964844,4.72
2019-05-29,250723.4,2.14,901,278.2699890136719,5.36
2019-05-30,251408.17,2.14,901,279.0299987792969,5.1
2019-05-31,248020.4,2.14,901,275.2699890136719,6.38
2019-06-03,247389.72,2.14,901,274.57000732421875,6.62
2019-06-04,252759.67,2.14,901,280.5299987792969,4.59
2019-06-05,254949.09,2.14,901,282.9599914550781,3.76
2019-06-06,256606.93,2.14,901,284.79998779296875,3.14
2019-06-07,259174.79,2.14,901,287.6499938964844,2.17
2019-06-10,260364.11,2.14,901,288.9700012207031,1.72
2019-06-11,260301.04,2.14,901,288.8999938964844,1.74
2019-06-12,259841.54,2.14,901,288.3900146484375,1.92
2019-06-13,260913.71,2.14,901,289.5799865722656,1.51
2019-06-14,260625.41,2.14,901,289.260009765625,1.62
2019-06-17,260724.51,2.14,901,289.3699951171875,1.58
2019-06-18,263454.54,2.14,901,292.3999938964844,0.55
2019-06-19,264049.2,2.14,901,293.05999755859375,0.33
2019-06-20,266571.99,2.14,901,295.8599853515625,0
2019-06-21,264896.14,2.14,901,294,0.63
2019-06-24,264571.79,2.14,901,293.6400146484375,0.75
2019-06-25,261976.91,2.14,901,290.760009765625,1.72
2019-06-26,261715.61,2.14,901,290.4700012207031,1.82
2019-06-27,262643.64,2.14,901,291.5,1.47
2019-06-28,263995.14,2.14,901,293,0.97
2019-07-01,266391.8,2.14,901,295.6600036621094,0.07
2019-07-02,267085.56,2.14,901,296.42999267578125,0
2019-07-03,269220.93,2.14,901,298.79998779296875,0
2019-07-05,268914.59,2.14,901,298.4599914550781,0.11
2019-07-08,267436.97,2.14,901,296.82000732421875,0.66
2019-07-09,267770.33,2.14,901,297.19000244140625,0.54
2019-07-10,269049.74,2.14,901,298.6099853515625,0.06
2019-07-11,269680.45,2.14,901,299.30999755859375,0
2019-07-12,270887.79,2.14,901,300.6499938964844,0
2019-07-15,270977.89,2.14,901,300.75,0
2019-07-16,270103.92,2.14,901,299.7799987792969,0.32
2019-07-17,268265.87,2.14,901,297.739990234375,1
2019-07-18,269247.96,2.14,901,298.8299865722656,0.64
2019-07-19,267752.32,2.14,901,297.1700134277344,1.19
2019-07-22,268410.04,2.14,901,297.8999938964844,0.95
2019-07-23,270329.17,2.14,901,300.0299987792969,0.24
2019-07-24,271599.58,2.14,901,301.44000244140625,0
2019-07-25,270302.14,2.14,901,300,0.48
2019-07-26,272113.16,2.14,901,302.010009765625,0
2019-07-29,271617.59,2.14,901,301.4599914550781,0.18
2019-07-30,270950.86,2.14,901,300.7200012207031,0.43
2019-07-31,267986.56,2.14,901,297.42999267578125,1.52
2019-08-01,265652.98,2.14,901,294.8399963378906,2.37
2019-08-02,263652.76,2.14,901,292.6199951171875,3.11
2019-08-05,255723.97,2.14,901,283.82000732421875,6.02
2019-08-06,259309.93,2.14,901,287.79998779296875,4.71
2019-08-07,259463.11,2.14,901,287.9700012207031,4.65
2019-08-08,264553.76,2.14,901,293.6199951171875,2.78
2019-08-09,262751.76,2.14,901,291.6199951171875,3.44
2019-08-12,259553.22,2.14,901,288.07000732421875,4.62
2019-08-13,263589.68,2.14,901,292.54998779296875,3.13
2019-08-14,255796.04,2.14,901,283.8999938964844,6
2019-08-15,256471.79,2.14,901,284.6499938964844,5.75
2019-08-16,260256,2.14,901,288.8500061035156,4.36
2019-08-19,263391.46,2.14,901,292.3299865722656,3.21
2019-08-20,261373.23,2.14,901,290.0899963378906,3.95
2019-08-21,263499.6,2.14,901,292.45001220703125,3.17
2019-08-22,263418.49,2.14,901,292.3599853515625,3.2
2019-08-23,256652,2.14,901,284.8500061035156,5.68
2019-08-26,259490.14,2.14,901,288,4.64
2019-08-27,258472.01,2.14,901,286.8699951171875,5.01
2019-08-28,260292.04,2.14,901,288.8900146484375,4.34
2019-08-29,263616.71,2.14,901,292.5799865722656,3.12
2019-08-30,263499.6,2.14,901,292.45001220703125,3.17
2019-09-03,261958.87,2.14,901,290.739990234375,3.73
2019-09-04,264932.19,2.14,901,294.0400085449219,2.64
2019-09-05,268337.97,2.14,901,297.82000732421875,1.39
2019-09-06,268545.18,2.14,901,298.04998779296875,1.31
2019-09-09,268680.35,2.14,901,298.20001220703125,1.26
2019-09-10,268617.28,2.14,901,298.1300048828125,1.28
2019-09-11,270527.39,2.14,901,300.25,0.58
2019-09-12,271464.44,2.14,901,301.2900085449219,0.24
2019-09-13,271284.23,2.14,901,301.0899963378906,0.3
2019-09-16,270446.3,2.14,901,300.1600036621094,0.61
2019-09-17,271131.07,2.14,901,300.9200134277344,0.36
2019-09-18,271293.25,2.14,901,301.1000061035156,0.3
2019-09-19,271275.21,2.14,901,301.0799865722656,0.31
2019-09-20,268752.42,2.14,901,298.2799987792969,1.24
2019-09-23,268689.34,2.14,901,298.2099914550781,1.26
2019-09-24,266581.01,2.14,901,295.8699951171875,2.03
2019-09-25,268157.76,2.14,901,297.6199951171875,1.45
2019-09-26,267599.14,2.14,901,297,1.66
2019-09-27,266157.54,2.14,901,295.3999938964844,2.19
2019-09-30,267391.9,2.14,901,296.7699890136719,1.74
2019-10-01,264211.37,2.14,901,293.239990234375,2.9
2019-10-02,259544.2,2.14,901,288.05999755859375,4.62
2019-10-03,261670.57,2.14,901,290.4200134277344,3.84
2019-10-04,265211.5,2.14,901,294.3500061035156,2.54
2019-10-07,264067.21,2.14,901,293.0799865722656,2.96
2019-10-08,259967.67,2.14,901,288.5299987792969,4.46
2019-10-09,262436.4,2.14,901,291.2699890136719,3.56
2019-10-10,264211.37,2.14,901,293.239990234375,2.9
2019-10-11,266950.42,2.14,901,296.2799987792969,1.9
2019-10-14,266653.1,2.14,901,295.95001220703125,2.01
2019-10-15,269293.03,2.14,901,298.8800048828125,1.04
2019-10-16,268860.54,2.14,901,298.3999938964844,1.2
2019-10-17,269653.42,2.14,901,299.2799987792969,0.9
2019-10-18,268473.11,2.14,901,297.9700012207031,1.34
2019-10-21,270293.12,2.14,901,299.989990234375,0.67
2019-10-22,269410.16,2.14,901,299.010009765625,0.99
2019-10-23,270194.03,2.14,901,299.8800048828125,0.71
2019-10-24,270635.51,2.14,901,300.3699951171875,0.54
2019-10-25,271743.75,2.14,901,301.6000061035156,0.14
2019-10-28,273275.43,2.14,901,303.29998779296875,0
2019-10-29,273194.34,2.14,901,303.2099914550781,0.03
2019-10-30,274032.29,2.14,901,304.1400146484375,0
2019-10-31,273302.46,2.14,901,303.3299865722656,0.27
2019-11-01,275834.29,2.14,901,306.1400146484375,0
2019-11-04,276942.51,2.14,901,307.3699951171875,0
2019-11-05,276636.17,2.14,901,307.0299987792969,0.11
2019-11-06,276699.25,2.14,901,307.1000061035156,0.09
2019-11-07,277672.31,2.14,901,308.17999267578125,0
2019-11-08,278357.08,2.14,901,308.94000244140625,0
2019-11-11,277825.5,2.14,901,308.3500061035156,0.19
2019-11-12,278411.14,2.14,901,309,0
2019-11-13,278501.25,2.14,901,309.1000061035156,0
2019-11-14,278906.68,2.14,901,309.54998779296875,0
2019-11-15,280924.94,2.14,901,311.7900085449219,0
2019-11-18,281132.15,2.14,901,312.0199890136719,0
2019-11-19,281051.06,2.14,901,311.92999267578125,0.03
2019-11-20,280005.9,2.14,901,310.7699890136719,0.4
2019-11-21,279555.4,2.14,901,310.2699890136719,0.56
2019-11-22,280177.09,2.14,901,310.9599914550781,0.34
2019-11-25,282348.51,2.14,901,313.3699951171875,0
2019-11-26,282988.21,2.14,901,314.0799865722656,0
2019-11-27,284249.63,2.14,901,315.4800109863281,0
2019-11-29,283195.45,2.14,901,314.30999755859375,0.37
2019-12-02,280789.79,2.14,901,311.6400146484375,1.22
2019-12-03,278906.68,2.14,901,309.54998779296875,1.88
2019-12-04,280627.59,2.14,901,311.4599914550781,1.27
2019-12-05,281132.15,2.14,901,312.0199890136719,1.1
2019-12-06,283700.01,2.14,901,314.8699951171875,0.19
2019-12-09,282808.03,2.14,901,313.8800048828125,0.51
2019-12-10,282492.67,2.14,901,313.5299987792969,0.62
2019-12-11,283294.57,2.14,901,314.4200134277344,0.34
2019-12-12,285736.28,2.14,901,317.1300048828125,0
2019-12-13,285907.47,2.14,901,317.32000732421875,0
2019-12-16,287871.64,2.14,901,319.5,0
2019-12-17,287934.72,2.14,901,319.57000732421875,0
2019-12-18,287952.73,2.14,901,319.5899963378906,0
2019-12-19,289133.04,2.14,901,320.8999938964844,0
2019-12-20,288979.88,2.14,901,320.7300109863281,0.05
2019-12-23,289421.36,2.14,901,321.2200012207031,0
2019-12-24,289430.38,2.14,901,321.2300109863281,0
2019-12-26,290971.08,2.14,901,322.94000244140625,0
2019-12-27,290898.99,2.14,901,322.8599853515625,0.02
2019-12-30,289295.21,2.14,901,321.0799865722656,0.58
2019-12-31,289997.99,2.14,901,321.8599853515625,0.33
2020-01-02,292710.01,2.14,901,324.8699951171875,0
2020-01-03,290493.55,2.14,901,322.4100036621094,0.76
2020-01-06,291601.79,2.14,901,323.6400146484375,0.38
2020-01-07,290781.88,2.14,901,322.7300109863281,0.66
2020-01-08,292331.6,2.14,901,324.45001220703125,0.13
2020-01-09,294313.79,2.14,901,326.6499938964844,0
2020-01-10,293466.84,2.14,901,325.7099914550781,0.29
2020-01-13,295485.1,2.14,901,327.95001220703125,0
2020-01-14,295034.6,2.14,901,327.45001220703125,0.15
2020-01-15,295701.33,2.14,901,328.19000244140625,0
2020-01-16,298161.07,2.14,901,330.9200134277344,0
2020-01-17,299089.1,2.14,901,331.95001220703125,0
2020-01-21,298503.43,2.14,901,331.29998779296875,0.2
2020-01-22,298539.48,2.14,901,331.3399963378906,0.18
2020-01-23,298881.86,2.14,901,331.7200012207031,0.07
2020-01-24,296223.9,2.14,901,328.7699890136719,0.96
2020-01-27,291475.64,2.14,901,323.5,2.55
2020-01-28,294530.04,2.14,901,326.8900146484375,1.52
2020-01-29,294286.76,2.14,901,326.6199951171875,1.61
2020-01-30,295241.81,2.14,901,327.67999267578125,1.29
2020-01-31,289880.88,2.14,901,321.7300109863281,3.08
2020-02-03,292034.26,2.14,901,324.1199951171875,2.36
2020-02-04,296485.2,2.14,901,329.05999755859375,0.87
2020-02-05,299908.99,2.14,901,332.8599853515625,0
2020-02-06,300918.13,2.14,901,333.9800109863281,0
2020-02-07,299314.35,2.14,901,332.20001220703125,0.53
2020-02-10,301548.81,2.14,901,334.67999267578125,0
2020-02-11,302071.41,2.14,901,335.260009765625,0
2020-02-12,304017.57,2.14,901,337.4200134277344,0
2020-02-13,303693.2,2.14,901,337.05999755859375,0.11
2020-02-14,304179.75,2.14,901,337.6000061035156,0
2020-02-18,303395.88,2.14,901,336.7300109863281,0.26
2020-02-19,304846.48,2.14,901,338.3399963378906,0
2020-02-20,303594.1,2.14,901,336.95001220703125,0.41
2020-02-21,300467.63,2.14,901,333.4800109863281,1.44
2020-02-24,290502.57,2.14,901,322.4200134277344,4.71
2020-02-25,281699.79,2.14,901,312.6499938964844,7.59
2020-02-26,280663.64,2.14,901,311.5,7.93
2020-02-27,268058.66,2.14,901,297.510009765625,12.07
2020-02-28,266932.41,2.14,901,296.260009765625,12.44
2020-03-02,278492.23,2.14,901,309.0899963378906,8.65
2020-03-03,270518.37,2.14,901,300.239990234375,11.26
2020-03-04,281888.99,2.14,901,312.8599853515625,7.53
2020-03-05,272518.59,2.14,901,302.4599914550781,10.6
2020-03-06,268013.59,2.14,901,297.4599914550781,12.08
2020-03-09,247083.38,2.14,901,274.2300109863281,18.95
2020-03-10,259868.57,2.14,901,288.4200134277344,14.75
2020-03-11,247200.49,2.14,901,274.3599853515625,18.91
2020-03-12,223549.25,2.14,901,248.11000061035156,26.67
2020-03-13,242659.47,2.14,901,269.32000732421875,20.4
2020-03-16,216107,2.14,901,239.85000610351562,29.11
2020-03-17,227774.94,2.14,901,252.8000030517578,25.28
2020-03-18,216242.14,2.14,901,240,29.07
2020-03-19,216701.65,2.14,901,240.50999450683594,28.91
2020-03-20,206150.94,2.14,901,228.8000030517578,32.38
2020-03-23,200880.09,2.14,901,222.9499969482422,34.1
2020-03-24,219080.29,2.14,901,243.14999389648438,28.13
2020-03-25,222359.93,2.14,901,246.7899932861328,27.06
2020-03-26,235343.35,2.14,901,261.20001220703125,22.8
2020-03-27,228333.56,2.14,901,253.4199981689453,25.1
2020-03-30,235748.79,2.14,901,261.6499938964844,22.67
2020-03-31,232234.89,2.14,901,257.75,23.82
2020-04-01,221783.29,2.14,901,246.14999389648438,27.25
2020-04-02,226900.97,2.14,901,251.8300018310547,25.57
2020-04-03,223621.33,2.14,901,248.19000244140625,26.64
2020-04-06,238640.99,2.14,901,264.8599853515625,21.72
2020-04-07,238884.28,2.14,901,265.1300048828125,21.64
2020-04-08,246903.17,2.14,901,274.0299987792969,19.01
2020-04-09,250660.35,2.14,901,278.20001220703125,17.77
2020-04-13,248371.8,2.14,901,275.6600036621094,18.53
2020-04-14,255696.94,2.14,901,283.7900085449219,16.12
2020-04-15,250263.91,2.14,901,277.760009765625,17.9
2020-04-16,251471.25,2.14,901,279.1000061035156,17.51
2020-04-17,258264.79,2.14,901,286.6400146484375,15.28
2020-04-20,253714.73,2.14,901,281.5899963378906,16.77
2020-04-21,246011.19,2.14,901,273.0400085449219,19.3
2020-04-22,251471.25,2.14,901,279.1000061035156,17.51
2020-04-23,251453.21,2.14,901,279.0799865722656,17.51
2020-04-24,254958.11,2.14,901,282.9700012207031,16.37
2020-04-27,258634.18,2.14,901,287.04998779296875,15.16
2020-04-28,257444.88,2.14,901,285.7300109863281,15.55
2020-04-29,264184.34,2.14,901,293.2099914550781,13.34
2020-04-30,261724.63,2.14,901,290.4800109863281,14.15
2020-05-01,254795.94,2.14,901,282.7900085449219,16.42
2020-05-04,255498.72,2.14,901,283.57000732421875,16.19
2020-05-05,257859.33,2.14,901,286.19000244140625,15.41
2020-05-06,256111.39,2.14,901,284.25,15.99
2020-05-07,259201.81,2.14,901,287.67999267578125,14.97
2020-05-08,263490.58,2.14,901,292.44000244140625,13.57
2020-05-11,263544.64,2.14,901,292.5,13.55
2020-05-12,258291.82,2.14,901,286.6700134277344,15.27
2020-05-13,253723.75,2.14,901,281.6000061035156,16.77
2020-05-14,256760.11,2.14,901,284.9700012207031,15.77
2020-05-15,257940.42,2.14,901,286.2799987792969,15.39
2020-05-18,265797.14,2.14,901,295,12.81
2020-05-19,263067.11,2.14,901,291.9700012207031,13.71
2020-05-20,267536.06,2.14,901,296.92999267578125,12.24
2020-05-21,265689.03,2.14,901,294.8800048828125,12.84
2020-05-22,266193.58,2.14,901,295.44000244140625,12.68
2020-05-26,269473.21,2.14,901,299.0799865722656,11.6
2020-05-27,273482.67,2.14,901,303.5299987792969,10.29
2020-05-28,272978.11,2.14,901,302.9700012207031,10.45
2020-05-29,274194.47,2.14,901,304.32000732421875,10.05
2020-06-01,275302.68,2.14,901,305.54998779296875,9.69
2020-06-02,277582.21,2.14,901,308.0799865722656,8.94
2020-06-03,281276.31,2.14,901,312.17999267578125,7.73
2020-06-04,280537.49,2.14,901,311.3599853515625,7.97
2020-06-05,287727.48,2.14,901,319.3399963378906,5.62
2020-06-08,291205.35,2.14,901,323.20001220703125,4.47
2020-06-09,289033.94,2.14,901,320.7900085449219,5.19
2020-06-10,287421.14,2.14,901,319,5.72
2020-06-11,270851.74,2.14,901,300.6099853515625,11.15
2020-06-12,274095.34,2.14,901,304.2099914550781,10.09
2020-06-15,276654.18,2.14,901,307.04998779296875,9.25
2020-06-16,281979.09,2.14,901,312.9599914550781,7.5
2020-06-17,280807.8,2.14,901,311.6600036621094,7.89
2020-06-18,280915.92,2.14,901,311.7799987792969,7.85
2020-06-19,278086.79,2.14,901,308.6400146484375,8.78
2020-06-22,279870.76,2.14,901,310.6199951171875,8.19
2020-06-23,281159.18,2.14,901,312.04998779296875,7.77
2020-06-24,273987.23,2.14,901,304.0899963378906,10.12
2020-06-25,276924.5,2.14,901,307.3500061035156,9.16
2020-06-26,270347.18,2.14,901,300.04998779296875,11.32
2020-06-29,274320.59,2.14,901,304.4599914550781,10.01
2020-06-30,277834.49,2.14,901,308.3599853515625,8.86
2020-07-01,279780.65,2.14,901,310.5199890136719,8.22
2020-07-02,281321.38,2.14,901,312.2300109863281,7.72
2020-07-06,285664.18,2.14,901,317.04998779296875,6.29
2020-07-07,282717.92,2.14,901,313.7799987792969,7.26
2020-07-08,284880.31,2.14,901,316.17999267578125,6.55
2020-07-09,283258.53,2.14,901,314.3800048828125,7.08
2020-07-10,286150.73,2.14,901,317.5899963378906,6.13
2020-07-13,283672.98,2.14,901,314.8399963378906,6.95
2020-07-14,287349.07,2.14,901,318.9200134277344,5.74
2020-07-15,289989,2.14,901,321.8500061035156,4.87
2020-07-16,289033.94,2.14,901,320.7900085449219,5.19
2020-07-17,289871.86,2.14,901,321.7200012207031,4.91
2020-07-20,292214.47,2.14,901,324.32000732421875,4.14
2020-07-21,292836.16,2.14,901,325.010009765625,3.94
2020-07-22,294502.99,2.14,901,326.8599853515625,3.39
2020-07-23,290989.09,2.14,901,322.9599914550781,4.55
2020-07-24,289115.03,2.14,901,320.8800048828125,5.16
2020-07-27,291223.36,2.14,901,323.2200012207031,4.47
2020-07-28,289376.32,2.14,901,321.1700134277344,5.07
2020-07-29,292935.26,2.14,901,325.1199951171875,3.91
2020-07-30,291890.09,2.14,901,323.9599914550781,4.25
2020-07-31,294196.65,2.14,901,326.5199890136719,3.49
2020-08-03,296241.94,2.14,901,328.7900085449219,2.82
2020-08-04,297386.2,2.14,901,330.05999755859375,2.45
2020-08-05,299233.24,2.14,901,332.1099853515625,1.84
2020-08-06,301233.46,2.14,901,334.3299865722656,1.19
2020-08-07,301449.72,2.14,901,334.57000732421875,1.11
2020-08-10,302350.72,2.14,901,335.57000732421875,0.82
2020-08-11,299854.93,2.14,901,332.79998779296875,1.64
2020-08-12,304035.58,2.14,901,337.44000244140625,0.27
2020-08-13,303485.96,2.14,901,336.8299865722656,0.45
2020-08-14,303494.98,2.14,901,336.8399963378906,0.44
2020-08-17,304459.05,2.14,901,337.9100036621094,0.13
2020-08-18,305116.79,2.14,901,338.6400146484375,0
2020-08-19,303846.38,2.14,901,337.2300109863281,0.42
2020-08-20,304792.42,2.14,901,338.2799987792969,0.11
2020-08-21,305873.63,2.14,901,339.4800109863281,0
2020-08-24,308973.07,2.14,901,342.9200134277344,0
2020-08-25,310054.26,2.14,901,344.1199951171875,0
2020-08-26,313162.72,2.14,901,347.57000732421875,0
2020-08-27,313847.46,2.14,901,348.3299865722656,0
2020-08-28,315874.71,2.14,901,350.5799865722656,0
2020-08-31,314730.45,2.14,901,349.30999755859375,0.36
2020-09-01,317694.75,2.14,901,352.6000061035156,0
2020-09-02,322289.85,2.14,901,357.70001220703125,0
2020-09-03,311198.54,2.14,901,345.3900146484375,3.44
2020-09-04,308657.72,2.14,901,342.57000732421875,4.23
2020-09-08,300224.34,2.14,901,333.2099914550781,6.85
2020-09-09,306152.94,2.14,901,339.7900085449219,5.01
2020-09-10,300837.04,2.14,901,333.8900146484375,6.66
2020-09-11,300990.2,2.14,901,334.05999755859375,6.61
2020-09-14,304954.59,2.14,901,338.4599914550781,5.38
2020-09-15,306495.32,2.14,901,340.1700134277344,4.9
2020-09-16,305278.97,2.14,901,338.82000732421875,5.28
2020-09-17,302593.98,2.14,901,335.8399963378906,6.11
2020-09-18,297917.79,2.14,901,330.6499938964844,7.56
2020-09-21,294602.11,2.14,901,326.9700012207031,8.59
2020-09-22,297602.43,2.14,901,330.29998779296875,7.66
2020-09-23,290700.79,2.14,901,322.6400146484375,9.8
2020-09-24,291475.64,2.14,901,323.5,9.56
2020-09-25,296187.88,2.14,901,328.7300109863281,8.1
2020-09-28,301107.33,2.14,901,334.19000244140625,6.57
2020-09-29,299467.51,2.14,901,332.3699951171875,7.08
2020-09-30,301738.04,2.14,901,334.8900146484375,6.38
2020-10-01,303675.19,2.14,901,337.0400085449219,5.78
2020-10-02,300791.98,2.14,901,333.8399963378906,6.67
2020-10-05,306125.91,2.14,901,339.760009765625,5.02
2020-10-06,301774.06,2.14,901,334.92999267578125,6.37
2020-10-07,307026.91,2.14,901,340.760009765625,4.74
2020-10-08,309747.92,2.14,901,343.7799987792969,3.89
2020-10-09,312514,2.14,901,346.8500061035156,3.03
2020-10-12,317541.56,2.14,901,352.42999267578125,1.47
2020-10-13,315469.28,2.14,901,350.1300048828125,2.12
2020-10-14,313487.06,2.14,901,347.92999267578125,2.73
2020-10-15,313099.64,2.14,901,347.5,2.85
2020-10-16,312910.44,2.14,901,347.2900085449219,2.91
2020-10-19,308153.16,2.14,901,342.010009765625,4.39
2020-10-20,309387.53,2.14,901,343.3800048828125,4
2020-10-21,308801.88,2.14,901,342.7300109863281,4.19
2020-10-22,310495.74,2.14,901,344.6099853515625,3.66
2020-10-23,311549.92,2.14,901,345.7799987792969,3.33
2020-10-26,305792.54,2.14,901,339.3900146484375,5.12
2020-10-27,304738.36,2.14,901,338.2200012207031,5.45
2020-10-28,294322.8,2.14,901,326.6600036621094,8.68
2020-10-29,297314.13,2.14,901,329.9800109863281,7.75
2020-10-30,294214.69,2.14,901,326.5400085449219,8.71
2020-11-02,297512.35,2.14,901,330.20001220703125,7.69
2020-11-03,302765.17,2.14,901,336.0299987792969,6.06
2020-11-04,309531.69,2.14,901,343.5400085449219,3.96
2020-11-05,315568.37,2.14,901,350.239990234375,2.09
2020-11-06,315496.3,2.14,901,350.1600036621094,2.11
2020-11-09,319460.7,2.14,901,354.55999755859375,0.88
2020-11-10,318992.19,2.14,901,354.0400085449219,1.02
2020-11-11,321361.82,2.14,901,356.6700134277344,0.29
2020-11-12,318244.34,2.14,901,353.2099914550781,1.26
2020-11-13,322650.25,2.14,901,358.1000061035156,0
2020-11-16,326677.72,2.14,901,362.57000732421875,0
2020-11-17,324920.76,2.14,901,360.6199951171875,0.54
2020-11-18,321010.42,2.14,901,356.2799987792969,1.73
2020-11-19,322361.92,2.14,901,357.7799987792969,1.32
2020-11-20,320154.46,2.14,901,355.3299865722656,2
2020-11-23,322073.59,2.14,901,357.4599914550781,1.41
2020-11-24,327263.36,2.14,901,363.2200012207031,0
2020-11-25,326758.8,2.14,901,362.6600036621094,0.15
2020-11-27,327668.82,2.14,901,363.6700134277344,0
2020-11-30,326218.2,2.14,901,362.05999755859375,0.44
2020-12-01,329786.15,2.14,901,366.0199890136719,0
2020-12-02,330479.94,2.14,901,366.7900085449219,0
2020-12-03,330389.83,2.14,901,366.69000244140625,0.03
2020-12-04,333237,2.14,901,369.8500061035156,0
2020-12-07,332552.23,2.14,901,369.0899963378906,0.21
2020-12-08,333525.32,2.14,901,370.1700134277344,0
2020-12-09,330534,2.14,901,366.8500061035156,0.9
2020-12-10,330425.88,2.14,901,366.7300109863281,0.93
2020-12-11,330038.43,2.14,901,366.29998779296875,1.05
2020-12-14,328560.8,2.14,901,364.6600036621094,1.49
2020-12-15,333002.73,2.14,901,369.5899963378906,0.16
2020-12-16,333525.32,2.14,901,370.1700134277344,0
2020-12-17,335390.37,2.14,901,372.239990234375,0
2020-12-18,332633.31,2.14,901,369.17999267578125,0.82
2020-12-21,331443.99,2.14,901,367.8599853515625,1.18
2020-12-22,330885.37,2.14,901,367.239990234375,1.34
2020-12-23,331182.72,2.14,901,367.57000732421875,1.25
2020-12-24,332471.14,2.14,901,369,0.87
2020-12-28,335327.32,2.14,901,372.1700134277344,0.02
2020-12-29,334687.59,2.14,901,371.4599914550781,0.21
2020-12-30,335165.12,2.14,901,371.989990234375,0.07
2020-12-31,336868.03,2.14,901,373.8800048828125,0
2021-01-04,332281.94,2.14,901,368.7900085449219,1.36
2021-01-05,334570.46,2.14,901,371.3299865722656,0.68
2021-01-06,336570.68,2.14,901,373.54998779296875,0.09
2021-01-07,341571.25,2.14,901,379.1000061035156,0
2021-01-08,343517.41,2.14,901,381.260009765625,0
2021-01-11,341201.83,2.14,901,378.69000244140625,0.67
2021-01-12,341273.9,2.14,901,378.7699890136719,0.65
2021-01-13,342192.94,2.14,901,379.7900085449219,0.39
2021-01-14,340994.59,2.14,901,378.4599914550781,0.73
2021-01-15,338507.85,2.14,901,375.70001220703125,1.46
2021-01-19,341165.79,2.14,901,378.6499938964844,0.68
2021-01-20,345887.04,2.14,901,383.8900146484375,0
2021-01-21,346202.37,2.14,901,384.239990234375,0
2021-01-22,344977.03,2.14,901,382.8800048828125,0.35
2021-01-25,346337.54,2.14,901,384.3900146484375,0
2021-01-26,345796.94,2.14,901,383.7900085449219,0.16
2021-01-27,337345.55,2.14,901,374.4100036621094,2.6
2021-01-28,340246.78,2.14,901,377.6300048828125,1.76
2021-01-29,333435.22,2.14,901,370.07000732421875,3.73
2021-02-01,338985.38,2.14,901,376.2300109863281,2.12
2021-02-02,343778.68,2.14,901,381.54998779296875,0.74
2021-02-03,344049,2.14,901,381.8500061035156,0.66
2021-02-04,347959.33,2.14,901,386.19000244140625,0
2021-02-05,349328.84,2.14,901,387.7099914550781,0
2021-02-08,351851.66,2.14,901,390.510009765625,0
2021-02-09,351617.39,2.14,901,390.25,0.07
2021-02-10,351464.21,2.14,901,390.0799865722656,0.11
2021-02-11,352031.84,2.14,901,390.7099914550781,0
2021-02-12,353770.79,2.14,901,392.6400146484375,0
2021-02-16,353464.43,2.14,901,392.29998779296875,0.09
2021-02-17,353545.54,2.14,901,392.3900146484375,0.06
2021-02-18,352040.86,2.14,901,390.7200012207031,0.49
2021-02-19,351419.17,2.14,901,390.0299987792969,0.66
2021-02-22,348716.17,2.14,901,387.0299987792969,1.43
2021-02-23,349139.64,2.14,901,387.5,1.31
2021-02-24,352986.9,2.14,901,391.7699890136719,0.22
2021-02-25,344481.46,2.14,901,382.3299865722656,2.63
2021-02-26,342706.49,2.14,901,380.3599853515625,3.13
2021-03-01,351013.71,2.14,901,389.5799865722656,0.78
2021-03-02,348274.69,2.14,901,386.5400085449219,1.55
2021-03-03,343661.57,2.14,901,381.4200134277344,2.86
2021-03-04,339408.85,2.14,901,376.70001220703125,4.06
2021-03-05,345652.78,2.14,901,383.6300048828125,2.29
2021-03-08,343931.86,2.14,901,381.7200012207031,2.78
2021-03-09,348842.32,2.14,901,387.1700134277344,1.39
2021-03-10,351013.71,2.14,901,389.5799865722656,0.78
2021-03-11,354572.67,2.14,901,393.5299987792969,0
2021-03-12,355050.2,2.14,901,394.05999755859375,0
2021-03-15,357167.55,2.14,901,396.4100036621094,0
2021-03-16,356717.05,2.14,901,395.9100036621094,0.13
2021-03-17,357933.41,2.14,901,397.260009765625,0
2021-03-18,352725.63,2.14,901,391.4800109863281,1.45
2021-03-19,350923.63,2.14,901,389.4800109863281,1.96
2021-03-22,353725.73,2.14,901,392.5899963378906,1.18
2021-03-23,350941.64,2.14,901,389.5,1.95
2021-03-24,349157.65,2.14,901,387.5199890136719,2.45
2021-03-25,351121.85,2.14,901,389.70001220703125,1.9
2021-03-26,356780.13,2.14,901,395.9800109863281,0.32
2021-03-29,356599.92,2.14,901,395.7799987792969,0.37
2021-03-30,355653.88,2.14,901,394.7300109863281,0.64
2021-03-31,357095.46,2.14,901,396.3299865722656,0.23
2021-04-01,360951.74,2.14,901,400.6099853515625,0
2021-04-05,366132.49,2.14,901,406.3599853515625,0
2021-04-06,365916.26,2.14,901,406.1199951171875,0.06
2021-04-07,366339.73,2.14,901,406.5899963378906,0
2021-04-08,368078.65,2.14,901,408.5199890136719,0
2021-04-09,370754.62,2.14,901,411.489990234375,0
2021-04-12,370889.79,2.14,901,411.6400146484375,0
2021-04-13,371988.99,2.14,901,412.8599853515625,0
2021-04-14,370718.6,2.14,901,411.45001220703125,0.34
2021-04-15,374701.01,2.14,901,415.8699951171875,0
2021-04-16,375953.41,2.14,901,417.260009765625,0
2021-04-19,374106.34,2.14,901,415.2099914550781,0.49
2021-04-20,371367.32,2.14,901,412.1700134277344,1.22
2021-04-21,374881.22,2.14,901,416.07000732421875,0.29
2021-04-22,371457.4,2.14,901,412.2699890136719,1.2
2021-04-23,375484.87,2.14,901,416.739990234375,0.12
2021-04-26,376268.74,2.14,901,417.6099853515625,0
2021-04-27,376187.65,2.14,901,417.5199890136719,0.02
2021-04-28,376079.54,2.14,901,417.3999938964844,0.05
2021-04-29,378476.2,2.14,901,420.05999755859375,0
2021-04-30,375989.43,2.14,901,417.29998779296875,0.66
2021-05-03,376800.35,2.14,901,418.20001220703125,0.44
2021-05-04,374475.76,2.14,901,415.6199951171875,1.06
2021-05-05,374592.89,2.14,901,415.75,1.03
2021-05-06,377584.22,2.14,901,419.07000732421875,0.24
2021-05-07,380332.26,2.14,901,422.1199951171875,0
2021-05-10,376566.08,2.14,901,417.94000244140625,0.99
2021-05-11,373205.34,2.14,901,414.2099914550781,1.87
2021-05-12,365276.55,2.14,901,405.4100036621094,3.96
2021-05-13,369664.42,2.14,901,410.2799987792969,2.8
2021-05-14,375340.71,2.14,901,416.5799865722656,1.31
2021-05-17,374385.65,2.14,901,415.5199890136719,1.56
2021-05-18,371160.08,2.14,901,411.94000244140625,2.41
2021-05-19,370186.99,2.14,901,410.8599853515625,2.67
2021-05-20,374169.42,2.14,901,415.2799987792969,1.62
2021-05-21,373863.08,2.14,901,414.94000244140625,1.7
2021-05-24,377674.32,2.14,901,419.1700134277344,0.7
2021-05-25,376836.37,2.14,901,418.239990234375,0.92
2021-05-26,377584.22,2.14,901,419.07000732421875,0.72
2021-05-27,377782.44,2.14,901,419.2900085449219,0.67
2021-05-28,378458.19,2.14,901,420.0400085449219,0.49
2021-06-01,378124.82,2.14,901,419.6700134277344,0.58
2021-06-02,378719.46,2.14,901,420.3299865722656,0.42
2021-06-03,377313.9,2.14,901,418.7699890136719,0.79
2021-06-04,380764.75,2.14,901,422.6000061035156,0
2021-06-07,380395.33,2.14,901,422.19000244140625,0.1
2021-06-08,380476.42,2.14,901,422.2799987792969,0.08
2021-06-09,379908.79,2.14,901,421.6499938964844,0.22
2021-06-10,381674.74,2.14,901,423.6099853515625,0
2021-06-11,382305.45,2.14,901,424.30999755859375,0
2021-06-14,383161.41,2.14,901,425.260009765625,0
2021-06-15,382458.63,2.14,901,424.4800109863281,0.18
2021-06-16,380323.24,2.14,901,422.1099853515625,0.74
2021-06-17,380197.11,2.14,901,421.9700012207031,0.77
2021-06-18,373845.07,2.14,901,414.9200134277344,2.43
2021-06-21,379196.99,2.14,901,420.8599853515625,1.03
2021-06-22,381224.24,2.14,901,423.1099853515625,0.51
2021-06-23,380764.75,2.14,901,422.6000061035156,0.63
2021-06-24,383017.25,2.14,901,425.1000061035156,0.04
2021-06-25,384377.74,2.14,901,426.6099853515625,0
2021-06-28,385152.61,2.14,901,427.4700012207031,0
2021-06-29,385359.85,2.14,901,427.70001220703125,0
2021-06-30,385684.2,2.14,901,428.05999755859375,0
2021-07-01,387819.56,2.14,901,430.42999267578125,0
2021-07-02,390783.86,2.14,901,433.7200012207031,0
2021-07-06,390072.06,2.14,901,432.92999267578125,0.18
2021-07-07,391450.59,2.14,901,434.4599914550781,0
2021-07-08,388261.07,2.14,901,430.9200134277344,0.81
2021-07-09,392405.65,2.14,901,435.5199890136719,0
2021-07-12,393811.21,2.14,901,437.0799865722656,0
2021-07-13,392468.73,2.14,901,435.5899963378906,0.34
2021-07-14,393054.37,2.14,901,436.239990234375,0.19
2021-07-15,391711.89,2.14,901,434.75,0.53
2021-07-16,388639.48,2.14,901,431.3399963378906,1.31
2021-07-19,382900.11,2.14,901,424.9700012207031,2.77
2021-07-20,388387.2,2.14,901,431.05999755859375,1.38
2021-07-21,391531.68,2.14,901,434.54998779296875,0.58
2021-07-22,392351.59,2.14,901,435.4599914550781,0.37
2021-07-23,396388.08,2.14,901,439.94000244140625,0
2021-07-26,397361.15,2.14,901,441.0199890136719,0
2021-07-27,395550.16,2.14,901,439.010009765625,0.46
2021-07-28,395387.96,2.14,901,438.8299865722656,0.5
2021-07-29,397027.79,2.14,901,440.6499938964844,0.08
2021-07-30,395099.66,2.14,901,438.510009765625,0.57
2021-08-02,394270.73,2.14,901,437.5899963378906,0.78
2021-08-03,397478.29,2.14,901,441.1499938964844,0
2021-08-04,395523.13,2.14,901,438.9800109863281,0.49
2021-08-05,398027.91,2.14,901,441.760009765625,0
2021-08-06,398685.62,2.14,901,442.489990234375,0
2021-08-09,398361.28,2.14,901,442.1300048828125,0.08
2021-08-10,398856.81,2.14,901,442.67999267578125,0
2021-08-11,399847.92,2.14,901,443.7799987792969,0
2021-08-12,401046.24,2.14,901,445.1099853515625,0
2021-08-13,401776.07,2.14,901,445.9200134277344,0
2021-08-16,402722.11,2.14,901,446.9700012207031,0
2021-08-17,400082.19,2.14,901,444.0400085449219,0.66
2021-08-18,395703.31,2.14,901,439.17999267578125,1.74
2021-08-19,396315.99,2.14,901,439.8599853515625,1.59
2021-08-20,399469.49,2.14,901,443.3599853515625,0.81
2021-08-23,402983.41,2.14,901,447.260009765625,0
2021-08-24,403623.11,2.14,901,447.9700012207031,0
2021-08-25,404470.05,2.14,901,448.9100036621094,0
2021-08-26,402082.41,2.14,901,446.260009765625,0.59
2021-08-27,405677.39,2.14,901,450.25,0
2021-08-30,407461.38,2.14,901,452.2300109863281,0
2021-08-31,406857.7,2.14,901,451.55999755859375,0.15
2021-09-01,407073.93,2.14,901,451.79998779296875,0.1
2021-09-02,408326.33,2.14,901,453.19000244140625,0
2021-09-03,408227.21,2.14,901,453.0799865722656,0.02
2021-09-07,406767.59,2.14,901,451.4599914550781,0.38
2021-09-08,406272.05,2.14,901,450.9100036621094,0.5
2021-09-09,404533.13,2.14,901,448.9800109863281,0.93
2021-09-10,401343.58,2.14,901,445.44000244140625,1.71
2021-09-13,402370.71,2.14,901,446.5799865722656,1.46
2021-09-14,400199.32,2.14,901,444.1700134277344,1.99
2021-09-15,403542.03,2.14,901,447.8800048828125,1.17
2021-09-16,402902.32,2.14,901,447.1700134277344,1.33
2021-09-17,397703.54,2.14,901,441.3999938964844,2.6
2021-09-20,391072.19,2.14,901,434.0400085449219,4.23
2021-09-21,390702.78,2.14,901,433.6300048828125,4.32
2021-09-22,394513.99,2.14,901,437.8599853515625,3.38
2021-09-23,399307.31,2.14,901,443.17999267578125,2.21
2021-09-24,399965.05,2.14,901,443.9100036621094,2.05
2021-09-27,398820.79,2.14,901,442.6400146484375,2.33
2021-09-28,390783.86,2.14,901,433.7200012207031,4.3
2021-09-29,391441.6,2.14,901,434.45001220703125,4.14
2021-09-30,386657.29,2.14,901,429.1400146484375,5.31
2021-10-01,391252.37,2.14,901,434.239990234375,4.18
2021-10-04,386206.79,2.14,901,428.6400146484375,5.42
2021-10-05,390225.25,2.14,901,433.1000061035156,4.43
2021-10-06,391847.04,2.14,901,434.8999938964844,4.04
2021-10-07,395234.8,2.14,901,438.6600036621094,3.21
2021-10-08,394513.99,2.14,901,437.8599853515625,3.38
2021-10-11,391657.83,2.14,901,434.69000244140625,4.08
2021-10-12,390693.76,2.14,901,433.6199951171875,4.32
2021-10-13,392099.31,2.14,901,435.17999267578125,3.97
2021-10-14,398694.64,2.14,901,442.5,2.36
2021-10-15,401731.01,2.14,901,445.8699951171875,1.62
2021-10-18,402920.33,2.14,901,447.19000244140625,1.32
2021-10-19,406028.79,2.14,901,450.6400146484375,0.56
2021-10-20,407623.55,2.14,901,452.4100036621094,0.17
2021-10-21,408686.73,2.14,901,453.5899963378906,0
2021-10-22,408263.26,2.14,901,453.1199951171875,0.1
2021-10-25,410452.68,2.14,901,455.54998779296875,0
2021-10-26,410822.09,2.14,901,455.9599914550781,0
2021-10-27,409002.08,2.14,901,453.94000244140625,0.44
2021-10-28,412948.47,2.14,901,458.32000732421875,0
2021-10-29,413786.39,2.14,901,459.25,0
2021-11-01,414498.19,2.14,901,460.0400085449219,0
2021-11-02,416174.04,2.14,901,461.8999938964844,0
2021-11-03,418714.86,2.14,901,464.7200012207031,0
2021-11-04,420688.05,2.14,901,466.9100036621094,0
2021-11-05,422147.67,2.14,901,468.5299987792969,0
2021-11-08,422508.06,2.14,901,468.92999267578125,0
2021-11-09,421111.53,2.14,901,467.3800048828125,0.33
2021-11-10,417723.76,2.14,901,463.6199951171875,1.13
2021-11-11,417858.9,2.14,901,463.7699890136719,1.1
2021-11-12,421012.4,2.14,901,467.2699890136719,0.35
2021-11-15,421156.56,2.14,901,467.42999267578125,0.32
2021-11-16,422823.42,2.14,901,469.2799987792969,0
2021-11-17,421796.29,2.14,901,468.1400146484375,0.24
2021-11-18,423228.88,2.14,901,469.7300109863281,0
2021-11-19,422472.04,2.14,901,468.8900146484375,0.18
2021-11-22,421282.72,2.14,901,467.57000732421875,0.46
2021-11-23,421841.33,2.14,901,468.19000244140625,0.33
2021-11-24,422967.58,2.14,901,469.44000244140625,0.06
2021-11-26,413534.11,2.14,901,458.9700012207031,2.29
2021-11-29,418606.75,2.14,901,464.6000061035156,1.09
2021-11-30,410461.7,2.14,901,455.55999755859375,3.02
2021-12-01,405902.64,2.14,901,450.5,4.09
2021-12-02,412119.54,2.14,901,457.3999938964844,2.62
2021-12-03,408533.57,2.14,901,453.4200134277344,3.47
2021-12-06,413371.94,2.14,901,458.7900085449219,2.33
2021-12-07,421922.42,2.14,901,468.2799987792969,0.31
2021-12-08,423039.65,2.14,901,469.5199890136719,0.04
2021-12-09,420183.5,2.14,901,466.3500061035156,0.72
2021-12-10,424138.87,2.14,901,470.739990234375,0
2021-12-13,420381.72,2.14,901,466.57000732421875,0.89
2021-12-14,417489.49,2.14,901,463.3599853515625,1.57
2021-12-15,424012.75,2.14,901,470.6000061035156,0.03
2021-12-16,420273.6,2.14,901,466.45001220703125,0.91
2021-12-17,414345.01,2.14,901,459.8699951171875,2.31
2021-12-20,409939.13,2.14,901,454.9800109863281,3.35
2021-12-21,417219.2,2.14,901,463.05999755859375,1.63
2021-12-22,421390.83,2.14,901,467.69000244140625,0.65
2021-12-23,424012.75,2.14,901,470.6000061035156,0.03
2021-12-27,430013.41,2.14,901,477.260009765625,0
2021-12-28,429662.01,2.14,901,476.8699951171875,0.08
2021-12-29,430211.63,2.14,901,477.4800109863281,0
2021-12-30,429022.3,2.14,901,476.1600036621094,0.28
2021-12-31,427941.09,2.14,901,474.9599914550781,0.53
2022-01-03,430418.84,2.14,901,477.7099914550781,0
2022-01-04,430274.68,2.14,901,477.54998779296875,0.03
2022-01-05,422012.53,2.14,901,468.3800048828125,1.95
2022-01-06,421616.08,2.14,901,467.94000244140625,2.05
2022-01-07,419949.23,2.14,901,466.0899963378906,2.43
2022-01-10,419426.66,2.14,901,465.510009765625,2.55
2022-01-11,423246.89,2.14,901,469.75,1.67
2022-01-12,424391.15,2.14,901,471.0199890136719,1.4
2022-01-13,418543.67,2.14,901,464.5299987792969,2.76
2022-01-14,418714.86,2.14,901,464.7200012207031,2.72
2022-01-18,411299.62,2.14,901,456.489990234375,4.44
2022-01-19,407028.89,2.14,901,451.75,5.43
2022-01-20,402523.89,2.14,901,446.75,6.48
2022-01-21,394622.13,2.14,901,437.9800109863281,8.32
2022-01-24,396297.98,2.14,901,439.8399963378906,7.93
2022-01-25,391459.61,2.14,901,434.4700012207031,9.05
2022-01-26,390477.53,2.14,901,433.3800048828125,9.28
2022-01-27,388549.37,2.14,901,431.239990234375,9.73
2022-01-28,398199.1,2.14,901,441.95001220703125,7.49
2022-01-31,405371.05,2.14,901,449.9100036621094,5.82
2022-02-01,408110.1,2.14,901,452.95001220703125,5.18
2022-02-02,412074.5,2.14,901,457.3500061035156,4.26
2022-02-03,402388.75,2.14,901,446.6000061035156,6.51
2022-02-04,404280.85,2.14,901,448.70001220703125,6.07
2022-02-07,402983.41,2.14,901,447.260009765625,6.37
2022-02-08,406299.08,2.14,901,450.94000244140625,5.6
2022-02-09,412245.69,2.14,901,457.5400085449219,4.22
2022-02-10,404839.47,2.14,901,449.32000732421875,5.94
2022-02-11,396856.59,2.14,901,440.4599914550781,7.8
2022-02-14,395559.15,2.14,901,439.0199890136719,8.1
2022-02-15,401938.25,2.14,901,446.1000061035156,6.62
2022-02-16,402388.75,2.14,901,446.6000061035156,6.51
2022-02-17,393793.2,2.14,901,437.05999755859375,8.51
2022-02-18,391243.38,2.14,901,434.2300109863281,9.1
2022-02-22,387044.72,2.14,901,429.57000732421875,10.08
2022-02-23,380179.1,2.14,901,421.95001220703125,11.67
2022-02-24,385900.43,2.14,901,428.29998779296875,10.34
2022-02-25,394414.89,2.14,901,437.75,8.36
2022-02-28,393405.78,2.14,901,436.6300048828125,8.6
2022-03-01,387414.13,2.14,901,429.9800109863281,9.99
2022-03-02,394541.04,2.14,901,437.8900146484375,8.34
2022-03-03,392576.84,2.14,901,435.7099914550781,8.79
2022-03-04,389387.32,2.14,901,432.1700134277344,9.53
2022-03-07,377908.56,2.14,901,419.42999267578125,12.2
2022-03-08,375043.39,2.14,901,416.25,12.87
2022-03-09,385098.55,2.14,901,427.4100036621094,10.53
2022-03-10,383359.63,2.14,901,425.4800109863281,10.93
2022-03-11,378485.22,2.14,901,420.07000732421875,12.07
2022-03-14,375719.14,2.14,901,417,12.71
2022-03-15,383981.32,2.14,901,426.1700134277344,10.79
2022-03-16,392495.76,2.14,901,435.6199951171875,8.81
2022-03-17,397406.22,2.14,901,441.07000732421875,7.67
2022-03-18,400514.65,2.14,901,444.5199890136719,6.95
2022-03-21,400397.54,2.14,901,444.3900146484375,6.97
2022-03-22,405082.73,2.14,901,449.5899963378906,5.89
2022-03-23,399865.93,2.14,901,443.79998779296875,7.1
2022-03-24,405893.62,2.14,901,450.489990234375,5.7
2022-03-25,407875.83,2.14,901,452.69000244140625,5.24
2022-03-28,410777.05,2.14,901,455.9100036621094,4.56
2022-03-29,415858.68,2.14,901,461.54998779296875,3.38
2022-03-30,413290.85,2.14,901,458.70001220703125,3.98
2022-03-31,406929.79,2.14,901,451.6400146484375,5.46
2022-04-01,408083.07,2.14,901,452.9200134277344,5.19
2022-04-04,411578.93,2.14,901,456.79998779296875,4.38
2022-04-05,406380.17,2.14,901,451.0299987792969,5.58
2022-04-06,402316.65,2.14,901,446.5199890136719,6.53
2022-04-07,404343.9,2.14,901,448.7699890136719,6.06
2022-04-08,403262.72,2.14,901,447.57000732421875,6.31
2022-04-11,396370.07,2.14,901,439.9200134277344,7.91
2022-04-12,394901.44,2.14,901,438.2900085449219,8.25
2022-04-13,399424.45,2.14,901,443.30999755859375,7.2
2022-04-14,394450.94,2.14,901,437.7900085449219,8.36
2022-04-18,394613.11,2.14,901,437.9700012207031,8.32
2022-04-19,400983.19,2.14,901,445.0400085449219,6.84
2022-04-20,400685.84,2.14,901,444.7099914550781,6.91
2022-04-21,394694.2,2.14,901,438.05999755859375,8.3
2022-04-22,383864.19,2.14,901,426.0400085449219,10.82
2022-04-25,386089.66,2.14,901,428.510009765625,10.3
2022-04-26,374908.25,2.14,901,416.1000061035156,12.9
2022-04-27,375962.4,2.14,901,417.2699890136719,12.65
2022-04-28,385458.95,2.14,901,427.80999755859375,10.45
2022-04-29,371214.14,2.14,901,412,13.76
2022-05-02,373448.63,2.14,901,414.4800109863281,13.24
2022-05-03,375160.53,2.14,901,416.3800048828125,12.84
2022-05-04,386585.2,2.14,901,429.05999755859375,10.18
2022-05-05,372844.95,2.14,901,413.80999755859375,13.38
2022-05-06,370619.48,2.14,901,411.3399963378906,13.89
2022-05-09,358753.32,2.14,901,398.1700134277344,16.65
2022-05-10,359582.23,2.14,901,399.0899963378906,16.46
2022-05-11,353869.89,2.14,901,392.75,17.78
2022-05-12,353500.48,2.14,901,392.3399963378906,17.87
2022-05-13,361951.86,2.14,901,401.7200012207031,15.91
2022-05-16,360483.23,2.14,901,400.0899963378906,16.25
2022-05-17,367898.47,2.14,901,408.32000732421875,14.53
2022-05-18,353067.99,2.14,901,391.8599853515625,17.97
2022-05-19,350905.59,2.14,901,389.4599914550781,18.47
2022-05-20,351058.78,2.14,901,389.6300048828125,18.44
2022-05-23,357627.07,2.14,901,396.9200134277344,16.91
2022-05-24,354897.04,2.14,901,393.8900146484375,17.55
2022-05-25,358032.51,2.14,901,397.3699951171875,16.82
2022-05-26,365186.45,2.14,901,405.30999755859375,15.16
2022-05-27,374151.41,2.14,901,415.260009765625,13.07
2022-05-31,372052.06,2.14,901,412.92999267578125,13.56
2022-06-01,369042.73,2.14,901,409.5899963378906,14.26
2022-06-02,376070.54,2.14,901,417.3900146484375,12.63
2022-06-03,369898.69,2.14,901,410.5400085449219,14.06
2022-06-06,371024.94,2.14,901,411.7900085449219,13.8
2022-06-07,374583.87,2.14,901,415.739990234375,12.97
2022-06-08,370511.36,2.14,901,411.2200012207031,13.92
2022-06-09,361699.58,2.14,901,401.44000244140625,15.97
2022-06-10,351211.93,2.14,901,389.79998779296875,18.4
2022-06-13,337877.14,2.14,901,375,21.5
2022-06-14,336859.01,2.14,901,373.8699951171875,21.74
2022-06-15,341661.35,2.14,901,379.20001220703125,20.62
2022-06-16,330353.79,2.14,901,366.6499938964844,23.25
2022-06-17,329641.99,2.14,901,365.8599853515625,23.41
2022-06-21,337940.22,2.14,901,375.07000732421875,21.49
2022-06-22,337327.54,2.14,901,374.3900146484375,21.63
2022-06-23,340634.2,2.14,901,378.05999755859375,20.86
2022-06-24,351464.21,2.14,901,390.0799865722656,18.34
2022-06-27,350121.73,2.14,901,388.5899963378906,18.66
2022-06-28,342967.79,2.14,901,380.6499938964844,20.32
2022-06-29,342688.48,2.14,901,380.3399963378906,20.38
2022-06-30,339904.39,2.14,901,377.25,21.03
2022-07-01,343499.37,2.14,901,381.239990234375,20.19
2022-07-05,344148.09,2.14,901,381.9599914550781,20.04
2022-07-06,345310.39,2.14,901,383.25,19.77
2022-07-07,350482.12,2.14,901,388.989990234375,18.57
2022-07-08,350193.82,2.14,901,388.6700134277344,18.64
2022-07-11,346193.38,2.14,901,384.2300109863281,19.57
2022-07-12,343129.96,2.14,901,380.8299865722656,20.28
2022-07-13,341327.96,2.14,901,378.8299865722656,20.7
2022-07-14,340499.05,2.14,901,377.9100036621094,20.89
2022-07-15,347004.28,2.14,901,385.1300048828125,19.38
2022-07-18,344139.1,2.14,901,381.95001220703125,20.05
2022-07-19,353437.4,2.14,901,392.2699890136719,17.89
2022-07-20,355689.9,2.14,901,394.7699890136719,17.36
2022-07-21,359311.94,2.14,901,398.7900085449219,16.52
2022-07-22,355978.23,2.14,901,395.0899963378906,17.29
2022-07-25,356410.72,2.14,901,395.57000732421875,17.19
2022-07-26,352194.04,2.14,901,390.8900146484375,18.17
2022-07-27,361339.19,2.14,901,401.0400085449219,16.05
2022-07-28,365871.22,2.14,901,406.07000732421875,15
2022-07-29,371205.12,2.14,901,411.989990234375,13.76
2022-08-01,370105.9,2.14,901,410.7699890136719,14.01
2022-08-02,367664.2,2.14,901,408.05999755859375,14.58
2022-08-03,373421.6,2.14,901,414.45001220703125,13.24
2022-08-04,373169.32,2.14,901,414.1700134277344,13.3
2022-08-05,372538.61,2.14,901,413.4700012207031,13.45
2022-08-08,372106.12,2.14,901,412.989990234375,13.55
2022-08-09,370628.5,2.14,901,411.3500061035156,13.89
2022-08-10,378413.12,2.14,901,419.989990234375,12.08
2022-08-11,378413.12,2.14,901,419.989990234375,12.08
2022-08-12,384819.25,2.14,901,427.1000061035156,10.59
2022-08-15,386404.99,2.14,901,428.8599853515625,10.23
2022-08-16,387161.85,2.14,901,429.70001220703125,10.05
2022-08-17,384413.79,2.14,901,426.6499938964844,10.69
2022-08-18,385531.04,2.14,901,427.8900146484375,10.43
2022-08-19,380350.29,2.14,901,422.1400146484375,11.63
2022-08-22,372430.5,2.14,901,413.3500061035156,13.47
2022-08-23,371529.5,2.14,901,412.3500061035156,13.68
2022-08-24,372718.82,2.14,901,413.6700134277344,13.41
2022-08-25,377980.66,2.14,901,419.510009765625,12.18
2022-08-26,365186.45,2.14,901,405.30999755859375,15.16
2022-08-29,362771.78,2.14,901,402.6300048828125,15.72
2022-08-30,358789.34,2.14,901,398.2099914550781,16.64
2022-08-31,356059.31,2.14,901,395.17999267578125,17.28
2022-09-01,357176.57,2.14,901,396.4200134277344,17.02
2022-09-02,353410.37,2.14,901,392.239990234375,17.89
2022-09-06,352076.91,2.14,901,390.760009765625,18.2
2022-09-07,358401.92,2.14,901,397.7799987792969,16.73
2022-09-08,360744.53,2.14,901,400.3800048828125,16.19
2022-09-09,366348.75,2.14,901,406.6000061035156,14.89
2022-09-12,370286.11,2.14,901,410.9700012207031,13.97
2022-09-13,354185.25,2.14,901,393.1000061035156,17.71
2022-09-14,355536.75,2.14,901,394.6000061035156,17.4
2022-09-15,351500.26,2.14,901,390.1199951171875,18.34
2022-09-16,347391.7,2.14,901,385.55999755859375,19.29
2022-09-19,350085.68,2.14,901,388.54998779296875,18.66
2022-09-20,346067.23,2.14,901,384.0899963378906,19.6
2022-09-21,340030.54,2.14,901,377.3900146484375,21
2022-09-22,337174.36,2.14,901,374.2200012207031,21.66
2022-09-23,331525.1,2.14,901,367.95001220703125,22.98
2022-09-26,328245.45,2.14,901,364.30999755859375,23.74
2022-09-27,327407.53,2.14,901,363.3800048828125,23.93
2022-09-28,333849.67,2.14,901,370.5299987792969,22.44
2022-09-29,326875.94,2.14,901,362.7900085449219,24.06
2022-09-30,321821.31,2.14,901,357.17999267578125,25.23
2022-10-03,330317.74,2.14,901,366.6099853515625,23.26
2022-10-04,340553.11,2.14,901,377.9700012207031,20.88
2022-10-05,339760.23,2.14,901,377.0899963378906,21.06
2022-10-06,336255.35,2.14,901,373.20001220703125,21.88
2022-10-07,326875.94,2.14,901,362.7900085449219,24.06
2022-10-10,324380.15,2.14,901,360.0199890136719,24.64
2022-10-11,322325.87,2.14,901,357.739990234375,25.11
2022-10-12,321262.7,2.14,901,356.55999755859375,25.36
2022-10-13,329741.11,2.14,901,365.9700012207031,23.39
2022-10-14,322226.78,2.14,901,357.6300048828125,25.14
2022-10-17,330506.97,2.14,901,366.82000732421875,23.21
2022-10-18,334390.28,2.14,901,371.1300048828125,22.31
2022-10-19,332020.64,2.14,901,368.5,22.86
2022-10-20,329236.55,2.14,901,365.4100036621094,23.51
2022-10-21,337237.44,2.14,901,374.2900085449219,21.65
2022-10-24,341364.01,2.14,901,378.8699951171875,20.69
2022-10-25,346815.07,2.14,901,384.9200134277344,19.42
2022-10-26,344202.15,2.14,901,382.0199890136719,20.03
2022-10-27,342364.13,2.14,901,379.9800109863281,20.46
2022-10-28,350509.15,2.14,901,389.0199890136719,18.57
2022-10-31,347977.34,2.14,901,386.2099914550781,19.15
2022-11-01,346454.65,2.14,901,384.5199890136719,19.51
2022-11-02,337760.01,2.14,901,374.8699951171875,21.53
2022-11-03,334282.16,2.14,901,371.010009765625,22.34
2022-11-04,339093.5,2.14,901,376.3500061035156,21.22
2022-11-07,342337.1,2.14,901,379.95001220703125,20.46
2022-11-08,344184.14,2.14,901,382,20.04
2022-11-09,337093.28,2.14,901,374.1300048828125,21.68
2022-11-10,355617.83,2.14,901,394.69000244140625,17.38
2022-11-11,359059.66,2.14,901,398.510009765625,16.58
2022-11-14,356005.26,2.14,901,395.1199951171875,17.29
2022-11-15,359041.62,2.14,901,398.489990234375,16.58
2022-11-16,356302.6,2.14,901,395.45001220703125,17.22
2022-11-17,355212.37,2.14,901,394.239990234375,17.47
2022-11-18,356825.17,2.14,901,396.0299987792969,17.1
2022-11-21,355527.73,2.14,901,394.5899963378906,17.4
2022-11-22,360312.04,2.14,901,399.8999938964844,16.29
2022-11-23,362582.57,2.14,901,402.4200134277344,15.76
2022-11-25,362501.46,2.14,901,402.3299865722656,15.78
2022-11-28,356717.05,2.14,901,395.9100036621094,17.12
2022-11-29,356104.38,2.14,901,395.2300109863281,17.27
2022-11-30,367321.81,2.14,901,407.67999267578125,14.66
2022-12-01,367051.53,2.14,901,407.3800048828125,14.72
2022-12-02,366628.05,2.14,901,406.9100036621094,14.82
2022-12-05,360032.73,2.14,901,399.5899963378906,16.35
2022-12-06,354842.96,2.14,901,393.8299865722656,17.56
2022-12-07,354239.3,2.14,901,393.1600036621094,17.7
2022-12-08,357014.37,2.14,901,396.239990234375,17.05
2022-12-09,354347.42,2.14,901,393.2799987792969,17.67
2022-12-12,359456.1,2.14,901,398.95001220703125,16.49
2022-12-13,362177.11,2.14,901,401.9700012207031,15.85
2022-12-14,359861.54,2.14,901,399.3999938964844,16.39
2022-12-15,351058.78,2.14,901,389.6300048828125,18.44
2022-12-16,345328.4,2.14,901,383.2699890136719,19.77
2022-12-19,342400.15,2.14,901,380.0199890136719,20.45
2022-12-20,342868.69,2.14,901,380.5400085449219,20.34
2022-12-21,347995.38,2.14,901,386.2300109863281,19.15
2022-12-22,343030.86,2.14,901,380.7200012207031,20.3
2022-12-23,345004.05,2.14,901,382.9100036621094,19.84
2022-12-27,343643.54,2.14,901,381.3999938964844,20.16
2022-12-28,339372.8,2.14,901,376.6600036621094,21.15
2022-12-29,345481.58,2.14,901,383.44000244140625,19.73
2022-12-30,344571.56,2.14,901,382.42999267578125,19.95
2023-01-03,343120.97,2.14,901,380.82000732421875,20.28
2023-01-04,345769.91,2.14,901,383.760009765625,19.67
2023-01-05,341823.53,2.14,901,379.3800048828125,20.58
2023-01-06,349662.21,2.14,901,388.0799865722656,18.76
2023-01-09,349463.99,2.14,901,387.8599853515625,18.81
2023-01-10,351914.71,2.14,901,390.5799865722656,18.24
2023-01-11,356365.65,2.14,901,395.5199890136719,17.2
2023-01-12,357663.09,2.14,901,396.9599914550781,16.9
2023-01-13,359050.64,2.14,901,398.5,16.58
2023-01-17,358392.9,2.14,901,397.7699890136719,16.73
2023-01-18,352734.62,2.14,901,391.489990234375,18.05
2023-01-19,350166.79,2.14,901,388.6400146484375,18.65
2023-01-20,356690.03,2.14,901,395.8800048828125,17.13
2023-01-23,360969.78,2.14,901,400.6300048828125,16.14
2023-01-24,360582.35,2.14,901,400.20001220703125,16.23
2023-01-25,360717.5,2.14,901,400.3500061035156,16.19
2023-01-26,364681.89,2.14,901,404.75,15.27
2023-01-27,365519.81,2.14,901,405.67999267578125,15.08
2023-01-30,360933.73,2.14,901,400.5899963378906,16.14
2023-01-31,366240.63,2.14,901,406.4800109863281,14.91
2023-02-01,370132.93,2.14,901,410.79998779296875,14.01
2023-02-02,375520.92,2.14,901,416.7799987792969,12.75
2023-02-03,371529.5,2.14,901,412.3500061035156,13.68
2023-02-06,369258.96,2.14,901,409.8299865722656,14.21
2023-02-07,374088.33,2.14,901,415.19000244140625,13.09
2023-02-08,369997.79,2.14,901,410.6499938964844,14.04
2023-02-09,366790.23,2.14,901,407.0899963378906,14.78
2023-02-10,367646.19,2.14,901,408.0400085449219,14.58
2023-02-13,371961.96,2.14,901,412.8299865722656,13.58
2023-02-14,371790.79,2.14,901,412.6400146484375,13.62
2023-02-15,372998.13,2.14,901,413.9800109863281,13.34
2023-02-16,367862.42,2.14,901,408.2799987792969,14.53
2023-02-17,366943.41,2.14,901,407.260009765625,14.75
2023-02-21,359582.23,2.14,901,399.0899963378906,16.46
2023-02-22,359086.69,2.14,901,398.5400085449219,16.57
2023-02-23,360996.8,2.14,901,400.6600036621094,16.13
2023-02-24,357140.53,2.14,901,396.3800048828125,17.02
2023-02-27,358356.88,2.14,901,397.7300109863281,16.74
2023-02-28,357032.41,2.14,901,396.260009765625,17.05
2023-03-01,355662.87,2.14,901,394.739990234375,17.37
2023-03-02,358428.95,2.14,901,397.80999755859375,16.73
2023-03-03,364177.33,2.14,901,404.19000244140625,15.39
2023-03-06,364429.61,2.14,901,404.4700012207031,15.33
2023-03-07,358843.4,2.14,901,398.2699890136719,16.63
2023-03-08,359429.07,2.14,901,398.9200134277344,16.49
2023-03-09,352797.7,2.14,901,391.55999755859375,18.03
2023-03-10,347707.05,2.14,901,385.9100036621094,19.22
2023-03-13,347211.49,2.14,901,385.3599853515625,19.33
2023-03-14,352950.88,2.14,901,391.7300109863281,18
2023-03-15,350743.42,2.14,901,389.2799987792969,18.51
2023-03-16,356897.24,2.14,901,396.1099853515625,17.08
2023-03-17,351383.12,2.14,901,389.989990234375,18.36
2023-03-20,354761.87,2.14,901,393.739990234375,17.58
2023-03-21,359420.05,2.14,901,398.9100036621094,16.5
2023-03-22,353293.24,2.14,901,392.1099853515625,17.92
2023-03-23,354248.32,2.14,901,393.1700134277344,17.7
2023-03-24,356572.89,2.14,901,395.75,17.16
2023-03-27,357239.62,2.14,901,396.489990234375,17
2023-03-28,356437.75,2.14,901,395.6000061035156,17.19
2023-03-29,361618.5,2.14,901,401.3500061035156,15.98
2023-03-30,363735.85,2.14,901,403.70001220703125,15.49
2023-03-31,368862.54,2.14,901,409.3900146484375,14.3
2023-04-03,370268.1,2.14,901,410.95001220703125,13.97
2023-04-04,368213.82,2.14,901,408.6700134277344,14.45
2023-04-05,367249.75,2.14,901,407.6000061035156,14.68
2023-04-06,368682.33,2.14,901,409.19000244140625,14.34
2023-04-10,369060.74,2.14,901,409.6099853515625,14.26
2023-04-11,369159.86,2.14,901,409.7200012207031,14.23
2023-04-12,367655.18,2.14,901,408.04998779296875,14.58
2023-04-13,372538.61,2.14,901,413.4700012207031,13.45
2023-04-14,371628.59,2.14,901,412.4599914550781,13.66
2023-04-17,372962.08,2.14,901,413.94000244140625,13.35
2023-04-18,373205.34,2.14,901,414.2099914550781,13.29
2023-04-19,373142.29,2.14,901,414.1400146484375,13.31
2023-04-20,371106.03,2.14,901,411.8800048828125,13.78
2023-04-21,371394.35,2.14,901,412.20001220703125,13.71
2023-04-24,371781.78,2.14,901,412.6300048828125,13.62
2023-04-25,365880.21,2.14,901,406.0799865722656,14.99
2023-04-26,364330.49,2.14,901,404.3599853515625,15.35
2023-04-27,371583.55,2.14,901,412.4100036621094,13.67
2023-04-28,374755.06,2.14,901,415.92999267578125,12.93
2023-05-01,374376.66,2.14,901,415.510009765625,13.02
2023-05-02,370168.98,2.14,901,410.8399963378906,14
2023-05-03,367628.15,2.14,901,408.0199890136719,14.59
2023-05-04,365024.28,2.14,901,405.1300048828125,15.19
2023-05-05,371781.78,2.14,901,412.6300048828125,13.62
2023-05-08,371880.87,2.14,901,412.739990234375,13.6
2023-05-09,370250.06,2.14,901,410.92999267578125,13.98
2023-05-10,371980,2.14,901,412.8500061035156,13.58
2023-05-11,371331.28,2.14,901,412.1300048828125,13.73
2023-05-12,370844.73,2.14,901,411.5899963378906,13.84
2023-05-15,372124.16,2.14,901,413.010009765625,13.54
2023-05-16,369637.39,2.14,901,410.25,14.12
2023-05-17,374124.38,2.14,901,415.2300109863281,13.08
2023-05-18,377728.38,2.14,901,419.2300109863281,12.24
2023-05-19,377178.76,2.14,901,418.6199951171875,12.37
2023-05-22,377331.94,2.14,901,418.7900085449219,12.33
2023-05-23,373097.23,2.14,901,414.0899963378906,13.32
2023-05-24,370394.23,2.14,901,411.0899963378906,13.95
2023-05-25,373601.79,2.14,901,414.6499938964844,13.2
2023-05-26,378440.15,2.14,901,420.0199890136719,12.08
2023-05-30,378584.31,2.14,901,420.17999267578125,12.04
2023-05-31,376485,2.14,901,417.8500061035156,12.53
2023-06-01,380061.97,2.14,901,421.82000732421875,11.7
2023-06-02,385558.07,2.14,901,427.9200134277344,10.42
2023-06-05,384819.25,2.14,901,427.1000061035156,10.59
2023-06-06,385657.17,2.14,901,428.0299987792969,10.4
2023-06-07,384323.68,2.14,901,426.54998779296875,10.71
2023-06-08,386648.28,2.14,901,429.1300048828125,10.17
2023-06-09,387342.04,2.14,901,429.8999938964844,10.01
2023-06-12,390855.93,2.14,901,433.79998779296875,9.19
2023-06-13,393432.8,2.14,901,436.6600036621094,8.59
2023-06-14,393901.31,2.14,901,437.17999267578125,8.48
2023-06-15,398784.75,2.14,901,442.6000061035156,7.35
2023-06-16,395955.59,2.14,901,439.4599914550781,8.01
2023-06-20,393901.31,2.14,901,437.17999267578125,8.48
2023-06-21,391883.08,2.14,901,434.94000244140625,8.95
2023-06-22,393297.66,2.14,901,436.510009765625,8.62
2023-06-23,390324.34,2.14,901,433.2099914550781,9.32
2023-06-26,388729.58,2.14,901,431.44000244140625,9.69
2023-06-27,392991.32,2.14,901,436.1700134277344,8.7
2023-06-28,393189.54,2.14,901,436.3900146484375,8.65
2023-06-29,394739.24,2.14,901,438.1099853515625,8.29
2023-06-30,399397.42,2.14,901,443.2799987792969,7.21
2023-07-03,399856.94,2.14,901,443.7900085449219,7.1
2023-07-05,399262.28,2.14,901,443.1300048828125,7.24
2023-07-06,396135.8,2.14,901,439.6600036621094,7.97
2023-07-07,395135.68,2.14,901,438.54998779296875,8.2
2023-07-10,396135.8,2.14,901,439.6600036621094,7.97
2023-07-11,398658.59,2.14,901,442.4599914550781,7.38
2023-07-12,401866.15,2.14,901,446.0199890136719,6.63
2023-07-13,405055.7,2.14,901,449.55999755859375,5.89
2023-07-14,404803.42,2.14,901,449.2799987792969,5.95
2023-07-17,406208.98,2.14,901,450.8399963378906,5.62
2023-07-18,409227.33,2.14,901,454.19000244140625,4.92
2023-07-19,410137.35,2.14,901,455.20001220703125,4.71
2023-07-20,407416.31,2.14,901,452.17999267578125,5.34
2023-07-21,407416.31,2.14,901,452.17999267578125,5.34
2023-07-24,409236.35,2.14,901,454.20001220703125,4.92
2023-07-25,410353.58,2.14,901,455.44000244140625,4.66
2023-07-26,410416.66,2.14,901,455.510009765625,4.65
2023-07-27,407695.62,2.14,901,452.489990234375,5.28
2023-07-28,411687.07,2.14,901,456.9200134277344,4.35
2023-07-31,412470.94,2.14,901,457.7900085449219,4.17
2023-08-01,411290.63,2.14,901,456.4800109863281,4.44
2023-08-02,405569.28,2.14,901,450.1300048828125,5.77
2023-08-03,404406.98,2.14,901,448.8399963378906,6.04
2023-08-04,402577.95,2.14,901,446.80999755859375,6.47
2023-08-07,406091.84,2.14,901,450.7099914550781,5.65
2023-08-08,404325.89,2.14,901,448.75,6.06
2023-08-09,401622.89,2.14,901,445.75,6.69
2023-08-10,401767.05,2.14,901,445.9100036621094,6.66
2023-08-11,401532.79,2.14,901,445.6499938964844,6.71
2023-08-14,403749.24,2.14,901,448.1099853515625,6.2
2023-08-15,399046.04,2.14,901,442.8900146484375,7.29
2023-08-16,396117.79,2.14,901,439.6400146484375,7.97
2023-08-17,393099.44,2.14,901,436.2900085449219,8.67
2023-08-18,393288.64,2.14,901,436.5,8.63
2023-08-21,395847.48,2.14,901,439.3399963378906,8.03
2023-08-22,394775.29,2.14,901,438.1499938964844,8.28
2023-08-23,399172.17,2.14,901,443.0299987792969,7.26
2023-08-24,393640.04,2.14,901,436.8900146484375,8.54
2023-08-25,396415.11,2.14,901,439.9700012207031,7.9
2023-08-28,398928.91,2.14,901,442.760009765625,7.32
2023-08-29,404695.3,2.14,901,449.1600036621094,5.98
2023-08-30,406362.16,2.14,901,451.010009765625,5.59
2023-08-31,405767.5,2.14,901,450.3500061035156,5.73
2023-09-01,406524.33,2.14,901,451.19000244140625,5.55
2023-09-05,404767.37,2.14,901,449.239990234375,5.96
2023-09-06,402046.36,2.14,901,446.2200012207031,6.59
2023-09-07,400812,2.14,901,444.8500061035156,6.88
2023-09-08,401415.65,2.14,901,445.5199890136719,6.74
2023-09-11,404055.6,2.14,901,448.45001220703125,6.13
2023-09-12,401839.12,2.14,901,445.989990234375,6.64
2023-09-13,402307.66,2.14,901,446.510009765625,6.53
2023-09-14,405776.49,2.14,901,450.3599853515625,5.73
2023-09-15,399478.51,2.14,901,443.3699951171875,7.19
2023-09-18,399712.78,2.14,901,443.6300048828125,7.13
2023-09-19,398883.84,2.14,901,442.7099914550781,7.33
2023-09-20,395216.79,2.14,901,438.6400146484375,8.18
2023-09-21,388684.54,2.14,901,431.3900146484375,9.7
2023-09-22,387810.57,2.14,901,430.4200134277344,9.9
2023-09-25,389441.38,2.14,901,432.2300109863281,9.52
2023-09-26,383720.03,2.14,901,425.8800048828125,10.85
2023-09-27,383873.18,2.14,901,426.04998779296875,10.81
2023-09-28,386098.65,2.14,901,428.5199890136719,10.3
2023-09-29,385161.63,2.14,901,427.4800109863281,10.51
2023-10-02,385008.45,2.14,901,427.30999755859375,10.55
2023-10-03,379854.73,2.14,901,421.5899963378906,11.75
2023-10-04,382620.8,2.14,901,424.6600036621094,11.11
2023-10-05,382476.64,2.14,901,424.5,11.14
2023-10-06,387017.69,2.14,901,429.5400085449219,10.08
2023-10-09,389495.44,2.14,901,432.2900085449219,9.51
2023-10-10,391522.69,2.14,901,434.5400085449219,9.04
2023-10-11,393126.47,2.14,901,436.32000732421875,8.66
2023-10-12,390729.8,2.14,901,433.6600036621094,9.22
2023-10-13,388783.64,2.14,901,431.5,9.67
2023-10-16,392874.19,2.14,901,436.0400085449219,8.72
2023-10-17,392856.15,2.14,901,436.0199890136719,8.73
2023-10-18,387621.34,2.14,901,430.2099914550781,9.94
2023-10-19,384215.56,2.14,901,426.42999267578125,10.73
2023-10-20,379494.33,2.14,901,421.19000244140625,11.83
2023-10-23,378836.59,2.14,901,420.4599914550781,11.98
2023-10-24,381692.78,2.14,901,423.6300048828125,11.32
2023-10-25,376214.68,2.14,901,417.54998779296875,12.59
2023-10-26,371709.68,2.14,901,412.54998779296875,13.64
2023-10-27,370024.81,2.14,901,410.67999267578125,14.03
2023-10-30,374448.73,2.14,901,415.5899963378906,13
2023-10-31,376800.35,2.14,901,418.20001220703125,12.46
2023-11-01,380818.8,2.14,901,422.6600036621094,11.52
2023-11-02,388116.91,2.14,901,430.760009765625,9.83
2023-11-03,391657.83,2.14,901,434.69000244140625,9.01
2023-11-06,392558.83,2.14,901,435.69000244140625,8.8
2023-11-07,393676.06,2.14,901,436.92999267578125,8.54
2023-11-08,393964.39,2.14,901,437.25,8.47
2023-11-09,390891.98,2.14,901,433.8399963378906,9.18
2023-11-10,396991.74,2.14,901,440.6099853515625,7.77
2023-11-13,396613.33,2.14,901,440.19000244140625,7.85
2023-11-14,404307.88,2.14,901,448.7300109863281,6.07
2023-11-15,405163.81,2.14,901,449.67999267578125,5.87
2023-11-16,405659.38,2.14,901,450.2300109863281,5.75
2023-11-17,406163.94,2.14,901,450.7900085449219,5.64
2023-11-20,409290.41,2.14,901,454.260009765625,4.91
2023-11-21,408398.4,2.14,901,453.2699890136719,5.12
2023-11-22,409975.15,2.14,901,455.0199890136719,4.75
2023-11-24,410227.43,2.14,901,455.29998779296875,4.69
2023-11-27,409488.63,2.14,901,454.4800109863281,4.86
2023-11-28,409894.06,2.14,901,454.92999267578125,4.77
2023-11-29,409605.74,2.14,901,454.6099853515625,4.84
2023-11-30,411218.54,2.14,901,456.3999938964844,4.46
2023-12-01,413651.25,2.14,901,459.1000061035156,3.9
2023-12-04,411479.83,2.14,901,456.69000244140625,4.4
2023-12-05,411398.75,2.14,901,456.6000061035156,4.42
2023-12-06,409740.91,2.14,901,454.760009765625,4.8
2023-12-07,412867.38,2.14,901,458.2300109863281,4.08
2023-12-08,414642.35,2.14,901,460.20001220703125,3.67
2023-12-11,416255.12,2.14,901,461.989990234375,3.29
2023-12-12,418156.25,2.14,901,464.1000061035156,2.85
2023-12-13,423922.64,2.14,901,470.5,1.51
2023-12-14,425283.16,2.14,901,472.010009765625,1.19
2023-12-15,422868.46,2.14,901,469.3299865722656,1.75
2023-12-18,425247.11,2.14,901,471.9700012207031,1.2
2023-12-19,427832.98,2.14,901,474.8399963378906,0.6
2023-12-20,421904.41,2.14,901,468.260009765625,1.98
2023-12-21,425904.85,2.14,901,472.70001220703125,1.05
2023-12-22,426760.79,2.14,901,473.6499938964844,0.85
2023-12-26,428562.79,2.14,901,475.6499938964844,0.43
2023-12-27,429337.66,2.14,901,476.510009765625,0.25
2023-12-28,429499.83,2.14,901,476.69000244140625,0.21
2023-12-29,428256.45,2.14,901,475.30999755859375,0.5
2024-01-02,425859.79,2.14,901,472.6499938964844,1.06
2024-01-03,422381.94,2.14,901,468.7900085449219,1.87
2024-01-04,421021.42,2.14,901,467.2799987792969,2.18
2024-01-05,421598.07,2.14,901,467.9200134277344,2.05
2024-01-08,427616.75,2.14,901,474.6000061035156,0.65
2024-01-09,426968.03,2.14,901,473.8800048828125,0.8
2024-01-10,429382.7,2.14,901,476.55999755859375,0.24
2024-01-11,429193.5,2.14,901,476.3500061035156,0.28
2024-01-12,429490.81,2.14,901,476.67999267578125,0.22
2024-01-16,427914.06,2.14,901,474.92999267578125,0.58
2024-01-17,425535.44,2.14,901,472.2900085449219,1.13
2024-01-18,429319.62,2.14,901,476.489990234375,0.26
2024-01-19,434671.56,2.14,901,482.42999267578125,0
2024-01-22,435590.6,2.14,901,483.45001220703125,0
2024-01-23,436860.99,2.14,901,484.8599853515625,0
2024-01-24,437338.54,2.14,901,485.3900146484375,0
2024-01-25,439717.17,2.14,901,488.0299987792969,0
2024-01-26,439158.55,2.14,901,487.4100036621094,0.13
2024-01-29,442636.4,2.14,901,491.2699890136719,0
2024-01-30,442294.04,2.14,901,490.8900146484375,0.08
2024-01-31,435077.03,2.14,901,482.8800048828125,1.71
2024-02-01,440771.35,2.14,901,489.20001220703125,0.42
2024-02-02,445411.5,2.14,901,494.3500061035156,0
2024-02-05,443789.68,2.14,901,492.54998779296875,0.36
2024-02-06,445078.13,2.14,901,493.9800109863281,0.07
2024-02-07,448790.25,2.14,901,498.1000061035156,0
2024-02-08,448988.47,2.14,901,498.32000732421875,0
2024-02-09,451583.35,2.14,901,501.20001220703125,0
2024-02-12,451385.13,2.14,901,500.9800109863281,0.04
2024-02-13,445168.21,2.14,901,494.0799865722656,1.42
2024-02-14,449213.72,2.14,901,498.57000732421875,0.52
2024-02-15,452313.16,2.14,901,502.010009765625,0
2024-02-16,450060.66,2.14,901,499.510009765625,0.5
2024-02-20,447582.91,2.14,901,496.760009765625,1.05
2024-02-21,447988.34,2.14,901,497.2099914550781,0.96
2024-02-22,457259.64,2.14,901,507.5,0
2024-02-23,457575,2.14,901,507.8500061035156,0
2024-02-26,455899.12,2.14,901,505.989990234375,0.37
2024-02-27,456746.06,2.14,901,506.92999267578125,0.18
2024-02-28,456142.41,2.14,901,506.260009765625,0.31
2024-02-29,457782.21,2.14,901,508.0799865722656,0
2024-03-01,462079.97,2.14,901,512.8499755859375,0
2024-03-04,461584.43,2.14,901,512.2999877929688,0.11
2024-03-05,456971.31,2.14,901,507.17999267578125,1.11
2024-03-06,459286.89,2.14,901,509.75,0.6
2024-03-07,463845.95,2.14,901,514.8099975585938,0
2024-03-08,461061.86,2.14,901,511.7200012207031,0.6
2024-03-11,460665.42,2.14,901,511.2799987792969,0.69
2024-03-12,465620.95,2.14,901,516.780029296875,0
2024-03-13,464891.09,2.14,901,515.969970703125,0.16
2024-03-14,463972.1,2.14,901,514.9500122070312,0.35
2024-03-15,459358.96,2.14,901,509.8299865722656,1.34
2024-03-18,462088.99,2.14,901,512.8599853515625,0.76
2024-03-19,464656.87,2.14,901,515.7100219726562,0.21
2024-03-20,468954.6,2.14,901,520.47998046875,0
2024-03-21,470504.35,2.14,901,522.2000122070312,0
2024-03-22,469612.37,2.14,901,521.2100219726562,0.19
2024-03-25,468314.93,2.14,901,519.77001953125,0.47
2024-03-26,467449.95,2.14,901,518.8099975585938,0.65
2024-03-27,471378.3,2.14,901,523.1699829101562,0
2024-03-28,471288.22,2.14,901,523.0700073242188,0.02
2024-04-01,470468.28,2.14,901,522.1599731445312,0.19
2024-04-02,467477.01,2.14,901,518.8400268554688,0.83
2024-04-03,467990.53,2.14,901,519.4099731445312,0.72
2024-04-04,462278.22,2.14,901,513.0700073242188,1.93
2024-04-05,467107.56,2.14,901,518.4299926757812,0.91
2024-04-08,467368.84,2.14,901,518.719970703125,0.85
2024-04-09,467909.47,2.14,901,519.3200073242188,0.74
2024-04-10,463224.26,2.14,901,514.1199951171875,1.73
2024-04-11,466720.14,2.14,901,518,0.99
2024-04-12,460278,2.14,901,510.8500061035156,2.35
2024-04-15,454511.6,2.14,901,504.45001220703125,3.58
2024-04-16,453682.67,2.14,901,503.5299987792969,3.75
2024-04-17,450997.68,2.14,901,500.54998779296875,4.32
2024-04-18,450069.65,2.14,901,499.5199890136719,4.52
2024-04-19,446141.3,2.14,901,495.1600036621094,5.35
2024-04-22,450249.86,2.14,901,499.7200012207031,4.48
2024-04-23,455592.79,2.14,901,505.6499938964844,3.35
2024-04-24,455376.55,2.14,901,505.4100036621094,3.39
2024-04-25,453646.62,2.14,901,503.489990234375,3.76
2024-04-26,457944.41,2.14,901,508.260009765625,2.85
2024-04-29,459566.2,2.14,901,510.05999755859375,2.51
2024-04-30,452286.13,2.14,901,501.9800109863281,4.05
2024-05-01,450817.5,2.14,901,500.3500061035156,4.36
2024-05-02,455034.17,2.14,901,505.0299987792969,3.47
2024-05-03,460674.44,2.14,901,511.2900085449219,2.27
2024-05-06,465431.72,2.14,901,516.5700073242188,1.26
2024-05-07,465945.29,2.14,901,517.1400146484375,1.15
2024-05-08,465990.33,2.14,901,517.1900024414062,1.14
2024-05-09,468675.3,2.14,901,520.1699829101562,0.57
2024-05-10,469279.01,2.14,901,520.8400268554688,0.45
2024-05-13,469342.03,2.14,901,520.9099731445312,0.43
2024-05-14,471495.43,2.14,901,523.2999877929688,0
2024-05-15,477333.95,2.14,901,529.780029296875,0
2024-05-16,476351.83,2.14,901,528.6900024414062,0.21
2024-05-17,477036.6,2.14,901,529.4500122070312,0.06
2024-05-20,477586.2,2.14,901,530.0599975585938,0
2024-05-21,478757.49,2.14,901,531.3599853515625,0
2024-05-22,477378.99,2.14,901,529.8300170898438,0.29
2024-05-23,473892.12,2.14,901,525.9600219726562,1.02
2024-05-24,477027.58,2.14,901,529.4400024414062,0.36
2024-05-28,477360.95,2.14,901,529.8099975585938,0.29
2024-05-29,474018.22,2.14,901,526.0999755859375,0.99
2024-05-30,470873.74,2.14,901,522.6099853515625,1.65
2024-05-31,475162.51,2.14,901,527.3699951171875,0.75
2024-06-03,475549.93,2.14,901,527.7999877929688,0.67
2024-06-04,476081.54,2.14,901,528.3900146484375,0.56
2024-06-05,481739.8,2.14,901,534.6699829101562,0
2024-06-06,481730.78,2.14,901,534.6599731445312,0
2024-06-07,481145.16,2.14,901,534.010009765625,0.12
2024-06-10,482631.78,2.14,901,535.6599731445312,0
2024-06-11,483794.1,2.14,901,536.9500122070312,0
2024-06-12,487767.49,2.14,901,541.3599853515625,0
2024-06-13,488749.6,2.14,901,542.4500122070312,0
2024-06-14,489046.95,2.14,901,542.780029296875,0
2024-06-17,492939.22,2.14,901,547.0999755859375,0
2024-06-18,494191.62,2.14,901,548.489990234375,0
2024-06-20,492849.14,2.14,901,547,0.27
2024-06-21,490605.66,2.14,901,544.510009765625,0.73
2024-06-24,489010.87,2.14,901,542.739990234375,1.05
2024-06-25,490893.99,2.14,901,544.8300170898438,0.67
2024-06-26,491506.66,2.14,901,545.510009765625,0.54
2024-06-27,492281.51,2.14,901,546.3699951171875,0.39
2024-06-28,490344.34,2.14,901,544.219970703125,0.78
2024-07-01,491353.51,2.14,901,545.3400268554688,0.57
2024-07-02,494660.16,2.14,901,549.010009765625,0
2024-07-03,496867.62,2.14,901,551.4600219726562,0
2024-07-05,499732.79,2.14,901,554.6400146484375,0
2024-07-08,500309.45,2.14,901,555.280029296875,0
2024-07-09,500795.97,2.14,901,555.8200073242188,0
2024-07-10,505751.47,2.14,901,561.3200073242188,0
2024-07-11,501390.6,2.14,901,556.47998046875,0.86
2024-07-12,504553.12,2.14,901,559.989990234375,0.24
2024-07-15,505940.7,2.14,901,561.530029296875,0
2024-07-16,508940.99,2.14,901,564.8599853515625,0
2024-07-17,501805.08,2.14,901,556.9400024414062,1.4
2024-07-18,497948.78,2.14,901,552.6599731445312,2.16
2024-07-19,494642.12,2.14,901,548.989990234375,2.81
2024-07-22,499741.81,2.14,901,554.6500244140625,1.81
2024-07-23,498957.95,2.14,901,553.780029296875,1.96
2024-07-24,487650.35,2.14,901,541.22998046875,4.18
2024-07-25,485109.53,2.14,901,538.4099731445312,4.68
2024-07-26,490542.58,2.14,901,544.4400024414062,3.62
2024-07-29,490830.91,2.14,901,544.760009765625,3.56
2024-07-30,488344.14,2.14,901,542,4.05
2024-07-31,496281.95,2.14,901,550.8099975585938,2.49
2024-08-01,489254.16,2.14,901,543.010009765625,3.87
2024-08-02,480145.06,2.14,901,532.9000244140625,5.66
2024-08-05,466161.53,2.14,901,517.3800048828125,8.41
2024-08-06,470459.31,2.14,901,522.1500244140625,7.56
2024-08-07,467314.78,2.14,901,518.6599731445312,8.18
2024-08-08,478117.81,2.14,901,530.6500244140625,6.06
2024-08-09,480226.12,2.14,901,532.989990234375,5.64
2024-08-12,480478.43,2.14,901,533.27001953125,5.59
2024-08-13,488380.16,2.14,901,542.0399780273438,4.04
2024-08-14,489920.89,2.14,901,543.75,3.74
2024-08-15,498318.22,2.14,901,553.0700073242188,2.09
2024-08-16,499435.45,2.14,901,554.3099975585938,1.87
2024-08-19,504210.74,2.14,901,559.6099853515625,0.93
2024-08-20,503390.85,2.14,901,558.7000122070312,1.09
2024-08-21,505120.76,2.14,901,560.6199951171875,0.75
2024-08-22,501156.34,2.14,901,556.219970703125,1.53
2024-08-23,506481.28,2.14,901,562.1300048828125,0.48
2024-08-26,505273.91,2.14,901,560.7899780273438,0.72
2024-08-27,505967.7,2.14,901,561.5599975585938,0.58
2024-08-28,503030.43,2.14,901,558.2999877929688,1.16
2024-08-29,503075.47,2.14,901,558.3499755859375,1.15
2024-08-30,507877.81,2.14,901,563.6799926757812,0.21
2024-09-03,497426.24,2.14,901,552.0800170898438,2.26
2024-09-04,496408.1,2.14,901,550.9500122070312,2.46
2024-09-05,495200.74,2.14,901,549.6099853515625,2.7
2024-09-06,486866.49,2.14,901,540.3599853515625,4.34
2024-09-09,492317.53,2.14,901,546.4099731445312,3.27
2024-09-10,494461.91,2.14,901,548.7899780273438,2.84
2024-09-11,499534.55,2.14,901,554.4199829101562,1.85
2024-09-12,503742.26,2.14,901,559.0900268554688,1.02
2024-09-13,506373.16,2.14,901,562.010009765625,0.5
2024-09-16,507121.01,2.14,901,562.8400268554688,0.36
2024-09-17,507328.22,2.14,901,563.0700073242188,0.32
2024-09-18,505823.56,2.14,901,561.4000244140625,0.61
2024-09-19,514455.1,2.14,901,570.97998046875,0
2024-09-20,511995.39,2.14,901,568.25,0.48
2024-09-23,513274.8,2.14,901,569.6699829101562,0.23
2024-09-24,514743.43,2.14,901,571.2999877929688,0
2024-09-25,513608.16,2.14,901,570.0399780273438,0.22
2024-09-26,515644.43,2.14,901,572.2999877929688,0
2024-09-27,514896.59,2.14,901,571.469970703125,0.15
2024-09-30,516959.91,2.14,901,573.760009765625,0
2024-10-01,512328.76,2.14,901,568.6199951171875,0.9
2024-10-02,512544.99,2.14,901,568.8599853515625,0.85
2024-10-03,511607.97,2.14,901,567.8200073242188,1.04
2024-10-04,516257.1,2.14,901,572.97998046875,0.14
2024-10-07,511589.93,2.14,901,567.7999877929688,1.04
2024-10-08,516428.3,2.14,901,573.1699829101562,0.1
2024-10-09,520005.29,2.14,901,577.1400146484375,0
2024-10-10,519095.28,2.14,901,576.1300048828125,0.18
2024-10-11,522203.74,2.14,901,579.5800170898438,0
2024-10-14,526474.47,2.14,901,584.3200073242188,0
2024-10-15,522383.95,2.14,901,579.780029296875,0.78
2024-10-16,524654.43,2.14,901,582.2999877929688,0.35
2024-10-17,524699.47,2.14,901,582.3499755859375,0.34
2024-10-18,526717.76,2.14,901,584.5900268554688,0
2024-10-21,525852.78,2.14,901,583.6300048828125,0.16
2024-10-22,525573.47,2.14,901,583.3200073242188,0.22
2024-10-23,520771.12,2.14,901,577.989990234375,1.13
2024-10-24,521897.37,2.14,901,579.239990234375,0.92
2024-10-25,521717.16,2.14,901,579.0399780273438,0.95
2024-10-28,523329.99,2.14,901,580.8300170898438,0.64
2024-10-29,524176.93,2.14,901,581.77001953125,0.48
2024-10-30,522591.16,2.14,901,580.010009765625,0.78
2024-10-31,512346.79,2.14,901,568.6400146484375,2.73
2024-11-01,514509.16,2.14,901,571.0399780273438,2.32
2024-11-04,513400.95,2.14,901,569.8099975585938,2.53
2024-11-05,519608.85,2.14,901,576.7000122070312,1.35
2024-11-06,532529.16,2.14,901,591.0399780273438,0
2024-11-07,536646.74,2.14,901,595.6099853515625,0
2024-11-08,538971.33,2.14,901,598.1900024414062,0
2024-11-11,539484.91,2.14,901,598.760009765625,0
2024-11-12,537809.06,2.14,901,596.9000244140625,0.31
2024-11-13,538070.33,2.14,901,597.1900024414062,0.26
2024-11-14,534610.47,2.14,901,593.3499755859375,0.9
2024-11-15,527762.89,2.14,901,585.75,2.17
2024-11-18,529925.31,2.14,901,588.1500244140625,1.77
2024-11-19,531862.43,2.14,901,590.2999877929688,1.41
2024-11-20,532042.64,2.14,901,590.5,1.38
2024-11-21,534898.8,2.14,901,593.6699829101562,0.85
2024-11-22,536556.66,2.14,901,595.510009765625,0.54
2024-11-25,538376.7,2.14,901,597.530029296875,0.21
2024-11-26,541187.81,2.14,901,600.6500244140625,0
2024-11-27,539547.99,2.14,901,598.8300170898438,0.3
2024-11-29,542899.68,2.14,901,602.5499877929688,0
2024-12-02,543872.78,2.14,901,603.6300048828125,0
2024-12-03,544125.03,2.14,901,603.9099731445312,0
2024-12-04,547503.78,2.14,901,607.6599731445312,0
2024-12-05,546602.78,2.14,901,606.6599731445312,0.16
2024-12-06,547638.95,2.14,901,607.8099975585938,0
2024-12-09,544818.81,2.14,901,604.6799926757812,0.51
2024-12-10,543124.93,2.14,901,602.7999877929688,0.82
2024-12-11,547323.62,2.14,901,607.4600219726562,0.06
2024-12-12,544503.49,2.14,901,604.3300170898438,0.57
2024-12-13,544395.37,2.14,901,604.2100219726562,0.59
2024-12-16,546719.91,2.14,901,606.7899780273438,0.17
2024-12-17,544467.41,2.14,901,604.2899780273438,0.58
2024-12-18,528240.45,2.14,901,586.280029296875,3.54
2024-12-19,528078.22,2.14,901,586.0999755859375,3.57
2024-12-20,532628.31,2.14,901,591.1500244140625,2.74
2024-12-23,535817.83,2.14,901,594.6900024414062,2.16
2024-12-24,541773.43,2.14,901,601.2999877929688,1.07
2024-12-26,541809.51,2.14,901,601.3400268554688,1.06
2024-12-27,536106.16,2.14,901,595.010009765625,2.11
2024-12-30,529988.34,2.14,901,588.219970703125,3.22
2024-12-31,528060.24,2.14,901,586.0800170898438,3.58
2025-01-02,526762.79,2.14,901,584.6400146484375,3.81
2025-01-03,533349.1,2.14,901,591.9500122070312,2.61
2025-01-06,536421.49,2.14,901,595.3599853515625,2.05
2025-01-07,530357.78,2.14,901,588.6300048828125,3.16
2025-01-08,531132.62,2.14,901,589.489990234375,3.01
2025-01-10,523023.62,2.14,901,580.489990234375,4.49
2025-01-13,523834.54,2.14,901,581.3900146484375,4.35
2025-01-14,524555.33,2.14,901,582.1900024414062,4.22
2025-01-15,534096.95,2.14,901,592.780029296875,2.47
2025-01-16,533069.79,2.14,901,591.6400146484375,2.66
2025-01-17,538421.74,2.14,901,597.5800170898438,1.68
2025-01-21,543350.18,2.14,901,603.0499877929688,0.78
2025-01-22,546404.58,2.14,901,606.4400024414062,0.23
2025-01-23,549386.89,2.14,901,609.75,0
2025-01-24,547783.09,2.14,901,607.969970703125,0.29
2025-01-27,540034.51,2.14,901,599.3699951171875,1.7
2025-01-28,544674.68,2.14,901,604.52001953125,0.86
2025-01-29,542232.95,2.14,901,601.8099975585938,1.3
2025-01-30,545143.16,2.14,901,605.0399780273438,0.77
2025-01-31,542241.97,2.14,901,601.8200073242188,1.3
2025-02-03,538592.93,2.14,901,597.77001953125,1.96
2025-02-04,542205.95,2.14,901,601.780029296875,1.31
2025-02-05,544404.34,2.14,901,604.219970703125,0.91
2025-02-06,546296.47,2.14,901,606.3200073242188,0.56
2025-02-07,541295.93,2.14,901,600.77001953125,1.47
2025-02-10,544971.97,2.14,901,604.8499755859375,0.8
2025-02-11,545386.45,2.14,901,605.3099975585938,0.73
2025-02-12,543629.49,2.14,901,603.3599853515625,1.05
2025-02-13,549368.85,2.14,901,609.72998046875,0
2025-02-14,549341.85,2.14,901,609.7000122070312,0.01
2025-02-18,550954.62,2.14,901,611.489990234375,0
2025-02-19,552252.06,2.14,901,612.9299926757812,0
2025-02-20,549954.53,2.14,901,610.3800048828125,0.42
2025-02-21,540548.08,2.14,901,599.9400024414062,2.12
2025-02-24,538088.37,2.14,901,597.2100219726562,2.56
2025-02-25,535412.37,2.14,901,594.239990234375,3.05
2025-02-26,535682.66,2.14,901,594.5399780273438,3
2025-02-27,527132.18,2.14,901,585.0499877929688,4.55
2025-02-28,535358.31,2.14,901,594.1799926757812,3.06
2025-03-03,525978.93,2.14,901,583.77001953125,4.76
2025-03-04,519752.99,2.14,901,576.8599853515625,5.88
2025-03-05,525339.2,2.14,901,583.0599975585938,4.87
2025-03-06,516013.87,2.14,901,572.7100219726562,6.56
2025-03-07,518906.05,2.14,901,575.9199829101562,6.04
2025-03-10,505084.74,2.14,901,560.5800170898438,8.54
2025-03-11,500886.05,2.14,901,555.9199829101562,9.3
2025-03-12,503544.01,2.14,901,558.8699951171875,8.82
2025-03-13,496831.55,2.14,901,551.4199829101562,10.04
2025-03-14,507093.95,2.14,901,562.8099975585938,8.18
2025-03-17,511004.31,2.14,901,567.1500244140625,7.47
2025-03-18,505481.18,2.14,901,561.02001953125,8.47
2025-03-19,510986.28,2.14,901,567.1300048828125,7.47
2025-03-20,509508.62,2.14,901,565.489990234375,7.74
2025-03-21,508148.1,2.14,901,563.97998046875,7.99
2025-03-24,517248.24,2.14,901,574.0800170898438,6.34
2025-03-25,518491.62,2.14,901,575.4600219726562,6.11
2025-03-26,512301.76,2.14,901,568.5900268554688,7.23
2025-03-27,510941.24,2.14,901,567.0800170898438,7.48
2025-03-28,500651.78,2.14,901,555.6599731445312,9.34
2025-03-31,504012.54,2.14,901,559.3900146484375,8.74
2025-04-01,505436.09,2.14,901,560.969970703125,8.48
2025-04-02,508634.68,2.14,901,564.52001953125,7.9
2025-04-03,483568.85,2.14,901,536.7000122070312,12.44
2025-04-04,455259.42,2.14,901,505.2799987792969,17.56
2025-04-07,454448.53,2.14,901,504.3800048828125,17.71
2025-04-08,447330.63,2.14,901,496.4800109863281,19
2025-04-09,494308.76,2.14,901,548.6199951171875,10.49
2025-04-10,472648.74,2.14,901,524.5800170898438,14.41
2025-04-11,481082.08,2.14,901,533.9400024414062,12.89
2025-04-14,485749.26,2.14,901,539.1199951171875,12.04
2025-04-15,484388.74,2.14,901,537.6099853515625,12.29
2025-04-16,473621.78,2.14,901,525.6599731445312,14.24
2025-04-17,474297.53,2.14,901,526.4099731445312,14.12
2025-04-21,463008.03,2.14,901,513.8800048828125,16.16
2025-04-22,475054.39,2.14,901,527.25,13.98
2025-04-23,482415.55,2.14,901,535.4199829101562,12.65
2025-04-24,492569.83,2.14,901,546.6900024414062,10.81
2025-04-25,496128.79,2.14,901,550.6400146484375,10.16
2025-04-28,496317.97,2.14,901,550.8499755859375,10.13
2025-04-29,499444.47,2.14,901,554.3200073242188,9.56
2025-04-30,499642.66,2.14,901,554.5399780273438,9.53
2025-05-01,503183.59,2.14,901,558.469970703125,8.89
2025-05-02,510652.91,2.14,901,566.760009765625,7.53
2025-05-05,507724.66,2.14,901,563.510009765625,8.06
2025-05-06,503480.93,2.14,901,558.7999877929688,8.83
2025-05-07,505598.31,2.14,901,561.1500244140625,8.45
2025-05-08,509121.2,2.14,901,565.0599975585938,7.81
2025-05-09,508472.51,2.14,901,564.3400268554688,7.93
2025-05-12,525276.12,2.14,901,582.989990234375,4.88
2025-05-13,528745.01,2.14,901,586.8400268554688,4.26
2025-05-14,529420.76,2.14,901,587.5900268554688,4.13
2025-05-15,532006.62,2.14,901,590.4600219726562,3.67
2025-05-16,535376.35,2.14,901,594.2000122070312,3.06
2025-05-19,535961.97,2.14,901,594.8499755859375,2.95
2025-05-20,534159.97,2.14,901,592.8499755859375,3.28
2025-05-21,525158.99,2.14,901,582.8599853515625,4.91
2025-05-22,525366.26,2.14,901,583.0900268554688,4.87
2025-05-23,521780.24,2.14,901,579.1099853515625,5.52
2025-05-27,532628.31,2.14,901,591.1500244140625,3.55
2025-05-28,529546.85,2.14,901,587.72998046875,4.11
2025-05-29,531637.18,2.14,901,590.0499877929688,3.73
2025-05-30,531042.54,2.14,901,589.3900146484375,3.84
2025-06-02,534033.87,2.14,901,592.7100219726562,3.3
2025-06-03,537079.26,2.14,901,596.0900268554688,2.75
2025-06-04,536935.06,2.14,901,595.9299926757812,2.77
2025-06-05,534340.18,2.14,901,593.0499877929688,3.24
2025-06-06,539827.29,2.14,901,599.1400146484375,2.25
2025-06-09,540313.81,2.14,901,599.6799926757812,2.16
2025-06-10,543377.24,2.14,901,603.0800170898438,1.61
2025-06-11,541827.49,2.14,901,601.3599853515625,1.89
2025-06-12,543980.89,2.14,901,603.75,1.5
2025-06-13,537899.14,2.14,901,597,2.6
2025-06-16,543016.81,2.14,901,602.6799926757812,1.67
2025-06-17,538376.7,2.14,901,597.530029296875,2.51
2025-06-18,538295.58,2.14,901,597.4400024414062,2.53
2025-06-20,535448.45,2.14,901,594.280029296875,3.04
2025-06-23,540737.31,2.14,901,600.1500244140625,2.09
2025-06-24,546710.95,2.14,901,606.780029296875,1
2025-06-25,547017.26,2.14,901,607.1199951171875,0.95
2025-06-26,551297.01,2.14,901,611.8699951171875,0.17
2025-06-27,554036.03,2.14,901,614.9099731445312,0
2025-06-30,556684.97,2.14,901,617.8499755859375,0
2025-07-01,556504.81,2.14,901,617.6500244140625,0.03
2025-07-02,559027.6,2.14,901,620.4500122070312,0
2025-07-03,563433.51,2.14,901,625.3400268554688,0
2025-07-07,559234.81,2.14,901,620.6799926757812,0.75
2025-07-08,558928.51,2.14,901,620.3400268554688,0.8
2025-07-09,562280.2,2.14,901,624.0599975585938,0.2
2025-07-10,563865.97,2.14,901,625.8200073242188,0
2025-07-11,561883.76,2.14,901,623.6199951171875,0.35
2025-07-14,562955.95,2.14,901,624.8099975585938,0.16
2025-07-15,560550.29,2.14,901,622.1400146484375,0.59
2025-07-16,562424.34,2.14,901,624.219970703125,0.26
2025-07-17,565866.16,2.14,901,628.0399780273438,0
2025-07-18,565451.74,2.14,901,627.5800170898438,0.07
2025-07-21,566523.93,2.14,901,628.77001953125,0
2025-07-22,566604.99,2.14,901,628.8599853515625,0
2025-07-23,571425.37,2.14,901,634.2100219726562,0
2025-07-24,571614.55,2.14,901,634.4199829101562,0
2025-07-25,574029.22,2.14,901,637.0999755859375,0
2025-07-28,573885.08,2.14,901,636.9400024414062,0.03
2025-07-29,572371.41,2.14,901,635.260009765625,0.29
2025-07-30,571650.62,2.14,901,634.4600219726562,0.41
2025-07-31,569506.24,2.14,901,632.0800170898438,0.79
2025-08-01,560171.84,2.14,901,621.719970703125,2.41
2025-08-04,568686.3,2.14,901,631.1699829101562,0.93
2025-08-05,565803.09,2.14,901,627.969970703125,1.43
2025-08-06,570136.95,2.14,901,632.780029296875,0.68
2025-08-07,569659.39,2.14,901,632.25,0.76
2025-08-08,574101.31,2.14,901,637.1799926757812,0
2025-08-11,572966.05,2.14,901,635.9199829101562,0.2
2025-08-12,579065.83,2.14,901,642.6900024414062,0
2025-08-13,581048.04,2.14,901,644.8900146484375,0
2025-08-14,581102.1,2.14,901,644.9500122070312,0
2025-08-15,579741.58,2.14,901,643.4400024414062,0.23
2025-08-18,579615.43,2.14,901,643.2999877929688,0.26
2025-08-19,576470.95,2.14,901,639.8099975585938,0.8
2025-08-20,574939.24,2.14,901,638.1099853515625,1.06
2025-08-21,572632.68,2.14,901,635.5499877929688,1.46
2025-08-22,581426.45,2.14,901,645.3099975585938,0
2025-08-25,578867.59,2.14,901,642.469970703125,0.44
2025-08-26,581291.28,2.14,901,645.1599731445312,0.02
2025-08-27,582615.78,2.14,901,646.6300048828125,0
2025-08-28,584679.05,2.14,901,648.9199829101562,0
2025-08-29,581192.18,2.14,901,645.0499877929688,0.6
2025-09-02,576885.43,2.14,901,640.27001953125,1.33
2025-09-03,580011.87,2.14,901,643.739990234375,0.8
2025-09-04,584859.26,2.14,901,649.1199951171875,0
2025-09-05,583165.37,2.14,901,647.239990234375,0.29
2025-09-08,584597.99,2.14,901,648.8300170898438,0.04
2025-09-09,585949.49,2.14,901,650.3300170898438,0
2025-09-10,587643.37,2.14,901,652.2100219726562,0
2025-09-11,592526.78,2.14,901,657.6300048828125,0
2025-09-12,592328.53,2.14,901,657.4099731445312,0.03
2025-09-15,595482.03,2.14,901,660.9099731445312,0
2025-09-16,594662.14,2.14,901,660,0.14
2025-09-17,593923.31,2.14,901,659.1799926757812,0.26
2025-09-18,596698.41,2.14,901,662.260009765625,0
2025-09-19,597995.85,2.14,901,663.7000122070312,0
2025-09-22,600825.01,2.14,901,666.8400268554688,0
2025-09-23,597554.37,2.14,901,663.2100219726562,0.54
2025-09-24,595653.22,2.14,901,661.0999755859375,0.86
2025-09-25,592905.18,2.14,901,658.0499877929688,1.32
2025-09-26,596301.97,2.14,901,661.8200073242188,0.75
2025-09-29,597977.81,2.14,901,663.6799926757812,0.47
2025-09-30,600230.31,2.14,901,666.1799926757812,0.1
2025-10-01,602275.6,2.14,901,668.4500122070312,0
2025-10-02,602969.34,2.14,901,669.219970703125,0
2025-10-03,602960.37,2.14,901,669.2100219726562,0
2025-10-06,605122.74,2.14,901,671.6099853515625,0
2025-10-07,602879.26,2.14,901,669.1199951171875,0.37
2025-10-08,606474.24,2.14,901,673.1099853515625,0
2025-10-09,604717.28,2.14,901,671.1599731445312,0.29
2025-10-10,588373.18,2.14,901,653.02001953125,2.98
2025-10-13,597401.16,2.14,901,663.0399780273438,1.5
2025-10-14,596671.35,2.14,901,662.22998046875,1.62
2025-10-15,599320.3,2.14,901,665.1699829101562,1.18
2025-10-16,595238.79,2.14,901,660.6400146484375,1.85
2025-10-17,598617.54,2.14,901,664.3900146484375,1.3
2025-10-20,604843.43,2.14,901,671.2999877929688,0.27
2025-10-21,604834.41,2.14,901,671.2899780273438,0.27
2025-10-22,601689.93,2.14,901,667.7999877929688,0.79
2025-10-23,605257.91,2.14,901,671.760009765625,0.2
2025-10-24,610204.39,2.14,901,677.25,0
2025-10-27,617403.37,2.14,901,685.239990234375,0
2025-10-28,619043.2,2.14,901,687.0599975585938,0
2025-10-29,619340.54,2.14,901,687.3900146484375,0
2025-10-30,612528.99,2.14,901,679.8300170898438,1.1
2025-10-31,614538.2,2.14,901,682.0599975585938,0.78
2025-11-03,615691.51,2.14,901,683.3400268554688,0.59
2025-11-04,608393.37,2.14,901,675.239990234375,1.77
2025-11-05,610501.74,2.14,901,677.5800170898438,1.43
2025-11-06,603951.45,2.14,901,670.3099975585938,2.48
2025-11-07,604546.09,2.14,901,670.969970703125,2.39
2025-11-10,613979.58,2.14,901,681.4400024414062,0.87
2025-11-11,615385.14,2.14,901,683,0.64
2025-11-12,615727.53,2.14,901,683.3800048828125,0.58
2025-11-13,605510.16,2.14,901,672.0399780273438,2.23
2025-11-14,605411.06,2.14,901,671.9299926757812,2.25
2025-11-17,599770.8,2.14,901,665.6699829101562,3.16
2025-11-18,594734.24,2.14,901,660.0800170898438,3.97
2025-11-19,597031.78,2.14,901,662.6300048828125,3.6
2025-11-20,587931.7,2.14,901,652.530029296875,5.07
2025-11-21,593788.2,2.14,901,659.030029296875,4.13
2025-11-24,602527.85,2.14,901,668.72998046875,2.71
2025-11-25,608195.18,2.14,901,675.02001953125,1.8
2025-11-26,612393.81,2.14,901,679.6799926757812,1.12
2025-11-28,615736.54,2.14,901,683.3900146484375,0.58
2025-12-01,612925.43,2.14,901,680.27001953125,1.04
2025-12-02,614060.7,2.14,901,681.530029296875,0.85
2025-12-03,616187.04,2.14,901,683.8900146484375,0.51
2025-12-04,616637.54,2.14,901,684.3900146484375,0.44
2025-12-05,617808.83,2.14,901,685.6900024414062,0.25
2025-12-08,615952.78,2.14,901,683.6300048828125,0.55
2025-12-09,615421.16,2.14,901,683.0399780273438,0.63
2025-12-10,619502.72,2.14,901,687.5700073242188,0
2025-12-11,620944.3,2.14,901,689.1699829101562,0
2025-12-12,614267.91,2.14,901,681.760009765625,1.08
2025-12-15,613339.85,2.14,901,680.72998046875,1.22
2025-12-16,611664.01,2.14,901,678.8699951171875,1.49
2025-12-17,604933.56,2.14,901,671.4000244140625,2.58
2025-12-18,609501.59,2.14,901,676.469970703125,1.84
2025-12-19,613213.76,2.14,901,680.5900268554688,1.24
2025-12-22,617033.99,2.14,901,684.8300170898438,0.63
2025-12-23,619854.12,2.14,901,687.9600219726562,0.18
2025-12-24,622034.53,2.14,901,690.3800048828125,0
2025-12-26,621971.45,2.14,901,690.3099975585938,0.01
2025-12-29,619754.97,2.14,901,687.8499755859375,0.37
2025-12-30,618998.16,2.14,901,687.010009765625,0.49
2025-12-31,614412.05,2.14,901,681.9199829101562,1.23
2026-01-02,615538.3,2.14,901,683.1699829101562,1.04
2026-01-05,619637.84,2.14,901,687.719970703125,0.39
2026-01-06,623322.95,2.14,901,691.8099975585938,0
2026-01-07,621313.74,2.14,901,689.5800170898438,0.32
2026-01-08,621250.66,2.14,901,689.510009765625,0.33
2026-01-09,625359.22,2.14,901,694.0700073242188,0
2026-01-12,626341.28,2.14,901,695.1599731445312,0
2026-01-13,625088.93,2.14,901,693.77001953125,0.2
2026-01-14,622016.49,2.14,901,690.3599853515625,0.69
2026-01-15,623710.37,2.14,901,692.239990234375,0.42
2026-01-16,623187.78,2.14,901,691.6599731445312,0.5
2026-01-20,610501.74,2.14,901,677.5800170898438,2.53
2026-01-21,617547.56,2.14,901,685.4000244140625,1.4
2026-01-22,620773.1,2.14,901,688.97998046875,0.89
2026-01-23,620998.35,2.14,901,689.22998046875,0.85
2026-01-26,624151.85,2.14,901,692.72998046875,0.35
2026-01-27,626638.62,2.14,901,695.489990234375,0
2026-01-28,626575.55,2.14,901,695.4199829101562,0.01
2026-01-29,625332.16,2.14,901,694.0399780273438,0.21
2026-01-30,623467.09,2.14,901,691.969970703125,0.51
2026-02-02,626566.53,2.14,901,695.4099731445312,0.01
2026-02-03,621268.7,2.14,901,689.530029296875,0.86
2026-02-04,618259.33,2.14,901,686.1900024414062,1.34
2026-02-05,610537.76,2.14,901,677.6199951171875,2.57
2026-02-06,622250.76,2.14,901,690.6199951171875,0.7
2026-02-09,625251.1,2.14,901,693.9500122070312,0.22
2026-02-10,623602.26,2.14,901,692.1199951171875,0.48
2026-02-11,623458.12,2.14,901,691.9600219726562,0.51
2026-02-12,613826.43,2.14,901,681.27001953125,2.04
2026-02-13,614258.89,2.14,901,681.75,1.98
2026-02-17,615249.97,2.14,901,682.8499755859375,1.82
2026-02-18,618349.41,2.14,901,686.2899780273438,1.32
2026-02-19,616718.6,2.14,901,684.47998046875,1.58
2026-02-20,621178.56,2.14,901,689.4299926757812,0.87
2026-02-23,614835.54,2.14,901,682.3900146484375,1.88
2026-02-24,619304.47,2.14,901,687.3499755859375,1.17
2026-02-25,624530.31,2.14,901,693.1500244140625,0.34
2026-02-26,621061.43,2.14,901,689.2999877929688,0.89
2026-02-27,618079.12,2.14,901,685.989990234375,1.37
2026-03-02,618430.53,2.14,901,686.3800048828125,1.31
2026-03-03,612979.49,2.14,901,680.3300170898438,2.18
2026-03-04,617304.28,2.14,901,685.1300048828125,1.49
2026-03-05,613862.45,2.14,901,681.3099975585938,2.04
2026-03-06,605816.53,2.14,901,672.3800048828125,3.32
2026-03-09,611123.43,2.14,901,678.27001953125,2.48
2026-03-10,610141.31,2.14,901,677.1799926757812,2.63
2026-03-11,609375.49,2.14,901,676.3300170898438,2.75
2026-03-12,600122.2,2.14,901,666.0599975585938,4.23
2026-03-13,596725.41,2.14,901,662.2899780273438,4.77
2026-03-16,602798.2,2.14,901,669.030029296875,3.8
2026-03-17,604383.91,2.14,901,670.7899780273438,3.55
2026-03-18,595950.56,2.14,901,661.4299926757812,4.9
2026-03-19,594481.93,2.14,901,659.7999877929688,5.13
2026-03-20,584363.72,2.14,901,648.5700073242188,6.75
2026-03-23,590499.53,2.14,901,655.3800048828125,5.77
2026-03-24,588517.31,2.14,901,653.1799926757812,6.08
2026-03-25,591796.97,2.14,901,656.8200073242188,5.56
2026-03-26,581228.26,2.14,901,645.0900268554688,7.25
2026-03-27,571317.26,2.14,901,634.0900268554688,8.83
2026-03-30,569407.09,2.14,901,631.969970703125,9.13
2026-03-31,585958.51,2.14,901,650.3400268554688,6.49
2026-04-01,590373.37,2.14,901,655.239990234375,5.79
2026-04-02,590904.99,2.14,901,655.8300170898438,5.7
2026-04-06,593698.06,2.14,901,658.9299926757812,5.26
2026-04-07,593959.34,2.14,901,659.219970703125,5.22
2026-04-08,609087.16,2.14,901,676.010009765625,2.8
2026-04-09,612601.03,2.14,901,679.9099731445312,2.24
2026-04-10,612195.62,2.14,901,679.4600219726562,2.3
2026-04-13,618178.22,2.14,901,686.0999755859375,1.35
2026-04-14,625710.62,2.14,901,694.4600219726562,0.15
2026-04-15,630648.08,2.14,901,699.9400024414062,0
2026-04-16,632197.78,2.14,901,701.6599731445312,0
2026-04-17,639838.29,2.14,901,710.1400146484375,0
2026-04-20,638558.84,2.14,901,708.719970703125,0.2
2026-04-21,634378.24,2.14,901,704.0800170898438,0.85
2026-04-22,640802.37,2.14,901,711.2100219726562,0
2026-04-23,638315.6,2.14,901,708.4500122070312,0.39
2026-04-24,643262.08,2.14,901,713.9400024414062,0
2026-04-27,644370.3,2.14,901,715.1699829101562,0
2026-04-28,641234.83,2.14,901,711.6900024414062,0.49
2026-04-29,641135.74,2.14,901,711.5800170898438,0.5
2026-04-30,647514.78,2.14,901,718.6599731445312,0
2026-05-01,649307.81,2.14,901,720.6500244140625,0
2026-05-04,646929.16,2.14,901,718.010009765625,0.37
2026-05-05,652118.93,2.14,901,723.77001953125,0
2026-05-06,661182.99,2.14,901,733.8300170898438,0
2026-05-07,659155.74,2.14,901,731.5800170898438,0.31
2026-05-08,664597.76,2.14,901,737.6199951171875,0
2026-05-11,666111.43,2.14,901,739.2999877929688,0
2026-05-12,665102.31,2.14,901,738.1799926757812,0.15
2026-05-13,668823.45,2.14,901,742.3099975585938,0
2026-05-14,674103.3,2.14,901,748.1699829101562,0
2026-05-15,665994.3,2.14,901,739.1699829101562,1.2
2026-05-18,665525.81,2.14,901,738.6500244140625,1.27
2026-05-19,661092.85,2.14,901,733.72998046875,1.93
2026-05-20,667868.39,2.14,901,741.25,0.92
2026-05-21,669192.84,2.14,901,742.719970703125,0.73
2026-05-22,671823.79,2.14,901,745.6400146484375,0.34
2026-05-26,676283.76,2.14,901,750.5900268554688,0
2026-05-27,676166.62,2.14,901,750.4600219726562,0.02
2026-05-28,679896.72,2.14,901,754.5999755859375,0
2026-05-29,681590.6,2.14,901,756.47998046875,0
2026-06-01,683446.66,2.14,901,758.5399780273438,0
2026-06-02,684374.72,2.14,901,759.5700073242188,0
2026-06-03,679572.37,2.14,901,754.239990234375,0.7
2026-06-04,682140.26,2.14,901,757.0900268554688,0.33
2026-06-05,664534.68,2.14,901,737.5499877929688,2.9
2026-06-08,666039.34,2.14,901,739.219970703125,2.68
2026-06-09,664084.18,2.14,901,737.0499877929688,2.96
2026-06-10,653614.56,2.14,901,725.4299926757812,4.49
2026-06-11,664723.91,2.14,901,737.760009765625,2.87
2026-06-12,668318.89,2.14,901,741.75,2.35
2026-06-15,680103.99,2.14,901,754.8300170898438,0.62
2026-06-16,676049.49,2.14,901,750.3300170898438,1.22
2026-06-17,667607.12,2.14,901,740.9600219726562,2.45
2026-06-18,672814.87,2.14,901,746.739990234375,1.69
2026-06-22,670697.54,2.14,901,744.3900146484375,2
2026-06-23,660957.74,2.14,901,733.5800170898438,3.42
2026-06-24,660651.37,2.14,901,733.239990234375,3.47
2026-06-25,661606.43,2.14,901,734.2999877929688,3.33
2026-06-26,656822.12,2.14,901,728.989990234375,4.03
2026-06-29,667643.14,2.14,901,741,2.44
2026-06-30,672841.93,2.14,901,746.77001953125,1.69
2026-07-01,671931.91,2.14,901,745.760009765625,1.82
2026-07-02,671048.95,2.14,901,744.780029296875,1.95
2026-07-06,676905.45,2.14,901,751.280029296875,1.09
2026-07-07,673688.87,2.14,901,747.7100219726562,1.56
2026-07-08,671607.56,2.14,901,745.4000244140625,1.87
2026-07-09,677292.87,2.14,901,751.7100219726562,1.03
2026-07-10,680212.1,2.14,901,754.9500122070312,0.61
2026-07-13,675004.3,2.14,901,749.1699829101562,1.37
2026-07-14,677400.99,2.14,901,751.8300170898438,1.02
2026-07-15,680085.95,2.14,901,754.8099975585938,0.63
2026-07-16,676400.84,2.14,901,750.719970703125,1.17
2026-07-17,669706.41,2.14,901,743.2899780273438,2.14
2026-07-20,668625.26,2.14,901,742.0900268554688,2.3
2026-07-21,674202.45,2.14,901,748.280029296875,1.49
2026-07-22,673418.53,2.14,901,747.4099731445312,1.6
2026-07-23,665102.31,2.14,901,738.1799926757812,2.82
2026-07-24,665778.06,2.14,901,738.9299926757812,2.72
2026-07-27,665922.26,2.14,901,739.0900268554688,2.7
2026-07-28,667516.99,2.14,901,740.8599853515625,2.46
2026-07-29,657245.62,2.14,901,729.4600219726562,3.96
2026-07-30,668264.83,2.14,901,741.6900024414062,2.35
2026-07-31,673076.2,2.14,901,747.030029296875,1.65
2026-08-03,682662.8,2.14,901,757.6699829101562,0.25
2026-08-04,694970.49,2.14,901,771.3300170898438,0
2026-08-05,693582.91,2.14,901,769.7899780273438,0.2
2026-08-06,692474.7,2.14,901,768.5599975585938,0.36
2026-08-07,696709.41,2.14,901,773.260009765625,0
2026-08-10,696502.2,2.14,901,773.030029296875,0.03
2026-08-11,694276.7,2.14,901,770.5599975585938,0.35
2026-08-12,696015.62,2.14,901,772.489990234375,0.1
2026-08-13,700872.03,2.14,901,777.8800048828125,0
2026-08-14,699484.51,2.14,901,776.3400268554688,0.2
2026-08-17,696177.8,2.14,901,772.6699829101562,0.67
2026-08-18,691474.6,2.14,901,767.4500122070312,1.34
2026-08-19,692925.2,2.14,901,769.0599975585938,1.13
2026-08-20,687104.72,2.14,901,762.5999755859375,1.96
2026-08-21,689915.84,2.14,901,765.719970703125,1.56
